WARNING - 2025-08-01 03:43:22 --> [DEPRECATED] Passing lowercase HTTP method "get" is deprecated. Use uppercase HTTP method like "GET". in SYSTEMPATH\Router\RouteCollection.php on line 1026.
 1 SYSTEMPATH\Router\RouteCollection.php(1026): trigger_error('Passing lowercase HTTP method "get" is deprecated. Use uppercase HTTP method like "GET".', 16384)
 2 APPPATH\Config\Routes.php(178): CodeIgniter\Router\RouteCollection->match([...], 'medicines/adjust-stock', 'Medicines::adjustStock')
 3 SYSTEMPATH\Router\RouteCollection.php(799): CodeIgniter\Router\RouteCollection->{closure}(Object(CodeIgniter\Router\RouteCollection))
 4 APPPATH\Config\Routes.php(156): CodeIgniter\Router\RouteCollection->group('pharmacy', [...], Object(Closure))
 5 SYSTEMPATH\Router\RouteCollection.php(339): require('C:\\xampp\\htdocs\\hms_ram\\app\\Config\\Routes.php')
 6 SYSTEMPATH\CodeIgniter.php(821): CodeIgniter\Router\RouteCollection->loadRoutes()
 7 SYSTEMPATH\CodeIgniter.php(455): CodeIgniter\CodeIgniter->tryToRouteIt(null)
 8 SYSTEMPATH\CodeIgniter.php(354): CodeIgniter\CodeIgniter->handleRequest(null, Object(Config\Cache), false)
 9 SYSTEMPATH\Boot.php(334): CodeIgniter\CodeIgniter->run()
10 SYSTEMPATH\Boot.php(67): CodeIgniter\Boot::runCodeIgniter(Object(CodeIgniter\CodeIgniter))
11 FCPATH\index.php(46): CodeIgniter\Boot::bootWeb(Object(Config\Paths))
WARNING - 2025-08-01 03:43:22 --> [DEPRECATED] Passing lowercase HTTP method "post" is deprecated. Use uppercase HTTP method like "POST". in SYSTEMPATH\Router\RouteCollection.php on line 1026.
 1 SYSTEMPATH\Router\RouteCollection.php(1026): trigger_error('Passing lowercase HTTP method "post" is deprecated. Use uppercase HTTP method like "POST".', 16384)
 2 APPPATH\Config\Routes.php(178): CodeIgniter\Router\RouteCollection->match([...], 'medicines/adjust-stock', 'Medicines::adjustStock')
 3 SYSTEMPATH\Router\RouteCollection.php(799): CodeIgniter\Router\RouteCollection->{closure}(Object(CodeIgniter\Router\RouteCollection))
 4 APPPATH\Config\Routes.php(156): CodeIgniter\Router\RouteCollection->group('pharmacy', [...], Object(Closure))
 5 SYSTEMPATH\Router\RouteCollection.php(339): require('C:\\xampp\\htdocs\\hms_ram\\app\\Config\\Routes.php')
 6 SYSTEMPATH\CodeIgniter.php(821): CodeIgniter\Router\RouteCollection->loadRoutes()
 7 SYSTEMPATH\CodeIgniter.php(455): CodeIgniter\CodeIgniter->tryToRouteIt(null)
 8 SYSTEMPATH\CodeIgniter.php(354): CodeIgniter\CodeIgniter->handleRequest(null, Object(Config\Cache), false)
 9 SYSTEMPATH\Boot.php(334): CodeIgniter\CodeIgniter->run()
10 SYSTEMPATH\Boot.php(67): CodeIgniter\Boot::runCodeIgniter(Object(CodeIgniter\CodeIgniter))
11 FCPATH\index.php(46): CodeIgniter\Boot::bootWeb(Object(Config\Paths))
WARNING - 2025-08-01 03:43:22 --> [DEPRECATED] Passing lowercase HTTP method "get" is deprecated. Use uppercase HTTP method like "GET". in SYSTEMPATH\Router\RouteCollection.php on line 1026.
 1 SYSTEMPATH\Router\RouteCollection.php(1026): trigger_error('Passing lowercase HTTP method "get" is deprecated. Use uppercase HTTP method like "GET".', 16384)
 2 APPPATH\Config\Routes.php(191): CodeIgniter\Router\RouteCollection->match([...], 'purchases/receive-stock/(:num)', 'Purchases::receiveStock/$1')
 3 SYSTEMPATH\Router\RouteCollection.php(799): CodeIgniter\Router\RouteCollection->{closure}(Object(CodeIgniter\Router\RouteCollection))
 4 APPPATH\Config\Routes.php(156): CodeIgniter\Router\RouteCollection->group('pharmacy', [...], Object(Closure))
 5 SYSTEMPATH\Router\RouteCollection.php(339): require('C:\\xampp\\htdocs\\hms_ram\\app\\Config\\Routes.php')
 6 SYSTEMPATH\CodeIgniter.php(821): CodeIgniter\Router\RouteCollection->loadRoutes()
 7 SYSTEMPATH\CodeIgniter.php(455): CodeIgniter\CodeIgniter->tryToRouteIt(null)
 8 SYSTEMPATH\CodeIgniter.php(354): CodeIgniter\CodeIgniter->handleRequest(null, Object(Config\Cache), false)
 9 SYSTEMPATH\Boot.php(334): CodeIgniter\CodeIgniter->run()
10 SYSTEMPATH\Boot.php(67): CodeIgniter\Boot::runCodeIgniter(Object(CodeIgniter\CodeIgniter))
11 FCPATH\index.php(46): CodeIgniter\Boot::bootWeb(Object(Config\Paths))
WARNING - 2025-08-01 03:43:22 --> [DEPRECATED] Passing lowercase HTTP method "post" is deprecated. Use uppercase HTTP method like "POST". in SYSTEMPATH\Router\RouteCollection.php on line 1026.
 1 SYSTEMPATH\Router\RouteCollection.php(1026): trigger_error('Passing lowercase HTTP method "post" is deprecated. Use uppercase HTTP method like "POST".', 16384)
 2 APPPATH\Config\Routes.php(191): CodeIgniter\Router\RouteCollection->match([...], 'purchases/receive-stock/(:num)', 'Purchases::receiveStock/$1')
 3 SYSTEMPATH\Router\RouteCollection.php(799): CodeIgniter\Router\RouteCollection->{closure}(Object(CodeIgniter\Router\RouteCollection))
 4 APPPATH\Config\Routes.php(156): CodeIgniter\Router\RouteCollection->group('pharmacy', [...], Object(Closure))
 5 SYSTEMPATH\Router\RouteCollection.php(339): require('C:\\xampp\\htdocs\\hms_ram\\app\\Config\\Routes.php')
 6 SYSTEMPATH\CodeIgniter.php(821): CodeIgniter\Router\RouteCollection->loadRoutes()
 7 SYSTEMPATH\CodeIgniter.php(455): CodeIgniter\CodeIgniter->tryToRouteIt(null)
 8 SYSTEMPATH\CodeIgniter.php(354): CodeIgniter\CodeIgniter->handleRequest(null, Object(Config\Cache), false)
 9 SYSTEMPATH\Boot.php(334): CodeIgniter\CodeIgniter->run()
10 SYSTEMPATH\Boot.php(67): CodeIgniter\Boot::runCodeIgniter(Object(CodeIgniter\CodeIgniter))
11 FCPATH\index.php(46): CodeIgniter\Boot::bootWeb(Object(Config\Paths))
DEBUG - 2025-08-01 03:43:23 --> Session: Class initialized using 'CodeIgniter\Session\Handlers\FileHandler' driver.
WARNING - 2025-08-01 03:43:27 --> [DEPRECATED] Passing lowercase HTTP method "get" is deprecated. Use uppercase HTTP method like "GET". in SYSTEMPATH\Router\RouteCollection.php on line 1026.
 1 SYSTEMPATH\Router\RouteCollection.php(1026): trigger_error('Passing lowercase HTTP method "get" is deprecated. Use uppercase HTTP method like "GET".', 16384)
 2 APPPATH\Config\Routes.php(178): CodeIgniter\Router\RouteCollection->match([...], 'medicines/adjust-stock', 'Medicines::adjustStock')
 3 SYSTEMPATH\Router\RouteCollection.php(799): CodeIgniter\Router\RouteCollection->{closure}(Object(CodeIgniter\Router\RouteCollection))
 4 APPPATH\Config\Routes.php(156): CodeIgniter\Router\RouteCollection->group('pharmacy', [...], Object(Closure))
 5 SYSTEMPATH\Router\RouteCollection.php(339): require('C:\\xampp\\htdocs\\hms_ram\\app\\Config\\Routes.php')
 6 SYSTEMPATH\CodeIgniter.php(821): CodeIgniter\Router\RouteCollection->loadRoutes()
 7 SYSTEMPATH\CodeIgniter.php(455): CodeIgniter\CodeIgniter->tryToRouteIt(null)
 8 SYSTEMPATH\CodeIgniter.php(354): CodeIgniter\CodeIgniter->handleRequest(null, Object(Config\Cache), false)
 9 SYSTEMPATH\Boot.php(334): CodeIgniter\CodeIgniter->run()
10 SYSTEMPATH\Boot.php(67): CodeIgniter\Boot::runCodeIgniter(Object(CodeIgniter\CodeIgniter))
11 FCPATH\index.php(46): CodeIgniter\Boot::bootWeb(Object(Config\Paths))
WARNING - 2025-08-01 03:43:27 --> [DEPRECATED] Passing lowercase HTTP method "post" is deprecated. Use uppercase HTTP method like "POST". in SYSTEMPATH\Router\RouteCollection.php on line 1026.
 1 SYSTEMPATH\Router\RouteCollection.php(1026): trigger_error('Passing lowercase HTTP method "post" is deprecated. Use uppercase HTTP method like "POST".', 16384)
 2 APPPATH\Config\Routes.php(178): CodeIgniter\Router\RouteCollection->match([...], 'medicines/adjust-stock', 'Medicines::adjustStock')
 3 SYSTEMPATH\Router\RouteCollection.php(799): CodeIgniter\Router\RouteCollection->{closure}(Object(CodeIgniter\Router\RouteCollection))
 4 APPPATH\Config\Routes.php(156): CodeIgniter\Router\RouteCollection->group('pharmacy', [...], Object(Closure))
 5 SYSTEMPATH\Router\RouteCollection.php(339): require('C:\\xampp\\htdocs\\hms_ram\\app\\Config\\Routes.php')
 6 SYSTEMPATH\CodeIgniter.php(821): CodeIgniter\Router\RouteCollection->loadRoutes()
 7 SYSTEMPATH\CodeIgniter.php(455): CodeIgniter\CodeIgniter->tryToRouteIt(null)
 8 SYSTEMPATH\CodeIgniter.php(354): CodeIgniter\CodeIgniter->handleRequest(null, Object(Config\Cache), false)
 9 SYSTEMPATH\Boot.php(334): CodeIgniter\CodeIgniter->run()
10 SYSTEMPATH\Boot.php(67): CodeIgniter\Boot::runCodeIgniter(Object(CodeIgniter\CodeIgniter))
11 FCPATH\index.php(46): CodeIgniter\Boot::bootWeb(Object(Config\Paths))
WARNING - 2025-08-01 03:43:27 --> [DEPRECATED] Passing lowercase HTTP method "get" is deprecated. Use uppercase HTTP method like "GET". in SYSTEMPATH\Router\RouteCollection.php on line 1026.
 1 SYSTEMPATH\Router\RouteCollection.php(1026): trigger_error('Passing lowercase HTTP method "get" is deprecated. Use uppercase HTTP method like "GET".', 16384)
 2 APPPATH\Config\Routes.php(191): CodeIgniter\Router\RouteCollection->match([...], 'purchases/receive-stock/(:num)', 'Purchases::receiveStock/$1')
 3 SYSTEMPATH\Router\RouteCollection.php(799): CodeIgniter\Router\RouteCollection->{closure}(Object(CodeIgniter\Router\RouteCollection))
 4 APPPATH\Config\Routes.php(156): CodeIgniter\Router\RouteCollection->group('pharmacy', [...], Object(Closure))
 5 SYSTEMPATH\Router\RouteCollection.php(339): require('C:\\xampp\\htdocs\\hms_ram\\app\\Config\\Routes.php')
 6 SYSTEMPATH\CodeIgniter.php(821): CodeIgniter\Router\RouteCollection->loadRoutes()
 7 SYSTEMPATH\CodeIgniter.php(455): CodeIgniter\CodeIgniter->tryToRouteIt(null)
 8 SYSTEMPATH\CodeIgniter.php(354): CodeIgniter\CodeIgniter->handleRequest(null, Object(Config\Cache), false)
 9 SYSTEMPATH\Boot.php(334): CodeIgniter\CodeIgniter->run()
10 SYSTEMPATH\Boot.php(67): CodeIgniter\Boot::runCodeIgniter(Object(CodeIgniter\CodeIgniter))
11 FCPATH\index.php(46): CodeIgniter\Boot::bootWeb(Object(Config\Paths))
WARNING - 2025-08-01 03:43:27 --> [DEPRECATED] Passing lowercase HTTP method "post" is deprecated. Use uppercase HTTP method like "POST". in SYSTEMPATH\Router\RouteCollection.php on line 1026.
 1 SYSTEMPATH\Router\RouteCollection.php(1026): trigger_error('Passing lowercase HTTP method "post" is deprecated. Use uppercase HTTP method like "POST".', 16384)
 2 APPPATH\Config\Routes.php(191): CodeIgniter\Router\RouteCollection->match([...], 'purchases/receive-stock/(:num)', 'Purchases::receiveStock/$1')
 3 SYSTEMPATH\Router\RouteCollection.php(799): CodeIgniter\Router\RouteCollection->{closure}(Object(CodeIgniter\Router\RouteCollection))
 4 APPPATH\Config\Routes.php(156): CodeIgniter\Router\RouteCollection->group('pharmacy', [...], Object(Closure))
 5 SYSTEMPATH\Router\RouteCollection.php(339): require('C:\\xampp\\htdocs\\hms_ram\\app\\Config\\Routes.php')
 6 SYSTEMPATH\CodeIgniter.php(821): CodeIgniter\Router\RouteCollection->loadRoutes()
 7 SYSTEMPATH\CodeIgniter.php(455): CodeIgniter\CodeIgniter->tryToRouteIt(null)
 8 SYSTEMPATH\CodeIgniter.php(354): CodeIgniter\CodeIgniter->handleRequest(null, Object(Config\Cache), false)
 9 SYSTEMPATH\Boot.php(334): CodeIgniter\CodeIgniter->run()
10 SYSTEMPATH\Boot.php(67): CodeIgniter\Boot::runCodeIgniter(Object(CodeIgniter\CodeIgniter))
11 FCPATH\index.php(46): CodeIgniter\Boot::bootWeb(Object(Config\Paths))
WARNING - 2025-08-01 03:43:27 --> [DEPRECATED] Passing lowercase HTTP method "get" is deprecated. Use uppercase HTTP method like "GET". in SYSTEMPATH\Router\RouteCollection.php on line 1026.
 1 SYSTEMPATH\Router\RouteCollection.php(1026): trigger_error('Passing lowercase HTTP method "get" is deprecated. Use uppercase HTTP method like "GET".', 16384)
 2 APPPATH\Config\Routes.php(178): CodeIgniter\Router\RouteCollection->match([...], 'medicines/adjust-stock', 'Medicines::adjustStock')
 3 SYSTEMPATH\Router\RouteCollection.php(799): CodeIgniter\Router\RouteCollection->{closure}(Object(CodeIgniter\Router\RouteCollection))
 4 APPPATH\Config\Routes.php(156): CodeIgniter\Router\RouteCollection->group('pharmacy', [...], Object(Closure))
 5 SYSTEMPATH\Router\RouteCollection.php(339): require('C:\\xampp\\htdocs\\hms_ram\\app\\Config\\Routes.php')
 6 SYSTEMPATH\CodeIgniter.php(821): CodeIgniter\Router\RouteCollection->loadRoutes()
 7 SYSTEMPATH\CodeIgniter.php(455): CodeIgniter\CodeIgniter->tryToRouteIt(null)
 8 SYSTEMPATH\CodeIgniter.php(354): CodeIgniter\CodeIgniter->handleRequest(null, Object(Config\Cache), false)
 9 SYSTEMPATH\Boot.php(334): CodeIgniter\CodeIgniter->run()
10 SYSTEMPATH\Boot.php(67): CodeIgniter\Boot::runCodeIgniter(Object(CodeIgniter\CodeIgniter))
11 FCPATH\index.php(46): CodeIgniter\Boot::bootWeb(Object(Config\Paths))
WARNING - 2025-08-01 03:43:27 --> [DEPRECATED] Passing lowercase HTTP method "post" is deprecated. Use uppercase HTTP method like "POST". in SYSTEMPATH\Router\RouteCollection.php on line 1026.
 1 SYSTEMPATH\Router\RouteCollection.php(1026): trigger_error('Passing lowercase HTTP method "post" is deprecated. Use uppercase HTTP method like "POST".', 16384)
 2 APPPATH\Config\Routes.php(178): CodeIgniter\Router\RouteCollection->match([...], 'medicines/adjust-stock', 'Medicines::adjustStock')
 3 SYSTEMPATH\Router\RouteCollection.php(799): CodeIgniter\Router\RouteCollection->{closure}(Object(CodeIgniter\Router\RouteCollection))
 4 APPPATH\Config\Routes.php(156): CodeIgniter\Router\RouteCollection->group('pharmacy', [...], Object(Closure))
 5 SYSTEMPATH\Router\RouteCollection.php(339): require('C:\\xampp\\htdocs\\hms_ram\\app\\Config\\Routes.php')
 6 SYSTEMPATH\CodeIgniter.php(821): CodeIgniter\Router\RouteCollection->loadRoutes()
 7 SYSTEMPATH\CodeIgniter.php(455): CodeIgniter\CodeIgniter->tryToRouteIt(null)
 8 SYSTEMPATH\CodeIgniter.php(354): CodeIgniter\CodeIgniter->handleRequest(null, Object(Config\Cache), false)
 9 SYSTEMPATH\Boot.php(334): CodeIgniter\CodeIgniter->run()
10 SYSTEMPATH\Boot.php(67): CodeIgniter\Boot::runCodeIgniter(Object(CodeIgniter\CodeIgniter))
11 FCPATH\index.php(46): CodeIgniter\Boot::bootWeb(Object(Config\Paths))
WARNING - 2025-08-01 03:43:27 --> [DEPRECATED] Passing lowercase HTTP method "get" is deprecated. Use uppercase HTTP method like "GET". in SYSTEMPATH\Router\RouteCollection.php on line 1026.
 1 SYSTEMPATH\Router\RouteCollection.php(1026): trigger_error('Passing lowercase HTTP method "get" is deprecated. Use uppercase HTTP method like "GET".', 16384)
 2 APPPATH\Config\Routes.php(191): CodeIgniter\Router\RouteCollection->match([...], 'purchases/receive-stock/(:num)', 'Purchases::receiveStock/$1')
 3 SYSTEMPATH\Router\RouteCollection.php(799): CodeIgniter\Router\RouteCollection->{closure}(Object(CodeIgniter\Router\RouteCollection))
 4 APPPATH\Config\Routes.php(156): CodeIgniter\Router\RouteCollection->group('pharmacy', [...], Object(Closure))
 5 SYSTEMPATH\Router\RouteCollection.php(339): require('C:\\xampp\\htdocs\\hms_ram\\app\\Config\\Routes.php')
 6 SYSTEMPATH\CodeIgniter.php(821): CodeIgniter\Router\RouteCollection->loadRoutes()
 7 SYSTEMPATH\CodeIgniter.php(455): CodeIgniter\CodeIgniter->tryToRouteIt(null)
 8 SYSTEMPATH\CodeIgniter.php(354): CodeIgniter\CodeIgniter->handleRequest(null, Object(Config\Cache), false)
 9 SYSTEMPATH\Boot.php(334): CodeIgniter\CodeIgniter->run()
10 SYSTEMPATH\Boot.php(67): CodeIgniter\Boot::runCodeIgniter(Object(CodeIgniter\CodeIgniter))
11 FCPATH\index.php(46): CodeIgniter\Boot::bootWeb(Object(Config\Paths))
WARNING - 2025-08-01 03:43:27 --> [DEPRECATED] Passing lowercase HTTP method "post" is deprecated. Use uppercase HTTP method like "POST". in SYSTEMPATH\Router\RouteCollection.php on line 1026.
 1 SYSTEMPATH\Router\RouteCollection.php(1026): trigger_error('Passing lowercase HTTP method "post" is deprecated. Use uppercase HTTP method like "POST".', 16384)
 2 APPPATH\Config\Routes.php(191): CodeIgniter\Router\RouteCollection->match([...], 'purchases/receive-stock/(:num)', 'Purchases::receiveStock/$1')
 3 SYSTEMPATH\Router\RouteCollection.php(799): CodeIgniter\Router\RouteCollection->{closure}(Object(CodeIgniter\Router\RouteCollection))
 4 APPPATH\Config\Routes.php(156): CodeIgniter\Router\RouteCollection->group('pharmacy', [...], Object(Closure))
 5 SYSTEMPATH\Router\RouteCollection.php(339): require('C:\\xampp\\htdocs\\hms_ram\\app\\Config\\Routes.php')
 6 SYSTEMPATH\CodeIgniter.php(821): CodeIgniter\Router\RouteCollection->loadRoutes()
 7 SYSTEMPATH\CodeIgniter.php(455): CodeIgniter\CodeIgniter->tryToRouteIt(null)
 8 SYSTEMPATH\CodeIgniter.php(354): CodeIgniter\CodeIgniter->handleRequest(null, Object(Config\Cache), false)
 9 SYSTEMPATH\Boot.php(334): CodeIgniter\CodeIgniter->run()
10 SYSTEMPATH\Boot.php(67): CodeIgniter\Boot::runCodeIgniter(Object(CodeIgniter\CodeIgniter))
11 FCPATH\index.php(46): CodeIgniter\Boot::bootWeb(Object(Config\Paths))
DEBUG - 2025-08-01 03:43:27 --> Session: Class initialized using 'CodeIgniter\Session\Handlers\FileHandler' driver.
WARNING - 2025-08-01 03:43:27 --> [DEPRECATED] Passing lowercase HTTP method "get" is deprecated. Use uppercase HTTP method like "GET". in SYSTEMPATH\Router\RouteCollection.php on line 1026.
 1 SYSTEMPATH\Router\RouteCollection.php(1026): trigger_error('Passing lowercase HTTP method "get" is deprecated. Use uppercase HTTP method like "GET".', 16384)
 2 APPPATH\Config\Routes.php(178): CodeIgniter\Router\RouteCollection->match([...], 'medicines/adjust-stock', 'Medicines::adjustStock')
 3 SYSTEMPATH\Router\RouteCollection.php(799): CodeIgniter\Router\RouteCollection->{closure}(Object(CodeIgniter\Router\RouteCollection))
 4 APPPATH\Config\Routes.php(156): CodeIgniter\Router\RouteCollection->group('pharmacy', [...], Object(Closure))
 5 SYSTEMPATH\Router\RouteCollection.php(339): require('C:\\xampp\\htdocs\\hms_ram\\app\\Config\\Routes.php')
 6 SYSTEMPATH\CodeIgniter.php(821): CodeIgniter\Router\RouteCollection->loadRoutes()
 7 SYSTEMPATH\CodeIgniter.php(455): CodeIgniter\CodeIgniter->tryToRouteIt(null)
 8 SYSTEMPATH\CodeIgniter.php(354): CodeIgniter\CodeIgniter->handleRequest(null, Object(Config\Cache), false)
 9 SYSTEMPATH\Boot.php(334): CodeIgniter\CodeIgniter->run()
10 SYSTEMPATH\Boot.php(67): CodeIgniter\Boot::runCodeIgniter(Object(CodeIgniter\CodeIgniter))
11 FCPATH\index.php(46): CodeIgniter\Boot::bootWeb(Object(Config\Paths))
WARNING - 2025-08-01 03:43:27 --> [DEPRECATED] Passing lowercase HTTP method "post" is deprecated. Use uppercase HTTP method like "POST". in SYSTEMPATH\Router\RouteCollection.php on line 1026.
 1 SYSTEMPATH\Router\RouteCollection.php(1026): trigger_error('Passing lowercase HTTP method "post" is deprecated. Use uppercase HTTP method like "POST".', 16384)
 2 APPPATH\Config\Routes.php(178): CodeIgniter\Router\RouteCollection->match([...], 'medicines/adjust-stock', 'Medicines::adjustStock')
 3 SYSTEMPATH\Router\RouteCollection.php(799): CodeIgniter\Router\RouteCollection->{closure}(Object(CodeIgniter\Router\RouteCollection))
 4 APPPATH\Config\Routes.php(156): CodeIgniter\Router\RouteCollection->group('pharmacy', [...], Object(Closure))
 5 SYSTEMPATH\Router\RouteCollection.php(339): require('C:\\xampp\\htdocs\\hms_ram\\app\\Config\\Routes.php')
 6 SYSTEMPATH\CodeIgniter.php(821): CodeIgniter\Router\RouteCollection->loadRoutes()
 7 SYSTEMPATH\CodeIgniter.php(455): CodeIgniter\CodeIgniter->tryToRouteIt(null)
 8 SYSTEMPATH\CodeIgniter.php(354): CodeIgniter\CodeIgniter->handleRequest(null, Object(Config\Cache), false)
 9 SYSTEMPATH\Boot.php(334): CodeIgniter\CodeIgniter->run()
10 SYSTEMPATH\Boot.php(67): CodeIgniter\Boot::runCodeIgniter(Object(CodeIgniter\CodeIgniter))
11 FCPATH\index.php(46): CodeIgniter\Boot::bootWeb(Object(Config\Paths))
WARNING - 2025-08-01 03:43:27 --> [DEPRECATED] Passing lowercase HTTP method "get" is deprecated. Use uppercase HTTP method like "GET". in SYSTEMPATH\Router\RouteCollection.php on line 1026.
 1 SYSTEMPATH\Router\RouteCollection.php(1026): trigger_error('Passing lowercase HTTP method "get" is deprecated. Use uppercase HTTP method like "GET".', 16384)
 2 APPPATH\Config\Routes.php(191): CodeIgniter\Router\RouteCollection->match([...], 'purchases/receive-stock/(:num)', 'Purchases::receiveStock/$1')
 3 SYSTEMPATH\Router\RouteCollection.php(799): CodeIgniter\Router\RouteCollection->{closure}(Object(CodeIgniter\Router\RouteCollection))
 4 APPPATH\Config\Routes.php(156): CodeIgniter\Router\RouteCollection->group('pharmacy', [...], Object(Closure))
 5 SYSTEMPATH\Router\RouteCollection.php(339): require('C:\\xampp\\htdocs\\hms_ram\\app\\Config\\Routes.php')
 6 SYSTEMPATH\CodeIgniter.php(821): CodeIgniter\Router\RouteCollection->loadRoutes()
 7 SYSTEMPATH\CodeIgniter.php(455): CodeIgniter\CodeIgniter->tryToRouteIt(null)
 8 SYSTEMPATH\CodeIgniter.php(354): CodeIgniter\CodeIgniter->handleRequest(null, Object(Config\Cache), false)
 9 SYSTEMPATH\Boot.php(334): CodeIgniter\CodeIgniter->run()
10 SYSTEMPATH\Boot.php(67): CodeIgniter\Boot::runCodeIgniter(Object(CodeIgniter\CodeIgniter))
11 FCPATH\index.php(46): CodeIgniter\Boot::bootWeb(Object(Config\Paths))
WARNING - 2025-08-01 03:43:27 --> [DEPRECATED] Passing lowercase HTTP method "post" is deprecated. Use uppercase HTTP method like "POST". in SYSTEMPATH\Router\RouteCollection.php on line 1026.
 1 SYSTEMPATH\Router\RouteCollection.php(1026): trigger_error('Passing lowercase HTTP method "post" is deprecated. Use uppercase HTTP method like "POST".', 16384)
 2 APPPATH\Config\Routes.php(191): CodeIgniter\Router\RouteCollection->match([...], 'purchases/receive-stock/(:num)', 'Purchases::receiveStock/$1')
 3 SYSTEMPATH\Router\RouteCollection.php(799): CodeIgniter\Router\RouteCollection->{closure}(Object(CodeIgniter\Router\RouteCollection))
 4 APPPATH\Config\Routes.php(156): CodeIgniter\Router\RouteCollection->group('pharmacy', [...], Object(Closure))
 5 SYSTEMPATH\Router\RouteCollection.php(339): require('C:\\xampp\\htdocs\\hms_ram\\app\\Config\\Routes.php')
 6 SYSTEMPATH\CodeIgniter.php(821): CodeIgniter\Router\RouteCollection->loadRoutes()
 7 SYSTEMPATH\CodeIgniter.php(455): CodeIgniter\CodeIgniter->tryToRouteIt(null)
 8 SYSTEMPATH\CodeIgniter.php(354): CodeIgniter\CodeIgniter->handleRequest(null, Object(Config\Cache), false)
 9 SYSTEMPATH\Boot.php(334): CodeIgniter\CodeIgniter->run()
10 SYSTEMPATH\Boot.php(67): CodeIgniter\Boot::runCodeIgniter(Object(CodeIgniter\CodeIgniter))
11 FCPATH\index.php(46): CodeIgniter\Boot::bootWeb(Object(Config\Paths))
WARNING - 2025-08-01 03:43:27 --> [DEPRECATED] Passing lowercase HTTP method "get" is deprecated. Use uppercase HTTP method like "GET". in SYSTEMPATH\Router\RouteCollection.php on line 1026.
 1 SYSTEMPATH\Router\RouteCollection.php(1026): trigger_error('Passing lowercase HTTP method "get" is deprecated. Use uppercase HTTP method like "GET".', 16384)
 2 APPPATH\Config\Routes.php(178): CodeIgniter\Router\RouteCollection->match([...], 'medicines/adjust-stock', 'Medicines::adjustStock')
 3 SYSTEMPATH\Router\RouteCollection.php(799): CodeIgniter\Router\RouteCollection->{closure}(Object(CodeIgniter\Router\RouteCollection))
 4 APPPATH\Config\Routes.php(156): CodeIgniter\Router\RouteCollection->group('pharmacy', [...], Object(Closure))
 5 SYSTEMPATH\Router\RouteCollection.php(339): require('C:\\xampp\\htdocs\\hms_ram\\app\\Config\\Routes.php')
 6 SYSTEMPATH\CodeIgniter.php(821): CodeIgniter\Router\RouteCollection->loadRoutes()
 7 SYSTEMPATH\CodeIgniter.php(455): CodeIgniter\CodeIgniter->tryToRouteIt(null)
 8 SYSTEMPATH\CodeIgniter.php(354): CodeIgniter\CodeIgniter->handleRequest(null, Object(Config\Cache), false)
 9 SYSTEMPATH\Boot.php(334): CodeIgniter\CodeIgniter->run()
10 SYSTEMPATH\Boot.php(67): CodeIgniter\Boot::runCodeIgniter(Object(CodeIgniter\CodeIgniter))
11 FCPATH\index.php(46): CodeIgniter\Boot::bootWeb(Object(Config\Paths))
WARNING - 2025-08-01 03:43:27 --> [DEPRECATED] Passing lowercase HTTP method "post" is deprecated. Use uppercase HTTP method like "POST". in SYSTEMPATH\Router\RouteCollection.php on line 1026.
 1 SYSTEMPATH\Router\RouteCollection.php(1026): trigger_error('Passing lowercase HTTP method "post" is deprecated. Use uppercase HTTP method like "POST".', 16384)
 2 APPPATH\Config\Routes.php(178): CodeIgniter\Router\RouteCollection->match([...], 'medicines/adjust-stock', 'Medicines::adjustStock')
 3 SYSTEMPATH\Router\RouteCollection.php(799): CodeIgniter\Router\RouteCollection->{closure}(Object(CodeIgniter\Router\RouteCollection))
 4 APPPATH\Config\Routes.php(156): CodeIgniter\Router\RouteCollection->group('pharmacy', [...], Object(Closure))
 5 SYSTEMPATH\Router\RouteCollection.php(339): require('C:\\xampp\\htdocs\\hms_ram\\app\\Config\\Routes.php')
 6 SYSTEMPATH\CodeIgniter.php(821): CodeIgniter\Router\RouteCollection->loadRoutes()
 7 SYSTEMPATH\CodeIgniter.php(455): CodeIgniter\CodeIgniter->tryToRouteIt(null)
 8 SYSTEMPATH\CodeIgniter.php(354): CodeIgniter\CodeIgniter->handleRequest(null, Object(Config\Cache), false)
 9 SYSTEMPATH\Boot.php(334): CodeIgniter\CodeIgniter->run()
10 SYSTEMPATH\Boot.php(67): CodeIgniter\Boot::runCodeIgniter(Object(CodeIgniter\CodeIgniter))
11 FCPATH\index.php(46): CodeIgniter\Boot::bootWeb(Object(Config\Paths))
WARNING - 2025-08-01 03:43:27 --> [DEPRECATED] Passing lowercase HTTP method "get" is deprecated. Use uppercase HTTP method like "GET". in SYSTEMPATH\Router\RouteCollection.php on line 1026.
 1 SYSTEMPATH\Router\RouteCollection.php(1026): trigger_error('Passing lowercase HTTP method "get" is deprecated. Use uppercase HTTP method like "GET".', 16384)
 2 APPPATH\Config\Routes.php(191): CodeIgniter\Router\RouteCollection->match([...], 'purchases/receive-stock/(:num)', 'Purchases::receiveStock/$1')
 3 SYSTEMPATH\Router\RouteCollection.php(799): CodeIgniter\Router\RouteCollection->{closure}(Object(CodeIgniter\Router\RouteCollection))
 4 APPPATH\Config\Routes.php(156): CodeIgniter\Router\RouteCollection->group('pharmacy', [...], Object(Closure))
 5 SYSTEMPATH\Router\RouteCollection.php(339): require('C:\\xampp\\htdocs\\hms_ram\\app\\Config\\Routes.php')
 6 SYSTEMPATH\CodeIgniter.php(821): CodeIgniter\Router\RouteCollection->loadRoutes()
 7 SYSTEMPATH\CodeIgniter.php(455): CodeIgniter\CodeIgniter->tryToRouteIt(null)
 8 SYSTEMPATH\CodeIgniter.php(354): CodeIgniter\CodeIgniter->handleRequest(null, Object(Config\Cache), false)
 9 SYSTEMPATH\Boot.php(334): CodeIgniter\CodeIgniter->run()
10 SYSTEMPATH\Boot.php(67): CodeIgniter\Boot::runCodeIgniter(Object(CodeIgniter\CodeIgniter))
11 FCPATH\index.php(46): CodeIgniter\Boot::bootWeb(Object(Config\Paths))
WARNING - 2025-08-01 03:43:27 --> [DEPRECATED] Passing lowercase HTTP method "post" is deprecated. Use uppercase HTTP method like "POST". in SYSTEMPATH\Router\RouteCollection.php on line 1026.
 1 SYSTEMPATH\Router\RouteCollection.php(1026): trigger_error('Passing lowercase HTTP method "post" is deprecated. Use uppercase HTTP method like "POST".', 16384)
 2 APPPATH\Config\Routes.php(191): CodeIgniter\Router\RouteCollection->match([...], 'purchases/receive-stock/(:num)', 'Purchases::receiveStock/$1')
 3 SYSTEMPATH\Router\RouteCollection.php(799): CodeIgniter\Router\RouteCollection->{closure}(Object(CodeIgniter\Router\RouteCollection))
 4 APPPATH\Config\Routes.php(156): CodeIgniter\Router\RouteCollection->group('pharmacy', [...], Object(Closure))
 5 SYSTEMPATH\Router\RouteCollection.php(339): require('C:\\xampp\\htdocs\\hms_ram\\app\\Config\\Routes.php')
 6 SYSTEMPATH\CodeIgniter.php(821): CodeIgniter\Router\RouteCollection->loadRoutes()
 7 SYSTEMPATH\CodeIgniter.php(455): CodeIgniter\CodeIgniter->tryToRouteIt(null)
 8 SYSTEMPATH\CodeIgniter.php(354): CodeIgniter\CodeIgniter->handleRequest(null, Object(Config\Cache), false)
 9 SYSTEMPATH\Boot.php(334): CodeIgniter\CodeIgniter->run()
10 SYSTEMPATH\Boot.php(67): CodeIgniter\Boot::runCodeIgniter(Object(CodeIgniter\CodeIgniter))
11 FCPATH\index.php(46): CodeIgniter\Boot::bootWeb(Object(Config\Paths))
DEBUG - 2025-08-01 03:43:27 --> Session: Class initialized using 'CodeIgniter\Session\Handlers\FileHandler' driver.
WARNING - 2025-08-01 03:43:27 --> [DEPRECATED] Passing lowercase HTTP method "get" is deprecated. Use uppercase HTTP method like "GET". in SYSTEMPATH\Router\RouteCollection.php on line 1026.
 1 SYSTEMPATH\Router\RouteCollection.php(1026): trigger_error('Passing lowercase HTTP method "get" is deprecated. Use uppercase HTTP method like "GET".', 16384)
 2 APPPATH\Config\Routes.php(178): CodeIgniter\Router\RouteCollection->match([...], 'medicines/adjust-stock', 'Medicines::adjustStock')
 3 SYSTEMPATH\Router\RouteCollection.php(799): CodeIgniter\Router\RouteCollection->{closure}(Object(CodeIgniter\Router\RouteCollection))
 4 APPPATH\Config\Routes.php(156): CodeIgniter\Router\RouteCollection->group('pharmacy', [...], Object(Closure))
 5 SYSTEMPATH\Router\RouteCollection.php(339): require('C:\\xampp\\htdocs\\hms_ram\\app\\Config\\Routes.php')
 6 SYSTEMPATH\CodeIgniter.php(821): CodeIgniter\Router\RouteCollection->loadRoutes()
 7 SYSTEMPATH\CodeIgniter.php(455): CodeIgniter\CodeIgniter->tryToRouteIt(null)
 8 SYSTEMPATH\CodeIgniter.php(354): CodeIgniter\CodeIgniter->handleRequest(null, Object(Config\Cache), false)
 9 SYSTEMPATH\Boot.php(334): CodeIgniter\CodeIgniter->run()
10 SYSTEMPATH\Boot.php(67): CodeIgniter\Boot::runCodeIgniter(Object(CodeIgniter\CodeIgniter))
11 FCPATH\index.php(46): CodeIgniter\Boot::bootWeb(Object(Config\Paths))
WARNING - 2025-08-01 03:43:27 --> [DEPRECATED] Passing lowercase HTTP method "post" is deprecated. Use uppercase HTTP method like "POST". in SYSTEMPATH\Router\RouteCollection.php on line 1026.
 1 SYSTEMPATH\Router\RouteCollection.php(1026): trigger_error('Passing lowercase HTTP method "post" is deprecated. Use uppercase HTTP method like "POST".', 16384)
 2 APPPATH\Config\Routes.php(178): CodeIgniter\Router\RouteCollection->match([...], 'medicines/adjust-stock', 'Medicines::adjustStock')
 3 SYSTEMPATH\Router\RouteCollection.php(799): CodeIgniter\Router\RouteCollection->{closure}(Object(CodeIgniter\Router\RouteCollection))
 4 APPPATH\Config\Routes.php(156): CodeIgniter\Router\RouteCollection->group('pharmacy', [...], Object(Closure))
 5 SYSTEMPATH\Router\RouteCollection.php(339): require('C:\\xampp\\htdocs\\hms_ram\\app\\Config\\Routes.php')
 6 SYSTEMPATH\CodeIgniter.php(821): CodeIgniter\Router\RouteCollection->loadRoutes()
 7 SYSTEMPATH\CodeIgniter.php(455): CodeIgniter\CodeIgniter->tryToRouteIt(null)
 8 SYSTEMPATH\CodeIgniter.php(354): CodeIgniter\CodeIgniter->handleRequest(null, Object(Config\Cache), false)
 9 SYSTEMPATH\Boot.php(334): CodeIgniter\CodeIgniter->run()
10 SYSTEMPATH\Boot.php(67): CodeIgniter\Boot::runCodeIgniter(Object(CodeIgniter\CodeIgniter))
11 FCPATH\index.php(46): CodeIgniter\Boot::bootWeb(Object(Config\Paths))
WARNING - 2025-08-01 03:43:27 --> [DEPRECATED] Passing lowercase HTTP method "get" is deprecated. Use uppercase HTTP method like "GET". in SYSTEMPATH\Router\RouteCollection.php on line 1026.
 1 SYSTEMPATH\Router\RouteCollection.php(1026): trigger_error('Passing lowercase HTTP method "get" is deprecated. Use uppercase HTTP method like "GET".', 16384)
 2 APPPATH\Config\Routes.php(191): CodeIgniter\Router\RouteCollection->match([...], 'purchases/receive-stock/(:num)', 'Purchases::receiveStock/$1')
 3 SYSTEMPATH\Router\RouteCollection.php(799): CodeIgniter\Router\RouteCollection->{closure}(Object(CodeIgniter\Router\RouteCollection))
 4 APPPATH\Config\Routes.php(156): CodeIgniter\Router\RouteCollection->group('pharmacy', [...], Object(Closure))
 5 SYSTEMPATH\Router\RouteCollection.php(339): require('C:\\xampp\\htdocs\\hms_ram\\app\\Config\\Routes.php')
 6 SYSTEMPATH\CodeIgniter.php(821): CodeIgniter\Router\RouteCollection->loadRoutes()
 7 SYSTEMPATH\CodeIgniter.php(455): CodeIgniter\CodeIgniter->tryToRouteIt(null)
 8 SYSTEMPATH\CodeIgniter.php(354): CodeIgniter\CodeIgniter->handleRequest(null, Object(Config\Cache), false)
 9 SYSTEMPATH\Boot.php(334): CodeIgniter\CodeIgniter->run()
10 SYSTEMPATH\Boot.php(67): CodeIgniter\Boot::runCodeIgniter(Object(CodeIgniter\CodeIgniter))
11 FCPATH\index.php(46): CodeIgniter\Boot::bootWeb(Object(Config\Paths))
WARNING - 2025-08-01 03:43:27 --> [DEPRECATED] Passing lowercase HTTP method "post" is deprecated. Use uppercase HTTP method like "POST". in SYSTEMPATH\Router\RouteCollection.php on line 1026.
 1 SYSTEMPATH\Router\RouteCollection.php(1026): trigger_error('Passing lowercase HTTP method "post" is deprecated. Use uppercase HTTP method like "POST".', 16384)
 2 APPPATH\Config\Routes.php(191): CodeIgniter\Router\RouteCollection->match([...], 'purchases/receive-stock/(:num)', 'Purchases::receiveStock/$1')
 3 SYSTEMPATH\Router\RouteCollection.php(799): CodeIgniter\Router\RouteCollection->{closure}(Object(CodeIgniter\Router\RouteCollection))
 4 APPPATH\Config\Routes.php(156): CodeIgniter\Router\RouteCollection->group('pharmacy', [...], Object(Closure))
 5 SYSTEMPATH\Router\RouteCollection.php(339): require('C:\\xampp\\htdocs\\hms_ram\\app\\Config\\Routes.php')
 6 SYSTEMPATH\CodeIgniter.php(821): CodeIgniter\Router\RouteCollection->loadRoutes()
 7 SYSTEMPATH\CodeIgniter.php(455): CodeIgniter\CodeIgniter->tryToRouteIt(null)
 8 SYSTEMPATH\CodeIgniter.php(354): CodeIgniter\CodeIgniter->handleRequest(null, Object(Config\Cache), false)
 9 SYSTEMPATH\Boot.php(334): CodeIgniter\CodeIgniter->run()
10 SYSTEMPATH\Boot.php(67): CodeIgniter\Boot::runCodeIgniter(Object(CodeIgniter\CodeIgniter))
11 FCPATH\index.php(46): CodeIgniter\Boot::bootWeb(Object(Config\Paths))
WARNING - 2025-08-01 03:43:27 --> [DEPRECATED] Passing lowercase HTTP method "get" is deprecated. Use uppercase HTTP method like "GET". in SYSTEMPATH\Router\RouteCollection.php on line 1026.
 1 SYSTEMPATH\Router\RouteCollection.php(1026): trigger_error('Passing lowercase HTTP method "get" is deprecated. Use uppercase HTTP method like "GET".', 16384)
 2 APPPATH\Config\Routes.php(178): CodeIgniter\Router\RouteCollection->match([...], 'medicines/adjust-stock', 'Medicines::adjustStock')
 3 SYSTEMPATH\Router\RouteCollection.php(799): CodeIgniter\Router\RouteCollection->{closure}(Object(CodeIgniter\Router\RouteCollection))
 4 APPPATH\Config\Routes.php(156): CodeIgniter\Router\RouteCollection->group('pharmacy', [...], Object(Closure))
 5 SYSTEMPATH\Router\RouteCollection.php(339): require('C:\\xampp\\htdocs\\hms_ram\\app\\Config\\Routes.php')
 6 SYSTEMPATH\CodeIgniter.php(821): CodeIgniter\Router\RouteCollection->loadRoutes()
 7 SYSTEMPATH\CodeIgniter.php(455): CodeIgniter\CodeIgniter->tryToRouteIt(null)
 8 SYSTEMPATH\CodeIgniter.php(354): CodeIgniter\CodeIgniter->handleRequest(null, Object(Config\Cache), false)
 9 SYSTEMPATH\Boot.php(334): CodeIgniter\CodeIgniter->run()
10 SYSTEMPATH\Boot.php(67): CodeIgniter\Boot::runCodeIgniter(Object(CodeIgniter\CodeIgniter))
11 FCPATH\index.php(46): CodeIgniter\Boot::bootWeb(Object(Config\Paths))
WARNING - 2025-08-01 03:43:27 --> [DEPRECATED] Passing lowercase HTTP method "post" is deprecated. Use uppercase HTTP method like "POST". in SYSTEMPATH\Router\RouteCollection.php on line 1026.
 1 SYSTEMPATH\Router\RouteCollection.php(1026): trigger_error('Passing lowercase HTTP method "post" is deprecated. Use uppercase HTTP method like "POST".', 16384)
 2 APPPATH\Config\Routes.php(178): CodeIgniter\Router\RouteCollection->match([...], 'medicines/adjust-stock', 'Medicines::adjustStock')
 3 SYSTEMPATH\Router\RouteCollection.php(799): CodeIgniter\Router\RouteCollection->{closure}(Object(CodeIgniter\Router\RouteCollection))
 4 APPPATH\Config\Routes.php(156): CodeIgniter\Router\RouteCollection->group('pharmacy', [...], Object(Closure))
 5 SYSTEMPATH\Router\RouteCollection.php(339): require('C:\\xampp\\htdocs\\hms_ram\\app\\Config\\Routes.php')
 6 SYSTEMPATH\CodeIgniter.php(821): CodeIgniter\Router\RouteCollection->loadRoutes()
 7 SYSTEMPATH\CodeIgniter.php(455): CodeIgniter\CodeIgniter->tryToRouteIt(null)
 8 SYSTEMPATH\CodeIgniter.php(354): CodeIgniter\CodeIgniter->handleRequest(null, Object(Config\Cache), false)
 9 SYSTEMPATH\Boot.php(334): CodeIgniter\CodeIgniter->run()
10 SYSTEMPATH\Boot.php(67): CodeIgniter\Boot::runCodeIgniter(Object(CodeIgniter\CodeIgniter))
11 FCPATH\index.php(46): CodeIgniter\Boot::bootWeb(Object(Config\Paths))
WARNING - 2025-08-01 03:43:27 --> [DEPRECATED] Passing lowercase HTTP method "get" is deprecated. Use uppercase HTTP method like "GET". in SYSTEMPATH\Router\RouteCollection.php on line 1026.
 1 SYSTEMPATH\Router\RouteCollection.php(1026): trigger_error('Passing lowercase HTTP method "get" is deprecated. Use uppercase HTTP method like "GET".', 16384)
 2 APPPATH\Config\Routes.php(191): CodeIgniter\Router\RouteCollection->match([...], 'purchases/receive-stock/(:num)', 'Purchases::receiveStock/$1')
 3 SYSTEMPATH\Router\RouteCollection.php(799): CodeIgniter\Router\RouteCollection->{closure}(Object(CodeIgniter\Router\RouteCollection))
 4 APPPATH\Config\Routes.php(156): CodeIgniter\Router\RouteCollection->group('pharmacy', [...], Object(Closure))
 5 SYSTEMPATH\Router\RouteCollection.php(339): require('C:\\xampp\\htdocs\\hms_ram\\app\\Config\\Routes.php')
 6 SYSTEMPATH\CodeIgniter.php(821): CodeIgniter\Router\RouteCollection->loadRoutes()
 7 SYSTEMPATH\CodeIgniter.php(455): CodeIgniter\CodeIgniter->tryToRouteIt(null)
 8 SYSTEMPATH\CodeIgniter.php(354): CodeIgniter\CodeIgniter->handleRequest(null, Object(Config\Cache), false)
 9 SYSTEMPATH\Boot.php(334): CodeIgniter\CodeIgniter->run()
10 SYSTEMPATH\Boot.php(67): CodeIgniter\Boot::runCodeIgniter(Object(CodeIgniter\CodeIgniter))
11 FCPATH\index.php(46): CodeIgniter\Boot::bootWeb(Object(Config\Paths))
WARNING - 2025-08-01 03:43:27 --> [DEPRECATED] Passing lowercase HTTP method "post" is deprecated. Use uppercase HTTP method like "POST". in SYSTEMPATH\Router\RouteCollection.php on line 1026.
 1 SYSTEMPATH\Router\RouteCollection.php(1026): trigger_error('Passing lowercase HTTP method "post" is deprecated. Use uppercase HTTP method like "POST".', 16384)
 2 APPPATH\Config\Routes.php(191): CodeIgniter\Router\RouteCollection->match([...], 'purchases/receive-stock/(:num)', 'Purchases::receiveStock/$1')
 3 SYSTEMPATH\Router\RouteCollection.php(799): CodeIgniter\Router\RouteCollection->{closure}(Object(CodeIgniter\Router\RouteCollection))
 4 APPPATH\Config\Routes.php(156): CodeIgniter\Router\RouteCollection->group('pharmacy', [...], Object(Closure))
 5 SYSTEMPATH\Router\RouteCollection.php(339): require('C:\\xampp\\htdocs\\hms_ram\\app\\Config\\Routes.php')
 6 SYSTEMPATH\CodeIgniter.php(821): CodeIgniter\Router\RouteCollection->loadRoutes()
 7 SYSTEMPATH\CodeIgniter.php(455): CodeIgniter\CodeIgniter->tryToRouteIt(null)
 8 SYSTEMPATH\CodeIgniter.php(354): CodeIgniter\CodeIgniter->handleRequest(null, Object(Config\Cache), false)
 9 SYSTEMPATH\Boot.php(334): CodeIgniter\CodeIgniter->run()
10 SYSTEMPATH\Boot.php(67): CodeIgniter\Boot::runCodeIgniter(Object(CodeIgniter\CodeIgniter))
11 FCPATH\index.php(46): CodeIgniter\Boot::bootWeb(Object(Config\Paths))
WARNING - 2025-08-01 03:43:28 --> [DEPRECATED] Passing lowercase HTTP method "get" is deprecated. Use uppercase HTTP method like "GET". in SYSTEMPATH\Router\RouteCollection.php on line 1026.
 1 SYSTEMPATH\Router\RouteCollection.php(1026): trigger_error('Passing lowercase HTTP method "get" is deprecated. Use uppercase HTTP method like "GET".', 16384)
 2 APPPATH\Config\Routes.php(178): CodeIgniter\Router\RouteCollection->match([...], 'medicines/adjust-stock', 'Medicines::adjustStock')
 3 SYSTEMPATH\Router\RouteCollection.php(799): CodeIgniter\Router\RouteCollection->{closure}(Object(CodeIgniter\Router\RouteCollection))
 4 APPPATH\Config\Routes.php(156): CodeIgniter\Router\RouteCollection->group('pharmacy', [...], Object(Closure))
 5 SYSTEMPATH\Router\RouteCollection.php(339): require('C:\\xampp\\htdocs\\hms_ram\\app\\Config\\Routes.php')
 6 SYSTEMPATH\CodeIgniter.php(821): CodeIgniter\Router\RouteCollection->loadRoutes()
 7 SYSTEMPATH\CodeIgniter.php(455): CodeIgniter\CodeIgniter->tryToRouteIt(null)
 8 SYSTEMPATH\CodeIgniter.php(354): CodeIgniter\CodeIgniter->handleRequest(null, Object(Config\Cache), false)
 9 SYSTEMPATH\Boot.php(334): CodeIgniter\CodeIgniter->run()
10 SYSTEMPATH\Boot.php(67): CodeIgniter\Boot::runCodeIgniter(Object(CodeIgniter\CodeIgniter))
11 FCPATH\index.php(46): CodeIgniter\Boot::bootWeb(Object(Config\Paths))
WARNING - 2025-08-01 03:43:28 --> [DEPRECATED] Passing lowercase HTTP method "post" is deprecated. Use uppercase HTTP method like "POST". in SYSTEMPATH\Router\RouteCollection.php on line 1026.
 1 SYSTEMPATH\Router\RouteCollection.php(1026): trigger_error('Passing lowercase HTTP method "post" is deprecated. Use uppercase HTTP method like "POST".', 16384)
 2 APPPATH\Config\Routes.php(178): CodeIgniter\Router\RouteCollection->match([...], 'medicines/adjust-stock', 'Medicines::adjustStock')
 3 SYSTEMPATH\Router\RouteCollection.php(799): CodeIgniter\Router\RouteCollection->{closure}(Object(CodeIgniter\Router\RouteCollection))
 4 APPPATH\Config\Routes.php(156): CodeIgniter\Router\RouteCollection->group('pharmacy', [...], Object(Closure))
 5 SYSTEMPATH\Router\RouteCollection.php(339): require('C:\\xampp\\htdocs\\hms_ram\\app\\Config\\Routes.php')
 6 SYSTEMPATH\CodeIgniter.php(821): CodeIgniter\Router\RouteCollection->loadRoutes()
 7 SYSTEMPATH\CodeIgniter.php(455): CodeIgniter\CodeIgniter->tryToRouteIt(null)
 8 SYSTEMPATH\CodeIgniter.php(354): CodeIgniter\CodeIgniter->handleRequest(null, Object(Config\Cache), false)
 9 SYSTEMPATH\Boot.php(334): CodeIgniter\CodeIgniter->run()
10 SYSTEMPATH\Boot.php(67): CodeIgniter\Boot::runCodeIgniter(Object(CodeIgniter\CodeIgniter))
11 FCPATH\index.php(46): CodeIgniter\Boot::bootWeb(Object(Config\Paths))
WARNING - 2025-08-01 03:43:28 --> [DEPRECATED] Passing lowercase HTTP method "get" is deprecated. Use uppercase HTTP method like "GET". in SYSTEMPATH\Router\RouteCollection.php on line 1026.
 1 SYSTEMPATH\Router\RouteCollection.php(1026): trigger_error('Passing lowercase HTTP method "get" is deprecated. Use uppercase HTTP method like "GET".', 16384)
 2 APPPATH\Config\Routes.php(191): CodeIgniter\Router\RouteCollection->match([...], 'purchases/receive-stock/(:num)', 'Purchases::receiveStock/$1')
 3 SYSTEMPATH\Router\RouteCollection.php(799): CodeIgniter\Router\RouteCollection->{closure}(Object(CodeIgniter\Router\RouteCollection))
 4 APPPATH\Config\Routes.php(156): CodeIgniter\Router\RouteCollection->group('pharmacy', [...], Object(Closure))
 5 SYSTEMPATH\Router\RouteCollection.php(339): require('C:\\xampp\\htdocs\\hms_ram\\app\\Config\\Routes.php')
 6 SYSTEMPATH\CodeIgniter.php(821): CodeIgniter\Router\RouteCollection->loadRoutes()
 7 SYSTEMPATH\CodeIgniter.php(455): CodeIgniter\CodeIgniter->tryToRouteIt(null)
 8 SYSTEMPATH\CodeIgniter.php(354): CodeIgniter\CodeIgniter->handleRequest(null, Object(Config\Cache), false)
 9 SYSTEMPATH\Boot.php(334): CodeIgniter\CodeIgniter->run()
10 SYSTEMPATH\Boot.php(67): CodeIgniter\Boot::runCodeIgniter(Object(CodeIgniter\CodeIgniter))
11 FCPATH\index.php(46): CodeIgniter\Boot::bootWeb(Object(Config\Paths))
WARNING - 2025-08-01 03:43:28 --> [DEPRECATED] Passing lowercase HTTP method "post" is deprecated. Use uppercase HTTP method like "POST". in SYSTEMPATH\Router\RouteCollection.php on line 1026.
 1 SYSTEMPATH\Router\RouteCollection.php(1026): trigger_error('Passing lowercase HTTP method "post" is deprecated. Use uppercase HTTP method like "POST".', 16384)
 2 APPPATH\Config\Routes.php(191): CodeIgniter\Router\RouteCollection->match([...], 'purchases/receive-stock/(:num)', 'Purchases::receiveStock/$1')
 3 SYSTEMPATH\Router\RouteCollection.php(799): CodeIgniter\Router\RouteCollection->{closure}(Object(CodeIgniter\Router\RouteCollection))
 4 APPPATH\Config\Routes.php(156): CodeIgniter\Router\RouteCollection->group('pharmacy', [...], Object(Closure))
 5 SYSTEMPATH\Router\RouteCollection.php(339): require('C:\\xampp\\htdocs\\hms_ram\\app\\Config\\Routes.php')
 6 SYSTEMPATH\CodeIgniter.php(821): CodeIgniter\Router\RouteCollection->loadRoutes()
 7 SYSTEMPATH\CodeIgniter.php(455): CodeIgniter\CodeIgniter->tryToRouteIt(null)
 8 SYSTEMPATH\CodeIgniter.php(354): CodeIgniter\CodeIgniter->handleRequest(null, Object(Config\Cache), false)
 9 SYSTEMPATH\Boot.php(334): CodeIgniter\CodeIgniter->run()
10 SYSTEMPATH\Boot.php(67): CodeIgniter\Boot::runCodeIgniter(Object(CodeIgniter\CodeIgniter))
11 FCPATH\index.php(46): CodeIgniter\Boot::bootWeb(Object(Config\Paths))
WARNING - 2025-08-01 03:43:28 --> [DEPRECATED] Passing lowercase HTTP method "get" is deprecated. Use uppercase HTTP method like "GET". in SYSTEMPATH\Router\RouteCollection.php on line 1026.
 1 SYSTEMPATH\Router\RouteCollection.php(1026): trigger_error('Passing lowercase HTTP method "get" is deprecated. Use uppercase HTTP method like "GET".', 16384)
 2 APPPATH\Config\Routes.php(178): CodeIgniter\Router\RouteCollection->match([...], 'medicines/adjust-stock', 'Medicines::adjustStock')
 3 SYSTEMPATH\Router\RouteCollection.php(799): CodeIgniter\Router\RouteCollection->{closure}(Object(CodeIgniter\Router\RouteCollection))
 4 APPPATH\Config\Routes.php(156): CodeIgniter\Router\RouteCollection->group('pharmacy', [...], Object(Closure))
 5 SYSTEMPATH\Router\RouteCollection.php(339): require('C:\\xampp\\htdocs\\hms_ram\\app\\Config\\Routes.php')
 6 SYSTEMPATH\CodeIgniter.php(821): CodeIgniter\Router\RouteCollection->loadRoutes()
 7 SYSTEMPATH\CodeIgniter.php(455): CodeIgniter\CodeIgniter->tryToRouteIt(null)
 8 SYSTEMPATH\CodeIgniter.php(354): CodeIgniter\CodeIgniter->handleRequest(null, Object(Config\Cache), false)
 9 SYSTEMPATH\Boot.php(334): CodeIgniter\CodeIgniter->run()
10 SYSTEMPATH\Boot.php(67): CodeIgniter\Boot::runCodeIgniter(Object(CodeIgniter\CodeIgniter))
11 FCPATH\index.php(46): CodeIgniter\Boot::bootWeb(Object(Config\Paths))
WARNING - 2025-08-01 03:43:28 --> [DEPRECATED] Passing lowercase HTTP method "post" is deprecated. Use uppercase HTTP method like "POST". in SYSTEMPATH\Router\RouteCollection.php on line 1026.
 1 SYSTEMPATH\Router\RouteCollection.php(1026): trigger_error('Passing lowercase HTTP method "post" is deprecated. Use uppercase HTTP method like "POST".', 16384)
 2 APPPATH\Config\Routes.php(178): CodeIgniter\Router\RouteCollection->match([...], 'medicines/adjust-stock', 'Medicines::adjustStock')
 3 SYSTEMPATH\Router\RouteCollection.php(799): CodeIgniter\Router\RouteCollection->{closure}(Object(CodeIgniter\Router\RouteCollection))
 4 APPPATH\Config\Routes.php(156): CodeIgniter\Router\RouteCollection->group('pharmacy', [...], Object(Closure))
 5 SYSTEMPATH\Router\RouteCollection.php(339): require('C:\\xampp\\htdocs\\hms_ram\\app\\Config\\Routes.php')
 6 SYSTEMPATH\CodeIgniter.php(821): CodeIgniter\Router\RouteCollection->loadRoutes()
 7 SYSTEMPATH\CodeIgniter.php(455): CodeIgniter\CodeIgniter->tryToRouteIt(null)
 8 SYSTEMPATH\CodeIgniter.php(354): CodeIgniter\CodeIgniter->handleRequest(null, Object(Config\Cache), false)
 9 SYSTEMPATH\Boot.php(334): CodeIgniter\CodeIgniter->run()
10 SYSTEMPATH\Boot.php(67): CodeIgniter\Boot::runCodeIgniter(Object(CodeIgniter\CodeIgniter))
11 FCPATH\index.php(46): CodeIgniter\Boot::bootWeb(Object(Config\Paths))
WARNING - 2025-08-01 03:43:28 --> [DEPRECATED] Passing lowercase HTTP method "get" is deprecated. Use uppercase HTTP method like "GET". in SYSTEMPATH\Router\RouteCollection.php on line 1026.
 1 SYSTEMPATH\Router\RouteCollection.php(1026): trigger_error('Passing lowercase HTTP method "get" is deprecated. Use uppercase HTTP method like "GET".', 16384)
 2 APPPATH\Config\Routes.php(191): CodeIgniter\Router\RouteCollection->match([...], 'purchases/receive-stock/(:num)', 'Purchases::receiveStock/$1')
 3 SYSTEMPATH\Router\RouteCollection.php(799): CodeIgniter\Router\RouteCollection->{closure}(Object(CodeIgniter\Router\RouteCollection))
 4 APPPATH\Config\Routes.php(156): CodeIgniter\Router\RouteCollection->group('pharmacy', [...], Object(Closure))
 5 SYSTEMPATH\Router\RouteCollection.php(339): require('C:\\xampp\\htdocs\\hms_ram\\app\\Config\\Routes.php')
 6 SYSTEMPATH\CodeIgniter.php(821): CodeIgniter\Router\RouteCollection->loadRoutes()
 7 SYSTEMPATH\CodeIgniter.php(455): CodeIgniter\CodeIgniter->tryToRouteIt(null)
 8 SYSTEMPATH\CodeIgniter.php(354): CodeIgniter\CodeIgniter->handleRequest(null, Object(Config\Cache), false)
 9 SYSTEMPATH\Boot.php(334): CodeIgniter\CodeIgniter->run()
10 SYSTEMPATH\Boot.php(67): CodeIgniter\Boot::runCodeIgniter(Object(CodeIgniter\CodeIgniter))
11 FCPATH\index.php(46): CodeIgniter\Boot::bootWeb(Object(Config\Paths))
WARNING - 2025-08-01 03:43:28 --> [DEPRECATED] Passing lowercase HTTP method "post" is deprecated. Use uppercase HTTP method like "POST". in SYSTEMPATH\Router\RouteCollection.php on line 1026.
 1 SYSTEMPATH\Router\RouteCollection.php(1026): trigger_error('Passing lowercase HTTP method "post" is deprecated. Use uppercase HTTP method like "POST".', 16384)
 2 APPPATH\Config\Routes.php(191): CodeIgniter\Router\RouteCollection->match([...], 'purchases/receive-stock/(:num)', 'Purchases::receiveStock/$1')
 3 SYSTEMPATH\Router\RouteCollection.php(799): CodeIgniter\Router\RouteCollection->{closure}(Object(CodeIgniter\Router\RouteCollection))
 4 APPPATH\Config\Routes.php(156): CodeIgniter\Router\RouteCollection->group('pharmacy', [...], Object(Closure))
 5 SYSTEMPATH\Router\RouteCollection.php(339): require('C:\\xampp\\htdocs\\hms_ram\\app\\Config\\Routes.php')
 6 SYSTEMPATH\CodeIgniter.php(821): CodeIgniter\Router\RouteCollection->loadRoutes()
 7 SYSTEMPATH\CodeIgniter.php(455): CodeIgniter\CodeIgniter->tryToRouteIt(null)
 8 SYSTEMPATH\CodeIgniter.php(354): CodeIgniter\CodeIgniter->handleRequest(null, Object(Config\Cache), false)
 9 SYSTEMPATH\Boot.php(334): CodeIgniter\CodeIgniter->run()
10 SYSTEMPATH\Boot.php(67): CodeIgniter\Boot::runCodeIgniter(Object(CodeIgniter\CodeIgniter))
11 FCPATH\index.php(46): CodeIgniter\Boot::bootWeb(Object(Config\Paths))
CRITICAL - 2025-08-01 03:43:29 --> ErrorException: unlink(C:\xampp\htdocs\hms_ram\writable\debugbar/debugbar_1753960157.165753.json): No such file or directory
[Method: GET, Route: /]
in SYSTEMPATH\Debug\Toolbar\Collectors\History.php on line 82.
 1 [internal function]: CodeIgniter\Debug\Exceptions->errorHandler(2, 'unlink(C:\\xampp\\htdocs\\hms_ram\\writable\\debugbar/debugbar_1753960157.165753.json): No such file or directory', 'C:\\xampp\\htdocs\\hms_ram\\system\\Debug\\Toolbar\\Collectors\\History.php', 82)
 2 SYSTEMPATH\Debug\Toolbar\Collectors\History.php(82): unlink('C:\\xampp\\htdocs\\hms_ram\\writable\\debugbar/debugbar_1753960157.165753.json')
 3 SYSTEMPATH\Debug\Toolbar.php(517): CodeIgniter\Debug\Toolbar\Collectors\History->setFiles('1754019807.573624', 20)
 4 SYSTEMPATH\Debug\Toolbar.php(496): CodeIgniter\Debug\Toolbar->format([...], 'html')
 5 APPPATH\Config\Events.php(47): CodeIgniter\Debug\Toolbar->respond()
 6 SYSTEMPATH\Events\Events.php(155): CodeIgniter\Events\Events::Config\{closure}()
 7 SYSTEMPATH\CodeIgniter.php(339): CodeIgniter\Events\Events::trigger('pre_system')
 8 SYSTEMPATH\Boot.php(334): CodeIgniter\CodeIgniter->run()
 9 SYSTEMPATH\Boot.php(67): CodeIgniter\Boot::runCodeIgniter(Object(CodeIgniter\CodeIgniter))
10 FCPATH\index.php(46): CodeIgniter\Boot::bootWeb(Object(Config\Paths))
WARNING - 2025-08-01 03:47:47 --> [DEPRECATED] Passing lowercase HTTP method "get" is deprecated. Use uppercase HTTP method like "GET". in SYSTEMPATH\Router\RouteCollection.php on line 1026.
 1 SYSTEMPATH\Router\RouteCollection.php(1026): trigger_error('Passing lowercase HTTP method "get" is deprecated. Use uppercase HTTP method like "GET".', 16384)
 2 APPPATH\Config\Routes.php(178): CodeIgniter\Router\RouteCollection->match([...], 'medicines/adjust-stock', 'Medicines::adjustStock')
 3 SYSTEMPATH\Router\RouteCollection.php(799): CodeIgniter\Router\RouteCollection->{closure}(Object(CodeIgniter\Router\RouteCollection))
 4 APPPATH\Config\Routes.php(156): CodeIgniter\Router\RouteCollection->group('pharmacy', [...], Object(Closure))
 5 SYSTEMPATH\Router\RouteCollection.php(339): require('C:\\xampp\\htdocs\\hms_ram\\app\\Config\\Routes.php')
 6 SYSTEMPATH\CodeIgniter.php(821): CodeIgniter\Router\RouteCollection->loadRoutes()
 7 SYSTEMPATH\CodeIgniter.php(455): CodeIgniter\CodeIgniter->tryToRouteIt(null)
 8 SYSTEMPATH\CodeIgniter.php(354): CodeIgniter\CodeIgniter->handleRequest(null, Object(Config\Cache), false)
 9 SYSTEMPATH\Boot.php(334): CodeIgniter\CodeIgniter->run()
10 SYSTEMPATH\Boot.php(67): CodeIgniter\Boot::runCodeIgniter(Object(CodeIgniter\CodeIgniter))
11 FCPATH\index.php(46): CodeIgniter\Boot::bootWeb(Object(Config\Paths))
WARNING - 2025-08-01 03:47:47 --> [DEPRECATED] Passing lowercase HTTP method "post" is deprecated. Use uppercase HTTP method like "POST". in SYSTEMPATH\Router\RouteCollection.php on line 1026.
 1 SYSTEMPATH\Router\RouteCollection.php(1026): trigger_error('Passing lowercase HTTP method "post" is deprecated. Use uppercase HTTP method like "POST".', 16384)
 2 APPPATH\Config\Routes.php(178): CodeIgniter\Router\RouteCollection->match([...], 'medicines/adjust-stock', 'Medicines::adjustStock')
 3 SYSTEMPATH\Router\RouteCollection.php(799): CodeIgniter\Router\RouteCollection->{closure}(Object(CodeIgniter\Router\RouteCollection))
 4 APPPATH\Config\Routes.php(156): CodeIgniter\Router\RouteCollection->group('pharmacy', [...], Object(Closure))
 5 SYSTEMPATH\Router\RouteCollection.php(339): require('C:\\xampp\\htdocs\\hms_ram\\app\\Config\\Routes.php')
 6 SYSTEMPATH\CodeIgniter.php(821): CodeIgniter\Router\RouteCollection->loadRoutes()
 7 SYSTEMPATH\CodeIgniter.php(455): CodeIgniter\CodeIgniter->tryToRouteIt(null)
 8 SYSTEMPATH\CodeIgniter.php(354): CodeIgniter\CodeIgniter->handleRequest(null, Object(Config\Cache), false)
 9 SYSTEMPATH\Boot.php(334): CodeIgniter\CodeIgniter->run()
10 SYSTEMPATH\Boot.php(67): CodeIgniter\Boot::runCodeIgniter(Object(CodeIgniter\CodeIgniter))
11 FCPATH\index.php(46): CodeIgniter\Boot::bootWeb(Object(Config\Paths))
WARNING - 2025-08-01 03:47:47 --> [DEPRECATED] Passing lowercase HTTP method "get" is deprecated. Use uppercase HTTP method like "GET". in SYSTEMPATH\Router\RouteCollection.php on line 1026.
 1 SYSTEMPATH\Router\RouteCollection.php(1026): trigger_error('Passing lowercase HTTP method "get" is deprecated. Use uppercase HTTP method like "GET".', 16384)
 2 APPPATH\Config\Routes.php(191): CodeIgniter\Router\RouteCollection->match([...], 'purchases/receive-stock/(:num)', 'Purchases::receiveStock/$1')
 3 SYSTEMPATH\Router\RouteCollection.php(799): CodeIgniter\Router\RouteCollection->{closure}(Object(CodeIgniter\Router\RouteCollection))
 4 APPPATH\Config\Routes.php(156): CodeIgniter\Router\RouteCollection->group('pharmacy', [...], Object(Closure))
 5 SYSTEMPATH\Router\RouteCollection.php(339): require('C:\\xampp\\htdocs\\hms_ram\\app\\Config\\Routes.php')
 6 SYSTEMPATH\CodeIgniter.php(821): CodeIgniter\Router\RouteCollection->loadRoutes()
 7 SYSTEMPATH\CodeIgniter.php(455): CodeIgniter\CodeIgniter->tryToRouteIt(null)
 8 SYSTEMPATH\CodeIgniter.php(354): CodeIgniter\CodeIgniter->handleRequest(null, Object(Config\Cache), false)
 9 SYSTEMPATH\Boot.php(334): CodeIgniter\CodeIgniter->run()
10 SYSTEMPATH\Boot.php(67): CodeIgniter\Boot::runCodeIgniter(Object(CodeIgniter\CodeIgniter))
11 FCPATH\index.php(46): CodeIgniter\Boot::bootWeb(Object(Config\Paths))
WARNING - 2025-08-01 03:47:47 --> [DEPRECATED] Passing lowercase HTTP method "post" is deprecated. Use uppercase HTTP method like "POST". in SYSTEMPATH\Router\RouteCollection.php on line 1026.
 1 SYSTEMPATH\Router\RouteCollection.php(1026): trigger_error('Passing lowercase HTTP method "post" is deprecated. Use uppercase HTTP method like "POST".', 16384)
 2 APPPATH\Config\Routes.php(191): CodeIgniter\Router\RouteCollection->match([...], 'purchases/receive-stock/(:num)', 'Purchases::receiveStock/$1')
 3 SYSTEMPATH\Router\RouteCollection.php(799): CodeIgniter\Router\RouteCollection->{closure}(Object(CodeIgniter\Router\RouteCollection))
 4 APPPATH\Config\Routes.php(156): CodeIgniter\Router\RouteCollection->group('pharmacy', [...], Object(Closure))
 5 SYSTEMPATH\Router\RouteCollection.php(339): require('C:\\xampp\\htdocs\\hms_ram\\app\\Config\\Routes.php')
 6 SYSTEMPATH\CodeIgniter.php(821): CodeIgniter\Router\RouteCollection->loadRoutes()
 7 SYSTEMPATH\CodeIgniter.php(455): CodeIgniter\CodeIgniter->tryToRouteIt(null)
 8 SYSTEMPATH\CodeIgniter.php(354): CodeIgniter\CodeIgniter->handleRequest(null, Object(Config\Cache), false)
 9 SYSTEMPATH\Boot.php(334): CodeIgniter\CodeIgniter->run()
10 SYSTEMPATH\Boot.php(67): CodeIgniter\Boot::runCodeIgniter(Object(CodeIgniter\CodeIgniter))
11 FCPATH\index.php(46): CodeIgniter\Boot::bootWeb(Object(Config\Paths))
DEBUG - 2025-08-01 03:47:47 --> Session: Class initialized using 'CodeIgniter\Session\Handlers\FileHandler' driver.
WARNING - 2025-08-01 03:47:47 --> [DEPRECATED] Passing lowercase HTTP method "get" is deprecated. Use uppercase HTTP method like "GET". in SYSTEMPATH\Router\RouteCollection.php on line 1026.
 1 SYSTEMPATH\Router\RouteCollection.php(1026): trigger_error('Passing lowercase HTTP method "get" is deprecated. Use uppercase HTTP method like "GET".', 16384)
 2 APPPATH\Config\Routes.php(178): CodeIgniter\Router\RouteCollection->match([...], 'medicines/adjust-stock', 'Medicines::adjustStock')
 3 SYSTEMPATH\Router\RouteCollection.php(799): CodeIgniter\Router\RouteCollection->{closure}(Object(CodeIgniter\Router\RouteCollection))
 4 APPPATH\Config\Routes.php(156): CodeIgniter\Router\RouteCollection->group('pharmacy', [...], Object(Closure))
 5 SYSTEMPATH\Router\RouteCollection.php(339): require('C:\\xampp\\htdocs\\hms_ram\\app\\Config\\Routes.php')
 6 SYSTEMPATH\CodeIgniter.php(821): CodeIgniter\Router\RouteCollection->loadRoutes()
 7 SYSTEMPATH\CodeIgniter.php(455): CodeIgniter\CodeIgniter->tryToRouteIt(null)
 8 SYSTEMPATH\CodeIgniter.php(354): CodeIgniter\CodeIgniter->handleRequest(null, Object(Config\Cache), false)
 9 SYSTEMPATH\Boot.php(334): CodeIgniter\CodeIgniter->run()
10 SYSTEMPATH\Boot.php(67): CodeIgniter\Boot::runCodeIgniter(Object(CodeIgniter\CodeIgniter))
11 FCPATH\index.php(46): CodeIgniter\Boot::bootWeb(Object(Config\Paths))
WARNING - 2025-08-01 03:47:47 --> [DEPRECATED] Passing lowercase HTTP method "get" is deprecated. Use uppercase HTTP method like "GET". in SYSTEMPATH\Router\RouteCollection.php on line 1026.
 1 SYSTEMPATH\Router\RouteCollection.php(1026): trigger_error('Passing lowercase HTTP method "get" is deprecated. Use uppercase HTTP method like "GET".', 16384)
 2 APPPATH\Config\Routes.php(178): CodeIgniter\Router\RouteCollection->match([...], 'medicines/adjust-stock', 'Medicines::adjustStock')
 3 SYSTEMPATH\Router\RouteCollection.php(799): CodeIgniter\Router\RouteCollection->{closure}(Object(CodeIgniter\Router\RouteCollection))
 4 APPPATH\Config\Routes.php(156): CodeIgniter\Router\RouteCollection->group('pharmacy', [...], Object(Closure))
 5 SYSTEMPATH\Router\RouteCollection.php(339): require('C:\\xampp\\htdocs\\hms_ram\\app\\Config\\Routes.php')
 6 SYSTEMPATH\CodeIgniter.php(821): CodeIgniter\Router\RouteCollection->loadRoutes()
 7 SYSTEMPATH\CodeIgniter.php(455): CodeIgniter\CodeIgniter->tryToRouteIt(null)
 8 SYSTEMPATH\CodeIgniter.php(354): CodeIgniter\CodeIgniter->handleRequest(null, Object(Config\Cache), false)
 9 SYSTEMPATH\Boot.php(334): CodeIgniter\CodeIgniter->run()
10 SYSTEMPATH\Boot.php(67): CodeIgniter\Boot::runCodeIgniter(Object(CodeIgniter\CodeIgniter))
11 FCPATH\index.php(46): CodeIgniter\Boot::bootWeb(Object(Config\Paths))
WARNING - 2025-08-01 03:47:47 --> [DEPRECATED] Passing lowercase HTTP method "post" is deprecated. Use uppercase HTTP method like "POST". in SYSTEMPATH\Router\RouteCollection.php on line 1026.
 1 SYSTEMPATH\Router\RouteCollection.php(1026): trigger_error('Passing lowercase HTTP method "post" is deprecated. Use uppercase HTTP method like "POST".', 16384)
 2 APPPATH\Config\Routes.php(178): CodeIgniter\Router\RouteCollection->match([...], 'medicines/adjust-stock', 'Medicines::adjustStock')
 3 SYSTEMPATH\Router\RouteCollection.php(799): CodeIgniter\Router\RouteCollection->{closure}(Object(CodeIgniter\Router\RouteCollection))
 4 APPPATH\Config\Routes.php(156): CodeIgniter\Router\RouteCollection->group('pharmacy', [...], Object(Closure))
 5 SYSTEMPATH\Router\RouteCollection.php(339): require('C:\\xampp\\htdocs\\hms_ram\\app\\Config\\Routes.php')
 6 SYSTEMPATH\CodeIgniter.php(821): CodeIgniter\Router\RouteCollection->loadRoutes()
 7 SYSTEMPATH\CodeIgniter.php(455): CodeIgniter\CodeIgniter->tryToRouteIt(null)
 8 SYSTEMPATH\CodeIgniter.php(354): CodeIgniter\CodeIgniter->handleRequest(null, Object(Config\Cache), false)
 9 SYSTEMPATH\Boot.php(334): CodeIgniter\CodeIgniter->run()
10 SYSTEMPATH\Boot.php(67): CodeIgniter\Boot::runCodeIgniter(Object(CodeIgniter\CodeIgniter))
11 FCPATH\index.php(46): CodeIgniter\Boot::bootWeb(Object(Config\Paths))
WARNING - 2025-08-01 03:47:47 --> [DEPRECATED] Passing lowercase HTTP method "post" is deprecated. Use uppercase HTTP method like "POST". in SYSTEMPATH\Router\RouteCollection.php on line 1026.
 1 SYSTEMPATH\Router\RouteCollection.php(1026): trigger_error('Passing lowercase HTTP method "post" is deprecated. Use uppercase HTTP method like "POST".', 16384)
 2 APPPATH\Config\Routes.php(178): CodeIgniter\Router\RouteCollection->match([...], 'medicines/adjust-stock', 'Medicines::adjustStock')
 3 SYSTEMPATH\Router\RouteCollection.php(799): CodeIgniter\Router\RouteCollection->{closure}(Object(CodeIgniter\Router\RouteCollection))
 4 APPPATH\Config\Routes.php(156): CodeIgniter\Router\RouteCollection->group('pharmacy', [...], Object(Closure))
 5 SYSTEMPATH\Router\RouteCollection.php(339): require('C:\\xampp\\htdocs\\hms_ram\\app\\Config\\Routes.php')
 6 SYSTEMPATH\CodeIgniter.php(821): CodeIgniter\Router\RouteCollection->loadRoutes()
 7 SYSTEMPATH\CodeIgniter.php(455): CodeIgniter\CodeIgniter->tryToRouteIt(null)
 8 SYSTEMPATH\CodeIgniter.php(354): CodeIgniter\CodeIgniter->handleRequest(null, Object(Config\Cache), false)
 9 SYSTEMPATH\Boot.php(334): CodeIgniter\CodeIgniter->run()
10 SYSTEMPATH\Boot.php(67): CodeIgniter\Boot::runCodeIgniter(Object(CodeIgniter\CodeIgniter))
11 FCPATH\index.php(46): CodeIgniter\Boot::bootWeb(Object(Config\Paths))
WARNING - 2025-08-01 03:47:47 --> [DEPRECATED] Passing lowercase HTTP method "get" is deprecated. Use uppercase HTTP method like "GET". in SYSTEMPATH\Router\RouteCollection.php on line 1026.
 1 SYSTEMPATH\Router\RouteCollection.php(1026): trigger_error('Passing lowercase HTTP method "get" is deprecated. Use uppercase HTTP method like "GET".', 16384)
 2 APPPATH\Config\Routes.php(191): CodeIgniter\Router\RouteCollection->match([...], 'purchases/receive-stock/(:num)', 'Purchases::receiveStock/$1')
 3 SYSTEMPATH\Router\RouteCollection.php(799): CodeIgniter\Router\RouteCollection->{closure}(Object(CodeIgniter\Router\RouteCollection))
 4 APPPATH\Config\Routes.php(156): CodeIgniter\Router\RouteCollection->group('pharmacy', [...], Object(Closure))
 5 SYSTEMPATH\Router\RouteCollection.php(339): require('C:\\xampp\\htdocs\\hms_ram\\app\\Config\\Routes.php')
 6 SYSTEMPATH\CodeIgniter.php(821): CodeIgniter\Router\RouteCollection->loadRoutes()
 7 SYSTEMPATH\CodeIgniter.php(455): CodeIgniter\CodeIgniter->tryToRouteIt(null)
 8 SYSTEMPATH\CodeIgniter.php(354): CodeIgniter\CodeIgniter->handleRequest(null, Object(Config\Cache), false)
 9 SYSTEMPATH\Boot.php(334): CodeIgniter\CodeIgniter->run()
10 SYSTEMPATH\Boot.php(67): CodeIgniter\Boot::runCodeIgniter(Object(CodeIgniter\CodeIgniter))
11 FCPATH\index.php(46): CodeIgniter\Boot::bootWeb(Object(Config\Paths))
WARNING - 2025-08-01 03:47:47 --> [DEPRECATED] Passing lowercase HTTP method "get" is deprecated. Use uppercase HTTP method like "GET". in SYSTEMPATH\Router\RouteCollection.php on line 1026.
 1 SYSTEMPATH\Router\RouteCollection.php(1026): trigger_error('Passing lowercase HTTP method "get" is deprecated. Use uppercase HTTP method like "GET".', 16384)
 2 APPPATH\Config\Routes.php(191): CodeIgniter\Router\RouteCollection->match([...], 'purchases/receive-stock/(:num)', 'Purchases::receiveStock/$1')
 3 SYSTEMPATH\Router\RouteCollection.php(799): CodeIgniter\Router\RouteCollection->{closure}(Object(CodeIgniter\Router\RouteCollection))
 4 APPPATH\Config\Routes.php(156): CodeIgniter\Router\RouteCollection->group('pharmacy', [...], Object(Closure))
 5 SYSTEMPATH\Router\RouteCollection.php(339): require('C:\\xampp\\htdocs\\hms_ram\\app\\Config\\Routes.php')
 6 SYSTEMPATH\CodeIgniter.php(821): CodeIgniter\Router\RouteCollection->loadRoutes()
 7 SYSTEMPATH\CodeIgniter.php(455): CodeIgniter\CodeIgniter->tryToRouteIt(null)
 8 SYSTEMPATH\CodeIgniter.php(354): CodeIgniter\CodeIgniter->handleRequest(null, Object(Config\Cache), false)
 9 SYSTEMPATH\Boot.php(334): CodeIgniter\CodeIgniter->run()
10 SYSTEMPATH\Boot.php(67): CodeIgniter\Boot::runCodeIgniter(Object(CodeIgniter\CodeIgniter))
11 FCPATH\index.php(46): CodeIgniter\Boot::bootWeb(Object(Config\Paths))
WARNING - 2025-08-01 03:47:47 --> [DEPRECATED] Passing lowercase HTTP method "post" is deprecated. Use uppercase HTTP method like "POST". in SYSTEMPATH\Router\RouteCollection.php on line 1026.
 1 SYSTEMPATH\Router\RouteCollection.php(1026): trigger_error('Passing lowercase HTTP method "post" is deprecated. Use uppercase HTTP method like "POST".', 16384)
 2 APPPATH\Config\Routes.php(191): CodeIgniter\Router\RouteCollection->match([...], 'purchases/receive-stock/(:num)', 'Purchases::receiveStock/$1')
 3 SYSTEMPATH\Router\RouteCollection.php(799): CodeIgniter\Router\RouteCollection->{closure}(Object(CodeIgniter\Router\RouteCollection))
 4 APPPATH\Config\Routes.php(156): CodeIgniter\Router\RouteCollection->group('pharmacy', [...], Object(Closure))
 5 SYSTEMPATH\Router\RouteCollection.php(339): require('C:\\xampp\\htdocs\\hms_ram\\app\\Config\\Routes.php')
 6 SYSTEMPATH\CodeIgniter.php(821): CodeIgniter\Router\RouteCollection->loadRoutes()
 7 SYSTEMPATH\CodeIgniter.php(455): CodeIgniter\CodeIgniter->tryToRouteIt(null)
 8 SYSTEMPATH\CodeIgniter.php(354): CodeIgniter\CodeIgniter->handleRequest(null, Object(Config\Cache), false)
 9 SYSTEMPATH\Boot.php(334): CodeIgniter\CodeIgniter->run()
10 SYSTEMPATH\Boot.php(67): CodeIgniter\Boot::runCodeIgniter(Object(CodeIgniter\CodeIgniter))
11 FCPATH\index.php(46): CodeIgniter\Boot::bootWeb(Object(Config\Paths))
WARNING - 2025-08-01 03:47:47 --> [DEPRECATED] Passing lowercase HTTP method "post" is deprecated. Use uppercase HTTP method like "POST". in SYSTEMPATH\Router\RouteCollection.php on line 1026.
 1 SYSTEMPATH\Router\RouteCollection.php(1026): trigger_error('Passing lowercase HTTP method "post" is deprecated. Use uppercase HTTP method like "POST".', 16384)
 2 APPPATH\Config\Routes.php(191): CodeIgniter\Router\RouteCollection->match([...], 'purchases/receive-stock/(:num)', 'Purchases::receiveStock/$1')
 3 SYSTEMPATH\Router\RouteCollection.php(799): CodeIgniter\Router\RouteCollection->{closure}(Object(CodeIgniter\Router\RouteCollection))
 4 APPPATH\Config\Routes.php(156): CodeIgniter\Router\RouteCollection->group('pharmacy', [...], Object(Closure))
 5 SYSTEMPATH\Router\RouteCollection.php(339): require('C:\\xampp\\htdocs\\hms_ram\\app\\Config\\Routes.php')
 6 SYSTEMPATH\CodeIgniter.php(821): CodeIgniter\Router\RouteCollection->loadRoutes()
 7 SYSTEMPATH\CodeIgniter.php(455): CodeIgniter\CodeIgniter->tryToRouteIt(null)
 8 SYSTEMPATH\CodeIgniter.php(354): CodeIgniter\CodeIgniter->handleRequest(null, Object(Config\Cache), false)
 9 SYSTEMPATH\Boot.php(334): CodeIgniter\CodeIgniter->run()
10 SYSTEMPATH\Boot.php(67): CodeIgniter\Boot::runCodeIgniter(Object(CodeIgniter\CodeIgniter))
11 FCPATH\index.php(46): CodeIgniter\Boot::bootWeb(Object(Config\Paths))
WARNING - 2025-08-01 03:47:47 --> [DEPRECATED] Passing lowercase HTTP method "get" is deprecated. Use uppercase HTTP method like "GET". in SYSTEMPATH\Router\RouteCollection.php on line 1026.
 1 SYSTEMPATH\Router\RouteCollection.php(1026): trigger_error('Passing lowercase HTTP method "get" is deprecated. Use uppercase HTTP method like "GET".', 16384)
 2 APPPATH\Config\Routes.php(178): CodeIgniter\Router\RouteCollection->match([...], 'medicines/adjust-stock', 'Medicines::adjustStock')
 3 SYSTEMPATH\Router\RouteCollection.php(799): CodeIgniter\Router\RouteCollection->{closure}(Object(CodeIgniter\Router\RouteCollection))
 4 APPPATH\Config\Routes.php(156): CodeIgniter\Router\RouteCollection->group('pharmacy', [...], Object(Closure))
 5 SYSTEMPATH\Router\RouteCollection.php(339): require('C:\\xampp\\htdocs\\hms_ram\\app\\Config\\Routes.php')
 6 SYSTEMPATH\CodeIgniter.php(821): CodeIgniter\Router\RouteCollection->loadRoutes()
 7 SYSTEMPATH\CodeIgniter.php(455): CodeIgniter\CodeIgniter->tryToRouteIt(null)
 8 SYSTEMPATH\CodeIgniter.php(354): CodeIgniter\CodeIgniter->handleRequest(null, Object(Config\Cache), false)
 9 SYSTEMPATH\Boot.php(334): CodeIgniter\CodeIgniter->run()
10 SYSTEMPATH\Boot.php(67): CodeIgniter\Boot::runCodeIgniter(Object(CodeIgniter\CodeIgniter))
11 FCPATH\index.php(46): CodeIgniter\Boot::bootWeb(Object(Config\Paths))
WARNING - 2025-08-01 03:47:47 --> [DEPRECATED] Passing lowercase HTTP method "post" is deprecated. Use uppercase HTTP method like "POST". in SYSTEMPATH\Router\RouteCollection.php on line 1026.
 1 SYSTEMPATH\Router\RouteCollection.php(1026): trigger_error('Passing lowercase HTTP method "post" is deprecated. Use uppercase HTTP method like "POST".', 16384)
 2 APPPATH\Config\Routes.php(178): CodeIgniter\Router\RouteCollection->match([...], 'medicines/adjust-stock', 'Medicines::adjustStock')
 3 SYSTEMPATH\Router\RouteCollection.php(799): CodeIgniter\Router\RouteCollection->{closure}(Object(CodeIgniter\Router\RouteCollection))
 4 APPPATH\Config\Routes.php(156): CodeIgniter\Router\RouteCollection->group('pharmacy', [...], Object(Closure))
 5 SYSTEMPATH\Router\RouteCollection.php(339): require('C:\\xampp\\htdocs\\hms_ram\\app\\Config\\Routes.php')
 6 SYSTEMPATH\CodeIgniter.php(821): CodeIgniter\Router\RouteCollection->loadRoutes()
 7 SYSTEMPATH\CodeIgniter.php(455): CodeIgniter\CodeIgniter->tryToRouteIt(null)
 8 SYSTEMPATH\CodeIgniter.php(354): CodeIgniter\CodeIgniter->handleRequest(null, Object(Config\Cache), false)
 9 SYSTEMPATH\Boot.php(334): CodeIgniter\CodeIgniter->run()
10 SYSTEMPATH\Boot.php(67): CodeIgniter\Boot::runCodeIgniter(Object(CodeIgniter\CodeIgniter))
11 FCPATH\index.php(46): CodeIgniter\Boot::bootWeb(Object(Config\Paths))
WARNING - 2025-08-01 03:47:47 --> [DEPRECATED] Passing lowercase HTTP method "get" is deprecated. Use uppercase HTTP method like "GET". in SYSTEMPATH\Router\RouteCollection.php on line 1026.
 1 SYSTEMPATH\Router\RouteCollection.php(1026): trigger_error('Passing lowercase HTTP method "get" is deprecated. Use uppercase HTTP method like "GET".', 16384)
 2 APPPATH\Config\Routes.php(191): CodeIgniter\Router\RouteCollection->match([...], 'purchases/receive-stock/(:num)', 'Purchases::receiveStock/$1')
 3 SYSTEMPATH\Router\RouteCollection.php(799): CodeIgniter\Router\RouteCollection->{closure}(Object(CodeIgniter\Router\RouteCollection))
 4 APPPATH\Config\Routes.php(156): CodeIgniter\Router\RouteCollection->group('pharmacy', [...], Object(Closure))
 5 SYSTEMPATH\Router\RouteCollection.php(339): require('C:\\xampp\\htdocs\\hms_ram\\app\\Config\\Routes.php')
 6 SYSTEMPATH\CodeIgniter.php(821): CodeIgniter\Router\RouteCollection->loadRoutes()
 7 SYSTEMPATH\CodeIgniter.php(455): CodeIgniter\CodeIgniter->tryToRouteIt(null)
 8 SYSTEMPATH\CodeIgniter.php(354): CodeIgniter\CodeIgniter->handleRequest(null, Object(Config\Cache), false)
 9 SYSTEMPATH\Boot.php(334): CodeIgniter\CodeIgniter->run()
10 SYSTEMPATH\Boot.php(67): CodeIgniter\Boot::runCodeIgniter(Object(CodeIgniter\CodeIgniter))
11 FCPATH\index.php(46): CodeIgniter\Boot::bootWeb(Object(Config\Paths))
WARNING - 2025-08-01 03:47:47 --> [DEPRECATED] Passing lowercase HTTP method "post" is deprecated. Use uppercase HTTP method like "POST". in SYSTEMPATH\Router\RouteCollection.php on line 1026.
 1 SYSTEMPATH\Router\RouteCollection.php(1026): trigger_error('Passing lowercase HTTP method "post" is deprecated. Use uppercase HTTP method like "POST".', 16384)
 2 APPPATH\Config\Routes.php(191): CodeIgniter\Router\RouteCollection->match([...], 'purchases/receive-stock/(:num)', 'Purchases::receiveStock/$1')
 3 SYSTEMPATH\Router\RouteCollection.php(799): CodeIgniter\Router\RouteCollection->{closure}(Object(CodeIgniter\Router\RouteCollection))
 4 APPPATH\Config\Routes.php(156): CodeIgniter\Router\RouteCollection->group('pharmacy', [...], Object(Closure))
 5 SYSTEMPATH\Router\RouteCollection.php(339): require('C:\\xampp\\htdocs\\hms_ram\\app\\Config\\Routes.php')
 6 SYSTEMPATH\CodeIgniter.php(821): CodeIgniter\Router\RouteCollection->loadRoutes()
 7 SYSTEMPATH\CodeIgniter.php(455): CodeIgniter\CodeIgniter->tryToRouteIt(null)
 8 SYSTEMPATH\CodeIgniter.php(354): CodeIgniter\CodeIgniter->handleRequest(null, Object(Config\Cache), false)
 9 SYSTEMPATH\Boot.php(334): CodeIgniter\CodeIgniter->run()
10 SYSTEMPATH\Boot.php(67): CodeIgniter\Boot::runCodeIgniter(Object(CodeIgniter\CodeIgniter))
11 FCPATH\index.php(46): CodeIgniter\Boot::bootWeb(Object(Config\Paths))
WARNING - 2025-08-01 03:47:47 --> [DEPRECATED] Passing lowercase HTTP method "get" is deprecated. Use uppercase HTTP method like "GET". in SYSTEMPATH\Router\RouteCollection.php on line 1026.
 1 SYSTEMPATH\Router\RouteCollection.php(1026): trigger_error('Passing lowercase HTTP method "get" is deprecated. Use uppercase HTTP method like "GET".', 16384)
 2 APPPATH\Config\Routes.php(178): CodeIgniter\Router\RouteCollection->match([...], 'medicines/adjust-stock', 'Medicines::adjustStock')
 3 SYSTEMPATH\Router\RouteCollection.php(799): CodeIgniter\Router\RouteCollection->{closure}(Object(CodeIgniter\Router\RouteCollection))
 4 APPPATH\Config\Routes.php(156): CodeIgniter\Router\RouteCollection->group('pharmacy', [...], Object(Closure))
 5 SYSTEMPATH\Router\RouteCollection.php(339): require('C:\\xampp\\htdocs\\hms_ram\\app\\Config\\Routes.php')
 6 SYSTEMPATH\CodeIgniter.php(821): CodeIgniter\Router\RouteCollection->loadRoutes()
 7 SYSTEMPATH\CodeIgniter.php(455): CodeIgniter\CodeIgniter->tryToRouteIt(null)
 8 SYSTEMPATH\CodeIgniter.php(354): CodeIgniter\CodeIgniter->handleRequest(null, Object(Config\Cache), false)
 9 SYSTEMPATH\Boot.php(334): CodeIgniter\CodeIgniter->run()
10 SYSTEMPATH\Boot.php(67): CodeIgniter\Boot::runCodeIgniter(Object(CodeIgniter\CodeIgniter))
11 FCPATH\index.php(46): CodeIgniter\Boot::bootWeb(Object(Config\Paths))
WARNING - 2025-08-01 03:47:47 --> [DEPRECATED] Passing lowercase HTTP method "post" is deprecated. Use uppercase HTTP method like "POST". in SYSTEMPATH\Router\RouteCollection.php on line 1026.
 1 SYSTEMPATH\Router\RouteCollection.php(1026): trigger_error('Passing lowercase HTTP method "post" is deprecated. Use uppercase HTTP method like "POST".', 16384)
 2 APPPATH\Config\Routes.php(178): CodeIgniter\Router\RouteCollection->match([...], 'medicines/adjust-stock', 'Medicines::adjustStock')
 3 SYSTEMPATH\Router\RouteCollection.php(799): CodeIgniter\Router\RouteCollection->{closure}(Object(CodeIgniter\Router\RouteCollection))
 4 APPPATH\Config\Routes.php(156): CodeIgniter\Router\RouteCollection->group('pharmacy', [...], Object(Closure))
 5 SYSTEMPATH\Router\RouteCollection.php(339): require('C:\\xampp\\htdocs\\hms_ram\\app\\Config\\Routes.php')
 6 SYSTEMPATH\CodeIgniter.php(821): CodeIgniter\Router\RouteCollection->loadRoutes()
 7 SYSTEMPATH\CodeIgniter.php(455): CodeIgniter\CodeIgniter->tryToRouteIt(null)
 8 SYSTEMPATH\CodeIgniter.php(354): CodeIgniter\CodeIgniter->handleRequest(null, Object(Config\Cache), false)
 9 SYSTEMPATH\Boot.php(334): CodeIgniter\CodeIgniter->run()
10 SYSTEMPATH\Boot.php(67): CodeIgniter\Boot::runCodeIgniter(Object(CodeIgniter\CodeIgniter))
11 FCPATH\index.php(46): CodeIgniter\Boot::bootWeb(Object(Config\Paths))
WARNING - 2025-08-01 03:47:47 --> [DEPRECATED] Passing lowercase HTTP method "get" is deprecated. Use uppercase HTTP method like "GET". in SYSTEMPATH\Router\RouteCollection.php on line 1026.
 1 SYSTEMPATH\Router\RouteCollection.php(1026): trigger_error('Passing lowercase HTTP method "get" is deprecated. Use uppercase HTTP method like "GET".', 16384)
 2 APPPATH\Config\Routes.php(191): CodeIgniter\Router\RouteCollection->match([...], 'purchases/receive-stock/(:num)', 'Purchases::receiveStock/$1')
 3 SYSTEMPATH\Router\RouteCollection.php(799): CodeIgniter\Router\RouteCollection->{closure}(Object(CodeIgniter\Router\RouteCollection))
 4 APPPATH\Config\Routes.php(156): CodeIgniter\Router\RouteCollection->group('pharmacy', [...], Object(Closure))
 5 SYSTEMPATH\Router\RouteCollection.php(339): require('C:\\xampp\\htdocs\\hms_ram\\app\\Config\\Routes.php')
 6 SYSTEMPATH\CodeIgniter.php(821): CodeIgniter\Router\RouteCollection->loadRoutes()
 7 SYSTEMPATH\CodeIgniter.php(455): CodeIgniter\CodeIgniter->tryToRouteIt(null)
 8 SYSTEMPATH\CodeIgniter.php(354): CodeIgniter\CodeIgniter->handleRequest(null, Object(Config\Cache), false)
 9 SYSTEMPATH\Boot.php(334): CodeIgniter\CodeIgniter->run()
10 SYSTEMPATH\Boot.php(67): CodeIgniter\Boot::runCodeIgniter(Object(CodeIgniter\CodeIgniter))
11 FCPATH\index.php(46): CodeIgniter\Boot::bootWeb(Object(Config\Paths))
WARNING - 2025-08-01 03:47:47 --> [DEPRECATED] Passing lowercase HTTP method "post" is deprecated. Use uppercase HTTP method like "POST". in SYSTEMPATH\Router\RouteCollection.php on line 1026.
 1 SYSTEMPATH\Router\RouteCollection.php(1026): trigger_error('Passing lowercase HTTP method "post" is deprecated. Use uppercase HTTP method like "POST".', 16384)
 2 APPPATH\Config\Routes.php(191): CodeIgniter\Router\RouteCollection->match([...], 'purchases/receive-stock/(:num)', 'Purchases::receiveStock/$1')
 3 SYSTEMPATH\Router\RouteCollection.php(799): CodeIgniter\Router\RouteCollection->{closure}(Object(CodeIgniter\Router\RouteCollection))
 4 APPPATH\Config\Routes.php(156): CodeIgniter\Router\RouteCollection->group('pharmacy', [...], Object(Closure))
 5 SYSTEMPATH\Router\RouteCollection.php(339): require('C:\\xampp\\htdocs\\hms_ram\\app\\Config\\Routes.php')
 6 SYSTEMPATH\CodeIgniter.php(821): CodeIgniter\Router\RouteCollection->loadRoutes()
 7 SYSTEMPATH\CodeIgniter.php(455): CodeIgniter\CodeIgniter->tryToRouteIt(null)
 8 SYSTEMPATH\CodeIgniter.php(354): CodeIgniter\CodeIgniter->handleRequest(null, Object(Config\Cache), false)
 9 SYSTEMPATH\Boot.php(334): CodeIgniter\CodeIgniter->run()
10 SYSTEMPATH\Boot.php(67): CodeIgniter\Boot::runCodeIgniter(Object(CodeIgniter\CodeIgniter))
11 FCPATH\index.php(46): CodeIgniter\Boot::bootWeb(Object(Config\Paths))
WARNING - 2025-08-01 03:47:48 --> [DEPRECATED] Passing lowercase HTTP method "get" is deprecated. Use uppercase HTTP method like "GET". in SYSTEMPATH\Router\RouteCollection.php on line 1026.
 1 SYSTEMPATH\Router\RouteCollection.php(1026): trigger_error('Passing lowercase HTTP method "get" is deprecated. Use uppercase HTTP method like "GET".', 16384)
 2 APPPATH\Config\Routes.php(178): CodeIgniter\Router\RouteCollection->match([...], 'medicines/adjust-stock', 'Medicines::adjustStock')
 3 SYSTEMPATH\Router\RouteCollection.php(799): CodeIgniter\Router\RouteCollection->{closure}(Object(CodeIgniter\Router\RouteCollection))
 4 APPPATH\Config\Routes.php(156): CodeIgniter\Router\RouteCollection->group('pharmacy', [...], Object(Closure))
 5 SYSTEMPATH\Router\RouteCollection.php(339): require('C:\\xampp\\htdocs\\hms_ram\\app\\Config\\Routes.php')
 6 SYSTEMPATH\CodeIgniter.php(821): CodeIgniter\Router\RouteCollection->loadRoutes()
 7 SYSTEMPATH\CodeIgniter.php(455): CodeIgniter\CodeIgniter->tryToRouteIt(null)
 8 SYSTEMPATH\CodeIgniter.php(354): CodeIgniter\CodeIgniter->handleRequest(null, Object(Config\Cache), false)
 9 SYSTEMPATH\Boot.php(334): CodeIgniter\CodeIgniter->run()
10 SYSTEMPATH\Boot.php(67): CodeIgniter\Boot::runCodeIgniter(Object(CodeIgniter\CodeIgniter))
11 FCPATH\index.php(46): CodeIgniter\Boot::bootWeb(Object(Config\Paths))
WARNING - 2025-08-01 03:47:48 --> [DEPRECATED] Passing lowercase HTTP method "get" is deprecated. Use uppercase HTTP method like "GET". in SYSTEMPATH\Router\RouteCollection.php on line 1026.
 1 SYSTEMPATH\Router\RouteCollection.php(1026): trigger_error('Passing lowercase HTTP method "get" is deprecated. Use uppercase HTTP method like "GET".', 16384)
 2 APPPATH\Config\Routes.php(178): CodeIgniter\Router\RouteCollection->match([...], 'medicines/adjust-stock', 'Medicines::adjustStock')
 3 SYSTEMPATH\Router\RouteCollection.php(799): CodeIgniter\Router\RouteCollection->{closure}(Object(CodeIgniter\Router\RouteCollection))
 4 APPPATH\Config\Routes.php(156): CodeIgniter\Router\RouteCollection->group('pharmacy', [...], Object(Closure))
 5 SYSTEMPATH\Router\RouteCollection.php(339): require('C:\\xampp\\htdocs\\hms_ram\\app\\Config\\Routes.php')
 6 SYSTEMPATH\CodeIgniter.php(821): CodeIgniter\Router\RouteCollection->loadRoutes()
 7 SYSTEMPATH\CodeIgniter.php(455): CodeIgniter\CodeIgniter->tryToRouteIt(null)
 8 SYSTEMPATH\CodeIgniter.php(354): CodeIgniter\CodeIgniter->handleRequest(null, Object(Config\Cache), false)
 9 SYSTEMPATH\Boot.php(334): CodeIgniter\CodeIgniter->run()
10 SYSTEMPATH\Boot.php(67): CodeIgniter\Boot::runCodeIgniter(Object(CodeIgniter\CodeIgniter))
11 FCPATH\index.php(46): CodeIgniter\Boot::bootWeb(Object(Config\Paths))
WARNING - 2025-08-01 03:47:48 --> [DEPRECATED] Passing lowercase HTTP method "post" is deprecated. Use uppercase HTTP method like "POST". in SYSTEMPATH\Router\RouteCollection.php on line 1026.
 1 SYSTEMPATH\Router\RouteCollection.php(1026): trigger_error('Passing lowercase HTTP method "post" is deprecated. Use uppercase HTTP method like "POST".', 16384)
 2 APPPATH\Config\Routes.php(178): CodeIgniter\Router\RouteCollection->match([...], 'medicines/adjust-stock', 'Medicines::adjustStock')
 3 SYSTEMPATH\Router\RouteCollection.php(799): CodeIgniter\Router\RouteCollection->{closure}(Object(CodeIgniter\Router\RouteCollection))
 4 APPPATH\Config\Routes.php(156): CodeIgniter\Router\RouteCollection->group('pharmacy', [...], Object(Closure))
 5 SYSTEMPATH\Router\RouteCollection.php(339): require('C:\\xampp\\htdocs\\hms_ram\\app\\Config\\Routes.php')
 6 SYSTEMPATH\CodeIgniter.php(821): CodeIgniter\Router\RouteCollection->loadRoutes()
 7 SYSTEMPATH\CodeIgniter.php(455): CodeIgniter\CodeIgniter->tryToRouteIt(null)
 8 SYSTEMPATH\CodeIgniter.php(354): CodeIgniter\CodeIgniter->handleRequest(null, Object(Config\Cache), false)
 9 SYSTEMPATH\Boot.php(334): CodeIgniter\CodeIgniter->run()
10 SYSTEMPATH\Boot.php(67): CodeIgniter\Boot::runCodeIgniter(Object(CodeIgniter\CodeIgniter))
11 FCPATH\index.php(46): CodeIgniter\Boot::bootWeb(Object(Config\Paths))
WARNING - 2025-08-01 03:47:48 --> [DEPRECATED] Passing lowercase HTTP method "post" is deprecated. Use uppercase HTTP method like "POST". in SYSTEMPATH\Router\RouteCollection.php on line 1026.
 1 SYSTEMPATH\Router\RouteCollection.php(1026): trigger_error('Passing lowercase HTTP method "post" is deprecated. Use uppercase HTTP method like "POST".', 16384)
 2 APPPATH\Config\Routes.php(178): CodeIgniter\Router\RouteCollection->match([...], 'medicines/adjust-stock', 'Medicines::adjustStock')
 3 SYSTEMPATH\Router\RouteCollection.php(799): CodeIgniter\Router\RouteCollection->{closure}(Object(CodeIgniter\Router\RouteCollection))
 4 APPPATH\Config\Routes.php(156): CodeIgniter\Router\RouteCollection->group('pharmacy', [...], Object(Closure))
 5 SYSTEMPATH\Router\RouteCollection.php(339): require('C:\\xampp\\htdocs\\hms_ram\\app\\Config\\Routes.php')
 6 SYSTEMPATH\CodeIgniter.php(821): CodeIgniter\Router\RouteCollection->loadRoutes()
 7 SYSTEMPATH\CodeIgniter.php(455): CodeIgniter\CodeIgniter->tryToRouteIt(null)
 8 SYSTEMPATH\CodeIgniter.php(354): CodeIgniter\CodeIgniter->handleRequest(null, Object(Config\Cache), false)
 9 SYSTEMPATH\Boot.php(334): CodeIgniter\CodeIgniter->run()
10 SYSTEMPATH\Boot.php(67): CodeIgniter\Boot::runCodeIgniter(Object(CodeIgniter\CodeIgniter))
11 FCPATH\index.php(46): CodeIgniter\Boot::bootWeb(Object(Config\Paths))
WARNING - 2025-08-01 03:47:48 --> [DEPRECATED] Passing lowercase HTTP method "get" is deprecated. Use uppercase HTTP method like "GET". in SYSTEMPATH\Router\RouteCollection.php on line 1026.
 1 SYSTEMPATH\Router\RouteCollection.php(1026): trigger_error('Passing lowercase HTTP method "get" is deprecated. Use uppercase HTTP method like "GET".', 16384)
 2 APPPATH\Config\Routes.php(191): CodeIgniter\Router\RouteCollection->match([...], 'purchases/receive-stock/(:num)', 'Purchases::receiveStock/$1')
 3 SYSTEMPATH\Router\RouteCollection.php(799): CodeIgniter\Router\RouteCollection->{closure}(Object(CodeIgniter\Router\RouteCollection))
 4 APPPATH\Config\Routes.php(156): CodeIgniter\Router\RouteCollection->group('pharmacy', [...], Object(Closure))
 5 SYSTEMPATH\Router\RouteCollection.php(339): require('C:\\xampp\\htdocs\\hms_ram\\app\\Config\\Routes.php')
 6 SYSTEMPATH\CodeIgniter.php(821): CodeIgniter\Router\RouteCollection->loadRoutes()
 7 SYSTEMPATH\CodeIgniter.php(455): CodeIgniter\CodeIgniter->tryToRouteIt(null)
 8 SYSTEMPATH\CodeIgniter.php(354): CodeIgniter\CodeIgniter->handleRequest(null, Object(Config\Cache), false)
 9 SYSTEMPATH\Boot.php(334): CodeIgniter\CodeIgniter->run()
10 SYSTEMPATH\Boot.php(67): CodeIgniter\Boot::runCodeIgniter(Object(CodeIgniter\CodeIgniter))
11 FCPATH\index.php(46): CodeIgniter\Boot::bootWeb(Object(Config\Paths))
WARNING - 2025-08-01 03:47:48 --> [DEPRECATED] Passing lowercase HTTP method "get" is deprecated. Use uppercase HTTP method like "GET". in SYSTEMPATH\Router\RouteCollection.php on line 1026.
 1 SYSTEMPATH\Router\RouteCollection.php(1026): trigger_error('Passing lowercase HTTP method "get" is deprecated. Use uppercase HTTP method like "GET".', 16384)
 2 APPPATH\Config\Routes.php(191): CodeIgniter\Router\RouteCollection->match([...], 'purchases/receive-stock/(:num)', 'Purchases::receiveStock/$1')
 3 SYSTEMPATH\Router\RouteCollection.php(799): CodeIgniter\Router\RouteCollection->{closure}(Object(CodeIgniter\Router\RouteCollection))
 4 APPPATH\Config\Routes.php(156): CodeIgniter\Router\RouteCollection->group('pharmacy', [...], Object(Closure))
 5 SYSTEMPATH\Router\RouteCollection.php(339): require('C:\\xampp\\htdocs\\hms_ram\\app\\Config\\Routes.php')
 6 SYSTEMPATH\CodeIgniter.php(821): CodeIgniter\Router\RouteCollection->loadRoutes()
 7 SYSTEMPATH\CodeIgniter.php(455): CodeIgniter\CodeIgniter->tryToRouteIt(null)
 8 SYSTEMPATH\CodeIgniter.php(354): CodeIgniter\CodeIgniter->handleRequest(null, Object(Config\Cache), false)
 9 SYSTEMPATH\Boot.php(334): CodeIgniter\CodeIgniter->run()
10 SYSTEMPATH\Boot.php(67): CodeIgniter\Boot::runCodeIgniter(Object(CodeIgniter\CodeIgniter))
11 FCPATH\index.php(46): CodeIgniter\Boot::bootWeb(Object(Config\Paths))
WARNING - 2025-08-01 03:47:48 --> [DEPRECATED] Passing lowercase HTTP method "post" is deprecated. Use uppercase HTTP method like "POST". in SYSTEMPATH\Router\RouteCollection.php on line 1026.
 1 SYSTEMPATH\Router\RouteCollection.php(1026): trigger_error('Passing lowercase HTTP method "post" is deprecated. Use uppercase HTTP method like "POST".', 16384)
 2 APPPATH\Config\Routes.php(191): CodeIgniter\Router\RouteCollection->match([...], 'purchases/receive-stock/(:num)', 'Purchases::receiveStock/$1')
 3 SYSTEMPATH\Router\RouteCollection.php(799): CodeIgniter\Router\RouteCollection->{closure}(Object(CodeIgniter\Router\RouteCollection))
 4 APPPATH\Config\Routes.php(156): CodeIgniter\Router\RouteCollection->group('pharmacy', [...], Object(Closure))
 5 SYSTEMPATH\Router\RouteCollection.php(339): require('C:\\xampp\\htdocs\\hms_ram\\app\\Config\\Routes.php')
 6 SYSTEMPATH\CodeIgniter.php(821): CodeIgniter\Router\RouteCollection->loadRoutes()
 7 SYSTEMPATH\CodeIgniter.php(455): CodeIgniter\CodeIgniter->tryToRouteIt(null)
 8 SYSTEMPATH\CodeIgniter.php(354): CodeIgniter\CodeIgniter->handleRequest(null, Object(Config\Cache), false)
 9 SYSTEMPATH\Boot.php(334): CodeIgniter\CodeIgniter->run()
10 SYSTEMPATH\Boot.php(67): CodeIgniter\Boot::runCodeIgniter(Object(CodeIgniter\CodeIgniter))
11 FCPATH\index.php(46): CodeIgniter\Boot::bootWeb(Object(Config\Paths))
WARNING - 2025-08-01 03:47:48 --> [DEPRECATED] Passing lowercase HTTP method "post" is deprecated. Use uppercase HTTP method like "POST". in SYSTEMPATH\Router\RouteCollection.php on line 1026.
 1 SYSTEMPATH\Router\RouteCollection.php(1026): trigger_error('Passing lowercase HTTP method "post" is deprecated. Use uppercase HTTP method like "POST".', 16384)
 2 APPPATH\Config\Routes.php(191): CodeIgniter\Router\RouteCollection->match([...], 'purchases/receive-stock/(:num)', 'Purchases::receiveStock/$1')
 3 SYSTEMPATH\Router\RouteCollection.php(799): CodeIgniter\Router\RouteCollection->{closure}(Object(CodeIgniter\Router\RouteCollection))
 4 APPPATH\Config\Routes.php(156): CodeIgniter\Router\RouteCollection->group('pharmacy', [...], Object(Closure))
 5 SYSTEMPATH\Router\RouteCollection.php(339): require('C:\\xampp\\htdocs\\hms_ram\\app\\Config\\Routes.php')
 6 SYSTEMPATH\CodeIgniter.php(821): CodeIgniter\Router\RouteCollection->loadRoutes()
 7 SYSTEMPATH\CodeIgniter.php(455): CodeIgniter\CodeIgniter->tryToRouteIt(null)
 8 SYSTEMPATH\CodeIgniter.php(354): CodeIgniter\CodeIgniter->handleRequest(null, Object(Config\Cache), false)
 9 SYSTEMPATH\Boot.php(334): CodeIgniter\CodeIgniter->run()
10 SYSTEMPATH\Boot.php(67): CodeIgniter\Boot::runCodeIgniter(Object(CodeIgniter\CodeIgniter))
11 FCPATH\index.php(46): CodeIgniter\Boot::bootWeb(Object(Config\Paths))
WARNING - 2025-08-01 03:47:51 --> [DEPRECATED] Passing lowercase HTTP method "get" is deprecated. Use uppercase HTTP method like "GET". in SYSTEMPATH\Router\RouteCollection.php on line 1026.
 1 SYSTEMPATH\Router\RouteCollection.php(1026): trigger_error('Passing lowercase HTTP method "get" is deprecated. Use uppercase HTTP method like "GET".', 16384)
 2 APPPATH\Config\Routes.php(178): CodeIgniter\Router\RouteCollection->match([...], 'medicines/adjust-stock', 'Medicines::adjustStock')
 3 SYSTEMPATH\Router\RouteCollection.php(799): CodeIgniter\Router\RouteCollection->{closure}(Object(CodeIgniter\Router\RouteCollection))
 4 APPPATH\Config\Routes.php(156): CodeIgniter\Router\RouteCollection->group('pharmacy', [...], Object(Closure))
 5 SYSTEMPATH\Router\RouteCollection.php(339): require('C:\\xampp\\htdocs\\hms_ram\\app\\Config\\Routes.php')
 6 SYSTEMPATH\CodeIgniter.php(821): CodeIgniter\Router\RouteCollection->loadRoutes()
 7 SYSTEMPATH\CodeIgniter.php(455): CodeIgniter\CodeIgniter->tryToRouteIt(null)
 8 SYSTEMPATH\CodeIgniter.php(354): CodeIgniter\CodeIgniter->handleRequest(null, Object(Config\Cache), false)
 9 SYSTEMPATH\Boot.php(334): CodeIgniter\CodeIgniter->run()
10 SYSTEMPATH\Boot.php(67): CodeIgniter\Boot::runCodeIgniter(Object(CodeIgniter\CodeIgniter))
11 FCPATH\index.php(46): CodeIgniter\Boot::bootWeb(Object(Config\Paths))
WARNING - 2025-08-01 03:47:51 --> [DEPRECATED] Passing lowercase HTTP method "post" is deprecated. Use uppercase HTTP method like "POST". in SYSTEMPATH\Router\RouteCollection.php on line 1026.
 1 SYSTEMPATH\Router\RouteCollection.php(1026): trigger_error('Passing lowercase HTTP method "post" is deprecated. Use uppercase HTTP method like "POST".', 16384)
 2 APPPATH\Config\Routes.php(178): CodeIgniter\Router\RouteCollection->match([...], 'medicines/adjust-stock', 'Medicines::adjustStock')
 3 SYSTEMPATH\Router\RouteCollection.php(799): CodeIgniter\Router\RouteCollection->{closure}(Object(CodeIgniter\Router\RouteCollection))
 4 APPPATH\Config\Routes.php(156): CodeIgniter\Router\RouteCollection->group('pharmacy', [...], Object(Closure))
 5 SYSTEMPATH\Router\RouteCollection.php(339): require('C:\\xampp\\htdocs\\hms_ram\\app\\Config\\Routes.php')
 6 SYSTEMPATH\CodeIgniter.php(821): CodeIgniter\Router\RouteCollection->loadRoutes()
 7 SYSTEMPATH\CodeIgniter.php(455): CodeIgniter\CodeIgniter->tryToRouteIt(null)
 8 SYSTEMPATH\CodeIgniter.php(354): CodeIgniter\CodeIgniter->handleRequest(null, Object(Config\Cache), false)
 9 SYSTEMPATH\Boot.php(334): CodeIgniter\CodeIgniter->run()
10 SYSTEMPATH\Boot.php(67): CodeIgniter\Boot::runCodeIgniter(Object(CodeIgniter\CodeIgniter))
11 FCPATH\index.php(46): CodeIgniter\Boot::bootWeb(Object(Config\Paths))
WARNING - 2025-08-01 03:47:51 --> [DEPRECATED] Passing lowercase HTTP method "get" is deprecated. Use uppercase HTTP method like "GET". in SYSTEMPATH\Router\RouteCollection.php on line 1026.
 1 SYSTEMPATH\Router\RouteCollection.php(1026): trigger_error('Passing lowercase HTTP method "get" is deprecated. Use uppercase HTTP method like "GET".', 16384)
 2 APPPATH\Config\Routes.php(191): CodeIgniter\Router\RouteCollection->match([...], 'purchases/receive-stock/(:num)', 'Purchases::receiveStock/$1')
 3 SYSTEMPATH\Router\RouteCollection.php(799): CodeIgniter\Router\RouteCollection->{closure}(Object(CodeIgniter\Router\RouteCollection))
 4 APPPATH\Config\Routes.php(156): CodeIgniter\Router\RouteCollection->group('pharmacy', [...], Object(Closure))
 5 SYSTEMPATH\Router\RouteCollection.php(339): require('C:\\xampp\\htdocs\\hms_ram\\app\\Config\\Routes.php')
 6 SYSTEMPATH\CodeIgniter.php(821): CodeIgniter\Router\RouteCollection->loadRoutes()
 7 SYSTEMPATH\CodeIgniter.php(455): CodeIgniter\CodeIgniter->tryToRouteIt(null)
 8 SYSTEMPATH\CodeIgniter.php(354): CodeIgniter\CodeIgniter->handleRequest(null, Object(Config\Cache), false)
 9 SYSTEMPATH\Boot.php(334): CodeIgniter\CodeIgniter->run()
10 SYSTEMPATH\Boot.php(67): CodeIgniter\Boot::runCodeIgniter(Object(CodeIgniter\CodeIgniter))
11 FCPATH\index.php(46): CodeIgniter\Boot::bootWeb(Object(Config\Paths))
WARNING - 2025-08-01 03:47:51 --> [DEPRECATED] Passing lowercase HTTP method "post" is deprecated. Use uppercase HTTP method like "POST". in SYSTEMPATH\Router\RouteCollection.php on line 1026.
 1 SYSTEMPATH\Router\RouteCollection.php(1026): trigger_error('Passing lowercase HTTP method "post" is deprecated. Use uppercase HTTP method like "POST".', 16384)
 2 APPPATH\Config\Routes.php(191): CodeIgniter\Router\RouteCollection->match([...], 'purchases/receive-stock/(:num)', 'Purchases::receiveStock/$1')
 3 SYSTEMPATH\Router\RouteCollection.php(799): CodeIgniter\Router\RouteCollection->{closure}(Object(CodeIgniter\Router\RouteCollection))
 4 APPPATH\Config\Routes.php(156): CodeIgniter\Router\RouteCollection->group('pharmacy', [...], Object(Closure))
 5 SYSTEMPATH\Router\RouteCollection.php(339): require('C:\\xampp\\htdocs\\hms_ram\\app\\Config\\Routes.php')
 6 SYSTEMPATH\CodeIgniter.php(821): CodeIgniter\Router\RouteCollection->loadRoutes()
 7 SYSTEMPATH\CodeIgniter.php(455): CodeIgniter\CodeIgniter->tryToRouteIt(null)
 8 SYSTEMPATH\CodeIgniter.php(354): CodeIgniter\CodeIgniter->handleRequest(null, Object(Config\Cache), false)
 9 SYSTEMPATH\Boot.php(334): CodeIgniter\CodeIgniter->run()
10 SYSTEMPATH\Boot.php(67): CodeIgniter\Boot::runCodeIgniter(Object(CodeIgniter\CodeIgniter))
11 FCPATH\index.php(46): CodeIgniter\Boot::bootWeb(Object(Config\Paths))
DEBUG - 2025-08-01 03:47:51 --> Session: Class initialized using 'CodeIgniter\Session\Handlers\FileHandler' driver.
WARNING - 2025-08-01 03:47:51 --> [DEPRECATED] Passing lowercase HTTP method "get" is deprecated. Use uppercase HTTP method like "GET". in SYSTEMPATH\Router\RouteCollection.php on line 1026.
 1 SYSTEMPATH\Router\RouteCollection.php(1026): trigger_error('Passing lowercase HTTP method "get" is deprecated. Use uppercase HTTP method like "GET".', 16384)
 2 APPPATH\Config\Routes.php(178): CodeIgniter\Router\RouteCollection->match([...], 'medicines/adjust-stock', 'Medicines::adjustStock')
 3 SYSTEMPATH\Router\RouteCollection.php(799): CodeIgniter\Router\RouteCollection->{closure}(Object(CodeIgniter\Router\RouteCollection))
 4 APPPATH\Config\Routes.php(156): CodeIgniter\Router\RouteCollection->group('pharmacy', [...], Object(Closure))
 5 SYSTEMPATH\Router\RouteCollection.php(339): require('C:\\xampp\\htdocs\\hms_ram\\app\\Config\\Routes.php')
 6 SYSTEMPATH\CodeIgniter.php(821): CodeIgniter\Router\RouteCollection->loadRoutes()
 7 SYSTEMPATH\CodeIgniter.php(455): CodeIgniter\CodeIgniter->tryToRouteIt(null)
 8 SYSTEMPATH\CodeIgniter.php(354): CodeIgniter\CodeIgniter->handleRequest(null, Object(Config\Cache), false)
 9 SYSTEMPATH\Boot.php(334): CodeIgniter\CodeIgniter->run()
10 SYSTEMPATH\Boot.php(67): CodeIgniter\Boot::runCodeIgniter(Object(CodeIgniter\CodeIgniter))
11 FCPATH\index.php(46): CodeIgniter\Boot::bootWeb(Object(Config\Paths))
WARNING - 2025-08-01 03:47:51 --> [DEPRECATED] Passing lowercase HTTP method "post" is deprecated. Use uppercase HTTP method like "POST". in SYSTEMPATH\Router\RouteCollection.php on line 1026.
 1 SYSTEMPATH\Router\RouteCollection.php(1026): trigger_error('Passing lowercase HTTP method "post" is deprecated. Use uppercase HTTP method like "POST".', 16384)
 2 APPPATH\Config\Routes.php(178): CodeIgniter\Router\RouteCollection->match([...], 'medicines/adjust-stock', 'Medicines::adjustStock')
 3 SYSTEMPATH\Router\RouteCollection.php(799): CodeIgniter\Router\RouteCollection->{closure}(Object(CodeIgniter\Router\RouteCollection))
 4 APPPATH\Config\Routes.php(156): CodeIgniter\Router\RouteCollection->group('pharmacy', [...], Object(Closure))
 5 SYSTEMPATH\Router\RouteCollection.php(339): require('C:\\xampp\\htdocs\\hms_ram\\app\\Config\\Routes.php')
 6 SYSTEMPATH\CodeIgniter.php(821): CodeIgniter\Router\RouteCollection->loadRoutes()
 7 SYSTEMPATH\CodeIgniter.php(455): CodeIgniter\CodeIgniter->tryToRouteIt(null)
 8 SYSTEMPATH\CodeIgniter.php(354): CodeIgniter\CodeIgniter->handleRequest(null, Object(Config\Cache), false)
 9 SYSTEMPATH\Boot.php(334): CodeIgniter\CodeIgniter->run()
10 SYSTEMPATH\Boot.php(67): CodeIgniter\Boot::runCodeIgniter(Object(CodeIgniter\CodeIgniter))
11 FCPATH\index.php(46): CodeIgniter\Boot::bootWeb(Object(Config\Paths))
WARNING - 2025-08-01 03:47:51 --> [DEPRECATED] Passing lowercase HTTP method "get" is deprecated. Use uppercase HTTP method like "GET". in SYSTEMPATH\Router\RouteCollection.php on line 1026.
 1 SYSTEMPATH\Router\RouteCollection.php(1026): trigger_error('Passing lowercase HTTP method "get" is deprecated. Use uppercase HTTP method like "GET".', 16384)
 2 APPPATH\Config\Routes.php(191): CodeIgniter\Router\RouteCollection->match([...], 'purchases/receive-stock/(:num)', 'Purchases::receiveStock/$1')
 3 SYSTEMPATH\Router\RouteCollection.php(799): CodeIgniter\Router\RouteCollection->{closure}(Object(CodeIgniter\Router\RouteCollection))
 4 APPPATH\Config\Routes.php(156): CodeIgniter\Router\RouteCollection->group('pharmacy', [...], Object(Closure))
 5 SYSTEMPATH\Router\RouteCollection.php(339): require('C:\\xampp\\htdocs\\hms_ram\\app\\Config\\Routes.php')
 6 SYSTEMPATH\CodeIgniter.php(821): CodeIgniter\Router\RouteCollection->loadRoutes()
 7 SYSTEMPATH\CodeIgniter.php(455): CodeIgniter\CodeIgniter->tryToRouteIt(null)
 8 SYSTEMPATH\CodeIgniter.php(354): CodeIgniter\CodeIgniter->handleRequest(null, Object(Config\Cache), false)
 9 SYSTEMPATH\Boot.php(334): CodeIgniter\CodeIgniter->run()
10 SYSTEMPATH\Boot.php(67): CodeIgniter\Boot::runCodeIgniter(Object(CodeIgniter\CodeIgniter))
11 FCPATH\index.php(46): CodeIgniter\Boot::bootWeb(Object(Config\Paths))
WARNING - 2025-08-01 03:47:51 --> [DEPRECATED] Passing lowercase HTTP method "post" is deprecated. Use uppercase HTTP method like "POST". in SYSTEMPATH\Router\RouteCollection.php on line 1026.
 1 SYSTEMPATH\Router\RouteCollection.php(1026): trigger_error('Passing lowercase HTTP method "post" is deprecated. Use uppercase HTTP method like "POST".', 16384)
 2 APPPATH\Config\Routes.php(191): CodeIgniter\Router\RouteCollection->match([...], 'purchases/receive-stock/(:num)', 'Purchases::receiveStock/$1')
 3 SYSTEMPATH\Router\RouteCollection.php(799): CodeIgniter\Router\RouteCollection->{closure}(Object(CodeIgniter\Router\RouteCollection))
 4 APPPATH\Config\Routes.php(156): CodeIgniter\Router\RouteCollection->group('pharmacy', [...], Object(Closure))
 5 SYSTEMPATH\Router\RouteCollection.php(339): require('C:\\xampp\\htdocs\\hms_ram\\app\\Config\\Routes.php')
 6 SYSTEMPATH\CodeIgniter.php(821): CodeIgniter\Router\RouteCollection->loadRoutes()
 7 SYSTEMPATH\CodeIgniter.php(455): CodeIgniter\CodeIgniter->tryToRouteIt(null)
 8 SYSTEMPATH\CodeIgniter.php(354): CodeIgniter\CodeIgniter->handleRequest(null, Object(Config\Cache), false)
 9 SYSTEMPATH\Boot.php(334): CodeIgniter\CodeIgniter->run()
10 SYSTEMPATH\Boot.php(67): CodeIgniter\Boot::runCodeIgniter(Object(CodeIgniter\CodeIgniter))
11 FCPATH\index.php(46): CodeIgniter\Boot::bootWeb(Object(Config\Paths))
DEBUG - 2025-08-01 03:47:51 --> Session: Class initialized using 'CodeIgniter\Session\Handlers\FileHandler' driver.
WARNING - 2025-08-01 03:47:53 --> [DEPRECATED] Passing lowercase HTTP method "get" is deprecated. Use uppercase HTTP method like "GET". in SYSTEMPATH\Router\RouteCollection.php on line 1026.
 1 SYSTEMPATH\Router\RouteCollection.php(1026): trigger_error('Passing lowercase HTTP method "get" is deprecated. Use uppercase HTTP method like "GET".', 16384)
 2 APPPATH\Config\Routes.php(178): CodeIgniter\Router\RouteCollection->match([...], 'medicines/adjust-stock', 'Medicines::adjustStock')
 3 SYSTEMPATH\Router\RouteCollection.php(799): CodeIgniter\Router\RouteCollection->{closure}(Object(CodeIgniter\Router\RouteCollection))
 4 APPPATH\Config\Routes.php(156): CodeIgniter\Router\RouteCollection->group('pharmacy', [...], Object(Closure))
 5 SYSTEMPATH\Router\RouteCollection.php(339): require('C:\\xampp\\htdocs\\hms_ram\\app\\Config\\Routes.php')
 6 SYSTEMPATH\CodeIgniter.php(821): CodeIgniter\Router\RouteCollection->loadRoutes()
 7 SYSTEMPATH\CodeIgniter.php(455): CodeIgniter\CodeIgniter->tryToRouteIt(null)
 8 SYSTEMPATH\CodeIgniter.php(354): CodeIgniter\CodeIgniter->handleRequest(null, Object(Config\Cache), false)
 9 SYSTEMPATH\Boot.php(334): CodeIgniter\CodeIgniter->run()
10 SYSTEMPATH\Boot.php(67): CodeIgniter\Boot::runCodeIgniter(Object(CodeIgniter\CodeIgniter))
11 FCPATH\index.php(46): CodeIgniter\Boot::bootWeb(Object(Config\Paths))
WARNING - 2025-08-01 03:47:53 --> [DEPRECATED] Passing lowercase HTTP method "post" is deprecated. Use uppercase HTTP method like "POST". in SYSTEMPATH\Router\RouteCollection.php on line 1026.
 1 SYSTEMPATH\Router\RouteCollection.php(1026): trigger_error('Passing lowercase HTTP method "post" is deprecated. Use uppercase HTTP method like "POST".', 16384)
 2 APPPATH\Config\Routes.php(178): CodeIgniter\Router\RouteCollection->match([...], 'medicines/adjust-stock', 'Medicines::adjustStock')
 3 SYSTEMPATH\Router\RouteCollection.php(799): CodeIgniter\Router\RouteCollection->{closure}(Object(CodeIgniter\Router\RouteCollection))
 4 APPPATH\Config\Routes.php(156): CodeIgniter\Router\RouteCollection->group('pharmacy', [...], Object(Closure))
 5 SYSTEMPATH\Router\RouteCollection.php(339): require('C:\\xampp\\htdocs\\hms_ram\\app\\Config\\Routes.php')
 6 SYSTEMPATH\CodeIgniter.php(821): CodeIgniter\Router\RouteCollection->loadRoutes()
 7 SYSTEMPATH\CodeIgniter.php(455): CodeIgniter\CodeIgniter->tryToRouteIt(null)
 8 SYSTEMPATH\CodeIgniter.php(354): CodeIgniter\CodeIgniter->handleRequest(null, Object(Config\Cache), false)
 9 SYSTEMPATH\Boot.php(334): CodeIgniter\CodeIgniter->run()
10 SYSTEMPATH\Boot.php(67): CodeIgniter\Boot::runCodeIgniter(Object(CodeIgniter\CodeIgniter))
11 FCPATH\index.php(46): CodeIgniter\Boot::bootWeb(Object(Config\Paths))
WARNING - 2025-08-01 03:47:53 --> [DEPRECATED] Passing lowercase HTTP method "get" is deprecated. Use uppercase HTTP method like "GET". in SYSTEMPATH\Router\RouteCollection.php on line 1026.
 1 SYSTEMPATH\Router\RouteCollection.php(1026): trigger_error('Passing lowercase HTTP method "get" is deprecated. Use uppercase HTTP method like "GET".', 16384)
 2 APPPATH\Config\Routes.php(191): CodeIgniter\Router\RouteCollection->match([...], 'purchases/receive-stock/(:num)', 'Purchases::receiveStock/$1')
 3 SYSTEMPATH\Router\RouteCollection.php(799): CodeIgniter\Router\RouteCollection->{closure}(Object(CodeIgniter\Router\RouteCollection))
 4 APPPATH\Config\Routes.php(156): CodeIgniter\Router\RouteCollection->group('pharmacy', [...], Object(Closure))
 5 SYSTEMPATH\Router\RouteCollection.php(339): require('C:\\xampp\\htdocs\\hms_ram\\app\\Config\\Routes.php')
 6 SYSTEMPATH\CodeIgniter.php(821): CodeIgniter\Router\RouteCollection->loadRoutes()
 7 SYSTEMPATH\CodeIgniter.php(455): CodeIgniter\CodeIgniter->tryToRouteIt(null)
 8 SYSTEMPATH\CodeIgniter.php(354): CodeIgniter\CodeIgniter->handleRequest(null, Object(Config\Cache), false)
 9 SYSTEMPATH\Boot.php(334): CodeIgniter\CodeIgniter->run()
10 SYSTEMPATH\Boot.php(67): CodeIgniter\Boot::runCodeIgniter(Object(CodeIgniter\CodeIgniter))
11 FCPATH\index.php(46): CodeIgniter\Boot::bootWeb(Object(Config\Paths))
WARNING - 2025-08-01 03:47:53 --> [DEPRECATED] Passing lowercase HTTP method "post" is deprecated. Use uppercase HTTP method like "POST". in SYSTEMPATH\Router\RouteCollection.php on line 1026.
 1 SYSTEMPATH\Router\RouteCollection.php(1026): trigger_error('Passing lowercase HTTP method "post" is deprecated. Use uppercase HTTP method like "POST".', 16384)
 2 APPPATH\Config\Routes.php(191): CodeIgniter\Router\RouteCollection->match([...], 'purchases/receive-stock/(:num)', 'Purchases::receiveStock/$1')
 3 SYSTEMPATH\Router\RouteCollection.php(799): CodeIgniter\Router\RouteCollection->{closure}(Object(CodeIgniter\Router\RouteCollection))
 4 APPPATH\Config\Routes.php(156): CodeIgniter\Router\RouteCollection->group('pharmacy', [...], Object(Closure))
 5 SYSTEMPATH\Router\RouteCollection.php(339): require('C:\\xampp\\htdocs\\hms_ram\\app\\Config\\Routes.php')
 6 SYSTEMPATH\CodeIgniter.php(821): CodeIgniter\Router\RouteCollection->loadRoutes()
 7 SYSTEMPATH\CodeIgniter.php(455): CodeIgniter\CodeIgniter->tryToRouteIt(null)
 8 SYSTEMPATH\CodeIgniter.php(354): CodeIgniter\CodeIgniter->handleRequest(null, Object(Config\Cache), false)
 9 SYSTEMPATH\Boot.php(334): CodeIgniter\CodeIgniter->run()
10 SYSTEMPATH\Boot.php(67): CodeIgniter\Boot::runCodeIgniter(Object(CodeIgniter\CodeIgniter))
11 FCPATH\index.php(46): CodeIgniter\Boot::bootWeb(Object(Config\Paths))
DEBUG - 2025-08-01 03:47:53 --> Session: Class initialized using 'CodeIgniter\Session\Handlers\FileHandler' driver.
WARNING - 2025-08-01 03:47:53 --> [DEPRECATED] Passing lowercase HTTP method "get" is deprecated. Use uppercase HTTP method like "GET". in SYSTEMPATH\Router\RouteCollection.php on line 1026.
 1 SYSTEMPATH\Router\RouteCollection.php(1026): trigger_error('Passing lowercase HTTP method "get" is deprecated. Use uppercase HTTP method like "GET".', 16384)
 2 APPPATH\Config\Routes.php(178): CodeIgniter\Router\RouteCollection->match([...], 'medicines/adjust-stock', 'Medicines::adjustStock')
 3 SYSTEMPATH\Router\RouteCollection.php(799): CodeIgniter\Router\RouteCollection->{closure}(Object(CodeIgniter\Router\RouteCollection))
 4 APPPATH\Config\Routes.php(156): CodeIgniter\Router\RouteCollection->group('pharmacy', [...], Object(Closure))
 5 SYSTEMPATH\Router\RouteCollection.php(339): require('C:\\xampp\\htdocs\\hms_ram\\app\\Config\\Routes.php')
 6 SYSTEMPATH\CodeIgniter.php(821): CodeIgniter\Router\RouteCollection->loadRoutes()
 7 SYSTEMPATH\CodeIgniter.php(455): CodeIgniter\CodeIgniter->tryToRouteIt(null)
 8 SYSTEMPATH\CodeIgniter.php(354): CodeIgniter\CodeIgniter->handleRequest(null, Object(Config\Cache), false)
 9 SYSTEMPATH\Boot.php(334): CodeIgniter\CodeIgniter->run()
10 SYSTEMPATH\Boot.php(67): CodeIgniter\Boot::runCodeIgniter(Object(CodeIgniter\CodeIgniter))
11 FCPATH\index.php(46): CodeIgniter\Boot::bootWeb(Object(Config\Paths))
WARNING - 2025-08-01 03:47:53 --> [DEPRECATED] Passing lowercase HTTP method "post" is deprecated. Use uppercase HTTP method like "POST". in SYSTEMPATH\Router\RouteCollection.php on line 1026.
 1 SYSTEMPATH\Router\RouteCollection.php(1026): trigger_error('Passing lowercase HTTP method "post" is deprecated. Use uppercase HTTP method like "POST".', 16384)
 2 APPPATH\Config\Routes.php(178): CodeIgniter\Router\RouteCollection->match([...], 'medicines/adjust-stock', 'Medicines::adjustStock')
 3 SYSTEMPATH\Router\RouteCollection.php(799): CodeIgniter\Router\RouteCollection->{closure}(Object(CodeIgniter\Router\RouteCollection))
 4 APPPATH\Config\Routes.php(156): CodeIgniter\Router\RouteCollection->group('pharmacy', [...], Object(Closure))
 5 SYSTEMPATH\Router\RouteCollection.php(339): require('C:\\xampp\\htdocs\\hms_ram\\app\\Config\\Routes.php')
 6 SYSTEMPATH\CodeIgniter.php(821): CodeIgniter\Router\RouteCollection->loadRoutes()
 7 SYSTEMPATH\CodeIgniter.php(455): CodeIgniter\CodeIgniter->tryToRouteIt(null)
 8 SYSTEMPATH\CodeIgniter.php(354): CodeIgniter\CodeIgniter->handleRequest(null, Object(Config\Cache), false)
 9 SYSTEMPATH\Boot.php(334): CodeIgniter\CodeIgniter->run()
10 SYSTEMPATH\Boot.php(67): CodeIgniter\Boot::runCodeIgniter(Object(CodeIgniter\CodeIgniter))
11 FCPATH\index.php(46): CodeIgniter\Boot::bootWeb(Object(Config\Paths))
WARNING - 2025-08-01 03:47:53 --> [DEPRECATED] Passing lowercase HTTP method "get" is deprecated. Use uppercase HTTP method like "GET". in SYSTEMPATH\Router\RouteCollection.php on line 1026.
 1 SYSTEMPATH\Router\RouteCollection.php(1026): trigger_error('Passing lowercase HTTP method "get" is deprecated. Use uppercase HTTP method like "GET".', 16384)
 2 APPPATH\Config\Routes.php(191): CodeIgniter\Router\RouteCollection->match([...], 'purchases/receive-stock/(:num)', 'Purchases::receiveStock/$1')
 3 SYSTEMPATH\Router\RouteCollection.php(799): CodeIgniter\Router\RouteCollection->{closure}(Object(CodeIgniter\Router\RouteCollection))
 4 APPPATH\Config\Routes.php(156): CodeIgniter\Router\RouteCollection->group('pharmacy', [...], Object(Closure))
 5 SYSTEMPATH\Router\RouteCollection.php(339): require('C:\\xampp\\htdocs\\hms_ram\\app\\Config\\Routes.php')
 6 SYSTEMPATH\CodeIgniter.php(821): CodeIgniter\Router\RouteCollection->loadRoutes()
 7 SYSTEMPATH\CodeIgniter.php(455): CodeIgniter\CodeIgniter->tryToRouteIt(null)
 8 SYSTEMPATH\CodeIgniter.php(354): CodeIgniter\CodeIgniter->handleRequest(null, Object(Config\Cache), false)
 9 SYSTEMPATH\Boot.php(334): CodeIgniter\CodeIgniter->run()
10 SYSTEMPATH\Boot.php(67): CodeIgniter\Boot::runCodeIgniter(Object(CodeIgniter\CodeIgniter))
11 FCPATH\index.php(46): CodeIgniter\Boot::bootWeb(Object(Config\Paths))
WARNING - 2025-08-01 03:47:53 --> [DEPRECATED] Passing lowercase HTTP method "post" is deprecated. Use uppercase HTTP method like "POST". in SYSTEMPATH\Router\RouteCollection.php on line 1026.
 1 SYSTEMPATH\Router\RouteCollection.php(1026): trigger_error('Passing lowercase HTTP method "post" is deprecated. Use uppercase HTTP method like "POST".', 16384)
 2 APPPATH\Config\Routes.php(191): CodeIgniter\Router\RouteCollection->match([...], 'purchases/receive-stock/(:num)', 'Purchases::receiveStock/$1')
 3 SYSTEMPATH\Router\RouteCollection.php(799): CodeIgniter\Router\RouteCollection->{closure}(Object(CodeIgniter\Router\RouteCollection))
 4 APPPATH\Config\Routes.php(156): CodeIgniter\Router\RouteCollection->group('pharmacy', [...], Object(Closure))
 5 SYSTEMPATH\Router\RouteCollection.php(339): require('C:\\xampp\\htdocs\\hms_ram\\app\\Config\\Routes.php')
 6 SYSTEMPATH\CodeIgniter.php(821): CodeIgniter\Router\RouteCollection->loadRoutes()
 7 SYSTEMPATH\CodeIgniter.php(455): CodeIgniter\CodeIgniter->tryToRouteIt(null)
 8 SYSTEMPATH\CodeIgniter.php(354): CodeIgniter\CodeIgniter->handleRequest(null, Object(Config\Cache), false)
 9 SYSTEMPATH\Boot.php(334): CodeIgniter\CodeIgniter->run()
10 SYSTEMPATH\Boot.php(67): CodeIgniter\Boot::runCodeIgniter(Object(CodeIgniter\CodeIgniter))
11 FCPATH\index.php(46): CodeIgniter\Boot::bootWeb(Object(Config\Paths))
DEBUG - 2025-08-01 03:47:53 --> Session: Class initialized using 'CodeIgniter\Session\Handlers\FileHandler' driver.
WARNING - 2025-08-01 03:47:53 --> [DEPRECATED] Passing lowercase HTTP method "get" is deprecated. Use uppercase HTTP method like "GET". in SYSTEMPATH\Router\RouteCollection.php on line 1026.
 1 SYSTEMPATH\Router\RouteCollection.php(1026): trigger_error('Passing lowercase HTTP method "get" is deprecated. Use uppercase HTTP method like "GET".', 16384)
 2 APPPATH\Config\Routes.php(178): CodeIgniter\Router\RouteCollection->match([...], 'medicines/adjust-stock', 'Medicines::adjustStock')
 3 SYSTEMPATH\Router\RouteCollection.php(799): CodeIgniter\Router\RouteCollection->{closure}(Object(CodeIgniter\Router\RouteCollection))
 4 APPPATH\Config\Routes.php(156): CodeIgniter\Router\RouteCollection->group('pharmacy', [...], Object(Closure))
 5 SYSTEMPATH\Router\RouteCollection.php(339): require('C:\\xampp\\htdocs\\hms_ram\\app\\Config\\Routes.php')
 6 SYSTEMPATH\CodeIgniter.php(821): CodeIgniter\Router\RouteCollection->loadRoutes()
 7 SYSTEMPATH\CodeIgniter.php(455): CodeIgniter\CodeIgniter->tryToRouteIt(null)
 8 SYSTEMPATH\CodeIgniter.php(354): CodeIgniter\CodeIgniter->handleRequest(null, Object(Config\Cache), false)
 9 SYSTEMPATH\Boot.php(334): CodeIgniter\CodeIgniter->run()
10 SYSTEMPATH\Boot.php(67): CodeIgniter\Boot::runCodeIgniter(Object(CodeIgniter\CodeIgniter))
11 FCPATH\index.php(46): CodeIgniter\Boot::bootWeb(Object(Config\Paths))
WARNING - 2025-08-01 03:47:53 --> [DEPRECATED] Passing lowercase HTTP method "post" is deprecated. Use uppercase HTTP method like "POST". in SYSTEMPATH\Router\RouteCollection.php on line 1026.
 1 SYSTEMPATH\Router\RouteCollection.php(1026): trigger_error('Passing lowercase HTTP method "post" is deprecated. Use uppercase HTTP method like "POST".', 16384)
 2 APPPATH\Config\Routes.php(178): CodeIgniter\Router\RouteCollection->match([...], 'medicines/adjust-stock', 'Medicines::adjustStock')
 3 SYSTEMPATH\Router\RouteCollection.php(799): CodeIgniter\Router\RouteCollection->{closure}(Object(CodeIgniter\Router\RouteCollection))
 4 APPPATH\Config\Routes.php(156): CodeIgniter\Router\RouteCollection->group('pharmacy', [...], Object(Closure))
 5 SYSTEMPATH\Router\RouteCollection.php(339): require('C:\\xampp\\htdocs\\hms_ram\\app\\Config\\Routes.php')
 6 SYSTEMPATH\CodeIgniter.php(821): CodeIgniter\Router\RouteCollection->loadRoutes()
 7 SYSTEMPATH\CodeIgniter.php(455): CodeIgniter\CodeIgniter->tryToRouteIt(null)
 8 SYSTEMPATH\CodeIgniter.php(354): CodeIgniter\CodeIgniter->handleRequest(null, Object(Config\Cache), false)
 9 SYSTEMPATH\Boot.php(334): CodeIgniter\CodeIgniter->run()
10 SYSTEMPATH\Boot.php(67): CodeIgniter\Boot::runCodeIgniter(Object(CodeIgniter\CodeIgniter))
11 FCPATH\index.php(46): CodeIgniter\Boot::bootWeb(Object(Config\Paths))
WARNING - 2025-08-01 03:47:53 --> [DEPRECATED] Passing lowercase HTTP method "get" is deprecated. Use uppercase HTTP method like "GET". in SYSTEMPATH\Router\RouteCollection.php on line 1026.
 1 SYSTEMPATH\Router\RouteCollection.php(1026): trigger_error('Passing lowercase HTTP method "get" is deprecated. Use uppercase HTTP method like "GET".', 16384)
 2 APPPATH\Config\Routes.php(178): CodeIgniter\Router\RouteCollection->match([...], 'medicines/adjust-stock', 'Medicines::adjustStock')
 3 SYSTEMPATH\Router\RouteCollection.php(799): CodeIgniter\Router\RouteCollection->{closure}(Object(CodeIgniter\Router\RouteCollection))
 4 APPPATH\Config\Routes.php(156): CodeIgniter\Router\RouteCollection->group('pharmacy', [...], Object(Closure))
 5 SYSTEMPATH\Router\RouteCollection.php(339): require('C:\\xampp\\htdocs\\hms_ram\\app\\Config\\Routes.php')
 6 SYSTEMPATH\CodeIgniter.php(821): CodeIgniter\Router\RouteCollection->loadRoutes()
 7 SYSTEMPATH\CodeIgniter.php(455): CodeIgniter\CodeIgniter->tryToRouteIt(null)
 8 SYSTEMPATH\CodeIgniter.php(354): CodeIgniter\CodeIgniter->handleRequest(null, Object(Config\Cache), false)
 9 SYSTEMPATH\Boot.php(334): CodeIgniter\CodeIgniter->run()
10 SYSTEMPATH\Boot.php(67): CodeIgniter\Boot::runCodeIgniter(Object(CodeIgniter\CodeIgniter))
11 FCPATH\index.php(46): CodeIgniter\Boot::bootWeb(Object(Config\Paths))
WARNING - 2025-08-01 03:47:53 --> [DEPRECATED] Passing lowercase HTTP method "get" is deprecated. Use uppercase HTTP method like "GET". in SYSTEMPATH\Router\RouteCollection.php on line 1026.
 1 SYSTEMPATH\Router\RouteCollection.php(1026): trigger_error('Passing lowercase HTTP method "get" is deprecated. Use uppercase HTTP method like "GET".', 16384)
 2 APPPATH\Config\Routes.php(191): CodeIgniter\Router\RouteCollection->match([...], 'purchases/receive-stock/(:num)', 'Purchases::receiveStock/$1')
 3 SYSTEMPATH\Router\RouteCollection.php(799): CodeIgniter\Router\RouteCollection->{closure}(Object(CodeIgniter\Router\RouteCollection))
 4 APPPATH\Config\Routes.php(156): CodeIgniter\Router\RouteCollection->group('pharmacy', [...], Object(Closure))
 5 SYSTEMPATH\Router\RouteCollection.php(339): require('C:\\xampp\\htdocs\\hms_ram\\app\\Config\\Routes.php')
 6 SYSTEMPATH\CodeIgniter.php(821): CodeIgniter\Router\RouteCollection->loadRoutes()
 7 SYSTEMPATH\CodeIgniter.php(455): CodeIgniter\CodeIgniter->tryToRouteIt(null)
 8 SYSTEMPATH\CodeIgniter.php(354): CodeIgniter\CodeIgniter->handleRequest(null, Object(Config\Cache), false)
 9 SYSTEMPATH\Boot.php(334): CodeIgniter\CodeIgniter->run()
10 SYSTEMPATH\Boot.php(67): CodeIgniter\Boot::runCodeIgniter(Object(CodeIgniter\CodeIgniter))
11 FCPATH\index.php(46): CodeIgniter\Boot::bootWeb(Object(Config\Paths))
WARNING - 2025-08-01 03:47:53 --> [DEPRECATED] Passing lowercase HTTP method "post" is deprecated. Use uppercase HTTP method like "POST". in SYSTEMPATH\Router\RouteCollection.php on line 1026.
 1 SYSTEMPATH\Router\RouteCollection.php(1026): trigger_error('Passing lowercase HTTP method "post" is deprecated. Use uppercase HTTP method like "POST".', 16384)
 2 APPPATH\Config\Routes.php(178): CodeIgniter\Router\RouteCollection->match([...], 'medicines/adjust-stock', 'Medicines::adjustStock')
 3 SYSTEMPATH\Router\RouteCollection.php(799): CodeIgniter\Router\RouteCollection->{closure}(Object(CodeIgniter\Router\RouteCollection))
 4 APPPATH\Config\Routes.php(156): CodeIgniter\Router\RouteCollection->group('pharmacy', [...], Object(Closure))
 5 SYSTEMPATH\Router\RouteCollection.php(339): require('C:\\xampp\\htdocs\\hms_ram\\app\\Config\\Routes.php')
 6 SYSTEMPATH\CodeIgniter.php(821): CodeIgniter\Router\RouteCollection->loadRoutes()
 7 SYSTEMPATH\CodeIgniter.php(455): CodeIgniter\CodeIgniter->tryToRouteIt(null)
 8 SYSTEMPATH\CodeIgniter.php(354): CodeIgniter\CodeIgniter->handleRequest(null, Object(Config\Cache), false)
 9 SYSTEMPATH\Boot.php(334): CodeIgniter\CodeIgniter->run()
10 SYSTEMPATH\Boot.php(67): CodeIgniter\Boot::runCodeIgniter(Object(CodeIgniter\CodeIgniter))
11 FCPATH\index.php(46): CodeIgniter\Boot::bootWeb(Object(Config\Paths))
WARNING - 2025-08-01 03:47:53 --> [DEPRECATED] Passing lowercase HTTP method "post" is deprecated. Use uppercase HTTP method like "POST". in SYSTEMPATH\Router\RouteCollection.php on line 1026.
 1 SYSTEMPATH\Router\RouteCollection.php(1026): trigger_error('Passing lowercase HTTP method "post" is deprecated. Use uppercase HTTP method like "POST".', 16384)
 2 APPPATH\Config\Routes.php(191): CodeIgniter\Router\RouteCollection->match([...], 'purchases/receive-stock/(:num)', 'Purchases::receiveStock/$1')
 3 SYSTEMPATH\Router\RouteCollection.php(799): CodeIgniter\Router\RouteCollection->{closure}(Object(CodeIgniter\Router\RouteCollection))
 4 APPPATH\Config\Routes.php(156): CodeIgniter\Router\RouteCollection->group('pharmacy', [...], Object(Closure))
 5 SYSTEMPATH\Router\RouteCollection.php(339): require('C:\\xampp\\htdocs\\hms_ram\\app\\Config\\Routes.php')
 6 SYSTEMPATH\CodeIgniter.php(821): CodeIgniter\Router\RouteCollection->loadRoutes()
 7 SYSTEMPATH\CodeIgniter.php(455): CodeIgniter\CodeIgniter->tryToRouteIt(null)
 8 SYSTEMPATH\CodeIgniter.php(354): CodeIgniter\CodeIgniter->handleRequest(null, Object(Config\Cache), false)
 9 SYSTEMPATH\Boot.php(334): CodeIgniter\CodeIgniter->run()
10 SYSTEMPATH\Boot.php(67): CodeIgniter\Boot::runCodeIgniter(Object(CodeIgniter\CodeIgniter))
11 FCPATH\index.php(46): CodeIgniter\Boot::bootWeb(Object(Config\Paths))
WARNING - 2025-08-01 03:47:53 --> [DEPRECATED] Passing lowercase HTTP method "get" is deprecated. Use uppercase HTTP method like "GET". in SYSTEMPATH\Router\RouteCollection.php on line 1026.
 1 SYSTEMPATH\Router\RouteCollection.php(1026): trigger_error('Passing lowercase HTTP method "get" is deprecated. Use uppercase HTTP method like "GET".', 16384)
 2 APPPATH\Config\Routes.php(191): CodeIgniter\Router\RouteCollection->match([...], 'purchases/receive-stock/(:num)', 'Purchases::receiveStock/$1')
 3 SYSTEMPATH\Router\RouteCollection.php(799): CodeIgniter\Router\RouteCollection->{closure}(Object(CodeIgniter\Router\RouteCollection))
 4 APPPATH\Config\Routes.php(156): CodeIgniter\Router\RouteCollection->group('pharmacy', [...], Object(Closure))
 5 SYSTEMPATH\Router\RouteCollection.php(339): require('C:\\xampp\\htdocs\\hms_ram\\app\\Config\\Routes.php')
 6 SYSTEMPATH\CodeIgniter.php(821): CodeIgniter\Router\RouteCollection->loadRoutes()
 7 SYSTEMPATH\CodeIgniter.php(455): CodeIgniter\CodeIgniter->tryToRouteIt(null)
 8 SYSTEMPATH\CodeIgniter.php(354): CodeIgniter\CodeIgniter->handleRequest(null, Object(Config\Cache), false)
 9 SYSTEMPATH\Boot.php(334): CodeIgniter\CodeIgniter->run()
10 SYSTEMPATH\Boot.php(67): CodeIgniter\Boot::runCodeIgniter(Object(CodeIgniter\CodeIgniter))
11 FCPATH\index.php(46): CodeIgniter\Boot::bootWeb(Object(Config\Paths))
WARNING - 2025-08-01 03:47:53 --> [DEPRECATED] Passing lowercase HTTP method "post" is deprecated. Use uppercase HTTP method like "POST". in SYSTEMPATH\Router\RouteCollection.php on line 1026.
 1 SYSTEMPATH\Router\RouteCollection.php(1026): trigger_error('Passing lowercase HTTP method "post" is deprecated. Use uppercase HTTP method like "POST".', 16384)
 2 APPPATH\Config\Routes.php(191): CodeIgniter\Router\RouteCollection->match([...], 'purchases/receive-stock/(:num)', 'Purchases::receiveStock/$1')
 3 SYSTEMPATH\Router\RouteCollection.php(799): CodeIgniter\Router\RouteCollection->{closure}(Object(CodeIgniter\Router\RouteCollection))
 4 APPPATH\Config\Routes.php(156): CodeIgniter\Router\RouteCollection->group('pharmacy', [...], Object(Closure))
 5 SYSTEMPATH\Router\RouteCollection.php(339): require('C:\\xampp\\htdocs\\hms_ram\\app\\Config\\Routes.php')
 6 SYSTEMPATH\CodeIgniter.php(821): CodeIgniter\Router\RouteCollection->loadRoutes()
 7 SYSTEMPATH\CodeIgniter.php(455): CodeIgniter\CodeIgniter->tryToRouteIt(null)
 8 SYSTEMPATH\CodeIgniter.php(354): CodeIgniter\CodeIgniter->handleRequest(null, Object(Config\Cache), false)
 9 SYSTEMPATH\Boot.php(334): CodeIgniter\CodeIgniter->run()
10 SYSTEMPATH\Boot.php(67): CodeIgniter\Boot::runCodeIgniter(Object(CodeIgniter\CodeIgniter))
11 FCPATH\index.php(46): CodeIgniter\Boot::bootWeb(Object(Config\Paths))
WARNING - 2025-08-01 03:47:53 --> [DEPRECATED] Passing lowercase HTTP method "get" is deprecated. Use uppercase HTTP method like "GET". in SYSTEMPATH\Router\RouteCollection.php on line 1026.
 1 SYSTEMPATH\Router\RouteCollection.php(1026): trigger_error('Passing lowercase HTTP method "get" is deprecated. Use uppercase HTTP method like "GET".', 16384)
 2 APPPATH\Config\Routes.php(178): CodeIgniter\Router\RouteCollection->match([...], 'medicines/adjust-stock', 'Medicines::adjustStock')
 3 SYSTEMPATH\Router\RouteCollection.php(799): CodeIgniter\Router\RouteCollection->{closure}(Object(CodeIgniter\Router\RouteCollection))
 4 APPPATH\Config\Routes.php(156): CodeIgniter\Router\RouteCollection->group('pharmacy', [...], Object(Closure))
 5 SYSTEMPATH\Router\RouteCollection.php(339): require('C:\\xampp\\htdocs\\hms_ram\\app\\Config\\Routes.php')
 6 SYSTEMPATH\CodeIgniter.php(821): CodeIgniter\Router\RouteCollection->loadRoutes()
 7 SYSTEMPATH\CodeIgniter.php(455): CodeIgniter\CodeIgniter->tryToRouteIt(null)
 8 SYSTEMPATH\CodeIgniter.php(354): CodeIgniter\CodeIgniter->handleRequest(null, Object(Config\Cache), false)
 9 SYSTEMPATH\Boot.php(334): CodeIgniter\CodeIgniter->run()
10 SYSTEMPATH\Boot.php(67): CodeIgniter\Boot::runCodeIgniter(Object(CodeIgniter\CodeIgniter))
11 FCPATH\index.php(46): CodeIgniter\Boot::bootWeb(Object(Config\Paths))
WARNING - 2025-08-01 03:47:53 --> [DEPRECATED] Passing lowercase HTTP method "post" is deprecated. Use uppercase HTTP method like "POST". in SYSTEMPATH\Router\RouteCollection.php on line 1026.
 1 SYSTEMPATH\Router\RouteCollection.php(1026): trigger_error('Passing lowercase HTTP method "post" is deprecated. Use uppercase HTTP method like "POST".', 16384)
 2 APPPATH\Config\Routes.php(178): CodeIgniter\Router\RouteCollection->match([...], 'medicines/adjust-stock', 'Medicines::adjustStock')
 3 SYSTEMPATH\Router\RouteCollection.php(799): CodeIgniter\Router\RouteCollection->{closure}(Object(CodeIgniter\Router\RouteCollection))
 4 APPPATH\Config\Routes.php(156): CodeIgniter\Router\RouteCollection->group('pharmacy', [...], Object(Closure))
 5 SYSTEMPATH\Router\RouteCollection.php(339): require('C:\\xampp\\htdocs\\hms_ram\\app\\Config\\Routes.php')
 6 SYSTEMPATH\CodeIgniter.php(821): CodeIgniter\Router\RouteCollection->loadRoutes()
 7 SYSTEMPATH\CodeIgniter.php(455): CodeIgniter\CodeIgniter->tryToRouteIt(null)
 8 SYSTEMPATH\CodeIgniter.php(354): CodeIgniter\CodeIgniter->handleRequest(null, Object(Config\Cache), false)
 9 SYSTEMPATH\Boot.php(334): CodeIgniter\CodeIgniter->run()
10 SYSTEMPATH\Boot.php(67): CodeIgniter\Boot::runCodeIgniter(Object(CodeIgniter\CodeIgniter))
11 FCPATH\index.php(46): CodeIgniter\Boot::bootWeb(Object(Config\Paths))
WARNING - 2025-08-01 03:47:53 --> [DEPRECATED] Passing lowercase HTTP method "get" is deprecated. Use uppercase HTTP method like "GET". in SYSTEMPATH\Router\RouteCollection.php on line 1026.
 1 SYSTEMPATH\Router\RouteCollection.php(1026): trigger_error('Passing lowercase HTTP method "get" is deprecated. Use uppercase HTTP method like "GET".', 16384)
 2 APPPATH\Config\Routes.php(191): CodeIgniter\Router\RouteCollection->match([...], 'purchases/receive-stock/(:num)', 'Purchases::receiveStock/$1')
 3 SYSTEMPATH\Router\RouteCollection.php(799): CodeIgniter\Router\RouteCollection->{closure}(Object(CodeIgniter\Router\RouteCollection))
 4 APPPATH\Config\Routes.php(156): CodeIgniter\Router\RouteCollection->group('pharmacy', [...], Object(Closure))
 5 SYSTEMPATH\Router\RouteCollection.php(339): require('C:\\xampp\\htdocs\\hms_ram\\app\\Config\\Routes.php')
 6 SYSTEMPATH\CodeIgniter.php(821): CodeIgniter\Router\RouteCollection->loadRoutes()
 7 SYSTEMPATH\CodeIgniter.php(455): CodeIgniter\CodeIgniter->tryToRouteIt(null)
 8 SYSTEMPATH\CodeIgniter.php(354): CodeIgniter\CodeIgniter->handleRequest(null, Object(Config\Cache), false)
 9 SYSTEMPATH\Boot.php(334): CodeIgniter\CodeIgniter->run()
10 SYSTEMPATH\Boot.php(67): CodeIgniter\Boot::runCodeIgniter(Object(CodeIgniter\CodeIgniter))
11 FCPATH\index.php(46): CodeIgniter\Boot::bootWeb(Object(Config\Paths))
WARNING - 2025-08-01 03:47:53 --> [DEPRECATED] Passing lowercase HTTP method "get" is deprecated. Use uppercase HTTP method like "GET". in SYSTEMPATH\Router\RouteCollection.php on line 1026.
 1 SYSTEMPATH\Router\RouteCollection.php(1026): trigger_error('Passing lowercase HTTP method "get" is deprecated. Use uppercase HTTP method like "GET".', 16384)
 2 APPPATH\Config\Routes.php(178): CodeIgniter\Router\RouteCollection->match([...], 'medicines/adjust-stock', 'Medicines::adjustStock')
 3 SYSTEMPATH\Router\RouteCollection.php(799): CodeIgniter\Router\RouteCollection->{closure}(Object(CodeIgniter\Router\RouteCollection))
 4 APPPATH\Config\Routes.php(156): CodeIgniter\Router\RouteCollection->group('pharmacy', [...], Object(Closure))
 5 SYSTEMPATH\Router\RouteCollection.php(339): require('C:\\xampp\\htdocs\\hms_ram\\app\\Config\\Routes.php')
 6 SYSTEMPATH\CodeIgniter.php(821): CodeIgniter\Router\RouteCollection->loadRoutes()
 7 SYSTEMPATH\CodeIgniter.php(455): CodeIgniter\CodeIgniter->tryToRouteIt(null)
 8 SYSTEMPATH\CodeIgniter.php(354): CodeIgniter\CodeIgniter->handleRequest(null, Object(Config\Cache), false)
 9 SYSTEMPATH\Boot.php(334): CodeIgniter\CodeIgniter->run()
10 SYSTEMPATH\Boot.php(67): CodeIgniter\Boot::runCodeIgniter(Object(CodeIgniter\CodeIgniter))
11 FCPATH\index.php(46): CodeIgniter\Boot::bootWeb(Object(Config\Paths))
WARNING - 2025-08-01 03:47:53 --> [DEPRECATED] Passing lowercase HTTP method "post" is deprecated. Use uppercase HTTP method like "POST". in SYSTEMPATH\Router\RouteCollection.php on line 1026.
 1 SYSTEMPATH\Router\RouteCollection.php(1026): trigger_error('Passing lowercase HTTP method "post" is deprecated. Use uppercase HTTP method like "POST".', 16384)
 2 APPPATH\Config\Routes.php(191): CodeIgniter\Router\RouteCollection->match([...], 'purchases/receive-stock/(:num)', 'Purchases::receiveStock/$1')
 3 SYSTEMPATH\Router\RouteCollection.php(799): CodeIgniter\Router\RouteCollection->{closure}(Object(CodeIgniter\Router\RouteCollection))
 4 APPPATH\Config\Routes.php(156): CodeIgniter\Router\RouteCollection->group('pharmacy', [...], Object(Closure))
 5 SYSTEMPATH\Router\RouteCollection.php(339): require('C:\\xampp\\htdocs\\hms_ram\\app\\Config\\Routes.php')
 6 SYSTEMPATH\CodeIgniter.php(821): CodeIgniter\Router\RouteCollection->loadRoutes()
 7 SYSTEMPATH\CodeIgniter.php(455): CodeIgniter\CodeIgniter->tryToRouteIt(null)
 8 SYSTEMPATH\CodeIgniter.php(354): CodeIgniter\CodeIgniter->handleRequest(null, Object(Config\Cache), false)
 9 SYSTEMPATH\Boot.php(334): CodeIgniter\CodeIgniter->run()
10 SYSTEMPATH\Boot.php(67): CodeIgniter\Boot::runCodeIgniter(Object(CodeIgniter\CodeIgniter))
11 FCPATH\index.php(46): CodeIgniter\Boot::bootWeb(Object(Config\Paths))
WARNING - 2025-08-01 03:47:53 --> [DEPRECATED] Passing lowercase HTTP method "post" is deprecated. Use uppercase HTTP method like "POST". in SYSTEMPATH\Router\RouteCollection.php on line 1026.
 1 SYSTEMPATH\Router\RouteCollection.php(1026): trigger_error('Passing lowercase HTTP method "post" is deprecated. Use uppercase HTTP method like "POST".', 16384)
 2 APPPATH\Config\Routes.php(178): CodeIgniter\Router\RouteCollection->match([...], 'medicines/adjust-stock', 'Medicines::adjustStock')
 3 SYSTEMPATH\Router\RouteCollection.php(799): CodeIgniter\Router\RouteCollection->{closure}(Object(CodeIgniter\Router\RouteCollection))
 4 APPPATH\Config\Routes.php(156): CodeIgniter\Router\RouteCollection->group('pharmacy', [...], Object(Closure))
 5 SYSTEMPATH\Router\RouteCollection.php(339): require('C:\\xampp\\htdocs\\hms_ram\\app\\Config\\Routes.php')
 6 SYSTEMPATH\CodeIgniter.php(821): CodeIgniter\Router\RouteCollection->loadRoutes()
 7 SYSTEMPATH\CodeIgniter.php(455): CodeIgniter\CodeIgniter->tryToRouteIt(null)
 8 SYSTEMPATH\CodeIgniter.php(354): CodeIgniter\CodeIgniter->handleRequest(null, Object(Config\Cache), false)
 9 SYSTEMPATH\Boot.php(334): CodeIgniter\CodeIgniter->run()
10 SYSTEMPATH\Boot.php(67): CodeIgniter\Boot::runCodeIgniter(Object(CodeIgniter\CodeIgniter))
11 FCPATH\index.php(46): CodeIgniter\Boot::bootWeb(Object(Config\Paths))
WARNING - 2025-08-01 03:47:53 --> [DEPRECATED] Passing lowercase HTTP method "get" is deprecated. Use uppercase HTTP method like "GET". in SYSTEMPATH\Router\RouteCollection.php on line 1026.
 1 SYSTEMPATH\Router\RouteCollection.php(1026): trigger_error('Passing lowercase HTTP method "get" is deprecated. Use uppercase HTTP method like "GET".', 16384)
 2 APPPATH\Config\Routes.php(191): CodeIgniter\Router\RouteCollection->match([...], 'purchases/receive-stock/(:num)', 'Purchases::receiveStock/$1')
 3 SYSTEMPATH\Router\RouteCollection.php(799): CodeIgniter\Router\RouteCollection->{closure}(Object(CodeIgniter\Router\RouteCollection))
 4 APPPATH\Config\Routes.php(156): CodeIgniter\Router\RouteCollection->group('pharmacy', [...], Object(Closure))
 5 SYSTEMPATH\Router\RouteCollection.php(339): require('C:\\xampp\\htdocs\\hms_ram\\app\\Config\\Routes.php')
 6 SYSTEMPATH\CodeIgniter.php(821): CodeIgniter\Router\RouteCollection->loadRoutes()
 7 SYSTEMPATH\CodeIgniter.php(455): CodeIgniter\CodeIgniter->tryToRouteIt(null)
 8 SYSTEMPATH\CodeIgniter.php(354): CodeIgniter\CodeIgniter->handleRequest(null, Object(Config\Cache), false)
 9 SYSTEMPATH\Boot.php(334): CodeIgniter\CodeIgniter->run()
10 SYSTEMPATH\Boot.php(67): CodeIgniter\Boot::runCodeIgniter(Object(CodeIgniter\CodeIgniter))
11 FCPATH\index.php(46): CodeIgniter\Boot::bootWeb(Object(Config\Paths))
WARNING - 2025-08-01 03:47:53 --> [DEPRECATED] Passing lowercase HTTP method "post" is deprecated. Use uppercase HTTP method like "POST". in SYSTEMPATH\Router\RouteCollection.php on line 1026.
 1 SYSTEMPATH\Router\RouteCollection.php(1026): trigger_error('Passing lowercase HTTP method "post" is deprecated. Use uppercase HTTP method like "POST".', 16384)
 2 APPPATH\Config\Routes.php(191): CodeIgniter\Router\RouteCollection->match([...], 'purchases/receive-stock/(:num)', 'Purchases::receiveStock/$1')
 3 SYSTEMPATH\Router\RouteCollection.php(799): CodeIgniter\Router\RouteCollection->{closure}(Object(CodeIgniter\Router\RouteCollection))
 4 APPPATH\Config\Routes.php(156): CodeIgniter\Router\RouteCollection->group('pharmacy', [...], Object(Closure))
 5 SYSTEMPATH\Router\RouteCollection.php(339): require('C:\\xampp\\htdocs\\hms_ram\\app\\Config\\Routes.php')
 6 SYSTEMPATH\CodeIgniter.php(821): CodeIgniter\Router\RouteCollection->loadRoutes()
 7 SYSTEMPATH\CodeIgniter.php(455): CodeIgniter\CodeIgniter->tryToRouteIt(null)
 8 SYSTEMPATH\CodeIgniter.php(354): CodeIgniter\CodeIgniter->handleRequest(null, Object(Config\Cache), false)
 9 SYSTEMPATH\Boot.php(334): CodeIgniter\CodeIgniter->run()
10 SYSTEMPATH\Boot.php(67): CodeIgniter\Boot::runCodeIgniter(Object(CodeIgniter\CodeIgniter))
11 FCPATH\index.php(46): CodeIgniter\Boot::bootWeb(Object(Config\Paths))
WARNING - 2025-08-01 03:47:53 --> [DEPRECATED] Passing lowercase HTTP method "get" is deprecated. Use uppercase HTTP method like "GET". in SYSTEMPATH\Router\RouteCollection.php on line 1026.
 1 SYSTEMPATH\Router\RouteCollection.php(1026): trigger_error('Passing lowercase HTTP method "get" is deprecated. Use uppercase HTTP method like "GET".', 16384)
 2 APPPATH\Config\Routes.php(178): CodeIgniter\Router\RouteCollection->match([...], 'medicines/adjust-stock', 'Medicines::adjustStock')
 3 SYSTEMPATH\Router\RouteCollection.php(799): CodeIgniter\Router\RouteCollection->{closure}(Object(CodeIgniter\Router\RouteCollection))
 4 APPPATH\Config\Routes.php(156): CodeIgniter\Router\RouteCollection->group('pharmacy', [...], Object(Closure))
 5 SYSTEMPATH\Router\RouteCollection.php(339): require('C:\\xampp\\htdocs\\hms_ram\\app\\Config\\Routes.php')
 6 SYSTEMPATH\CodeIgniter.php(821): CodeIgniter\Router\RouteCollection->loadRoutes()
 7 SYSTEMPATH\CodeIgniter.php(455): CodeIgniter\CodeIgniter->tryToRouteIt(null)
 8 SYSTEMPATH\CodeIgniter.php(354): CodeIgniter\CodeIgniter->handleRequest(null, Object(Config\Cache), false)
 9 SYSTEMPATH\Boot.php(334): CodeIgniter\CodeIgniter->run()
10 SYSTEMPATH\Boot.php(67): CodeIgniter\Boot::runCodeIgniter(Object(CodeIgniter\CodeIgniter))
11 FCPATH\index.php(46): CodeIgniter\Boot::bootWeb(Object(Config\Paths))
WARNING - 2025-08-01 03:47:53 --> [DEPRECATED] Passing lowercase HTTP method "post" is deprecated. Use uppercase HTTP method like "POST". in SYSTEMPATH\Router\RouteCollection.php on line 1026.
 1 SYSTEMPATH\Router\RouteCollection.php(1026): trigger_error('Passing lowercase HTTP method "post" is deprecated. Use uppercase HTTP method like "POST".', 16384)
 2 APPPATH\Config\Routes.php(178): CodeIgniter\Router\RouteCollection->match([...], 'medicines/adjust-stock', 'Medicines::adjustStock')
 3 SYSTEMPATH\Router\RouteCollection.php(799): CodeIgniter\Router\RouteCollection->{closure}(Object(CodeIgniter\Router\RouteCollection))
 4 APPPATH\Config\Routes.php(156): CodeIgniter\Router\RouteCollection->group('pharmacy', [...], Object(Closure))
 5 SYSTEMPATH\Router\RouteCollection.php(339): require('C:\\xampp\\htdocs\\hms_ram\\app\\Config\\Routes.php')
 6 SYSTEMPATH\CodeIgniter.php(821): CodeIgniter\Router\RouteCollection->loadRoutes()
 7 SYSTEMPATH\CodeIgniter.php(455): CodeIgniter\CodeIgniter->tryToRouteIt(null)
 8 SYSTEMPATH\CodeIgniter.php(354): CodeIgniter\CodeIgniter->handleRequest(null, Object(Config\Cache), false)
 9 SYSTEMPATH\Boot.php(334): CodeIgniter\CodeIgniter->run()
10 SYSTEMPATH\Boot.php(67): CodeIgniter\Boot::runCodeIgniter(Object(CodeIgniter\CodeIgniter))
11 FCPATH\index.php(46): CodeIgniter\Boot::bootWeb(Object(Config\Paths))
WARNING - 2025-08-01 03:47:53 --> [DEPRECATED] Passing lowercase HTTP method "get" is deprecated. Use uppercase HTTP method like "GET". in SYSTEMPATH\Router\RouteCollection.php on line 1026.
 1 SYSTEMPATH\Router\RouteCollection.php(1026): trigger_error('Passing lowercase HTTP method "get" is deprecated. Use uppercase HTTP method like "GET".', 16384)
 2 APPPATH\Config\Routes.php(178): CodeIgniter\Router\RouteCollection->match([...], 'medicines/adjust-stock', 'Medicines::adjustStock')
 3 SYSTEMPATH\Router\RouteCollection.php(799): CodeIgniter\Router\RouteCollection->{closure}(Object(CodeIgniter\Router\RouteCollection))
 4 APPPATH\Config\Routes.php(156): CodeIgniter\Router\RouteCollection->group('pharmacy', [...], Object(Closure))
 5 SYSTEMPATH\Router\RouteCollection.php(339): require('C:\\xampp\\htdocs\\hms_ram\\app\\Config\\Routes.php')
 6 SYSTEMPATH\CodeIgniter.php(821): CodeIgniter\Router\RouteCollection->loadRoutes()
 7 SYSTEMPATH\CodeIgniter.php(455): CodeIgniter\CodeIgniter->tryToRouteIt(null)
 8 SYSTEMPATH\CodeIgniter.php(354): CodeIgniter\CodeIgniter->handleRequest(null, Object(Config\Cache), false)
 9 SYSTEMPATH\Boot.php(334): CodeIgniter\CodeIgniter->run()
10 SYSTEMPATH\Boot.php(67): CodeIgniter\Boot::runCodeIgniter(Object(CodeIgniter\CodeIgniter))
11 FCPATH\index.php(46): CodeIgniter\Boot::bootWeb(Object(Config\Paths))
WARNING - 2025-08-01 03:47:53 --> [DEPRECATED] Passing lowercase HTTP method "get" is deprecated. Use uppercase HTTP method like "GET". in SYSTEMPATH\Router\RouteCollection.php on line 1026.
 1 SYSTEMPATH\Router\RouteCollection.php(1026): trigger_error('Passing lowercase HTTP method "get" is deprecated. Use uppercase HTTP method like "GET".', 16384)
 2 APPPATH\Config\Routes.php(191): CodeIgniter\Router\RouteCollection->match([...], 'purchases/receive-stock/(:num)', 'Purchases::receiveStock/$1')
 3 SYSTEMPATH\Router\RouteCollection.php(799): CodeIgniter\Router\RouteCollection->{closure}(Object(CodeIgniter\Router\RouteCollection))
 4 APPPATH\Config\Routes.php(156): CodeIgniter\Router\RouteCollection->group('pharmacy', [...], Object(Closure))
 5 SYSTEMPATH\Router\RouteCollection.php(339): require('C:\\xampp\\htdocs\\hms_ram\\app\\Config\\Routes.php')
 6 SYSTEMPATH\CodeIgniter.php(821): CodeIgniter\Router\RouteCollection->loadRoutes()
 7 SYSTEMPATH\CodeIgniter.php(455): CodeIgniter\CodeIgniter->tryToRouteIt(null)
 8 SYSTEMPATH\CodeIgniter.php(354): CodeIgniter\CodeIgniter->handleRequest(null, Object(Config\Cache), false)
 9 SYSTEMPATH\Boot.php(334): CodeIgniter\CodeIgniter->run()
10 SYSTEMPATH\Boot.php(67): CodeIgniter\Boot::runCodeIgniter(Object(CodeIgniter\CodeIgniter))
11 FCPATH\index.php(46): CodeIgniter\Boot::bootWeb(Object(Config\Paths))
WARNING - 2025-08-01 03:47:53 --> [DEPRECATED] Passing lowercase HTTP method "post" is deprecated. Use uppercase HTTP method like "POST". in SYSTEMPATH\Router\RouteCollection.php on line 1026.
 1 SYSTEMPATH\Router\RouteCollection.php(1026): trigger_error('Passing lowercase HTTP method "post" is deprecated. Use uppercase HTTP method like "POST".', 16384)
 2 APPPATH\Config\Routes.php(178): CodeIgniter\Router\RouteCollection->match([...], 'medicines/adjust-stock', 'Medicines::adjustStock')
 3 SYSTEMPATH\Router\RouteCollection.php(799): CodeIgniter\Router\RouteCollection->{closure}(Object(CodeIgniter\Router\RouteCollection))
 4 APPPATH\Config\Routes.php(156): CodeIgniter\Router\RouteCollection->group('pharmacy', [...], Object(Closure))
 5 SYSTEMPATH\Router\RouteCollection.php(339): require('C:\\xampp\\htdocs\\hms_ram\\app\\Config\\Routes.php')
 6 SYSTEMPATH\CodeIgniter.php(821): CodeIgniter\Router\RouteCollection->loadRoutes()
 7 SYSTEMPATH\CodeIgniter.php(455): CodeIgniter\CodeIgniter->tryToRouteIt(null)
 8 SYSTEMPATH\CodeIgniter.php(354): CodeIgniter\CodeIgniter->handleRequest(null, Object(Config\Cache), false)
 9 SYSTEMPATH\Boot.php(334): CodeIgniter\CodeIgniter->run()
10 SYSTEMPATH\Boot.php(67): CodeIgniter\Boot::runCodeIgniter(Object(CodeIgniter\CodeIgniter))
11 FCPATH\index.php(46): CodeIgniter\Boot::bootWeb(Object(Config\Paths))
WARNING - 2025-08-01 03:47:53 --> [DEPRECATED] Passing lowercase HTTP method "post" is deprecated. Use uppercase HTTP method like "POST". in SYSTEMPATH\Router\RouteCollection.php on line 1026.
 1 SYSTEMPATH\Router\RouteCollection.php(1026): trigger_error('Passing lowercase HTTP method "post" is deprecated. Use uppercase HTTP method like "POST".', 16384)
 2 APPPATH\Config\Routes.php(191): CodeIgniter\Router\RouteCollection->match([...], 'purchases/receive-stock/(:num)', 'Purchases::receiveStock/$1')
 3 SYSTEMPATH\Router\RouteCollection.php(799): CodeIgniter\Router\RouteCollection->{closure}(Object(CodeIgniter\Router\RouteCollection))
 4 APPPATH\Config\Routes.php(156): CodeIgniter\Router\RouteCollection->group('pharmacy', [...], Object(Closure))
 5 SYSTEMPATH\Router\RouteCollection.php(339): require('C:\\xampp\\htdocs\\hms_ram\\app\\Config\\Routes.php')
 6 SYSTEMPATH\CodeIgniter.php(821): CodeIgniter\Router\RouteCollection->loadRoutes()
 7 SYSTEMPATH\CodeIgniter.php(455): CodeIgniter\CodeIgniter->tryToRouteIt(null)
 8 SYSTEMPATH\CodeIgniter.php(354): CodeIgniter\CodeIgniter->handleRequest(null, Object(Config\Cache), false)
 9 SYSTEMPATH\Boot.php(334): CodeIgniter\CodeIgniter->run()
10 SYSTEMPATH\Boot.php(67): CodeIgniter\Boot::runCodeIgniter(Object(CodeIgniter\CodeIgniter))
11 FCPATH\index.php(46): CodeIgniter\Boot::bootWeb(Object(Config\Paths))
WARNING - 2025-08-01 03:47:53 --> [DEPRECATED] Passing lowercase HTTP method "get" is deprecated. Use uppercase HTTP method like "GET". in SYSTEMPATH\Router\RouteCollection.php on line 1026.
 1 SYSTEMPATH\Router\RouteCollection.php(1026): trigger_error('Passing lowercase HTTP method "get" is deprecated. Use uppercase HTTP method like "GET".', 16384)
 2 APPPATH\Config\Routes.php(191): CodeIgniter\Router\RouteCollection->match([...], 'purchases/receive-stock/(:num)', 'Purchases::receiveStock/$1')
 3 SYSTEMPATH\Router\RouteCollection.php(799): CodeIgniter\Router\RouteCollection->{closure}(Object(CodeIgniter\Router\RouteCollection))
 4 APPPATH\Config\Routes.php(156): CodeIgniter\Router\RouteCollection->group('pharmacy', [...], Object(Closure))
 5 SYSTEMPATH\Router\RouteCollection.php(339): require('C:\\xampp\\htdocs\\hms_ram\\app\\Config\\Routes.php')
 6 SYSTEMPATH\CodeIgniter.php(821): CodeIgniter\Router\RouteCollection->loadRoutes()
 7 SYSTEMPATH\CodeIgniter.php(455): CodeIgniter\CodeIgniter->tryToRouteIt(null)
 8 SYSTEMPATH\CodeIgniter.php(354): CodeIgniter\CodeIgniter->handleRequest(null, Object(Config\Cache), false)
 9 SYSTEMPATH\Boot.php(334): CodeIgniter\CodeIgniter->run()
10 SYSTEMPATH\Boot.php(67): CodeIgniter\Boot::runCodeIgniter(Object(CodeIgniter\CodeIgniter))
11 FCPATH\index.php(46): CodeIgniter\Boot::bootWeb(Object(Config\Paths))
WARNING - 2025-08-01 03:47:53 --> [DEPRECATED] Passing lowercase HTTP method "post" is deprecated. Use uppercase HTTP method like "POST". in SYSTEMPATH\Router\RouteCollection.php on line 1026.
 1 SYSTEMPATH\Router\RouteCollection.php(1026): trigger_error('Passing lowercase HTTP method "post" is deprecated. Use uppercase HTTP method like "POST".', 16384)
 2 APPPATH\Config\Routes.php(191): CodeIgniter\Router\RouteCollection->match([...], 'purchases/receive-stock/(:num)', 'Purchases::receiveStock/$1')
 3 SYSTEMPATH\Router\RouteCollection.php(799): CodeIgniter\Router\RouteCollection->{closure}(Object(CodeIgniter\Router\RouteCollection))
 4 APPPATH\Config\Routes.php(156): CodeIgniter\Router\RouteCollection->group('pharmacy', [...], Object(Closure))
 5 SYSTEMPATH\Router\RouteCollection.php(339): require('C:\\xampp\\htdocs\\hms_ram\\app\\Config\\Routes.php')
 6 SYSTEMPATH\CodeIgniter.php(821): CodeIgniter\Router\RouteCollection->loadRoutes()
 7 SYSTEMPATH\CodeIgniter.php(455): CodeIgniter\CodeIgniter->tryToRouteIt(null)
 8 SYSTEMPATH\CodeIgniter.php(354): CodeIgniter\CodeIgniter->handleRequest(null, Object(Config\Cache), false)
 9 SYSTEMPATH\Boot.php(334): CodeIgniter\CodeIgniter->run()
10 SYSTEMPATH\Boot.php(67): CodeIgniter\Boot::runCodeIgniter(Object(CodeIgniter\CodeIgniter))
11 FCPATH\index.php(46): CodeIgniter\Boot::bootWeb(Object(Config\Paths))
WARNING - 2025-08-01 03:48:01 --> [DEPRECATED] Passing lowercase HTTP method "get" is deprecated. Use uppercase HTTP method like "GET". in SYSTEMPATH\Router\RouteCollection.php on line 1026.
 1 SYSTEMPATH\Router\RouteCollection.php(1026): trigger_error('Passing lowercase HTTP method "get" is deprecated. Use uppercase HTTP method like "GET".', 16384)
 2 APPPATH\Config\Routes.php(178): CodeIgniter\Router\RouteCollection->match([...], 'medicines/adjust-stock', 'Medicines::adjustStock')
 3 SYSTEMPATH\Router\RouteCollection.php(799): CodeIgniter\Router\RouteCollection->{closure}(Object(CodeIgniter\Router\RouteCollection))
 4 APPPATH\Config\Routes.php(156): CodeIgniter\Router\RouteCollection->group('pharmacy', [...], Object(Closure))
 5 SYSTEMPATH\Router\RouteCollection.php(339): require('C:\\xampp\\htdocs\\hms_ram\\app\\Config\\Routes.php')
 6 SYSTEMPATH\CodeIgniter.php(821): CodeIgniter\Router\RouteCollection->loadRoutes()
 7 SYSTEMPATH\CodeIgniter.php(455): CodeIgniter\CodeIgniter->tryToRouteIt(null)
 8 SYSTEMPATH\CodeIgniter.php(354): CodeIgniter\CodeIgniter->handleRequest(null, Object(Config\Cache), false)
 9 SYSTEMPATH\Boot.php(334): CodeIgniter\CodeIgniter->run()
10 SYSTEMPATH\Boot.php(67): CodeIgniter\Boot::runCodeIgniter(Object(CodeIgniter\CodeIgniter))
11 FCPATH\index.php(46): CodeIgniter\Boot::bootWeb(Object(Config\Paths))
WARNING - 2025-08-01 03:48:01 --> [DEPRECATED] Passing lowercase HTTP method "post" is deprecated. Use uppercase HTTP method like "POST". in SYSTEMPATH\Router\RouteCollection.php on line 1026.
 1 SYSTEMPATH\Router\RouteCollection.php(1026): trigger_error('Passing lowercase HTTP method "post" is deprecated. Use uppercase HTTP method like "POST".', 16384)
 2 APPPATH\Config\Routes.php(178): CodeIgniter\Router\RouteCollection->match([...], 'medicines/adjust-stock', 'Medicines::adjustStock')
 3 SYSTEMPATH\Router\RouteCollection.php(799): CodeIgniter\Router\RouteCollection->{closure}(Object(CodeIgniter\Router\RouteCollection))
 4 APPPATH\Config\Routes.php(156): CodeIgniter\Router\RouteCollection->group('pharmacy', [...], Object(Closure))
 5 SYSTEMPATH\Router\RouteCollection.php(339): require('C:\\xampp\\htdocs\\hms_ram\\app\\Config\\Routes.php')
 6 SYSTEMPATH\CodeIgniter.php(821): CodeIgniter\Router\RouteCollection->loadRoutes()
 7 SYSTEMPATH\CodeIgniter.php(455): CodeIgniter\CodeIgniter->tryToRouteIt(null)
 8 SYSTEMPATH\CodeIgniter.php(354): CodeIgniter\CodeIgniter->handleRequest(null, Object(Config\Cache), false)
 9 SYSTEMPATH\Boot.php(334): CodeIgniter\CodeIgniter->run()
10 SYSTEMPATH\Boot.php(67): CodeIgniter\Boot::runCodeIgniter(Object(CodeIgniter\CodeIgniter))
11 FCPATH\index.php(46): CodeIgniter\Boot::bootWeb(Object(Config\Paths))
WARNING - 2025-08-01 03:48:01 --> [DEPRECATED] Passing lowercase HTTP method "get" is deprecated. Use uppercase HTTP method like "GET". in SYSTEMPATH\Router\RouteCollection.php on line 1026.
 1 SYSTEMPATH\Router\RouteCollection.php(1026): trigger_error('Passing lowercase HTTP method "get" is deprecated. Use uppercase HTTP method like "GET".', 16384)
 2 APPPATH\Config\Routes.php(191): CodeIgniter\Router\RouteCollection->match([...], 'purchases/receive-stock/(:num)', 'Purchases::receiveStock/$1')
 3 SYSTEMPATH\Router\RouteCollection.php(799): CodeIgniter\Router\RouteCollection->{closure}(Object(CodeIgniter\Router\RouteCollection))
 4 APPPATH\Config\Routes.php(156): CodeIgniter\Router\RouteCollection->group('pharmacy', [...], Object(Closure))
 5 SYSTEMPATH\Router\RouteCollection.php(339): require('C:\\xampp\\htdocs\\hms_ram\\app\\Config\\Routes.php')
 6 SYSTEMPATH\CodeIgniter.php(821): CodeIgniter\Router\RouteCollection->loadRoutes()
 7 SYSTEMPATH\CodeIgniter.php(455): CodeIgniter\CodeIgniter->tryToRouteIt(null)
 8 SYSTEMPATH\CodeIgniter.php(354): CodeIgniter\CodeIgniter->handleRequest(null, Object(Config\Cache), false)
 9 SYSTEMPATH\Boot.php(334): CodeIgniter\CodeIgniter->run()
10 SYSTEMPATH\Boot.php(67): CodeIgniter\Boot::runCodeIgniter(Object(CodeIgniter\CodeIgniter))
11 FCPATH\index.php(46): CodeIgniter\Boot::bootWeb(Object(Config\Paths))
WARNING - 2025-08-01 03:48:01 --> [DEPRECATED] Passing lowercase HTTP method "post" is deprecated. Use uppercase HTTP method like "POST". in SYSTEMPATH\Router\RouteCollection.php on line 1026.
 1 SYSTEMPATH\Router\RouteCollection.php(1026): trigger_error('Passing lowercase HTTP method "post" is deprecated. Use uppercase HTTP method like "POST".', 16384)
 2 APPPATH\Config\Routes.php(191): CodeIgniter\Router\RouteCollection->match([...], 'purchases/receive-stock/(:num)', 'Purchases::receiveStock/$1')
 3 SYSTEMPATH\Router\RouteCollection.php(799): CodeIgniter\Router\RouteCollection->{closure}(Object(CodeIgniter\Router\RouteCollection))
 4 APPPATH\Config\Routes.php(156): CodeIgniter\Router\RouteCollection->group('pharmacy', [...], Object(Closure))
 5 SYSTEMPATH\Router\RouteCollection.php(339): require('C:\\xampp\\htdocs\\hms_ram\\app\\Config\\Routes.php')
 6 SYSTEMPATH\CodeIgniter.php(821): CodeIgniter\Router\RouteCollection->loadRoutes()
 7 SYSTEMPATH\CodeIgniter.php(455): CodeIgniter\CodeIgniter->tryToRouteIt(null)
 8 SYSTEMPATH\CodeIgniter.php(354): CodeIgniter\CodeIgniter->handleRequest(null, Object(Config\Cache), false)
 9 SYSTEMPATH\Boot.php(334): CodeIgniter\CodeIgniter->run()
10 SYSTEMPATH\Boot.php(67): CodeIgniter\Boot::runCodeIgniter(Object(CodeIgniter\CodeIgniter))
11 FCPATH\index.php(46): CodeIgniter\Boot::bootWeb(Object(Config\Paths))
DEBUG - 2025-08-01 03:48:01 --> Session: Class initialized using 'CodeIgniter\Session\Handlers\FileHandler' driver.
WARNING - 2025-08-01 03:48:01 --> [DEPRECATED] Passing lowercase HTTP method "get" is deprecated. Use uppercase HTTP method like "GET". in SYSTEMPATH\Router\RouteCollection.php on line 1026.
 1 SYSTEMPATH\Router\RouteCollection.php(1026): trigger_error('Passing lowercase HTTP method "get" is deprecated. Use uppercase HTTP method like "GET".', 16384)
 2 APPPATH\Config\Routes.php(178): CodeIgniter\Router\RouteCollection->match([...], 'medicines/adjust-stock', 'Medicines::adjustStock')
 3 SYSTEMPATH\Router\RouteCollection.php(799): CodeIgniter\Router\RouteCollection->{closure}(Object(CodeIgniter\Router\RouteCollection))
 4 APPPATH\Config\Routes.php(156): CodeIgniter\Router\RouteCollection->group('pharmacy', [...], Object(Closure))
 5 SYSTEMPATH\Router\RouteCollection.php(339): require('C:\\xampp\\htdocs\\hms_ram\\app\\Config\\Routes.php')
 6 SYSTEMPATH\CodeIgniter.php(821): CodeIgniter\Router\RouteCollection->loadRoutes()
 7 SYSTEMPATH\CodeIgniter.php(455): CodeIgniter\CodeIgniter->tryToRouteIt(null)
 8 SYSTEMPATH\CodeIgniter.php(354): CodeIgniter\CodeIgniter->handleRequest(null, Object(Config\Cache), false)
 9 SYSTEMPATH\Boot.php(334): CodeIgniter\CodeIgniter->run()
10 SYSTEMPATH\Boot.php(67): CodeIgniter\Boot::runCodeIgniter(Object(CodeIgniter\CodeIgniter))
11 FCPATH\index.php(46): CodeIgniter\Boot::bootWeb(Object(Config\Paths))
WARNING - 2025-08-01 03:48:01 --> [DEPRECATED] Passing lowercase HTTP method "post" is deprecated. Use uppercase HTTP method like "POST". in SYSTEMPATH\Router\RouteCollection.php on line 1026.
 1 SYSTEMPATH\Router\RouteCollection.php(1026): trigger_error('Passing lowercase HTTP method "post" is deprecated. Use uppercase HTTP method like "POST".', 16384)
 2 APPPATH\Config\Routes.php(178): CodeIgniter\Router\RouteCollection->match([...], 'medicines/adjust-stock', 'Medicines::adjustStock')
 3 SYSTEMPATH\Router\RouteCollection.php(799): CodeIgniter\Router\RouteCollection->{closure}(Object(CodeIgniter\Router\RouteCollection))
 4 APPPATH\Config\Routes.php(156): CodeIgniter\Router\RouteCollection->group('pharmacy', [...], Object(Closure))
 5 SYSTEMPATH\Router\RouteCollection.php(339): require('C:\\xampp\\htdocs\\hms_ram\\app\\Config\\Routes.php')
 6 SYSTEMPATH\CodeIgniter.php(821): CodeIgniter\Router\RouteCollection->loadRoutes()
 7 SYSTEMPATH\CodeIgniter.php(455): CodeIgniter\CodeIgniter->tryToRouteIt(null)
 8 SYSTEMPATH\CodeIgniter.php(354): CodeIgniter\CodeIgniter->handleRequest(null, Object(Config\Cache), false)
 9 SYSTEMPATH\Boot.php(334): CodeIgniter\CodeIgniter->run()
10 SYSTEMPATH\Boot.php(67): CodeIgniter\Boot::runCodeIgniter(Object(CodeIgniter\CodeIgniter))
11 FCPATH\index.php(46): CodeIgniter\Boot::bootWeb(Object(Config\Paths))
WARNING - 2025-08-01 03:48:01 --> [DEPRECATED] Passing lowercase HTTP method "get" is deprecated. Use uppercase HTTP method like "GET". in SYSTEMPATH\Router\RouteCollection.php on line 1026.
 1 SYSTEMPATH\Router\RouteCollection.php(1026): trigger_error('Passing lowercase HTTP method "get" is deprecated. Use uppercase HTTP method like "GET".', 16384)
 2 APPPATH\Config\Routes.php(191): CodeIgniter\Router\RouteCollection->match([...], 'purchases/receive-stock/(:num)', 'Purchases::receiveStock/$1')
 3 SYSTEMPATH\Router\RouteCollection.php(799): CodeIgniter\Router\RouteCollection->{closure}(Object(CodeIgniter\Router\RouteCollection))
 4 APPPATH\Config\Routes.php(156): CodeIgniter\Router\RouteCollection->group('pharmacy', [...], Object(Closure))
 5 SYSTEMPATH\Router\RouteCollection.php(339): require('C:\\xampp\\htdocs\\hms_ram\\app\\Config\\Routes.php')
 6 SYSTEMPATH\CodeIgniter.php(821): CodeIgniter\Router\RouteCollection->loadRoutes()
 7 SYSTEMPATH\CodeIgniter.php(455): CodeIgniter\CodeIgniter->tryToRouteIt(null)
 8 SYSTEMPATH\CodeIgniter.php(354): CodeIgniter\CodeIgniter->handleRequest(null, Object(Config\Cache), false)
 9 SYSTEMPATH\Boot.php(334): CodeIgniter\CodeIgniter->run()
10 SYSTEMPATH\Boot.php(67): CodeIgniter\Boot::runCodeIgniter(Object(CodeIgniter\CodeIgniter))
11 FCPATH\index.php(46): CodeIgniter\Boot::bootWeb(Object(Config\Paths))
WARNING - 2025-08-01 03:48:01 --> [DEPRECATED] Passing lowercase HTTP method "post" is deprecated. Use uppercase HTTP method like "POST". in SYSTEMPATH\Router\RouteCollection.php on line 1026.
 1 SYSTEMPATH\Router\RouteCollection.php(1026): trigger_error('Passing lowercase HTTP method "post" is deprecated. Use uppercase HTTP method like "POST".', 16384)
 2 APPPATH\Config\Routes.php(191): CodeIgniter\Router\RouteCollection->match([...], 'purchases/receive-stock/(:num)', 'Purchases::receiveStock/$1')
 3 SYSTEMPATH\Router\RouteCollection.php(799): CodeIgniter\Router\RouteCollection->{closure}(Object(CodeIgniter\Router\RouteCollection))
 4 APPPATH\Config\Routes.php(156): CodeIgniter\Router\RouteCollection->group('pharmacy', [...], Object(Closure))
 5 SYSTEMPATH\Router\RouteCollection.php(339): require('C:\\xampp\\htdocs\\hms_ram\\app\\Config\\Routes.php')
 6 SYSTEMPATH\CodeIgniter.php(821): CodeIgniter\Router\RouteCollection->loadRoutes()
 7 SYSTEMPATH\CodeIgniter.php(455): CodeIgniter\CodeIgniter->tryToRouteIt(null)
 8 SYSTEMPATH\CodeIgniter.php(354): CodeIgniter\CodeIgniter->handleRequest(null, Object(Config\Cache), false)
 9 SYSTEMPATH\Boot.php(334): CodeIgniter\CodeIgniter->run()
10 SYSTEMPATH\Boot.php(67): CodeIgniter\Boot::runCodeIgniter(Object(CodeIgniter\CodeIgniter))
11 FCPATH\index.php(46): CodeIgniter\Boot::bootWeb(Object(Config\Paths))
DEBUG - 2025-08-01 03:48:01 --> Session: Class initialized using 'CodeIgniter\Session\Handlers\FileHandler' driver.
WARNING - 2025-08-01 03:48:01 --> [DEPRECATED] Passing lowercase HTTP method "get" is deprecated. Use uppercase HTTP method like "GET". in SYSTEMPATH\Router\RouteCollection.php on line 1026.
 1 SYSTEMPATH\Router\RouteCollection.php(1026): trigger_error('Passing lowercase HTTP method "get" is deprecated. Use uppercase HTTP method like "GET".', 16384)
 2 APPPATH\Config\Routes.php(178): CodeIgniter\Router\RouteCollection->match([...], 'medicines/adjust-stock', 'Medicines::adjustStock')
 3 SYSTEMPATH\Router\RouteCollection.php(799): CodeIgniter\Router\RouteCollection->{closure}(Object(CodeIgniter\Router\RouteCollection))
 4 APPPATH\Config\Routes.php(156): CodeIgniter\Router\RouteCollection->group('pharmacy', [...], Object(Closure))
 5 SYSTEMPATH\Router\RouteCollection.php(339): require('C:\\xampp\\htdocs\\hms_ram\\app\\Config\\Routes.php')
 6 SYSTEMPATH\CodeIgniter.php(821): CodeIgniter\Router\RouteCollection->loadRoutes()
 7 SYSTEMPATH\CodeIgniter.php(455): CodeIgniter\CodeIgniter->tryToRouteIt(null)
 8 SYSTEMPATH\CodeIgniter.php(354): CodeIgniter\CodeIgniter->handleRequest(null, Object(Config\Cache), false)
 9 SYSTEMPATH\Boot.php(334): CodeIgniter\CodeIgniter->run()
10 SYSTEMPATH\Boot.php(67): CodeIgniter\Boot::runCodeIgniter(Object(CodeIgniter\CodeIgniter))
11 FCPATH\index.php(46): CodeIgniter\Boot::bootWeb(Object(Config\Paths))
WARNING - 2025-08-01 03:48:01 --> [DEPRECATED] Passing lowercase HTTP method "post" is deprecated. Use uppercase HTTP method like "POST". in SYSTEMPATH\Router\RouteCollection.php on line 1026.
 1 SYSTEMPATH\Router\RouteCollection.php(1026): trigger_error('Passing lowercase HTTP method "post" is deprecated. Use uppercase HTTP method like "POST".', 16384)
 2 APPPATH\Config\Routes.php(178): CodeIgniter\Router\RouteCollection->match([...], 'medicines/adjust-stock', 'Medicines::adjustStock')
 3 SYSTEMPATH\Router\RouteCollection.php(799): CodeIgniter\Router\RouteCollection->{closure}(Object(CodeIgniter\Router\RouteCollection))
 4 APPPATH\Config\Routes.php(156): CodeIgniter\Router\RouteCollection->group('pharmacy', [...], Object(Closure))
 5 SYSTEMPATH\Router\RouteCollection.php(339): require('C:\\xampp\\htdocs\\hms_ram\\app\\Config\\Routes.php')
 6 SYSTEMPATH\CodeIgniter.php(821): CodeIgniter\Router\RouteCollection->loadRoutes()
 7 SYSTEMPATH\CodeIgniter.php(455): CodeIgniter\CodeIgniter->tryToRouteIt(null)
 8 SYSTEMPATH\CodeIgniter.php(354): CodeIgniter\CodeIgniter->handleRequest(null, Object(Config\Cache), false)
 9 SYSTEMPATH\Boot.php(334): CodeIgniter\CodeIgniter->run()
10 SYSTEMPATH\Boot.php(67): CodeIgniter\Boot::runCodeIgniter(Object(CodeIgniter\CodeIgniter))
11 FCPATH\index.php(46): CodeIgniter\Boot::bootWeb(Object(Config\Paths))
WARNING - 2025-08-01 03:48:01 --> [DEPRECATED] Passing lowercase HTTP method "get" is deprecated. Use uppercase HTTP method like "GET". in SYSTEMPATH\Router\RouteCollection.php on line 1026.
 1 SYSTEMPATH\Router\RouteCollection.php(1026): trigger_error('Passing lowercase HTTP method "get" is deprecated. Use uppercase HTTP method like "GET".', 16384)
 2 APPPATH\Config\Routes.php(191): CodeIgniter\Router\RouteCollection->match([...], 'purchases/receive-stock/(:num)', 'Purchases::receiveStock/$1')
 3 SYSTEMPATH\Router\RouteCollection.php(799): CodeIgniter\Router\RouteCollection->{closure}(Object(CodeIgniter\Router\RouteCollection))
 4 APPPATH\Config\Routes.php(156): CodeIgniter\Router\RouteCollection->group('pharmacy', [...], Object(Closure))
 5 SYSTEMPATH\Router\RouteCollection.php(339): require('C:\\xampp\\htdocs\\hms_ram\\app\\Config\\Routes.php')
 6 SYSTEMPATH\CodeIgniter.php(821): CodeIgniter\Router\RouteCollection->loadRoutes()
 7 SYSTEMPATH\CodeIgniter.php(455): CodeIgniter\CodeIgniter->tryToRouteIt(null)
 8 SYSTEMPATH\CodeIgniter.php(354): CodeIgniter\CodeIgniter->handleRequest(null, Object(Config\Cache), false)
 9 SYSTEMPATH\Boot.php(334): CodeIgniter\CodeIgniter->run()
10 SYSTEMPATH\Boot.php(67): CodeIgniter\Boot::runCodeIgniter(Object(CodeIgniter\CodeIgniter))
11 FCPATH\index.php(46): CodeIgniter\Boot::bootWeb(Object(Config\Paths))
WARNING - 2025-08-01 03:48:01 --> [DEPRECATED] Passing lowercase HTTP method "post" is deprecated. Use uppercase HTTP method like "POST". in SYSTEMPATH\Router\RouteCollection.php on line 1026.
 1 SYSTEMPATH\Router\RouteCollection.php(1026): trigger_error('Passing lowercase HTTP method "post" is deprecated. Use uppercase HTTP method like "POST".', 16384)
 2 APPPATH\Config\Routes.php(191): CodeIgniter\Router\RouteCollection->match([...], 'purchases/receive-stock/(:num)', 'Purchases::receiveStock/$1')
 3 SYSTEMPATH\Router\RouteCollection.php(799): CodeIgniter\Router\RouteCollection->{closure}(Object(CodeIgniter\Router\RouteCollection))
 4 APPPATH\Config\Routes.php(156): CodeIgniter\Router\RouteCollection->group('pharmacy', [...], Object(Closure))
 5 SYSTEMPATH\Router\RouteCollection.php(339): require('C:\\xampp\\htdocs\\hms_ram\\app\\Config\\Routes.php')
 6 SYSTEMPATH\CodeIgniter.php(821): CodeIgniter\Router\RouteCollection->loadRoutes()
 7 SYSTEMPATH\CodeIgniter.php(455): CodeIgniter\CodeIgniter->tryToRouteIt(null)
 8 SYSTEMPATH\CodeIgniter.php(354): CodeIgniter\CodeIgniter->handleRequest(null, Object(Config\Cache), false)
 9 SYSTEMPATH\Boot.php(334): CodeIgniter\CodeIgniter->run()
10 SYSTEMPATH\Boot.php(67): CodeIgniter\Boot::runCodeIgniter(Object(CodeIgniter\CodeIgniter))
11 FCPATH\index.php(46): CodeIgniter\Boot::bootWeb(Object(Config\Paths))
WARNING - 2025-08-01 03:48:01 --> [DEPRECATED] Passing lowercase HTTP method "get" is deprecated. Use uppercase HTTP method like "GET". in SYSTEMPATH\Router\RouteCollection.php on line 1026.
 1 SYSTEMPATH\Router\RouteCollection.php(1026): trigger_error('Passing lowercase HTTP method "get" is deprecated. Use uppercase HTTP method like "GET".', 16384)
 2 APPPATH\Config\Routes.php(178): CodeIgniter\Router\RouteCollection->match([...], 'medicines/adjust-stock', 'Medicines::adjustStock')
 3 SYSTEMPATH\Router\RouteCollection.php(799): CodeIgniter\Router\RouteCollection->{closure}(Object(CodeIgniter\Router\RouteCollection))
 4 APPPATH\Config\Routes.php(156): CodeIgniter\Router\RouteCollection->group('pharmacy', [...], Object(Closure))
 5 SYSTEMPATH\Router\RouteCollection.php(339): require('C:\\xampp\\htdocs\\hms_ram\\app\\Config\\Routes.php')
 6 SYSTEMPATH\CodeIgniter.php(821): CodeIgniter\Router\RouteCollection->loadRoutes()
 7 SYSTEMPATH\CodeIgniter.php(455): CodeIgniter\CodeIgniter->tryToRouteIt(null)
 8 SYSTEMPATH\CodeIgniter.php(354): CodeIgniter\CodeIgniter->handleRequest(null, Object(Config\Cache), false)
 9 SYSTEMPATH\Boot.php(334): CodeIgniter\CodeIgniter->run()
10 SYSTEMPATH\Boot.php(67): CodeIgniter\Boot::runCodeIgniter(Object(CodeIgniter\CodeIgniter))
11 FCPATH\index.php(46): CodeIgniter\Boot::bootWeb(Object(Config\Paths))
WARNING - 2025-08-01 03:48:01 --> [DEPRECATED] Passing lowercase HTTP method "post" is deprecated. Use uppercase HTTP method like "POST". in SYSTEMPATH\Router\RouteCollection.php on line 1026.
 1 SYSTEMPATH\Router\RouteCollection.php(1026): trigger_error('Passing lowercase HTTP method "post" is deprecated. Use uppercase HTTP method like "POST".', 16384)
 2 APPPATH\Config\Routes.php(178): CodeIgniter\Router\RouteCollection->match([...], 'medicines/adjust-stock', 'Medicines::adjustStock')
 3 SYSTEMPATH\Router\RouteCollection.php(799): CodeIgniter\Router\RouteCollection->{closure}(Object(CodeIgniter\Router\RouteCollection))
 4 APPPATH\Config\Routes.php(156): CodeIgniter\Router\RouteCollection->group('pharmacy', [...], Object(Closure))
 5 SYSTEMPATH\Router\RouteCollection.php(339): require('C:\\xampp\\htdocs\\hms_ram\\app\\Config\\Routes.php')
 6 SYSTEMPATH\CodeIgniter.php(821): CodeIgniter\Router\RouteCollection->loadRoutes()
 7 SYSTEMPATH\CodeIgniter.php(455): CodeIgniter\CodeIgniter->tryToRouteIt(null)
 8 SYSTEMPATH\CodeIgniter.php(354): CodeIgniter\CodeIgniter->handleRequest(null, Object(Config\Cache), false)
 9 SYSTEMPATH\Boot.php(334): CodeIgniter\CodeIgniter->run()
10 SYSTEMPATH\Boot.php(67): CodeIgniter\Boot::runCodeIgniter(Object(CodeIgniter\CodeIgniter))
11 FCPATH\index.php(46): CodeIgniter\Boot::bootWeb(Object(Config\Paths))
WARNING - 2025-08-01 03:48:01 --> [DEPRECATED] Passing lowercase HTTP method "get" is deprecated. Use uppercase HTTP method like "GET". in SYSTEMPATH\Router\RouteCollection.php on line 1026.
 1 SYSTEMPATH\Router\RouteCollection.php(1026): trigger_error('Passing lowercase HTTP method "get" is deprecated. Use uppercase HTTP method like "GET".', 16384)
 2 APPPATH\Config\Routes.php(191): CodeIgniter\Router\RouteCollection->match([...], 'purchases/receive-stock/(:num)', 'Purchases::receiveStock/$1')
 3 SYSTEMPATH\Router\RouteCollection.php(799): CodeIgniter\Router\RouteCollection->{closure}(Object(CodeIgniter\Router\RouteCollection))
 4 APPPATH\Config\Routes.php(156): CodeIgniter\Router\RouteCollection->group('pharmacy', [...], Object(Closure))
 5 SYSTEMPATH\Router\RouteCollection.php(339): require('C:\\xampp\\htdocs\\hms_ram\\app\\Config\\Routes.php')
 6 SYSTEMPATH\CodeIgniter.php(821): CodeIgniter\Router\RouteCollection->loadRoutes()
 7 SYSTEMPATH\CodeIgniter.php(455): CodeIgniter\CodeIgniter->tryToRouteIt(null)
 8 SYSTEMPATH\CodeIgniter.php(354): CodeIgniter\CodeIgniter->handleRequest(null, Object(Config\Cache), false)
 9 SYSTEMPATH\Boot.php(334): CodeIgniter\CodeIgniter->run()
10 SYSTEMPATH\Boot.php(67): CodeIgniter\Boot::runCodeIgniter(Object(CodeIgniter\CodeIgniter))
11 FCPATH\index.php(46): CodeIgniter\Boot::bootWeb(Object(Config\Paths))
WARNING - 2025-08-01 03:48:01 --> [DEPRECATED] Passing lowercase HTTP method "post" is deprecated. Use uppercase HTTP method like "POST". in SYSTEMPATH\Router\RouteCollection.php on line 1026.
 1 SYSTEMPATH\Router\RouteCollection.php(1026): trigger_error('Passing lowercase HTTP method "post" is deprecated. Use uppercase HTTP method like "POST".', 16384)
 2 APPPATH\Config\Routes.php(191): CodeIgniter\Router\RouteCollection->match([...], 'purchases/receive-stock/(:num)', 'Purchases::receiveStock/$1')
 3 SYSTEMPATH\Router\RouteCollection.php(799): CodeIgniter\Router\RouteCollection->{closure}(Object(CodeIgniter\Router\RouteCollection))
 4 APPPATH\Config\Routes.php(156): CodeIgniter\Router\RouteCollection->group('pharmacy', [...], Object(Closure))
 5 SYSTEMPATH\Router\RouteCollection.php(339): require('C:\\xampp\\htdocs\\hms_ram\\app\\Config\\Routes.php')
 6 SYSTEMPATH\CodeIgniter.php(821): CodeIgniter\Router\RouteCollection->loadRoutes()
 7 SYSTEMPATH\CodeIgniter.php(455): CodeIgniter\CodeIgniter->tryToRouteIt(null)
 8 SYSTEMPATH\CodeIgniter.php(354): CodeIgniter\CodeIgniter->handleRequest(null, Object(Config\Cache), false)
 9 SYSTEMPATH\Boot.php(334): CodeIgniter\CodeIgniter->run()
10 SYSTEMPATH\Boot.php(67): CodeIgniter\Boot::runCodeIgniter(Object(CodeIgniter\CodeIgniter))
11 FCPATH\index.php(46): CodeIgniter\Boot::bootWeb(Object(Config\Paths))
WARNING - 2025-08-01 03:48:01 --> [DEPRECATED] Passing lowercase HTTP method "get" is deprecated. Use uppercase HTTP method like "GET". in SYSTEMPATH\Router\RouteCollection.php on line 1026.
 1 SYSTEMPATH\Router\RouteCollection.php(1026): trigger_error('Passing lowercase HTTP method "get" is deprecated. Use uppercase HTTP method like "GET".', 16384)
 2 APPPATH\Config\Routes.php(178): CodeIgniter\Router\RouteCollection->match([...], 'medicines/adjust-stock', 'Medicines::adjustStock')
 3 SYSTEMPATH\Router\RouteCollection.php(799): CodeIgniter\Router\RouteCollection->{closure}(Object(CodeIgniter\Router\RouteCollection))
 4 APPPATH\Config\Routes.php(156): CodeIgniter\Router\RouteCollection->group('pharmacy', [...], Object(Closure))
 5 SYSTEMPATH\Router\RouteCollection.php(339): require('C:\\xampp\\htdocs\\hms_ram\\app\\Config\\Routes.php')
 6 SYSTEMPATH\CodeIgniter.php(821): CodeIgniter\Router\RouteCollection->loadRoutes()
 7 SYSTEMPATH\CodeIgniter.php(455): CodeIgniter\CodeIgniter->tryToRouteIt(null)
 8 SYSTEMPATH\CodeIgniter.php(354): CodeIgniter\CodeIgniter->handleRequest(null, Object(Config\Cache), false)
 9 SYSTEMPATH\Boot.php(334): CodeIgniter\CodeIgniter->run()
10 SYSTEMPATH\Boot.php(67): CodeIgniter\Boot::runCodeIgniter(Object(CodeIgniter\CodeIgniter))
11 FCPATH\index.php(46): CodeIgniter\Boot::bootWeb(Object(Config\Paths))
WARNING - 2025-08-01 03:48:01 --> [DEPRECATED] Passing lowercase HTTP method "post" is deprecated. Use uppercase HTTP method like "POST". in SYSTEMPATH\Router\RouteCollection.php on line 1026.
 1 SYSTEMPATH\Router\RouteCollection.php(1026): trigger_error('Passing lowercase HTTP method "post" is deprecated. Use uppercase HTTP method like "POST".', 16384)
 2 APPPATH\Config\Routes.php(178): CodeIgniter\Router\RouteCollection->match([...], 'medicines/adjust-stock', 'Medicines::adjustStock')
 3 SYSTEMPATH\Router\RouteCollection.php(799): CodeIgniter\Router\RouteCollection->{closure}(Object(CodeIgniter\Router\RouteCollection))
 4 APPPATH\Config\Routes.php(156): CodeIgniter\Router\RouteCollection->group('pharmacy', [...], Object(Closure))
 5 SYSTEMPATH\Router\RouteCollection.php(339): require('C:\\xampp\\htdocs\\hms_ram\\app\\Config\\Routes.php')
 6 SYSTEMPATH\CodeIgniter.php(821): CodeIgniter\Router\RouteCollection->loadRoutes()
 7 SYSTEMPATH\CodeIgniter.php(455): CodeIgniter\CodeIgniter->tryToRouteIt(null)
 8 SYSTEMPATH\CodeIgniter.php(354): CodeIgniter\CodeIgniter->handleRequest(null, Object(Config\Cache), false)
 9 SYSTEMPATH\Boot.php(334): CodeIgniter\CodeIgniter->run()
10 SYSTEMPATH\Boot.php(67): CodeIgniter\Boot::runCodeIgniter(Object(CodeIgniter\CodeIgniter))
11 FCPATH\index.php(46): CodeIgniter\Boot::bootWeb(Object(Config\Paths))
WARNING - 2025-08-01 03:48:01 --> [DEPRECATED] Passing lowercase HTTP method "get" is deprecated. Use uppercase HTTP method like "GET". in SYSTEMPATH\Router\RouteCollection.php on line 1026.
 1 SYSTEMPATH\Router\RouteCollection.php(1026): trigger_error('Passing lowercase HTTP method "get" is deprecated. Use uppercase HTTP method like "GET".', 16384)
 2 APPPATH\Config\Routes.php(191): CodeIgniter\Router\RouteCollection->match([...], 'purchases/receive-stock/(:num)', 'Purchases::receiveStock/$1')
 3 SYSTEMPATH\Router\RouteCollection.php(799): CodeIgniter\Router\RouteCollection->{closure}(Object(CodeIgniter\Router\RouteCollection))
 4 APPPATH\Config\Routes.php(156): CodeIgniter\Router\RouteCollection->group('pharmacy', [...], Object(Closure))
 5 SYSTEMPATH\Router\RouteCollection.php(339): require('C:\\xampp\\htdocs\\hms_ram\\app\\Config\\Routes.php')
 6 SYSTEMPATH\CodeIgniter.php(821): CodeIgniter\Router\RouteCollection->loadRoutes()
 7 SYSTEMPATH\CodeIgniter.php(455): CodeIgniter\CodeIgniter->tryToRouteIt(null)
 8 SYSTEMPATH\CodeIgniter.php(354): CodeIgniter\CodeIgniter->handleRequest(null, Object(Config\Cache), false)
 9 SYSTEMPATH\Boot.php(334): CodeIgniter\CodeIgniter->run()
10 SYSTEMPATH\Boot.php(67): CodeIgniter\Boot::runCodeIgniter(Object(CodeIgniter\CodeIgniter))
11 FCPATH\index.php(46): CodeIgniter\Boot::bootWeb(Object(Config\Paths))
WARNING - 2025-08-01 03:48:01 --> [DEPRECATED] Passing lowercase HTTP method "post" is deprecated. Use uppercase HTTP method like "POST". in SYSTEMPATH\Router\RouteCollection.php on line 1026.
 1 SYSTEMPATH\Router\RouteCollection.php(1026): trigger_error('Passing lowercase HTTP method "post" is deprecated. Use uppercase HTTP method like "POST".', 16384)
 2 APPPATH\Config\Routes.php(191): CodeIgniter\Router\RouteCollection->match([...], 'purchases/receive-stock/(:num)', 'Purchases::receiveStock/$1')
 3 SYSTEMPATH\Router\RouteCollection.php(799): CodeIgniter\Router\RouteCollection->{closure}(Object(CodeIgniter\Router\RouteCollection))
 4 APPPATH\Config\Routes.php(156): CodeIgniter\Router\RouteCollection->group('pharmacy', [...], Object(Closure))
 5 SYSTEMPATH\Router\RouteCollection.php(339): require('C:\\xampp\\htdocs\\hms_ram\\app\\Config\\Routes.php')
 6 SYSTEMPATH\CodeIgniter.php(821): CodeIgniter\Router\RouteCollection->loadRoutes()
 7 SYSTEMPATH\CodeIgniter.php(455): CodeIgniter\CodeIgniter->tryToRouteIt(null)
 8 SYSTEMPATH\CodeIgniter.php(354): CodeIgniter\CodeIgniter->handleRequest(null, Object(Config\Cache), false)
 9 SYSTEMPATH\Boot.php(334): CodeIgniter\CodeIgniter->run()
10 SYSTEMPATH\Boot.php(67): CodeIgniter\Boot::runCodeIgniter(Object(CodeIgniter\CodeIgniter))
11 FCPATH\index.php(46): CodeIgniter\Boot::bootWeb(Object(Config\Paths))
WARNING - 2025-08-01 03:48:01 --> [DEPRECATED] Passing lowercase HTTP method "get" is deprecated. Use uppercase HTTP method like "GET". in SYSTEMPATH\Router\RouteCollection.php on line 1026.
 1 SYSTEMPATH\Router\RouteCollection.php(1026): trigger_error('Passing lowercase HTTP method "get" is deprecated. Use uppercase HTTP method like "GET".', 16384)
 2 APPPATH\Config\Routes.php(178): CodeIgniter\Router\RouteCollection->match([...], 'medicines/adjust-stock', 'Medicines::adjustStock')
 3 SYSTEMPATH\Router\RouteCollection.php(799): CodeIgniter\Router\RouteCollection->{closure}(Object(CodeIgniter\Router\RouteCollection))
 4 APPPATH\Config\Routes.php(156): CodeIgniter\Router\RouteCollection->group('pharmacy', [...], Object(Closure))
 5 SYSTEMPATH\Router\RouteCollection.php(339): require('C:\\xampp\\htdocs\\hms_ram\\app\\Config\\Routes.php')
 6 SYSTEMPATH\CodeIgniter.php(821): CodeIgniter\Router\RouteCollection->loadRoutes()
 7 SYSTEMPATH\CodeIgniter.php(455): CodeIgniter\CodeIgniter->tryToRouteIt(null)
 8 SYSTEMPATH\CodeIgniter.php(354): CodeIgniter\CodeIgniter->handleRequest(null, Object(Config\Cache), false)
 9 SYSTEMPATH\Boot.php(334): CodeIgniter\CodeIgniter->run()
10 SYSTEMPATH\Boot.php(67): CodeIgniter\Boot::runCodeIgniter(Object(CodeIgniter\CodeIgniter))
11 FCPATH\index.php(46): CodeIgniter\Boot::bootWeb(Object(Config\Paths))
WARNING - 2025-08-01 03:48:01 --> [DEPRECATED] Passing lowercase HTTP method "post" is deprecated. Use uppercase HTTP method like "POST". in SYSTEMPATH\Router\RouteCollection.php on line 1026.
 1 SYSTEMPATH\Router\RouteCollection.php(1026): trigger_error('Passing lowercase HTTP method "post" is deprecated. Use uppercase HTTP method like "POST".', 16384)
 2 APPPATH\Config\Routes.php(178): CodeIgniter\Router\RouteCollection->match([...], 'medicines/adjust-stock', 'Medicines::adjustStock')
 3 SYSTEMPATH\Router\RouteCollection.php(799): CodeIgniter\Router\RouteCollection->{closure}(Object(CodeIgniter\Router\RouteCollection))
 4 APPPATH\Config\Routes.php(156): CodeIgniter\Router\RouteCollection->group('pharmacy', [...], Object(Closure))
 5 SYSTEMPATH\Router\RouteCollection.php(339): require('C:\\xampp\\htdocs\\hms_ram\\app\\Config\\Routes.php')
 6 SYSTEMPATH\CodeIgniter.php(821): CodeIgniter\Router\RouteCollection->loadRoutes()
 7 SYSTEMPATH\CodeIgniter.php(455): CodeIgniter\CodeIgniter->tryToRouteIt(null)
 8 SYSTEMPATH\CodeIgniter.php(354): CodeIgniter\CodeIgniter->handleRequest(null, Object(Config\Cache), false)
 9 SYSTEMPATH\Boot.php(334): CodeIgniter\CodeIgniter->run()
10 SYSTEMPATH\Boot.php(67): CodeIgniter\Boot::runCodeIgniter(Object(CodeIgniter\CodeIgniter))
11 FCPATH\index.php(46): CodeIgniter\Boot::bootWeb(Object(Config\Paths))
WARNING - 2025-08-01 03:48:01 --> [DEPRECATED] Passing lowercase HTTP method "get" is deprecated. Use uppercase HTTP method like "GET". in SYSTEMPATH\Router\RouteCollection.php on line 1026.
 1 SYSTEMPATH\Router\RouteCollection.php(1026): trigger_error('Passing lowercase HTTP method "get" is deprecated. Use uppercase HTTP method like "GET".', 16384)
 2 APPPATH\Config\Routes.php(191): CodeIgniter\Router\RouteCollection->match([...], 'purchases/receive-stock/(:num)', 'Purchases::receiveStock/$1')
 3 SYSTEMPATH\Router\RouteCollection.php(799): CodeIgniter\Router\RouteCollection->{closure}(Object(CodeIgniter\Router\RouteCollection))
 4 APPPATH\Config\Routes.php(156): CodeIgniter\Router\RouteCollection->group('pharmacy', [...], Object(Closure))
 5 SYSTEMPATH\Router\RouteCollection.php(339): require('C:\\xampp\\htdocs\\hms_ram\\app\\Config\\Routes.php')
 6 SYSTEMPATH\CodeIgniter.php(821): CodeIgniter\Router\RouteCollection->loadRoutes()
 7 SYSTEMPATH\CodeIgniter.php(455): CodeIgniter\CodeIgniter->tryToRouteIt(null)
 8 SYSTEMPATH\CodeIgniter.php(354): CodeIgniter\CodeIgniter->handleRequest(null, Object(Config\Cache), false)
 9 SYSTEMPATH\Boot.php(334): CodeIgniter\CodeIgniter->run()
10 SYSTEMPATH\Boot.php(67): CodeIgniter\Boot::runCodeIgniter(Object(CodeIgniter\CodeIgniter))
11 FCPATH\index.php(46): CodeIgniter\Boot::bootWeb(Object(Config\Paths))
WARNING - 2025-08-01 03:48:01 --> [DEPRECATED] Passing lowercase HTTP method "post" is deprecated. Use uppercase HTTP method like "POST". in SYSTEMPATH\Router\RouteCollection.php on line 1026.
 1 SYSTEMPATH\Router\RouteCollection.php(1026): trigger_error('Passing lowercase HTTP method "post" is deprecated. Use uppercase HTTP method like "POST".', 16384)
 2 APPPATH\Config\Routes.php(191): CodeIgniter\Router\RouteCollection->match([...], 'purchases/receive-stock/(:num)', 'Purchases::receiveStock/$1')
 3 SYSTEMPATH\Router\RouteCollection.php(799): CodeIgniter\Router\RouteCollection->{closure}(Object(CodeIgniter\Router\RouteCollection))
 4 APPPATH\Config\Routes.php(156): CodeIgniter\Router\RouteCollection->group('pharmacy', [...], Object(Closure))
 5 SYSTEMPATH\Router\RouteCollection.php(339): require('C:\\xampp\\htdocs\\hms_ram\\app\\Config\\Routes.php')
 6 SYSTEMPATH\CodeIgniter.php(821): CodeIgniter\Router\RouteCollection->loadRoutes()
 7 SYSTEMPATH\CodeIgniter.php(455): CodeIgniter\CodeIgniter->tryToRouteIt(null)
 8 SYSTEMPATH\CodeIgniter.php(354): CodeIgniter\CodeIgniter->handleRequest(null, Object(Config\Cache), false)
 9 SYSTEMPATH\Boot.php(334): CodeIgniter\CodeIgniter->run()
10 SYSTEMPATH\Boot.php(67): CodeIgniter\Boot::runCodeIgniter(Object(CodeIgniter\CodeIgniter))
11 FCPATH\index.php(46): CodeIgniter\Boot::bootWeb(Object(Config\Paths))
WARNING - 2025-08-01 03:48:02 --> [DEPRECATED] Passing lowercase HTTP method "get" is deprecated. Use uppercase HTTP method like "GET". in SYSTEMPATH\Router\RouteCollection.php on line 1026.
 1 SYSTEMPATH\Router\RouteCollection.php(1026): trigger_error('Passing lowercase HTTP method "get" is deprecated. Use uppercase HTTP method like "GET".', 16384)
 2 APPPATH\Config\Routes.php(178): CodeIgniter\Router\RouteCollection->match([...], 'medicines/adjust-stock', 'Medicines::adjustStock')
 3 SYSTEMPATH\Router\RouteCollection.php(799): CodeIgniter\Router\RouteCollection->{closure}(Object(CodeIgniter\Router\RouteCollection))
 4 APPPATH\Config\Routes.php(156): CodeIgniter\Router\RouteCollection->group('pharmacy', [...], Object(Closure))
 5 SYSTEMPATH\Router\RouteCollection.php(339): require('C:\\xampp\\htdocs\\hms_ram\\app\\Config\\Routes.php')
 6 SYSTEMPATH\CodeIgniter.php(821): CodeIgniter\Router\RouteCollection->loadRoutes()
 7 SYSTEMPATH\CodeIgniter.php(455): CodeIgniter\CodeIgniter->tryToRouteIt(null)
 8 SYSTEMPATH\CodeIgniter.php(354): CodeIgniter\CodeIgniter->handleRequest(null, Object(Config\Cache), false)
 9 SYSTEMPATH\Boot.php(334): CodeIgniter\CodeIgniter->run()
10 SYSTEMPATH\Boot.php(67): CodeIgniter\Boot::runCodeIgniter(Object(CodeIgniter\CodeIgniter))
11 FCPATH\index.php(46): CodeIgniter\Boot::bootWeb(Object(Config\Paths))
WARNING - 2025-08-01 03:48:02 --> [DEPRECATED] Passing lowercase HTTP method "get" is deprecated. Use uppercase HTTP method like "GET". in SYSTEMPATH\Router\RouteCollection.php on line 1026.
 1 SYSTEMPATH\Router\RouteCollection.php(1026): trigger_error('Passing lowercase HTTP method "get" is deprecated. Use uppercase HTTP method like "GET".', 16384)
 2 APPPATH\Config\Routes.php(178): CodeIgniter\Router\RouteCollection->match([...], 'medicines/adjust-stock', 'Medicines::adjustStock')
 3 SYSTEMPATH\Router\RouteCollection.php(799): CodeIgniter\Router\RouteCollection->{closure}(Object(CodeIgniter\Router\RouteCollection))
 4 APPPATH\Config\Routes.php(156): CodeIgniter\Router\RouteCollection->group('pharmacy', [...], Object(Closure))
 5 SYSTEMPATH\Router\RouteCollection.php(339): require('C:\\xampp\\htdocs\\hms_ram\\app\\Config\\Routes.php')
 6 SYSTEMPATH\CodeIgniter.php(821): CodeIgniter\Router\RouteCollection->loadRoutes()
 7 SYSTEMPATH\CodeIgniter.php(455): CodeIgniter\CodeIgniter->tryToRouteIt(null)
 8 SYSTEMPATH\CodeIgniter.php(354): CodeIgniter\CodeIgniter->handleRequest(null, Object(Config\Cache), false)
 9 SYSTEMPATH\Boot.php(334): CodeIgniter\CodeIgniter->run()
10 SYSTEMPATH\Boot.php(67): CodeIgniter\Boot::runCodeIgniter(Object(CodeIgniter\CodeIgniter))
11 FCPATH\index.php(46): CodeIgniter\Boot::bootWeb(Object(Config\Paths))
WARNING - 2025-08-01 03:48:02 --> [DEPRECATED] Passing lowercase HTTP method "post" is deprecated. Use uppercase HTTP method like "POST". in SYSTEMPATH\Router\RouteCollection.php on line 1026.
 1 SYSTEMPATH\Router\RouteCollection.php(1026): trigger_error('Passing lowercase HTTP method "post" is deprecated. Use uppercase HTTP method like "POST".', 16384)
 2 APPPATH\Config\Routes.php(178): CodeIgniter\Router\RouteCollection->match([...], 'medicines/adjust-stock', 'Medicines::adjustStock')
 3 SYSTEMPATH\Router\RouteCollection.php(799): CodeIgniter\Router\RouteCollection->{closure}(Object(CodeIgniter\Router\RouteCollection))
 4 APPPATH\Config\Routes.php(156): CodeIgniter\Router\RouteCollection->group('pharmacy', [...], Object(Closure))
 5 SYSTEMPATH\Router\RouteCollection.php(339): require('C:\\xampp\\htdocs\\hms_ram\\app\\Config\\Routes.php')
 6 SYSTEMPATH\CodeIgniter.php(821): CodeIgniter\Router\RouteCollection->loadRoutes()
 7 SYSTEMPATH\CodeIgniter.php(455): CodeIgniter\CodeIgniter->tryToRouteIt(null)
 8 SYSTEMPATH\CodeIgniter.php(354): CodeIgniter\CodeIgniter->handleRequest(null, Object(Config\Cache), false)
 9 SYSTEMPATH\Boot.php(334): CodeIgniter\CodeIgniter->run()
10 SYSTEMPATH\Boot.php(67): CodeIgniter\Boot::runCodeIgniter(Object(CodeIgniter\CodeIgniter))
11 FCPATH\index.php(46): CodeIgniter\Boot::bootWeb(Object(Config\Paths))
WARNING - 2025-08-01 03:48:02 --> [DEPRECATED] Passing lowercase HTTP method "post" is deprecated. Use uppercase HTTP method like "POST". in SYSTEMPATH\Router\RouteCollection.php on line 1026.
 1 SYSTEMPATH\Router\RouteCollection.php(1026): trigger_error('Passing lowercase HTTP method "post" is deprecated. Use uppercase HTTP method like "POST".', 16384)
 2 APPPATH\Config\Routes.php(178): CodeIgniter\Router\RouteCollection->match([...], 'medicines/adjust-stock', 'Medicines::adjustStock')
 3 SYSTEMPATH\Router\RouteCollection.php(799): CodeIgniter\Router\RouteCollection->{closure}(Object(CodeIgniter\Router\RouteCollection))
 4 APPPATH\Config\Routes.php(156): CodeIgniter\Router\RouteCollection->group('pharmacy', [...], Object(Closure))
 5 SYSTEMPATH\Router\RouteCollection.php(339): require('C:\\xampp\\htdocs\\hms_ram\\app\\Config\\Routes.php')
 6 SYSTEMPATH\CodeIgniter.php(821): CodeIgniter\Router\RouteCollection->loadRoutes()
 7 SYSTEMPATH\CodeIgniter.php(455): CodeIgniter\CodeIgniter->tryToRouteIt(null)
 8 SYSTEMPATH\CodeIgniter.php(354): CodeIgniter\CodeIgniter->handleRequest(null, Object(Config\Cache), false)
 9 SYSTEMPATH\Boot.php(334): CodeIgniter\CodeIgniter->run()
10 SYSTEMPATH\Boot.php(67): CodeIgniter\Boot::runCodeIgniter(Object(CodeIgniter\CodeIgniter))
11 FCPATH\index.php(46): CodeIgniter\Boot::bootWeb(Object(Config\Paths))
WARNING - 2025-08-01 03:48:02 --> [DEPRECATED] Passing lowercase HTTP method "get" is deprecated. Use uppercase HTTP method like "GET". in SYSTEMPATH\Router\RouteCollection.php on line 1026.
 1 SYSTEMPATH\Router\RouteCollection.php(1026): trigger_error('Passing lowercase HTTP method "get" is deprecated. Use uppercase HTTP method like "GET".', 16384)
 2 APPPATH\Config\Routes.php(191): CodeIgniter\Router\RouteCollection->match([...], 'purchases/receive-stock/(:num)', 'Purchases::receiveStock/$1')
 3 SYSTEMPATH\Router\RouteCollection.php(799): CodeIgniter\Router\RouteCollection->{closure}(Object(CodeIgniter\Router\RouteCollection))
 4 APPPATH\Config\Routes.php(156): CodeIgniter\Router\RouteCollection->group('pharmacy', [...], Object(Closure))
 5 SYSTEMPATH\Router\RouteCollection.php(339): require('C:\\xampp\\htdocs\\hms_ram\\app\\Config\\Routes.php')
 6 SYSTEMPATH\CodeIgniter.php(821): CodeIgniter\Router\RouteCollection->loadRoutes()
 7 SYSTEMPATH\CodeIgniter.php(455): CodeIgniter\CodeIgniter->tryToRouteIt(null)
 8 SYSTEMPATH\CodeIgniter.php(354): CodeIgniter\CodeIgniter->handleRequest(null, Object(Config\Cache), false)
 9 SYSTEMPATH\Boot.php(334): CodeIgniter\CodeIgniter->run()
10 SYSTEMPATH\Boot.php(67): CodeIgniter\Boot::runCodeIgniter(Object(CodeIgniter\CodeIgniter))
11 FCPATH\index.php(46): CodeIgniter\Boot::bootWeb(Object(Config\Paths))
WARNING - 2025-08-01 03:48:02 --> [DEPRECATED] Passing lowercase HTTP method "get" is deprecated. Use uppercase HTTP method like "GET". in SYSTEMPATH\Router\RouteCollection.php on line 1026.
 1 SYSTEMPATH\Router\RouteCollection.php(1026): trigger_error('Passing lowercase HTTP method "get" is deprecated. Use uppercase HTTP method like "GET".', 16384)
 2 APPPATH\Config\Routes.php(191): CodeIgniter\Router\RouteCollection->match([...], 'purchases/receive-stock/(:num)', 'Purchases::receiveStock/$1')
 3 SYSTEMPATH\Router\RouteCollection.php(799): CodeIgniter\Router\RouteCollection->{closure}(Object(CodeIgniter\Router\RouteCollection))
 4 APPPATH\Config\Routes.php(156): CodeIgniter\Router\RouteCollection->group('pharmacy', [...], Object(Closure))
 5 SYSTEMPATH\Router\RouteCollection.php(339): require('C:\\xampp\\htdocs\\hms_ram\\app\\Config\\Routes.php')
 6 SYSTEMPATH\CodeIgniter.php(821): CodeIgniter\Router\RouteCollection->loadRoutes()
 7 SYSTEMPATH\CodeIgniter.php(455): CodeIgniter\CodeIgniter->tryToRouteIt(null)
 8 SYSTEMPATH\CodeIgniter.php(354): CodeIgniter\CodeIgniter->handleRequest(null, Object(Config\Cache), false)
 9 SYSTEMPATH\Boot.php(334): CodeIgniter\CodeIgniter->run()
10 SYSTEMPATH\Boot.php(67): CodeIgniter\Boot::runCodeIgniter(Object(CodeIgniter\CodeIgniter))
11 FCPATH\index.php(46): CodeIgniter\Boot::bootWeb(Object(Config\Paths))
WARNING - 2025-08-01 03:48:02 --> [DEPRECATED] Passing lowercase HTTP method "post" is deprecated. Use uppercase HTTP method like "POST". in SYSTEMPATH\Router\RouteCollection.php on line 1026.
 1 SYSTEMPATH\Router\RouteCollection.php(1026): trigger_error('Passing lowercase HTTP method "post" is deprecated. Use uppercase HTTP method like "POST".', 16384)
 2 APPPATH\Config\Routes.php(191): CodeIgniter\Router\RouteCollection->match([...], 'purchases/receive-stock/(:num)', 'Purchases::receiveStock/$1')
 3 SYSTEMPATH\Router\RouteCollection.php(799): CodeIgniter\Router\RouteCollection->{closure}(Object(CodeIgniter\Router\RouteCollection))
 4 APPPATH\Config\Routes.php(156): CodeIgniter\Router\RouteCollection->group('pharmacy', [...], Object(Closure))
 5 SYSTEMPATH\Router\RouteCollection.php(339): require('C:\\xampp\\htdocs\\hms_ram\\app\\Config\\Routes.php')
 6 SYSTEMPATH\CodeIgniter.php(821): CodeIgniter\Router\RouteCollection->loadRoutes()
 7 SYSTEMPATH\CodeIgniter.php(455): CodeIgniter\CodeIgniter->tryToRouteIt(null)
 8 SYSTEMPATH\CodeIgniter.php(354): CodeIgniter\CodeIgniter->handleRequest(null, Object(Config\Cache), false)
 9 SYSTEMPATH\Boot.php(334): CodeIgniter\CodeIgniter->run()
10 SYSTEMPATH\Boot.php(67): CodeIgniter\Boot::runCodeIgniter(Object(CodeIgniter\CodeIgniter))
11 FCPATH\index.php(46): CodeIgniter\Boot::bootWeb(Object(Config\Paths))
WARNING - 2025-08-01 03:48:02 --> [DEPRECATED] Passing lowercase HTTP method "post" is deprecated. Use uppercase HTTP method like "POST". in SYSTEMPATH\Router\RouteCollection.php on line 1026.
 1 SYSTEMPATH\Router\RouteCollection.php(1026): trigger_error('Passing lowercase HTTP method "post" is deprecated. Use uppercase HTTP method like "POST".', 16384)
 2 APPPATH\Config\Routes.php(191): CodeIgniter\Router\RouteCollection->match([...], 'purchases/receive-stock/(:num)', 'Purchases::receiveStock/$1')
 3 SYSTEMPATH\Router\RouteCollection.php(799): CodeIgniter\Router\RouteCollection->{closure}(Object(CodeIgniter\Router\RouteCollection))
 4 APPPATH\Config\Routes.php(156): CodeIgniter\Router\RouteCollection->group('pharmacy', [...], Object(Closure))
 5 SYSTEMPATH\Router\RouteCollection.php(339): require('C:\\xampp\\htdocs\\hms_ram\\app\\Config\\Routes.php')
 6 SYSTEMPATH\CodeIgniter.php(821): CodeIgniter\Router\RouteCollection->loadRoutes()
 7 SYSTEMPATH\CodeIgniter.php(455): CodeIgniter\CodeIgniter->tryToRouteIt(null)
 8 SYSTEMPATH\CodeIgniter.php(354): CodeIgniter\CodeIgniter->handleRequest(null, Object(Config\Cache), false)
 9 SYSTEMPATH\Boot.php(334): CodeIgniter\CodeIgniter->run()
10 SYSTEMPATH\Boot.php(67): CodeIgniter\Boot::runCodeIgniter(Object(CodeIgniter\CodeIgniter))
11 FCPATH\index.php(46): CodeIgniter\Boot::bootWeb(Object(Config\Paths))
