DEBUG - 2025-09-11 03:58:19 --> Session: Class initialized using 'CodeIgniter\Session\Handlers\FileHandler' driver.
DEBUG - 2025-09-11 03:58:25 --> Session: Class initialized using 'CodeIgniter\Session\Handlers\FileHandler' driver.
DEBUG - 2025-09-11 03:58:25 --> Session: Class initialized using 'CodeIgniter\Session\Handlers\FileHandler' driver.
DEBUG - 2025-09-11 03:58:27 --> Session: Class initialized using 'CodeIgniter\Session\Handlers\FileHandler' driver.
DEBUG - 2025-09-11 03:58:28 --> Session: Class initialized using 'CodeIgniter\Session\Handlers\FileHandler' driver.
DEBUG - 2025-09-11 03:58:29 --> Session: Class initialized using 'CodeIgniter\Session\Handlers\FileHandler' driver.
DEBUG - 2025-09-11 03:58:32 --> Session: Class initialized using 'CodeIgniter\Session\Handlers\FileHandler' driver.
DEBUG - 2025-09-11 03:58:34 --> Session: Class initialized using 'CodeIgniter\Session\Handlers\FileHandler' driver.
DEBUG - 2025-09-11 03:58:40 --> Session: Class initialized using 'CodeIgniter\Session\Handlers\FileHandler' driver.
DEBUG - 2025-09-11 03:58:45 --> Session: Class initialized using 'CodeIgniter\Session\Handlers\FileHandler' driver.
DEBUG - 2025-09-11 04:01:09 --> Session: Class initialized using 'CodeIgniter\Session\Handlers\FileHandler' driver.
DEBUG - 2025-09-11 04:01:11 --> Session: Class initialized using 'CodeIgniter\Session\Handlers\FileHandler' driver.
DEBUG - 2025-09-11 04:01:14 --> Session: Class initialized using 'CodeIgniter\Session\Handlers\FileHandler' driver.
DEBUG - 2025-09-11 04:01:17 --> Session: Class initialized using 'CodeIgniter\Session\Handlers\FileHandler' driver.
DEBUG - 2025-09-11 04:01:20 --> Session: Class initialized using 'CodeIgniter\Session\Handlers\FileHandler' driver.
DEBUG - 2025-09-11 04:02:24 --> Session: Class initialized using 'CodeIgniter\Session\Handlers\FileHandler' driver.
DEBUG - 2025-09-11 04:02:24 --> Session: Class initialized using 'CodeIgniter\Session\Handlers\FileHandler' driver.
DEBUG - 2025-09-11 04:02:27 --> Session: Class initialized using 'CodeIgniter\Session\Handlers\FileHandler' driver.
DEBUG - 2025-09-11 04:02:29 --> Session: Class initialized using 'CodeIgniter\Session\Handlers\FileHandler' driver.
DEBUG - 2025-09-11 04:02:31 --> Session: Class initialized using 'CodeIgniter\Session\Handlers\FileHandler' driver.
DEBUG - 2025-09-11 04:02:34 --> Session: Class initialized using 'CodeIgniter\Session\Handlers\FileHandler' driver.
DEBUG - 2025-09-11 04:02:36 --> Session: Class initialized using 'CodeIgniter\Session\Handlers\FileHandler' driver.
DEBUG - 2025-09-11 04:02:39 --> Session: Class initialized using 'CodeIgniter\Session\Handlers\FileHandler' driver.
DEBUG - 2025-09-11 04:02:41 --> Session: Class initialized using 'CodeIgniter\Session\Handlers\FileHandler' driver.
DEBUG - 2025-09-11 04:02:44 --> Session: Class initialized using 'CodeIgniter\Session\Handlers\FileHandler' driver.
DEBUG - 2025-09-11 04:03:56 --> Session: Class initialized using 'CodeIgniter\Session\Handlers\FileHandler' driver.
DEBUG - 2025-09-11 04:03:57 --> Session: Class initialized using 'CodeIgniter\Session\Handlers\FileHandler' driver.
DEBUG - 2025-09-11 04:03:59 --> Session: Class initialized using 'CodeIgniter\Session\Handlers\FileHandler' driver.
DEBUG - 2025-09-11 04:07:00 --> Session: Class initialized using 'CodeIgniter\Session\Handlers\FileHandler' driver.
DEBUG - 2025-09-11 04:07:01 --> Session: Class initialized using 'CodeIgniter\Session\Handlers\FileHandler' driver.
ERROR - 2025-09-11 04:07:01 --> mysqli_sql_exception: Unknown column 'pm.generic_name' in 'field list' in C:\xampp\htdocs\hms_ram\system\Database\MySQLi\Connection.php:327
Stack trace:
#0 C:\xampp\htdocs\hms_ram\system\Database\MySQLi\Connection.php(327): mysqli->query('\r\n            S...', 0)
#1 C:\xampp\htdocs\hms_ram\system\Database\BaseConnection.php(738): CodeIgniter\Database\MySQLi\Connection->execute('\r\n            S...')
#2 C:\xampp\htdocs\hms_ram\system\Database\BaseConnection.php(652): CodeIgniter\Database\BaseConnection->simpleQuery('\r\n            S...')
#3 C:\xampp\htdocs\hms_ram\app\Controllers\Pharmacy\Sales.php(311): CodeIgniter\Database\BaseConnection->query('\r\n            S...', Array)
#4 C:\xampp\htdocs\hms_ram\system\CodeIgniter.php(933): App\Controllers\Pharmacy\Sales->invoice('PHM-OP-20250911...')
#5 C:\xampp\htdocs\hms_ram\system\CodeIgniter.php(507): CodeIgniter\CodeIgniter->runController(Object(App\Controllers\Pharmacy\Sales))
#6 C:\xampp\htdocs\hms_ram\system\CodeIgniter.php(354): CodeIgniter\CodeIgniter->handleRequest(NULL, Object(Config\Cache), false)
#7 C:\xampp\htdocs\hms_ram\system\Boot.php(334): CodeIgniter\CodeIgniter->run()
#8 C:\xampp\htdocs\hms_ram\system\Boot.php(67): CodeIgniter\Boot::runCodeIgniter(Object(CodeIgniter\CodeIgniter))
#9 C:\xampp\htdocs\hms_ram\index.php(46): CodeIgniter\Boot::bootWeb(Object(Config\Paths))
#10 {main}
CRITICAL - 2025-09-11 04:07:01 --> CodeIgniter\Database\Exceptions\DatabaseException: Unknown column 'pm.generic_name' in 'field list'
[Method: GET, Route: pharmacy/sales/invoice/PHM-OP-20250911-00015]
in SYSTEMPATH\Database\BaseConnection.php on line 692.
 1 APPPATH\Controllers\Pharmacy\Sales.php(311): CodeIgniter\Database\BaseConnection->query('
            SELECT
                psi.*,
                pm.generic_name,
                pm.brand_name,
                pm.strength,
                pm.hsn_code,
                pm.gst_rate,
                pb.batch_number,
                pb.expiry_date,
                um.name AS unit_name
            FROM pharmacy_sale_items psi
            JOIN pharmacy_medicines pm ON pm.id = psi.medicine_id
            JOIN pharmacy_batches pb ON pb.id = psi.batch_id
            LEFT JOIN pharmacy_units_of_measure um ON um.id = pm.unit_of_measure_id
            WHERE psi.sale_id = ?
        ', [...])
 2 SYSTEMPATH\CodeIgniter.php(933): App\Controllers\Pharmacy\Sales->invoice('PHM-OP-20250911-00015')
 3 SYSTEMPATH\CodeIgniter.php(507): CodeIgniter\CodeIgniter->runController(Object(App\Controllers\Pharmacy\Sales))
 4 SYSTEMPATH\CodeIgniter.php(354): CodeIgniter\CodeIgniter->handleRequest(null, Object(Config\Cache), false)
 5 SYSTEMPATH\Boot.php(334): CodeIgniter\CodeIgniter->run()
 6 SYSTEMPATH\Boot.php(67): CodeIgniter\Boot::runCodeIgniter(Object(CodeIgniter\CodeIgniter))
 7 FCPATH\index.php(46): CodeIgniter\Boot::bootWeb(Object(Config\Paths))
CRITICAL - 2025-09-11 04:07:01 --> [Caused by] CodeIgniter\Database\Exceptions\DatabaseException: Unknown column 'pm.generic_name' in 'field list'
in SYSTEMPATH\Database\MySQLi\Connection.php on line 332.
 1 SYSTEMPATH\Database\BaseConnection.php(738): CodeIgniter\Database\MySQLi\Connection->execute('
            SELECT
                psi.*,
                pm.generic_name,
                pm.brand_name,
                pm.strength,
                pm.hsn_code,
                pm.gst_rate,
                pb.batch_number,
                pb.expiry_date,
                um.name AS unit_name
            FROM pharmacy_sale_items psi
            JOIN pharmacy_medicines pm ON pm.id = psi.medicine_id
            JOIN pharmacy_batches pb ON pb.id = psi.batch_id
            LEFT JOIN pharmacy_units_of_measure um ON um.id = pm.unit_of_measure_id
            WHERE psi.sale_id = \'33\'
        ')
 2 SYSTEMPATH\Database\BaseConnection.php(652): CodeIgniter\Database\BaseConnection->simpleQuery('
            SELECT
                psi.*,
                pm.generic_name,
                pm.brand_name,
                pm.strength,
                pm.hsn_code,
                pm.gst_rate,
                pb.batch_number,
                pb.expiry_date,
                um.name AS unit_name
            FROM pharmacy_sale_items psi
            JOIN pharmacy_medicines pm ON pm.id = psi.medicine_id
            JOIN pharmacy_batches pb ON pb.id = psi.batch_id
            LEFT JOIN pharmacy_units_of_measure um ON um.id = pm.unit_of_measure_id
            WHERE psi.sale_id = \'33\'
        ')
 3 APPPATH\Controllers\Pharmacy\Sales.php(311): CodeIgniter\Database\BaseConnection->query('
            SELECT
                psi.*,
                pm.generic_name,
                pm.brand_name,
                pm.strength,
                pm.hsn_code,
                pm.gst_rate,
                pb.batch_number,
                pb.expiry_date,
                um.name AS unit_name
            FROM pharmacy_sale_items psi
            JOIN pharmacy_medicines pm ON pm.id = psi.medicine_id
            JOIN pharmacy_batches pb ON pb.id = psi.batch_id
            LEFT JOIN pharmacy_units_of_measure um ON um.id = pm.unit_of_measure_id
            WHERE psi.sale_id = ?
        ', [...])
 4 SYSTEMPATH\CodeIgniter.php(933): App\Controllers\Pharmacy\Sales->invoice('PHM-OP-20250911-00015')
 5 SYSTEMPATH\CodeIgniter.php(507): CodeIgniter\CodeIgniter->runController(Object(App\Controllers\Pharmacy\Sales))
 6 SYSTEMPATH\CodeIgniter.php(354): CodeIgniter\CodeIgniter->handleRequest(null, Object(Config\Cache), false)
 7 SYSTEMPATH\Boot.php(334): CodeIgniter\CodeIgniter->run()
 8 SYSTEMPATH\Boot.php(67): CodeIgniter\Boot::runCodeIgniter(Object(CodeIgniter\CodeIgniter))
 9 FCPATH\index.php(46): CodeIgniter\Boot::bootWeb(Object(Config\Paths))
CRITICAL - 2025-09-11 04:07:01 --> [Caused by] mysqli_sql_exception: Unknown column 'pm.generic_name' in 'field list'
in SYSTEMPATH\Database\MySQLi\Connection.php on line 327.
 1 SYSTEMPATH\Database\MySQLi\Connection.php(327): mysqli->query('
            SELECT
                psi.*,
                pm.generic_name,
                pm.brand_name,
                pm.strength,
                pm.hsn_code,
                pm.gst_rate,
                pb.batch_number,
                pb.expiry_date,
                um.name AS unit_name
            FROM pharmacy_sale_items psi
            JOIN pharmacy_medicines pm ON pm.id = psi.medicine_id
            JOIN pharmacy_batches pb ON pb.id = psi.batch_id
            LEFT JOIN pharmacy_units_of_measure um ON um.id = pm.unit_of_measure_id
            WHERE psi.sale_id = \'33\'
        ', 0)
 2 SYSTEMPATH\Database\BaseConnection.php(738): CodeIgniter\Database\MySQLi\Connection->execute('
            SELECT
                psi.*,
                pm.generic_name,
                pm.brand_name,
                pm.strength,
                pm.hsn_code,
                pm.gst_rate,
                pb.batch_number,
                pb.expiry_date,
                um.name AS unit_name
            FROM pharmacy_sale_items psi
            JOIN pharmacy_medicines pm ON pm.id = psi.medicine_id
            JOIN pharmacy_batches pb ON pb.id = psi.batch_id
            LEFT JOIN pharmacy_units_of_measure um ON um.id = pm.unit_of_measure_id
            WHERE psi.sale_id = \'33\'
        ')
 3 SYSTEMPATH\Database\BaseConnection.php(652): CodeIgniter\Database\BaseConnection->simpleQuery('
            SELECT
                psi.*,
                pm.generic_name,
                pm.brand_name,
                pm.strength,
                pm.hsn_code,
                pm.gst_rate,
                pb.batch_number,
                pb.expiry_date,
                um.name AS unit_name
            FROM pharmacy_sale_items psi
            JOIN pharmacy_medicines pm ON pm.id = psi.medicine_id
            JOIN pharmacy_batches pb ON pb.id = psi.batch_id
            LEFT JOIN pharmacy_units_of_measure um ON um.id = pm.unit_of_measure_id
            WHERE psi.sale_id = \'33\'
        ')
 4 APPPATH\Controllers\Pharmacy\Sales.php(311): CodeIgniter\Database\BaseConnection->query('
            SELECT
                psi.*,
                pm.generic_name,
                pm.brand_name,
                pm.strength,
                pm.hsn_code,
                pm.gst_rate,
                pb.batch_number,
                pb.expiry_date,
                um.name AS unit_name
            FROM pharmacy_sale_items psi
            JOIN pharmacy_medicines pm ON pm.id = psi.medicine_id
            JOIN pharmacy_batches pb ON pb.id = psi.batch_id
            LEFT JOIN pharmacy_units_of_measure um ON um.id = pm.unit_of_measure_id
            WHERE psi.sale_id = ?
        ', [...])
 5 SYSTEMPATH\CodeIgniter.php(933): App\Controllers\Pharmacy\Sales->invoice('PHM-OP-20250911-00015')
 6 SYSTEMPATH\CodeIgniter.php(507): CodeIgniter\CodeIgniter->runController(Object(App\Controllers\Pharmacy\Sales))
 7 SYSTEMPATH\CodeIgniter.php(354): CodeIgniter\CodeIgniter->handleRequest(null, Object(Config\Cache), false)
 8 SYSTEMPATH\Boot.php(334): CodeIgniter\CodeIgniter->run()
 9 SYSTEMPATH\Boot.php(67): CodeIgniter\Boot::runCodeIgniter(Object(CodeIgniter\CodeIgniter))
10 FCPATH\index.php(46): CodeIgniter\Boot::bootWeb(Object(Config\Paths))
DEBUG - 2025-09-11 04:11:50 --> Session: Class initialized using 'CodeIgniter\Session\Handlers\FileHandler' driver.
DEBUG - 2025-09-11 04:11:50 --> Session: Class initialized using 'CodeIgniter\Session\Handlers\FileHandler' driver.
DEBUG - 2025-09-11 04:11:50 --> Session: Class initialized using 'CodeIgniter\Session\Handlers\FileHandler' driver.
DEBUG - 2025-09-11 04:11:50 --> Session: Class initialized using 'CodeIgniter\Session\Handlers\FileHandler' driver.
CRITICAL - 2025-09-11 04:11:52 --> ErrorException: unlink(C:\xampp\htdocs\hms_ram\writable\debugbar/debugbar_1757563344.862159.json): No such file or directory
[Method: GET, Route: /]
in SYSTEMPATH\Debug\Toolbar\Collectors\History.php on line 82.
 1 [internal function]: CodeIgniter\Debug\Exceptions->errorHandler(2, 'unlink(C:\\xampp\\htdocs\\hms_ram\\writable\\debugbar/debugbar_1757563344.862159.json): No such file or directory', 'C:\\xampp\\htdocs\\hms_ram\\system\\Debug\\Toolbar\\Collectors\\History.php', 82)
 2 SYSTEMPATH\Debug\Toolbar\Collectors\History.php(82): unlink('C:\\xampp\\htdocs\\hms_ram\\writable\\debugbar/debugbar_1757563344.862159.json')
 3 SYSTEMPATH\Debug\Toolbar.php(517): CodeIgniter\Debug\Toolbar\Collectors\History->setFiles('1757563910.812704', 20)
 4 SYSTEMPATH\Debug\Toolbar.php(496): CodeIgniter\Debug\Toolbar->format([...], 'html')
 5 APPPATH\Config\Events.php(47): CodeIgniter\Debug\Toolbar->respond()
 6 SYSTEMPATH\Events\Events.php(155): CodeIgniter\Events\Events::Config\{closure}()
 7 SYSTEMPATH\CodeIgniter.php(339): CodeIgniter\Events\Events::trigger('pre_system')
 8 SYSTEMPATH\Boot.php(334): CodeIgniter\CodeIgniter->run()
 9 SYSTEMPATH\Boot.php(67): CodeIgniter\Boot::runCodeIgniter(Object(CodeIgniter\CodeIgniter))
10 FCPATH\index.php(46): CodeIgniter\Boot::bootWeb(Object(Config\Paths))
CRITICAL - 2025-09-11 04:11:52 --> ErrorException: unlink(C:\xampp\htdocs\hms_ram\writable\debugbar/debugbar_1757563344.862159.json): No such file or directory
[Method: GET, Route: /]
in SYSTEMPATH\Debug\Toolbar\Collectors\History.php on line 82.
 1 [internal function]: CodeIgniter\Debug\Exceptions->errorHandler(2, 'unlink(C:\\xampp\\htdocs\\hms_ram\\writable\\debugbar/debugbar_1757563344.862159.json): No such file or directory', 'C:\\xampp\\htdocs\\hms_ram\\system\\Debug\\Toolbar\\Collectors\\History.php', 82)
 2 SYSTEMPATH\Debug\Toolbar\Collectors\History.php(82): unlink('C:\\xampp\\htdocs\\hms_ram\\writable\\debugbar/debugbar_1757563344.862159.json')
 3 SYSTEMPATH\Debug\Toolbar.php(517): CodeIgniter\Debug\Toolbar\Collectors\History->setFiles('1757563910.744736', 20)
 4 SYSTEMPATH\Debug\Toolbar.php(496): CodeIgniter\Debug\Toolbar->format([...], 'html')
 5 APPPATH\Config\Events.php(47): CodeIgniter\Debug\Toolbar->respond()
 6 SYSTEMPATH\Events\Events.php(155): CodeIgniter\Events\Events::Config\{closure}()
 7 SYSTEMPATH\CodeIgniter.php(339): CodeIgniter\Events\Events::trigger('pre_system')
 8 SYSTEMPATH\Boot.php(334): CodeIgniter\CodeIgniter->run()
 9 SYSTEMPATH\Boot.php(67): CodeIgniter\Boot::runCodeIgniter(Object(CodeIgniter\CodeIgniter))
10 FCPATH\index.php(46): CodeIgniter\Boot::bootWeb(Object(Config\Paths))
CRITICAL - 2025-09-11 04:11:52 --> ErrorException: unlink(C:\xampp\htdocs\hms_ram\writable\debugbar/debugbar_1757563344.862159.json): No such file or directory
[Method: GET, Route: /]
in SYSTEMPATH\Debug\Toolbar\Collectors\History.php on line 82.
 1 [internal function]: CodeIgniter\Debug\Exceptions->errorHandler(2, 'unlink(C:\\xampp\\htdocs\\hms_ram\\writable\\debugbar/debugbar_1757563344.862159.json): No such file or directory', 'C:\\xampp\\htdocs\\hms_ram\\system\\Debug\\Toolbar\\Collectors\\History.php', 82)
 2 SYSTEMPATH\Debug\Toolbar\Collectors\History.php(82): unlink('C:\\xampp\\htdocs\\hms_ram\\writable\\debugbar/debugbar_1757563344.862159.json')
 3 SYSTEMPATH\Debug\Toolbar.php(517): CodeIgniter\Debug\Toolbar\Collectors\History->setFiles('1757563910.232280', 20)
 4 SYSTEMPATH\Debug\Toolbar.php(496): CodeIgniter\Debug\Toolbar->format([...], 'html')
 5 APPPATH\Config\Events.php(47): CodeIgniter\Debug\Toolbar->respond()
 6 SYSTEMPATH\Events\Events.php(155): CodeIgniter\Events\Events::Config\{closure}()
 7 SYSTEMPATH\CodeIgniter.php(339): CodeIgniter\Events\Events::trigger('pre_system')
 8 SYSTEMPATH\Boot.php(334): CodeIgniter\CodeIgniter->run()
 9 SYSTEMPATH\Boot.php(67): CodeIgniter\Boot::runCodeIgniter(Object(CodeIgniter\CodeIgniter))
10 FCPATH\index.php(46): CodeIgniter\Boot::bootWeb(Object(Config\Paths))
DEBUG - 2025-09-11 04:13:09 --> Session: Class initialized using 'CodeIgniter\Session\Handlers\FileHandler' driver.
DEBUG - 2025-09-11 04:13:27 --> Session: Class initialized using 'CodeIgniter\Session\Handlers\FileHandler' driver.
DEBUG - 2025-09-11 04:13:36 --> Session: Class initialized using 'CodeIgniter\Session\Handlers\FileHandler' driver.
DEBUG - 2025-09-11 04:49:45 --> Session: Class initialized using 'CodeIgniter\Session\Handlers\FileHandler' driver.
DEBUG - 2025-09-11 04:49:49 --> Session: Class initialized using 'CodeIgniter\Session\Handlers\FileHandler' driver.
DEBUG - 2025-09-11 04:49:52 --> Session: Class initialized using 'CodeIgniter\Session\Handlers\FileHandler' driver.
DEBUG - 2025-09-11 04:49:54 --> Session: Class initialized using 'CodeIgniter\Session\Handlers\FileHandler' driver.
ERROR - 2025-09-11 04:49:54 --> mysqli_sql_exception: Unknown column 'pharmacy_medicines.generic_name' in 'field list' in C:\xampp\htdocs\hms_ram\system\Database\MySQLi\Connection.php:327
Stack trace:
#0 C:\xampp\htdocs\hms_ram\system\Database\MySQLi\Connection.php(327): mysqli->query('SELECT `pharmac...', 0)
#1 C:\xampp\htdocs\hms_ram\system\Database\BaseConnection.php(738): CodeIgniter\Database\MySQLi\Connection->execute('SELECT `pharmac...')
#2 C:\xampp\htdocs\hms_ram\system\Database\BaseConnection.php(652): CodeIgniter\Database\BaseConnection->simpleQuery('SELECT `pharmac...')
#3 C:\xampp\htdocs\hms_ram\system\Database\BaseBuilder.php(1649): CodeIgniter\Database\BaseConnection->query('SELECT `pharmac...', Array, false)
#4 C:\xampp\htdocs\hms_ram\system\Model.php(286): CodeIgniter\Database\BaseBuilder->get()
#5 C:\xampp\htdocs\hms_ram\system\BaseModel.php(679): CodeIgniter\Model->doFindAll(0, 0)
#6 C:\xampp\htdocs\hms_ram\app\Controllers\Pharmacy\Sales.php(400): CodeIgniter\BaseModel->findAll()
#7 C:\xampp\htdocs\hms_ram\system\CodeIgniter.php(933): App\Controllers\Pharmacy\Sales->invoice('PHM-OP-20250911...')
#8 C:\xampp\htdocs\hms_ram\system\CodeIgniter.php(507): CodeIgniter\CodeIgniter->runController(Object(App\Controllers\Pharmacy\Sales))
#9 C:\xampp\htdocs\hms_ram\system\CodeIgniter.php(354): CodeIgniter\CodeIgniter->handleRequest(NULL, Object(Config\Cache), false)
#10 C:\xampp\htdocs\hms_ram\system\Boot.php(334): CodeIgniter\CodeIgniter->run()
#11 C:\xampp\htdocs\hms_ram\system\Boot.php(67): CodeIgniter\Boot::runCodeIgniter(Object(CodeIgniter\CodeIgniter))
#12 C:\xampp\htdocs\hms_ram\index.php(46): CodeIgniter\Boot::bootWeb(Object(Config\Paths))
#13 {main}
CRITICAL - 2025-09-11 04:49:54 --> CodeIgniter\Database\Exceptions\DatabaseException: Unknown column 'pharmacy_medicines.generic_name' in 'field list'
[Method: GET, Route: pharmacy/sales/invoice/PHM-OP-20250911-00015]
in SYSTEMPATH\Database\BaseConnection.php on line 692.
 1 SYSTEMPATH\Database\BaseBuilder.php(1649): CodeIgniter\Database\BaseConnection->query('SELECT `pharmacy_returns`.*, `pharmacy_medicines`.`generic_name` as `medicine_name`, `pharmacy_sale_items`.`unit_selling_price`
FROM `pharmacy_returns`
JOIN `pharmacy_medicines` ON `pharmacy_medicines`.`id` = `pharmacy_returns`.`medicine_id`
JOIN `pharmacy_sale_items` ON `pharmacy_sale_items`.`id` = `pharmacy_returns`.`sale_item_id`
WHERE `pharmacy_returns`.`sale_id` = :pharmacy_returns.sale_id:
AND `pharmacy_returns`.`approval_status` = :pharmacy_returns.approval_status:', [...], false)
 2 SYSTEMPATH\Model.php(286): CodeIgniter\Database\BaseBuilder->get()
 3 SYSTEMPATH\BaseModel.php(679): CodeIgniter\Model->doFindAll(0, 0)
 4 APPPATH\Controllers\Pharmacy\Sales.php(400): CodeIgniter\BaseModel->findAll()
 5 SYSTEMPATH\CodeIgniter.php(933): App\Controllers\Pharmacy\Sales->invoice('PHM-OP-20250911-00015')
 6 SYSTEMPATH\CodeIgniter.php(507): CodeIgniter\CodeIgniter->runController(Object(App\Controllers\Pharmacy\Sales))
 7 SYSTEMPATH\CodeIgniter.php(354): CodeIgniter\CodeIgniter->handleRequest(null, Object(Config\Cache), false)
 8 SYSTEMPATH\Boot.php(334): CodeIgniter\CodeIgniter->run()
 9 SYSTEMPATH\Boot.php(67): CodeIgniter\Boot::runCodeIgniter(Object(CodeIgniter\CodeIgniter))
10 FCPATH\index.php(46): CodeIgniter\Boot::bootWeb(Object(Config\Paths))
CRITICAL - 2025-09-11 04:49:54 --> [Caused by] CodeIgniter\Database\Exceptions\DatabaseException: Unknown column 'pharmacy_medicines.generic_name' in 'field list'
in SYSTEMPATH\Database\MySQLi\Connection.php on line 332.
 1 SYSTEMPATH\Database\BaseConnection.php(738): CodeIgniter\Database\MySQLi\Connection->execute('SELECT `pharmacy_returns`.*, `pharmacy_medicines`.`generic_name` as `medicine_name`, `pharmacy_sale_items`.`unit_selling_price`
FROM `pharmacy_returns`
JOIN `pharmacy_medicines` ON `pharmacy_medicines`.`id` = `pharmacy_returns`.`medicine_id`
JOIN `pharmacy_sale_items` ON `pharmacy_sale_items`.`id` = `pharmacy_returns`.`sale_item_id`
WHERE `pharmacy_returns`.`sale_id` = \'33\'
AND `pharmacy_returns`.`approval_status` = \'approved\'')
 2 SYSTEMPATH\Database\BaseConnection.php(652): CodeIgniter\Database\BaseConnection->simpleQuery('SELECT `pharmacy_returns`.*, `pharmacy_medicines`.`generic_name` as `medicine_name`, `pharmacy_sale_items`.`unit_selling_price`
FROM `pharmacy_returns`
JOIN `pharmacy_medicines` ON `pharmacy_medicines`.`id` = `pharmacy_returns`.`medicine_id`
JOIN `pharmacy_sale_items` ON `pharmacy_sale_items`.`id` = `pharmacy_returns`.`sale_item_id`
WHERE `pharmacy_returns`.`sale_id` = \'33\'
AND `pharmacy_returns`.`approval_status` = \'approved\'')
 3 SYSTEMPATH\Database\BaseBuilder.php(1649): CodeIgniter\Database\BaseConnection->query('SELECT `pharmacy_returns`.*, `pharmacy_medicines`.`generic_name` as `medicine_name`, `pharmacy_sale_items`.`unit_selling_price`
FROM `pharmacy_returns`
JOIN `pharmacy_medicines` ON `pharmacy_medicines`.`id` = `pharmacy_returns`.`medicine_id`
JOIN `pharmacy_sale_items` ON `pharmacy_sale_items`.`id` = `pharmacy_returns`.`sale_item_id`
WHERE `pharmacy_returns`.`sale_id` = :pharmacy_returns.sale_id:
AND `pharmacy_returns`.`approval_status` = :pharmacy_returns.approval_status:', [...], false)
 4 SYSTEMPATH\Model.php(286): CodeIgniter\Database\BaseBuilder->get()
 5 SYSTEMPATH\BaseModel.php(679): CodeIgniter\Model->doFindAll(0, 0)
 6 APPPATH\Controllers\Pharmacy\Sales.php(400): CodeIgniter\BaseModel->findAll()
 7 SYSTEMPATH\CodeIgniter.php(933): App\Controllers\Pharmacy\Sales->invoice('PHM-OP-20250911-00015')
 8 SYSTEMPATH\CodeIgniter.php(507): CodeIgniter\CodeIgniter->runController(Object(App\Controllers\Pharmacy\Sales))
 9 SYSTEMPATH\CodeIgniter.php(354): CodeIgniter\CodeIgniter->handleRequest(null, Object(Config\Cache), false)
10 SYSTEMPATH\Boot.php(334): CodeIgniter\CodeIgniter->run()
11 SYSTEMPATH\Boot.php(67): CodeIgniter\Boot::runCodeIgniter(Object(CodeIgniter\CodeIgniter))
12 FCPATH\index.php(46): CodeIgniter\Boot::bootWeb(Object(Config\Paths))
CRITICAL - 2025-09-11 04:49:54 --> [Caused by] mysqli_sql_exception: Unknown column 'pharmacy_medicines.generic_name' in 'field list'
in SYSTEMPATH\Database\MySQLi\Connection.php on line 327.
 1 SYSTEMPATH\Database\MySQLi\Connection.php(327): mysqli->query('SELECT `pharmacy_returns`.*, `pharmacy_medicines`.`generic_name` as `medicine_name`, `pharmacy_sale_items`.`unit_selling_price`
FROM `pharmacy_returns`
JOIN `pharmacy_medicines` ON `pharmacy_medicines`.`id` = `pharmacy_returns`.`medicine_id`
JOIN `pharmacy_sale_items` ON `pharmacy_sale_items`.`id` = `pharmacy_returns`.`sale_item_id`
WHERE `pharmacy_returns`.`sale_id` = \'33\'
AND `pharmacy_returns`.`approval_status` = \'approved\'', 0)
 2 SYSTEMPATH\Database\BaseConnection.php(738): CodeIgniter\Database\MySQLi\Connection->execute('SELECT `pharmacy_returns`.*, `pharmacy_medicines`.`generic_name` as `medicine_name`, `pharmacy_sale_items`.`unit_selling_price`
FROM `pharmacy_returns`
JOIN `pharmacy_medicines` ON `pharmacy_medicines`.`id` = `pharmacy_returns`.`medicine_id`
JOIN `pharmacy_sale_items` ON `pharmacy_sale_items`.`id` = `pharmacy_returns`.`sale_item_id`
WHERE `pharmacy_returns`.`sale_id` = \'33\'
AND `pharmacy_returns`.`approval_status` = \'approved\'')
 3 SYSTEMPATH\Database\BaseConnection.php(652): CodeIgniter\Database\BaseConnection->simpleQuery('SELECT `pharmacy_returns`.*, `pharmacy_medicines`.`generic_name` as `medicine_name`, `pharmacy_sale_items`.`unit_selling_price`
FROM `pharmacy_returns`
JOIN `pharmacy_medicines` ON `pharmacy_medicines`.`id` = `pharmacy_returns`.`medicine_id`
JOIN `pharmacy_sale_items` ON `pharmacy_sale_items`.`id` = `pharmacy_returns`.`sale_item_id`
WHERE `pharmacy_returns`.`sale_id` = \'33\'
AND `pharmacy_returns`.`approval_status` = \'approved\'')
 4 SYSTEMPATH\Database\BaseBuilder.php(1649): CodeIgniter\Database\BaseConnection->query('SELECT `pharmacy_returns`.*, `pharmacy_medicines`.`generic_name` as `medicine_name`, `pharmacy_sale_items`.`unit_selling_price`
FROM `pharmacy_returns`
JOIN `pharmacy_medicines` ON `pharmacy_medicines`.`id` = `pharmacy_returns`.`medicine_id`
JOIN `pharmacy_sale_items` ON `pharmacy_sale_items`.`id` = `pharmacy_returns`.`sale_item_id`
WHERE `pharmacy_returns`.`sale_id` = :pharmacy_returns.sale_id:
AND `pharmacy_returns`.`approval_status` = :pharmacy_returns.approval_status:', [...], false)
 5 SYSTEMPATH\Model.php(286): CodeIgniter\Database\BaseBuilder->get()
 6 SYSTEMPATH\BaseModel.php(679): CodeIgniter\Model->doFindAll(0, 0)
 7 APPPATH\Controllers\Pharmacy\Sales.php(400): CodeIgniter\BaseModel->findAll()
 8 SYSTEMPATH\CodeIgniter.php(933): App\Controllers\Pharmacy\Sales->invoice('PHM-OP-20250911-00015')
 9 SYSTEMPATH\CodeIgniter.php(507): CodeIgniter\CodeIgniter->runController(Object(App\Controllers\Pharmacy\Sales))
10 SYSTEMPATH\CodeIgniter.php(354): CodeIgniter\CodeIgniter->handleRequest(null, Object(Config\Cache), false)
11 SYSTEMPATH\Boot.php(334): CodeIgniter\CodeIgniter->run()
12 SYSTEMPATH\Boot.php(67): CodeIgniter\Boot::runCodeIgniter(Object(CodeIgniter\CodeIgniter))
13 FCPATH\index.php(46): CodeIgniter\Boot::bootWeb(Object(Config\Paths))
DEBUG - 2025-09-11 05:04:54 --> Session: Class initialized using 'CodeIgniter\Session\Handlers\FileHandler' driver.
DEBUG - 2025-09-11 05:04:55 --> Session: Class initialized using 'CodeIgniter\Session\Handlers\FileHandler' driver.
ERROR - 2025-09-11 05:04:56 --> mysqli_sql_exception: Unknown column 'pharmacy_medicines.generic_name' in 'field list' in C:\xampp\htdocs\hms_ram\system\Database\MySQLi\Connection.php:327
Stack trace:
#0 C:\xampp\htdocs\hms_ram\system\Database\MySQLi\Connection.php(327): mysqli->query('SELECT `pharmac...', 0)
#1 C:\xampp\htdocs\hms_ram\system\Database\BaseConnection.php(738): CodeIgniter\Database\MySQLi\Connection->execute('SELECT `pharmac...')
#2 C:\xampp\htdocs\hms_ram\system\Database\BaseConnection.php(652): CodeIgniter\Database\BaseConnection->simpleQuery('SELECT `pharmac...')
#3 C:\xampp\htdocs\hms_ram\system\Database\BaseBuilder.php(1649): CodeIgniter\Database\BaseConnection->query('SELECT `pharmac...', Array, false)
#4 C:\xampp\htdocs\hms_ram\system\Model.php(286): CodeIgniter\Database\BaseBuilder->get()
#5 C:\xampp\htdocs\hms_ram\system\BaseModel.php(679): CodeIgniter\Model->doFindAll(0, 0)
#6 C:\xampp\htdocs\hms_ram\app\Controllers\Pharmacy\Sales.php(401): CodeIgniter\BaseModel->findAll()
#7 C:\xampp\htdocs\hms_ram\system\CodeIgniter.php(933): App\Controllers\Pharmacy\Sales->invoice('PHM-OP-20250911...')
#8 C:\xampp\htdocs\hms_ram\system\CodeIgniter.php(507): CodeIgniter\CodeIgniter->runController(Object(App\Controllers\Pharmacy\Sales))
#9 C:\xampp\htdocs\hms_ram\system\CodeIgniter.php(354): CodeIgniter\CodeIgniter->handleRequest(NULL, Object(Config\Cache), false)
#10 C:\xampp\htdocs\hms_ram\system\Boot.php(334): CodeIgniter\CodeIgniter->run()
#11 C:\xampp\htdocs\hms_ram\system\Boot.php(67): CodeIgniter\Boot::runCodeIgniter(Object(CodeIgniter\CodeIgniter))
#12 C:\xampp\htdocs\hms_ram\index.php(46): CodeIgniter\Boot::bootWeb(Object(Config\Paths))
#13 {main}
CRITICAL - 2025-09-11 05:04:56 --> CodeIgniter\Database\Exceptions\DatabaseException: Unknown column 'pharmacy_medicines.generic_name' in 'field list'
[Method: GET, Route: pharmacy/sales/invoice/PHM-OP-20250911-00015]
in SYSTEMPATH\Database\BaseConnection.php on line 692.
 1 SYSTEMPATH\Database\BaseBuilder.php(1649): CodeIgniter\Database\BaseConnection->query('SELECT `pharmacy_returns`.*, `pharmacy_medicines`.`generic_name` as `medicine_name`, `pharmacy_sale_items`.`unit_selling_price`
FROM `pharmacy_returns`
JOIN `pharmacy_medicines` ON `pharmacy_medicines`.`id` = `pharmacy_returns`.`medicine_id`
JOIN `pharmacy_sale_items` ON `pharmacy_sale_items`.`id` = `pharmacy_returns`.`sale_item_id`
WHERE `pharmacy_returns`.`sale_id` = :pharmacy_returns.sale_id:
AND `pharmacy_returns`.`approval_status` = :pharmacy_returns.approval_status:', [...], false)
 2 SYSTEMPATH\Model.php(286): CodeIgniter\Database\BaseBuilder->get()
 3 SYSTEMPATH\BaseModel.php(679): CodeIgniter\Model->doFindAll(0, 0)
 4 APPPATH\Controllers\Pharmacy\Sales.php(401): CodeIgniter\BaseModel->findAll()
 5 SYSTEMPATH\CodeIgniter.php(933): App\Controllers\Pharmacy\Sales->invoice('PHM-OP-20250911-00015')
 6 SYSTEMPATH\CodeIgniter.php(507): CodeIgniter\CodeIgniter->runController(Object(App\Controllers\Pharmacy\Sales))
 7 SYSTEMPATH\CodeIgniter.php(354): CodeIgniter\CodeIgniter->handleRequest(null, Object(Config\Cache), false)
 8 SYSTEMPATH\Boot.php(334): CodeIgniter\CodeIgniter->run()
 9 SYSTEMPATH\Boot.php(67): CodeIgniter\Boot::runCodeIgniter(Object(CodeIgniter\CodeIgniter))
10 FCPATH\index.php(46): CodeIgniter\Boot::bootWeb(Object(Config\Paths))
CRITICAL - 2025-09-11 05:04:56 --> [Caused by] CodeIgniter\Database\Exceptions\DatabaseException: Unknown column 'pharmacy_medicines.generic_name' in 'field list'
in SYSTEMPATH\Database\MySQLi\Connection.php on line 332.
 1 SYSTEMPATH\Database\BaseConnection.php(738): CodeIgniter\Database\MySQLi\Connection->execute('SELECT `pharmacy_returns`.*, `pharmacy_medicines`.`generic_name` as `medicine_name`, `pharmacy_sale_items`.`unit_selling_price`
FROM `pharmacy_returns`
JOIN `pharmacy_medicines` ON `pharmacy_medicines`.`id` = `pharmacy_returns`.`medicine_id`
JOIN `pharmacy_sale_items` ON `pharmacy_sale_items`.`id` = `pharmacy_returns`.`sale_item_id`
WHERE `pharmacy_returns`.`sale_id` = \'33\'
AND `pharmacy_returns`.`approval_status` = \'approved\'')
 2 SYSTEMPATH\Database\BaseConnection.php(652): CodeIgniter\Database\BaseConnection->simpleQuery('SELECT `pharmacy_returns`.*, `pharmacy_medicines`.`generic_name` as `medicine_name`, `pharmacy_sale_items`.`unit_selling_price`
FROM `pharmacy_returns`
JOIN `pharmacy_medicines` ON `pharmacy_medicines`.`id` = `pharmacy_returns`.`medicine_id`
JOIN `pharmacy_sale_items` ON `pharmacy_sale_items`.`id` = `pharmacy_returns`.`sale_item_id`
WHERE `pharmacy_returns`.`sale_id` = \'33\'
AND `pharmacy_returns`.`approval_status` = \'approved\'')
 3 SYSTEMPATH\Database\BaseBuilder.php(1649): CodeIgniter\Database\BaseConnection->query('SELECT `pharmacy_returns`.*, `pharmacy_medicines`.`generic_name` as `medicine_name`, `pharmacy_sale_items`.`unit_selling_price`
FROM `pharmacy_returns`
JOIN `pharmacy_medicines` ON `pharmacy_medicines`.`id` = `pharmacy_returns`.`medicine_id`
JOIN `pharmacy_sale_items` ON `pharmacy_sale_items`.`id` = `pharmacy_returns`.`sale_item_id`
WHERE `pharmacy_returns`.`sale_id` = :pharmacy_returns.sale_id:
AND `pharmacy_returns`.`approval_status` = :pharmacy_returns.approval_status:', [...], false)
 4 SYSTEMPATH\Model.php(286): CodeIgniter\Database\BaseBuilder->get()
 5 SYSTEMPATH\BaseModel.php(679): CodeIgniter\Model->doFindAll(0, 0)
 6 APPPATH\Controllers\Pharmacy\Sales.php(401): CodeIgniter\BaseModel->findAll()
 7 SYSTEMPATH\CodeIgniter.php(933): App\Controllers\Pharmacy\Sales->invoice('PHM-OP-20250911-00015')
 8 SYSTEMPATH\CodeIgniter.php(507): CodeIgniter\CodeIgniter->runController(Object(App\Controllers\Pharmacy\Sales))
 9 SYSTEMPATH\CodeIgniter.php(354): CodeIgniter\CodeIgniter->handleRequest(null, Object(Config\Cache), false)
10 SYSTEMPATH\Boot.php(334): CodeIgniter\CodeIgniter->run()
11 SYSTEMPATH\Boot.php(67): CodeIgniter\Boot::runCodeIgniter(Object(CodeIgniter\CodeIgniter))
12 FCPATH\index.php(46): CodeIgniter\Boot::bootWeb(Object(Config\Paths))
CRITICAL - 2025-09-11 05:04:56 --> [Caused by] mysqli_sql_exception: Unknown column 'pharmacy_medicines.generic_name' in 'field list'
in SYSTEMPATH\Database\MySQLi\Connection.php on line 327.
 1 SYSTEMPATH\Database\MySQLi\Connection.php(327): mysqli->query('SELECT `pharmacy_returns`.*, `pharmacy_medicines`.`generic_name` as `medicine_name`, `pharmacy_sale_items`.`unit_selling_price`
FROM `pharmacy_returns`
JOIN `pharmacy_medicines` ON `pharmacy_medicines`.`id` = `pharmacy_returns`.`medicine_id`
JOIN `pharmacy_sale_items` ON `pharmacy_sale_items`.`id` = `pharmacy_returns`.`sale_item_id`
WHERE `pharmacy_returns`.`sale_id` = \'33\'
AND `pharmacy_returns`.`approval_status` = \'approved\'', 0)
 2 SYSTEMPATH\Database\BaseConnection.php(738): CodeIgniter\Database\MySQLi\Connection->execute('SELECT `pharmacy_returns`.*, `pharmacy_medicines`.`generic_name` as `medicine_name`, `pharmacy_sale_items`.`unit_selling_price`
FROM `pharmacy_returns`
JOIN `pharmacy_medicines` ON `pharmacy_medicines`.`id` = `pharmacy_returns`.`medicine_id`
JOIN `pharmacy_sale_items` ON `pharmacy_sale_items`.`id` = `pharmacy_returns`.`sale_item_id`
WHERE `pharmacy_returns`.`sale_id` = \'33\'
AND `pharmacy_returns`.`approval_status` = \'approved\'')
 3 SYSTEMPATH\Database\BaseConnection.php(652): CodeIgniter\Database\BaseConnection->simpleQuery('SELECT `pharmacy_returns`.*, `pharmacy_medicines`.`generic_name` as `medicine_name`, `pharmacy_sale_items`.`unit_selling_price`
FROM `pharmacy_returns`
JOIN `pharmacy_medicines` ON `pharmacy_medicines`.`id` = `pharmacy_returns`.`medicine_id`
JOIN `pharmacy_sale_items` ON `pharmacy_sale_items`.`id` = `pharmacy_returns`.`sale_item_id`
WHERE `pharmacy_returns`.`sale_id` = \'33\'
AND `pharmacy_returns`.`approval_status` = \'approved\'')
 4 SYSTEMPATH\Database\BaseBuilder.php(1649): CodeIgniter\Database\BaseConnection->query('SELECT `pharmacy_returns`.*, `pharmacy_medicines`.`generic_name` as `medicine_name`, `pharmacy_sale_items`.`unit_selling_price`
FROM `pharmacy_returns`
JOIN `pharmacy_medicines` ON `pharmacy_medicines`.`id` = `pharmacy_returns`.`medicine_id`
JOIN `pharmacy_sale_items` ON `pharmacy_sale_items`.`id` = `pharmacy_returns`.`sale_item_id`
WHERE `pharmacy_returns`.`sale_id` = :pharmacy_returns.sale_id:
AND `pharmacy_returns`.`approval_status` = :pharmacy_returns.approval_status:', [...], false)
 5 SYSTEMPATH\Model.php(286): CodeIgniter\Database\BaseBuilder->get()
 6 SYSTEMPATH\BaseModel.php(679): CodeIgniter\Model->doFindAll(0, 0)
 7 APPPATH\Controllers\Pharmacy\Sales.php(401): CodeIgniter\BaseModel->findAll()
 8 SYSTEMPATH\CodeIgniter.php(933): App\Controllers\Pharmacy\Sales->invoice('PHM-OP-20250911-00015')
 9 SYSTEMPATH\CodeIgniter.php(507): CodeIgniter\CodeIgniter->runController(Object(App\Controllers\Pharmacy\Sales))
10 SYSTEMPATH\CodeIgniter.php(354): CodeIgniter\CodeIgniter->handleRequest(null, Object(Config\Cache), false)
11 SYSTEMPATH\Boot.php(334): CodeIgniter\CodeIgniter->run()
12 SYSTEMPATH\Boot.php(67): CodeIgniter\Boot::runCodeIgniter(Object(CodeIgniter\CodeIgniter))
13 FCPATH\index.php(46): CodeIgniter\Boot::bootWeb(Object(Config\Paths))
DEBUG - 2025-09-11 05:04:58 --> Session: Class initialized using 'CodeIgniter\Session\Handlers\FileHandler' driver.
ERROR - 2025-09-11 05:04:58 --> mysqli_sql_exception: Unknown column 'pharmacy_medicines.generic_name' in 'field list' in C:\xampp\htdocs\hms_ram\system\Database\MySQLi\Connection.php:327
Stack trace:
#0 C:\xampp\htdocs\hms_ram\system\Database\MySQLi\Connection.php(327): mysqli->query('SELECT `pharmac...', 0)
#1 C:\xampp\htdocs\hms_ram\system\Database\BaseConnection.php(738): CodeIgniter\Database\MySQLi\Connection->execute('SELECT `pharmac...')
#2 C:\xampp\htdocs\hms_ram\system\Database\BaseConnection.php(652): CodeIgniter\Database\BaseConnection->simpleQuery('SELECT `pharmac...')
#3 C:\xampp\htdocs\hms_ram\system\Database\BaseBuilder.php(1649): CodeIgniter\Database\BaseConnection->query('SELECT `pharmac...', Array, false)
#4 C:\xampp\htdocs\hms_ram\system\Model.php(286): CodeIgniter\Database\BaseBuilder->get()
#5 C:\xampp\htdocs\hms_ram\system\BaseModel.php(679): CodeIgniter\Model->doFindAll(0, 0)
#6 C:\xampp\htdocs\hms_ram\app\Controllers\Pharmacy\Sales.php(401): CodeIgniter\BaseModel->findAll()
#7 C:\xampp\htdocs\hms_ram\system\CodeIgniter.php(933): App\Controllers\Pharmacy\Sales->invoice('PHM-OP-20250911...')
#8 C:\xampp\htdocs\hms_ram\system\CodeIgniter.php(507): CodeIgniter\CodeIgniter->runController(Object(App\Controllers\Pharmacy\Sales))
#9 C:\xampp\htdocs\hms_ram\system\CodeIgniter.php(354): CodeIgniter\CodeIgniter->handleRequest(NULL, Object(Config\Cache), false)
#10 C:\xampp\htdocs\hms_ram\system\Boot.php(334): CodeIgniter\CodeIgniter->run()
#11 C:\xampp\htdocs\hms_ram\system\Boot.php(67): CodeIgniter\Boot::runCodeIgniter(Object(CodeIgniter\CodeIgniter))
#12 C:\xampp\htdocs\hms_ram\index.php(46): CodeIgniter\Boot::bootWeb(Object(Config\Paths))
#13 {main}
CRITICAL - 2025-09-11 05:04:58 --> CodeIgniter\Database\Exceptions\DatabaseException: Unknown column 'pharmacy_medicines.generic_name' in 'field list'
[Method: GET, Route: pharmacy/sales/invoice/PHM-OP-20250911-00015]
in SYSTEMPATH\Database\BaseConnection.php on line 692.
 1 SYSTEMPATH\Database\BaseBuilder.php(1649): CodeIgniter\Database\BaseConnection->query('SELECT `pharmacy_returns`.*, `pharmacy_medicines`.`generic_name` as `medicine_name`, `pharmacy_sale_items`.`unit_selling_price`
FROM `pharmacy_returns`
JOIN `pharmacy_medicines` ON `pharmacy_medicines`.`id` = `pharmacy_returns`.`medicine_id`
JOIN `pharmacy_sale_items` ON `pharmacy_sale_items`.`id` = `pharmacy_returns`.`sale_item_id`
WHERE `pharmacy_returns`.`sale_id` = :pharmacy_returns.sale_id:
AND `pharmacy_returns`.`approval_status` = :pharmacy_returns.approval_status:', [...], false)
 2 SYSTEMPATH\Model.php(286): CodeIgniter\Database\BaseBuilder->get()
 3 SYSTEMPATH\BaseModel.php(679): CodeIgniter\Model->doFindAll(0, 0)
 4 APPPATH\Controllers\Pharmacy\Sales.php(401): CodeIgniter\BaseModel->findAll()
 5 SYSTEMPATH\CodeIgniter.php(933): App\Controllers\Pharmacy\Sales->invoice('PHM-OP-20250911-00015')
 6 SYSTEMPATH\CodeIgniter.php(507): CodeIgniter\CodeIgniter->runController(Object(App\Controllers\Pharmacy\Sales))
 7 SYSTEMPATH\CodeIgniter.php(354): CodeIgniter\CodeIgniter->handleRequest(null, Object(Config\Cache), false)
 8 SYSTEMPATH\Boot.php(334): CodeIgniter\CodeIgniter->run()
 9 SYSTEMPATH\Boot.php(67): CodeIgniter\Boot::runCodeIgniter(Object(CodeIgniter\CodeIgniter))
10 FCPATH\index.php(46): CodeIgniter\Boot::bootWeb(Object(Config\Paths))
CRITICAL - 2025-09-11 05:04:58 --> [Caused by] CodeIgniter\Database\Exceptions\DatabaseException: Unknown column 'pharmacy_medicines.generic_name' in 'field list'
in SYSTEMPATH\Database\MySQLi\Connection.php on line 332.
 1 SYSTEMPATH\Database\BaseConnection.php(738): CodeIgniter\Database\MySQLi\Connection->execute('SELECT `pharmacy_returns`.*, `pharmacy_medicines`.`generic_name` as `medicine_name`, `pharmacy_sale_items`.`unit_selling_price`
FROM `pharmacy_returns`
JOIN `pharmacy_medicines` ON `pharmacy_medicines`.`id` = `pharmacy_returns`.`medicine_id`
JOIN `pharmacy_sale_items` ON `pharmacy_sale_items`.`id` = `pharmacy_returns`.`sale_item_id`
WHERE `pharmacy_returns`.`sale_id` = \'33\'
AND `pharmacy_returns`.`approval_status` = \'approved\'')
 2 SYSTEMPATH\Database\BaseConnection.php(652): CodeIgniter\Database\BaseConnection->simpleQuery('SELECT `pharmacy_returns`.*, `pharmacy_medicines`.`generic_name` as `medicine_name`, `pharmacy_sale_items`.`unit_selling_price`
FROM `pharmacy_returns`
JOIN `pharmacy_medicines` ON `pharmacy_medicines`.`id` = `pharmacy_returns`.`medicine_id`
JOIN `pharmacy_sale_items` ON `pharmacy_sale_items`.`id` = `pharmacy_returns`.`sale_item_id`
WHERE `pharmacy_returns`.`sale_id` = \'33\'
AND `pharmacy_returns`.`approval_status` = \'approved\'')
 3 SYSTEMPATH\Database\BaseBuilder.php(1649): CodeIgniter\Database\BaseConnection->query('SELECT `pharmacy_returns`.*, `pharmacy_medicines`.`generic_name` as `medicine_name`, `pharmacy_sale_items`.`unit_selling_price`
FROM `pharmacy_returns`
JOIN `pharmacy_medicines` ON `pharmacy_medicines`.`id` = `pharmacy_returns`.`medicine_id`
JOIN `pharmacy_sale_items` ON `pharmacy_sale_items`.`id` = `pharmacy_returns`.`sale_item_id`
WHERE `pharmacy_returns`.`sale_id` = :pharmacy_returns.sale_id:
AND `pharmacy_returns`.`approval_status` = :pharmacy_returns.approval_status:', [...], false)
 4 SYSTEMPATH\Model.php(286): CodeIgniter\Database\BaseBuilder->get()
 5 SYSTEMPATH\BaseModel.php(679): CodeIgniter\Model->doFindAll(0, 0)
 6 APPPATH\Controllers\Pharmacy\Sales.php(401): CodeIgniter\BaseModel->findAll()
 7 SYSTEMPATH\CodeIgniter.php(933): App\Controllers\Pharmacy\Sales->invoice('PHM-OP-20250911-00015')
 8 SYSTEMPATH\CodeIgniter.php(507): CodeIgniter\CodeIgniter->runController(Object(App\Controllers\Pharmacy\Sales))
 9 SYSTEMPATH\CodeIgniter.php(354): CodeIgniter\CodeIgniter->handleRequest(null, Object(Config\Cache), false)
10 SYSTEMPATH\Boot.php(334): CodeIgniter\CodeIgniter->run()
11 SYSTEMPATH\Boot.php(67): CodeIgniter\Boot::runCodeIgniter(Object(CodeIgniter\CodeIgniter))
12 FCPATH\index.php(46): CodeIgniter\Boot::bootWeb(Object(Config\Paths))
CRITICAL - 2025-09-11 05:04:58 --> [Caused by] mysqli_sql_exception: Unknown column 'pharmacy_medicines.generic_name' in 'field list'
in SYSTEMPATH\Database\MySQLi\Connection.php on line 327.
 1 SYSTEMPATH\Database\MySQLi\Connection.php(327): mysqli->query('SELECT `pharmacy_returns`.*, `pharmacy_medicines`.`generic_name` as `medicine_name`, `pharmacy_sale_items`.`unit_selling_price`
FROM `pharmacy_returns`
JOIN `pharmacy_medicines` ON `pharmacy_medicines`.`id` = `pharmacy_returns`.`medicine_id`
JOIN `pharmacy_sale_items` ON `pharmacy_sale_items`.`id` = `pharmacy_returns`.`sale_item_id`
WHERE `pharmacy_returns`.`sale_id` = \'33\'
AND `pharmacy_returns`.`approval_status` = \'approved\'', 0)
 2 SYSTEMPATH\Database\BaseConnection.php(738): CodeIgniter\Database\MySQLi\Connection->execute('SELECT `pharmacy_returns`.*, `pharmacy_medicines`.`generic_name` as `medicine_name`, `pharmacy_sale_items`.`unit_selling_price`
FROM `pharmacy_returns`
JOIN `pharmacy_medicines` ON `pharmacy_medicines`.`id` = `pharmacy_returns`.`medicine_id`
JOIN `pharmacy_sale_items` ON `pharmacy_sale_items`.`id` = `pharmacy_returns`.`sale_item_id`
WHERE `pharmacy_returns`.`sale_id` = \'33\'
AND `pharmacy_returns`.`approval_status` = \'approved\'')
 3 SYSTEMPATH\Database\BaseConnection.php(652): CodeIgniter\Database\BaseConnection->simpleQuery('SELECT `pharmacy_returns`.*, `pharmacy_medicines`.`generic_name` as `medicine_name`, `pharmacy_sale_items`.`unit_selling_price`
FROM `pharmacy_returns`
JOIN `pharmacy_medicines` ON `pharmacy_medicines`.`id` = `pharmacy_returns`.`medicine_id`
JOIN `pharmacy_sale_items` ON `pharmacy_sale_items`.`id` = `pharmacy_returns`.`sale_item_id`
WHERE `pharmacy_returns`.`sale_id` = \'33\'
AND `pharmacy_returns`.`approval_status` = \'approved\'')
 4 SYSTEMPATH\Database\BaseBuilder.php(1649): CodeIgniter\Database\BaseConnection->query('SELECT `pharmacy_returns`.*, `pharmacy_medicines`.`generic_name` as `medicine_name`, `pharmacy_sale_items`.`unit_selling_price`
FROM `pharmacy_returns`
JOIN `pharmacy_medicines` ON `pharmacy_medicines`.`id` = `pharmacy_returns`.`medicine_id`
JOIN `pharmacy_sale_items` ON `pharmacy_sale_items`.`id` = `pharmacy_returns`.`sale_item_id`
WHERE `pharmacy_returns`.`sale_id` = :pharmacy_returns.sale_id:
AND `pharmacy_returns`.`approval_status` = :pharmacy_returns.approval_status:', [...], false)
 5 SYSTEMPATH\Model.php(286): CodeIgniter\Database\BaseBuilder->get()
 6 SYSTEMPATH\BaseModel.php(679): CodeIgniter\Model->doFindAll(0, 0)
 7 APPPATH\Controllers\Pharmacy\Sales.php(401): CodeIgniter\BaseModel->findAll()
 8 SYSTEMPATH\CodeIgniter.php(933): App\Controllers\Pharmacy\Sales->invoice('PHM-OP-20250911-00015')
 9 SYSTEMPATH\CodeIgniter.php(507): CodeIgniter\CodeIgniter->runController(Object(App\Controllers\Pharmacy\Sales))
10 SYSTEMPATH\CodeIgniter.php(354): CodeIgniter\CodeIgniter->handleRequest(null, Object(Config\Cache), false)
11 SYSTEMPATH\Boot.php(334): CodeIgniter\CodeIgniter->run()
12 SYSTEMPATH\Boot.php(67): CodeIgniter\Boot::runCodeIgniter(Object(CodeIgniter\CodeIgniter))
13 FCPATH\index.php(46): CodeIgniter\Boot::bootWeb(Object(Config\Paths))
DEBUG - 2025-09-11 05:13:22 --> Session: Class initialized using 'CodeIgniter\Session\Handlers\FileHandler' driver.
DEBUG - 2025-09-11 05:13:34 --> Session: Class initialized using 'CodeIgniter\Session\Handlers\FileHandler' driver.
DEBUG - 2025-09-11 05:13:36 --> Session: Class initialized using 'CodeIgniter\Session\Handlers\FileHandler' driver.
DEBUG - 2025-09-11 05:13:40 --> Session: Class initialized using 'CodeIgniter\Session\Handlers\FileHandler' driver.
DEBUG - 2025-09-11 05:13:45 --> Session: Class initialized using 'CodeIgniter\Session\Handlers\FileHandler' driver.
DEBUG - 2025-09-11 05:13:48 --> Session: Class initialized using 'CodeIgniter\Session\Handlers\FileHandler' driver.
DEBUG - 2025-09-11 05:13:49 --> Session: Class initialized using 'CodeIgniter\Session\Handlers\FileHandler' driver.
DEBUG - 2025-09-11 05:13:50 --> Session: Class initialized using 'CodeIgniter\Session\Handlers\FileHandler' driver.
DEBUG - 2025-09-11 05:13:57 --> Session: Class initialized using 'CodeIgniter\Session\Handlers\FileHandler' driver.
DEBUG - 2025-09-11 05:13:58 --> Session: Class initialized using 'CodeIgniter\Session\Handlers\FileHandler' driver.
ERROR - 2025-09-11 05:13:58 --> mysqli_sql_exception: Unknown column 'pharmacy_medicines.generic_name' in 'field list' in C:\xampp\htdocs\hms_ram\system\Database\MySQLi\Connection.php:327
Stack trace:
#0 C:\xampp\htdocs\hms_ram\system\Database\MySQLi\Connection.php(327): mysqli->query('SELECT `pharmac...', 0)
#1 C:\xampp\htdocs\hms_ram\system\Database\BaseConnection.php(738): CodeIgniter\Database\MySQLi\Connection->execute('SELECT `pharmac...')
#2 C:\xampp\htdocs\hms_ram\system\Database\BaseConnection.php(652): CodeIgniter\Database\BaseConnection->simpleQuery('SELECT `pharmac...')
#3 C:\xampp\htdocs\hms_ram\system\Database\BaseBuilder.php(1649): CodeIgniter\Database\BaseConnection->query('SELECT `pharmac...', Array, false)
#4 C:\xampp\htdocs\hms_ram\system\Model.php(286): CodeIgniter\Database\BaseBuilder->get()
#5 C:\xampp\htdocs\hms_ram\system\BaseModel.php(679): CodeIgniter\Model->doFindAll(0, 0)
#6 C:\xampp\htdocs\hms_ram\app\Controllers\Pharmacy\Sales.php(393): CodeIgniter\BaseModel->findAll()
#7 C:\xampp\htdocs\hms_ram\system\CodeIgniter.php(933): App\Controllers\Pharmacy\Sales->invoice('PHM-IP-20250911...')
#8 C:\xampp\htdocs\hms_ram\system\CodeIgniter.php(507): CodeIgniter\CodeIgniter->runController(Object(App\Controllers\Pharmacy\Sales))
#9 C:\xampp\htdocs\hms_ram\system\CodeIgniter.php(354): CodeIgniter\CodeIgniter->handleRequest(NULL, Object(Config\Cache), false)
#10 C:\xampp\htdocs\hms_ram\system\Boot.php(334): CodeIgniter\CodeIgniter->run()
#11 C:\xampp\htdocs\hms_ram\system\Boot.php(67): CodeIgniter\Boot::runCodeIgniter(Object(CodeIgniter\CodeIgniter))
#12 C:\xampp\htdocs\hms_ram\index.php(46): CodeIgniter\Boot::bootWeb(Object(Config\Paths))
#13 {main}
CRITICAL - 2025-09-11 05:13:58 --> CodeIgniter\Database\Exceptions\DatabaseException: Unknown column 'pharmacy_medicines.generic_name' in 'field list'
[Method: GET, Route: pharmacy/sales/invoice/PHM-IP-20250911-00014]
in SYSTEMPATH\Database\BaseConnection.php on line 692.
 1 SYSTEMPATH\Database\BaseBuilder.php(1649): CodeIgniter\Database\BaseConnection->query('SELECT `pharmacy_returns`.*, `pharmacy_medicines`.`generic_name` as `medicine_name`, `pharmacy_sale_items`.`unit_selling_price`
FROM `pharmacy_returns`
JOIN `pharmacy_medicines` ON `pharmacy_medicines`.`id` = `pharmacy_returns`.`medicine_id`
JOIN `pharmacy_sale_items` ON `pharmacy_sale_items`.`id` = `pharmacy_returns`.`sale_item_id`
WHERE `pharmacy_returns`.`billing_id` = :pharmacy_returns.billing_id:
AND `pharmacy_returns`.`approval_status` = :pharmacy_returns.approval_status:', [...], false)
 2 SYSTEMPATH\Model.php(286): CodeIgniter\Database\BaseBuilder->get()
 3 SYSTEMPATH\BaseModel.php(679): CodeIgniter\Model->doFindAll(0, 0)
 4 APPPATH\Controllers\Pharmacy\Sales.php(393): CodeIgniter\BaseModel->findAll()
 5 SYSTEMPATH\CodeIgniter.php(933): App\Controllers\Pharmacy\Sales->invoice('PHM-IP-20250911-00014')
 6 SYSTEMPATH\CodeIgniter.php(507): CodeIgniter\CodeIgniter->runController(Object(App\Controllers\Pharmacy\Sales))
 7 SYSTEMPATH\CodeIgniter.php(354): CodeIgniter\CodeIgniter->handleRequest(null, Object(Config\Cache), false)
 8 SYSTEMPATH\Boot.php(334): CodeIgniter\CodeIgniter->run()
 9 SYSTEMPATH\Boot.php(67): CodeIgniter\Boot::runCodeIgniter(Object(CodeIgniter\CodeIgniter))
10 FCPATH\index.php(46): CodeIgniter\Boot::bootWeb(Object(Config\Paths))
CRITICAL - 2025-09-11 05:13:58 --> [Caused by] CodeIgniter\Database\Exceptions\DatabaseException: Unknown column 'pharmacy_medicines.generic_name' in 'field list'
in SYSTEMPATH\Database\MySQLi\Connection.php on line 332.
 1 SYSTEMPATH\Database\BaseConnection.php(738): CodeIgniter\Database\MySQLi\Connection->execute('SELECT `pharmacy_returns`.*, `pharmacy_medicines`.`generic_name` as `medicine_name`, `pharmacy_sale_items`.`unit_selling_price`
FROM `pharmacy_returns`
JOIN `pharmacy_medicines` ON `pharmacy_medicines`.`id` = `pharmacy_returns`.`medicine_id`
JOIN `pharmacy_sale_items` ON `pharmacy_sale_items`.`id` = `pharmacy_returns`.`sale_item_id`
WHERE `pharmacy_returns`.`billing_id` = \'15\'
AND `pharmacy_returns`.`approval_status` = \'approved\'')
 2 SYSTEMPATH\Database\BaseConnection.php(652): CodeIgniter\Database\BaseConnection->simpleQuery('SELECT `pharmacy_returns`.*, `pharmacy_medicines`.`generic_name` as `medicine_name`, `pharmacy_sale_items`.`unit_selling_price`
FROM `pharmacy_returns`
JOIN `pharmacy_medicines` ON `pharmacy_medicines`.`id` = `pharmacy_returns`.`medicine_id`
JOIN `pharmacy_sale_items` ON `pharmacy_sale_items`.`id` = `pharmacy_returns`.`sale_item_id`
WHERE `pharmacy_returns`.`billing_id` = \'15\'
AND `pharmacy_returns`.`approval_status` = \'approved\'')
 3 SYSTEMPATH\Database\BaseBuilder.php(1649): CodeIgniter\Database\BaseConnection->query('SELECT `pharmacy_returns`.*, `pharmacy_medicines`.`generic_name` as `medicine_name`, `pharmacy_sale_items`.`unit_selling_price`
FROM `pharmacy_returns`
JOIN `pharmacy_medicines` ON `pharmacy_medicines`.`id` = `pharmacy_returns`.`medicine_id`
JOIN `pharmacy_sale_items` ON `pharmacy_sale_items`.`id` = `pharmacy_returns`.`sale_item_id`
WHERE `pharmacy_returns`.`billing_id` = :pharmacy_returns.billing_id:
AND `pharmacy_returns`.`approval_status` = :pharmacy_returns.approval_status:', [...], false)
 4 SYSTEMPATH\Model.php(286): CodeIgniter\Database\BaseBuilder->get()
 5 SYSTEMPATH\BaseModel.php(679): CodeIgniter\Model->doFindAll(0, 0)
 6 APPPATH\Controllers\Pharmacy\Sales.php(393): CodeIgniter\BaseModel->findAll()
 7 SYSTEMPATH\CodeIgniter.php(933): App\Controllers\Pharmacy\Sales->invoice('PHM-IP-20250911-00014')
 8 SYSTEMPATH\CodeIgniter.php(507): CodeIgniter\CodeIgniter->runController(Object(App\Controllers\Pharmacy\Sales))
 9 SYSTEMPATH\CodeIgniter.php(354): CodeIgniter\CodeIgniter->handleRequest(null, Object(Config\Cache), false)
10 SYSTEMPATH\Boot.php(334): CodeIgniter\CodeIgniter->run()
11 SYSTEMPATH\Boot.php(67): CodeIgniter\Boot::runCodeIgniter(Object(CodeIgniter\CodeIgniter))
12 FCPATH\index.php(46): CodeIgniter\Boot::bootWeb(Object(Config\Paths))
CRITICAL - 2025-09-11 05:13:58 --> [Caused by] mysqli_sql_exception: Unknown column 'pharmacy_medicines.generic_name' in 'field list'
in SYSTEMPATH\Database\MySQLi\Connection.php on line 327.
 1 SYSTEMPATH\Database\MySQLi\Connection.php(327): mysqli->query('SELECT `pharmacy_returns`.*, `pharmacy_medicines`.`generic_name` as `medicine_name`, `pharmacy_sale_items`.`unit_selling_price`
FROM `pharmacy_returns`
JOIN `pharmacy_medicines` ON `pharmacy_medicines`.`id` = `pharmacy_returns`.`medicine_id`
JOIN `pharmacy_sale_items` ON `pharmacy_sale_items`.`id` = `pharmacy_returns`.`sale_item_id`
WHERE `pharmacy_returns`.`billing_id` = \'15\'
AND `pharmacy_returns`.`approval_status` = \'approved\'', 0)
 2 SYSTEMPATH\Database\BaseConnection.php(738): CodeIgniter\Database\MySQLi\Connection->execute('SELECT `pharmacy_returns`.*, `pharmacy_medicines`.`generic_name` as `medicine_name`, `pharmacy_sale_items`.`unit_selling_price`
FROM `pharmacy_returns`
JOIN `pharmacy_medicines` ON `pharmacy_medicines`.`id` = `pharmacy_returns`.`medicine_id`
JOIN `pharmacy_sale_items` ON `pharmacy_sale_items`.`id` = `pharmacy_returns`.`sale_item_id`
WHERE `pharmacy_returns`.`billing_id` = \'15\'
AND `pharmacy_returns`.`approval_status` = \'approved\'')
 3 SYSTEMPATH\Database\BaseConnection.php(652): CodeIgniter\Database\BaseConnection->simpleQuery('SELECT `pharmacy_returns`.*, `pharmacy_medicines`.`generic_name` as `medicine_name`, `pharmacy_sale_items`.`unit_selling_price`
FROM `pharmacy_returns`
JOIN `pharmacy_medicines` ON `pharmacy_medicines`.`id` = `pharmacy_returns`.`medicine_id`
JOIN `pharmacy_sale_items` ON `pharmacy_sale_items`.`id` = `pharmacy_returns`.`sale_item_id`
WHERE `pharmacy_returns`.`billing_id` = \'15\'
AND `pharmacy_returns`.`approval_status` = \'approved\'')
 4 SYSTEMPATH\Database\BaseBuilder.php(1649): CodeIgniter\Database\BaseConnection->query('SELECT `pharmacy_returns`.*, `pharmacy_medicines`.`generic_name` as `medicine_name`, `pharmacy_sale_items`.`unit_selling_price`
FROM `pharmacy_returns`
JOIN `pharmacy_medicines` ON `pharmacy_medicines`.`id` = `pharmacy_returns`.`medicine_id`
JOIN `pharmacy_sale_items` ON `pharmacy_sale_items`.`id` = `pharmacy_returns`.`sale_item_id`
WHERE `pharmacy_returns`.`billing_id` = :pharmacy_returns.billing_id:
AND `pharmacy_returns`.`approval_status` = :pharmacy_returns.approval_status:', [...], false)
 5 SYSTEMPATH\Model.php(286): CodeIgniter\Database\BaseBuilder->get()
 6 SYSTEMPATH\BaseModel.php(679): CodeIgniter\Model->doFindAll(0, 0)
 7 APPPATH\Controllers\Pharmacy\Sales.php(393): CodeIgniter\BaseModel->findAll()
 8 SYSTEMPATH\CodeIgniter.php(933): App\Controllers\Pharmacy\Sales->invoice('PHM-IP-20250911-00014')
 9 SYSTEMPATH\CodeIgniter.php(507): CodeIgniter\CodeIgniter->runController(Object(App\Controllers\Pharmacy\Sales))
10 SYSTEMPATH\CodeIgniter.php(354): CodeIgniter\CodeIgniter->handleRequest(null, Object(Config\Cache), false)
11 SYSTEMPATH\Boot.php(334): CodeIgniter\CodeIgniter->run()
12 SYSTEMPATH\Boot.php(67): CodeIgniter\Boot::runCodeIgniter(Object(CodeIgniter\CodeIgniter))
13 FCPATH\index.php(46): CodeIgniter\Boot::bootWeb(Object(Config\Paths))
DEBUG - 2025-09-11 05:27:35 --> Session: Class initialized using 'CodeIgniter\Session\Handlers\FileHandler' driver.
DEBUG - 2025-09-11 05:27:37 --> Session: Class initialized using 'CodeIgniter\Session\Handlers\FileHandler' driver.
ERROR - 2025-09-11 05:27:38 --> mysqli_sql_exception: Unknown column 'pharmacy_medicines.generic_name' in 'field list' in C:\xampp\htdocs\hms_ram\system\Database\MySQLi\Connection.php:327
Stack trace:
#0 C:\xampp\htdocs\hms_ram\system\Database\MySQLi\Connection.php(327): mysqli->query('SELECT `pharmac...', 0)
#1 C:\xampp\htdocs\hms_ram\system\Database\BaseConnection.php(738): CodeIgniter\Database\MySQLi\Connection->execute('SELECT `pharmac...')
#2 C:\xampp\htdocs\hms_ram\system\Database\BaseConnection.php(652): CodeIgniter\Database\BaseConnection->simpleQuery('SELECT `pharmac...')
#3 C:\xampp\htdocs\hms_ram\system\Database\BaseBuilder.php(1649): CodeIgniter\Database\BaseConnection->query('SELECT `pharmac...', Array, false)
#4 C:\xampp\htdocs\hms_ram\system\Model.php(286): CodeIgniter\Database\BaseBuilder->get()
#5 C:\xampp\htdocs\hms_ram\system\BaseModel.php(679): CodeIgniter\Model->doFindAll(0, 0)
#6 C:\xampp\htdocs\hms_ram\app\Controllers\Pharmacy\Sales.php(394): CodeIgniter\BaseModel->findAll()
#7 C:\xampp\htdocs\hms_ram\system\CodeIgniter.php(933): App\Controllers\Pharmacy\Sales->invoice('PHM-IP-20250911...')
#8 C:\xampp\htdocs\hms_ram\system\CodeIgniter.php(507): CodeIgniter\CodeIgniter->runController(Object(App\Controllers\Pharmacy\Sales))
#9 C:\xampp\htdocs\hms_ram\system\CodeIgniter.php(354): CodeIgniter\CodeIgniter->handleRequest(NULL, Object(Config\Cache), false)
#10 C:\xampp\htdocs\hms_ram\system\Boot.php(334): CodeIgniter\CodeIgniter->run()
#11 C:\xampp\htdocs\hms_ram\system\Boot.php(67): CodeIgniter\Boot::runCodeIgniter(Object(CodeIgniter\CodeIgniter))
#12 C:\xampp\htdocs\hms_ram\index.php(46): CodeIgniter\Boot::bootWeb(Object(Config\Paths))
#13 {main}
CRITICAL - 2025-09-11 05:27:38 --> CodeIgniter\Database\Exceptions\DatabaseException: Unknown column 'pharmacy_medicines.generic_name' in 'field list'
[Method: GET, Route: pharmacy/sales/invoice/PHM-IP-20250911-00014]
in SYSTEMPATH\Database\BaseConnection.php on line 692.
 1 SYSTEMPATH\Database\BaseBuilder.php(1649): CodeIgniter\Database\BaseConnection->query('SELECT `pharmacy_returns`.*, `pharmacy_medicines`.`generic_name` as `medicine_name`, `pharmacy_sale_items`.`unit_selling_price`
FROM `pharmacy_returns`
JOIN `pharmacy_medicines` ON `pharmacy_medicines`.`id` = `pharmacy_returns`.`medicine_id`
JOIN `pharmacy_sale_items` ON `pharmacy_sale_items`.`id` = `pharmacy_returns`.`sale_item_id`
WHERE `pharmacy_returns`.`billing_id` = :pharmacy_returns.billing_id:
AND `pharmacy_returns`.`approval_status` = :pharmacy_returns.approval_status:', [...], false)
 2 SYSTEMPATH\Model.php(286): CodeIgniter\Database\BaseBuilder->get()
 3 SYSTEMPATH\BaseModel.php(679): CodeIgniter\Model->doFindAll(0, 0)
 4 APPPATH\Controllers\Pharmacy\Sales.php(394): CodeIgniter\BaseModel->findAll()
 5 SYSTEMPATH\CodeIgniter.php(933): App\Controllers\Pharmacy\Sales->invoice('PHM-IP-20250911-00014')
 6 SYSTEMPATH\CodeIgniter.php(507): CodeIgniter\CodeIgniter->runController(Object(App\Controllers\Pharmacy\Sales))
 7 SYSTEMPATH\CodeIgniter.php(354): CodeIgniter\CodeIgniter->handleRequest(null, Object(Config\Cache), false)
 8 SYSTEMPATH\Boot.php(334): CodeIgniter\CodeIgniter->run()
 9 SYSTEMPATH\Boot.php(67): CodeIgniter\Boot::runCodeIgniter(Object(CodeIgniter\CodeIgniter))
10 FCPATH\index.php(46): CodeIgniter\Boot::bootWeb(Object(Config\Paths))
CRITICAL - 2025-09-11 05:27:38 --> [Caused by] CodeIgniter\Database\Exceptions\DatabaseException: Unknown column 'pharmacy_medicines.generic_name' in 'field list'
in SYSTEMPATH\Database\MySQLi\Connection.php on line 332.
 1 SYSTEMPATH\Database\BaseConnection.php(738): CodeIgniter\Database\MySQLi\Connection->execute('SELECT `pharmacy_returns`.*, `pharmacy_medicines`.`generic_name` as `medicine_name`, `pharmacy_sale_items`.`unit_selling_price`
FROM `pharmacy_returns`
JOIN `pharmacy_medicines` ON `pharmacy_medicines`.`id` = `pharmacy_returns`.`medicine_id`
JOIN `pharmacy_sale_items` ON `pharmacy_sale_items`.`id` = `pharmacy_returns`.`sale_item_id`
WHERE `pharmacy_returns`.`billing_id` = \'15\'
AND `pharmacy_returns`.`approval_status` = \'approved\'')
 2 SYSTEMPATH\Database\BaseConnection.php(652): CodeIgniter\Database\BaseConnection->simpleQuery('SELECT `pharmacy_returns`.*, `pharmacy_medicines`.`generic_name` as `medicine_name`, `pharmacy_sale_items`.`unit_selling_price`
FROM `pharmacy_returns`
JOIN `pharmacy_medicines` ON `pharmacy_medicines`.`id` = `pharmacy_returns`.`medicine_id`
JOIN `pharmacy_sale_items` ON `pharmacy_sale_items`.`id` = `pharmacy_returns`.`sale_item_id`
WHERE `pharmacy_returns`.`billing_id` = \'15\'
AND `pharmacy_returns`.`approval_status` = \'approved\'')
 3 SYSTEMPATH\Database\BaseBuilder.php(1649): CodeIgniter\Database\BaseConnection->query('SELECT `pharmacy_returns`.*, `pharmacy_medicines`.`generic_name` as `medicine_name`, `pharmacy_sale_items`.`unit_selling_price`
FROM `pharmacy_returns`
JOIN `pharmacy_medicines` ON `pharmacy_medicines`.`id` = `pharmacy_returns`.`medicine_id`
JOIN `pharmacy_sale_items` ON `pharmacy_sale_items`.`id` = `pharmacy_returns`.`sale_item_id`
WHERE `pharmacy_returns`.`billing_id` = :pharmacy_returns.billing_id:
AND `pharmacy_returns`.`approval_status` = :pharmacy_returns.approval_status:', [...], false)
 4 SYSTEMPATH\Model.php(286): CodeIgniter\Database\BaseBuilder->get()
 5 SYSTEMPATH\BaseModel.php(679): CodeIgniter\Model->doFindAll(0, 0)
 6 APPPATH\Controllers\Pharmacy\Sales.php(394): CodeIgniter\BaseModel->findAll()
 7 SYSTEMPATH\CodeIgniter.php(933): App\Controllers\Pharmacy\Sales->invoice('PHM-IP-20250911-00014')
 8 SYSTEMPATH\CodeIgniter.php(507): CodeIgniter\CodeIgniter->runController(Object(App\Controllers\Pharmacy\Sales))
 9 SYSTEMPATH\CodeIgniter.php(354): CodeIgniter\CodeIgniter->handleRequest(null, Object(Config\Cache), false)
10 SYSTEMPATH\Boot.php(334): CodeIgniter\CodeIgniter->run()
11 SYSTEMPATH\Boot.php(67): CodeIgniter\Boot::runCodeIgniter(Object(CodeIgniter\CodeIgniter))
12 FCPATH\index.php(46): CodeIgniter\Boot::bootWeb(Object(Config\Paths))
CRITICAL - 2025-09-11 05:27:38 --> [Caused by] mysqli_sql_exception: Unknown column 'pharmacy_medicines.generic_name' in 'field list'
in SYSTEMPATH\Database\MySQLi\Connection.php on line 327.
 1 SYSTEMPATH\Database\MySQLi\Connection.php(327): mysqli->query('SELECT `pharmacy_returns`.*, `pharmacy_medicines`.`generic_name` as `medicine_name`, `pharmacy_sale_items`.`unit_selling_price`
FROM `pharmacy_returns`
JOIN `pharmacy_medicines` ON `pharmacy_medicines`.`id` = `pharmacy_returns`.`medicine_id`
JOIN `pharmacy_sale_items` ON `pharmacy_sale_items`.`id` = `pharmacy_returns`.`sale_item_id`
WHERE `pharmacy_returns`.`billing_id` = \'15\'
AND `pharmacy_returns`.`approval_status` = \'approved\'', 0)
 2 SYSTEMPATH\Database\BaseConnection.php(738): CodeIgniter\Database\MySQLi\Connection->execute('SELECT `pharmacy_returns`.*, `pharmacy_medicines`.`generic_name` as `medicine_name`, `pharmacy_sale_items`.`unit_selling_price`
FROM `pharmacy_returns`
JOIN `pharmacy_medicines` ON `pharmacy_medicines`.`id` = `pharmacy_returns`.`medicine_id`
JOIN `pharmacy_sale_items` ON `pharmacy_sale_items`.`id` = `pharmacy_returns`.`sale_item_id`
WHERE `pharmacy_returns`.`billing_id` = \'15\'
AND `pharmacy_returns`.`approval_status` = \'approved\'')
 3 SYSTEMPATH\Database\BaseConnection.php(652): CodeIgniter\Database\BaseConnection->simpleQuery('SELECT `pharmacy_returns`.*, `pharmacy_medicines`.`generic_name` as `medicine_name`, `pharmacy_sale_items`.`unit_selling_price`
FROM `pharmacy_returns`
JOIN `pharmacy_medicines` ON `pharmacy_medicines`.`id` = `pharmacy_returns`.`medicine_id`
JOIN `pharmacy_sale_items` ON `pharmacy_sale_items`.`id` = `pharmacy_returns`.`sale_item_id`
WHERE `pharmacy_returns`.`billing_id` = \'15\'
AND `pharmacy_returns`.`approval_status` = \'approved\'')
 4 SYSTEMPATH\Database\BaseBuilder.php(1649): CodeIgniter\Database\BaseConnection->query('SELECT `pharmacy_returns`.*, `pharmacy_medicines`.`generic_name` as `medicine_name`, `pharmacy_sale_items`.`unit_selling_price`
FROM `pharmacy_returns`
JOIN `pharmacy_medicines` ON `pharmacy_medicines`.`id` = `pharmacy_returns`.`medicine_id`
JOIN `pharmacy_sale_items` ON `pharmacy_sale_items`.`id` = `pharmacy_returns`.`sale_item_id`
WHERE `pharmacy_returns`.`billing_id` = :pharmacy_returns.billing_id:
AND `pharmacy_returns`.`approval_status` = :pharmacy_returns.approval_status:', [...], false)
 5 SYSTEMPATH\Model.php(286): CodeIgniter\Database\BaseBuilder->get()
 6 SYSTEMPATH\BaseModel.php(679): CodeIgniter\Model->doFindAll(0, 0)
 7 APPPATH\Controllers\Pharmacy\Sales.php(394): CodeIgniter\BaseModel->findAll()
 8 SYSTEMPATH\CodeIgniter.php(933): App\Controllers\Pharmacy\Sales->invoice('PHM-IP-20250911-00014')
 9 SYSTEMPATH\CodeIgniter.php(507): CodeIgniter\CodeIgniter->runController(Object(App\Controllers\Pharmacy\Sales))
10 SYSTEMPATH\CodeIgniter.php(354): CodeIgniter\CodeIgniter->handleRequest(null, Object(Config\Cache), false)
11 SYSTEMPATH\Boot.php(334): CodeIgniter\CodeIgniter->run()
12 SYSTEMPATH\Boot.php(67): CodeIgniter\Boot::runCodeIgniter(Object(CodeIgniter\CodeIgniter))
13 FCPATH\index.php(46): CodeIgniter\Boot::bootWeb(Object(Config\Paths))
DEBUG - 2025-09-11 05:27:40 --> Session: Class initialized using 'CodeIgniter\Session\Handlers\FileHandler' driver.
ERROR - 2025-09-11 05:27:40 --> mysqli_sql_exception: Unknown column 'pharmacy_medicines.generic_name' in 'field list' in C:\xampp\htdocs\hms_ram\system\Database\MySQLi\Connection.php:327
Stack trace:
#0 C:\xampp\htdocs\hms_ram\system\Database\MySQLi\Connection.php(327): mysqli->query('SELECT `pharmac...', 0)
#1 C:\xampp\htdocs\hms_ram\system\Database\BaseConnection.php(738): CodeIgniter\Database\MySQLi\Connection->execute('SELECT `pharmac...')
#2 C:\xampp\htdocs\hms_ram\system\Database\BaseConnection.php(652): CodeIgniter\Database\BaseConnection->simpleQuery('SELECT `pharmac...')
#3 C:\xampp\htdocs\hms_ram\system\Database\BaseBuilder.php(1649): CodeIgniter\Database\BaseConnection->query('SELECT `pharmac...', Array, false)
#4 C:\xampp\htdocs\hms_ram\system\Model.php(286): CodeIgniter\Database\BaseBuilder->get()
#5 C:\xampp\htdocs\hms_ram\system\BaseModel.php(679): CodeIgniter\Model->doFindAll(0, 0)
#6 C:\xampp\htdocs\hms_ram\app\Controllers\Pharmacy\Sales.php(394): CodeIgniter\BaseModel->findAll()
#7 C:\xampp\htdocs\hms_ram\system\CodeIgniter.php(933): App\Controllers\Pharmacy\Sales->invoice('PHM-IP-20250911...')
#8 C:\xampp\htdocs\hms_ram\system\CodeIgniter.php(507): CodeIgniter\CodeIgniter->runController(Object(App\Controllers\Pharmacy\Sales))
#9 C:\xampp\htdocs\hms_ram\system\CodeIgniter.php(354): CodeIgniter\CodeIgniter->handleRequest(NULL, Object(Config\Cache), false)
#10 C:\xampp\htdocs\hms_ram\system\Boot.php(334): CodeIgniter\CodeIgniter->run()
#11 C:\xampp\htdocs\hms_ram\system\Boot.php(67): CodeIgniter\Boot::runCodeIgniter(Object(CodeIgniter\CodeIgniter))
#12 C:\xampp\htdocs\hms_ram\index.php(46): CodeIgniter\Boot::bootWeb(Object(Config\Paths))
#13 {main}
CRITICAL - 2025-09-11 05:27:40 --> CodeIgniter\Database\Exceptions\DatabaseException: Unknown column 'pharmacy_medicines.generic_name' in 'field list'
[Method: GET, Route: pharmacy/sales/invoice/PHM-IP-20250911-00014]
in SYSTEMPATH\Database\BaseConnection.php on line 692.
 1 SYSTEMPATH\Database\BaseBuilder.php(1649): CodeIgniter\Database\BaseConnection->query('SELECT `pharmacy_returns`.*, `pharmacy_medicines`.`generic_name` as `medicine_name`, `pharmacy_sale_items`.`unit_selling_price`
FROM `pharmacy_returns`
JOIN `pharmacy_medicines` ON `pharmacy_medicines`.`id` = `pharmacy_returns`.`medicine_id`
JOIN `pharmacy_sale_items` ON `pharmacy_sale_items`.`id` = `pharmacy_returns`.`sale_item_id`
WHERE `pharmacy_returns`.`billing_id` = :pharmacy_returns.billing_id:
AND `pharmacy_returns`.`approval_status` = :pharmacy_returns.approval_status:', [...], false)
 2 SYSTEMPATH\Model.php(286): CodeIgniter\Database\BaseBuilder->get()
 3 SYSTEMPATH\BaseModel.php(679): CodeIgniter\Model->doFindAll(0, 0)
 4 APPPATH\Controllers\Pharmacy\Sales.php(394): CodeIgniter\BaseModel->findAll()
 5 SYSTEMPATH\CodeIgniter.php(933): App\Controllers\Pharmacy\Sales->invoice('PHM-IP-20250911-00014')
 6 SYSTEMPATH\CodeIgniter.php(507): CodeIgniter\CodeIgniter->runController(Object(App\Controllers\Pharmacy\Sales))
 7 SYSTEMPATH\CodeIgniter.php(354): CodeIgniter\CodeIgniter->handleRequest(null, Object(Config\Cache), false)
 8 SYSTEMPATH\Boot.php(334): CodeIgniter\CodeIgniter->run()
 9 SYSTEMPATH\Boot.php(67): CodeIgniter\Boot::runCodeIgniter(Object(CodeIgniter\CodeIgniter))
10 FCPATH\index.php(46): CodeIgniter\Boot::bootWeb(Object(Config\Paths))
CRITICAL - 2025-09-11 05:27:40 --> [Caused by] CodeIgniter\Database\Exceptions\DatabaseException: Unknown column 'pharmacy_medicines.generic_name' in 'field list'
in SYSTEMPATH\Database\MySQLi\Connection.php on line 332.
 1 SYSTEMPATH\Database\BaseConnection.php(738): CodeIgniter\Database\MySQLi\Connection->execute('SELECT `pharmacy_returns`.*, `pharmacy_medicines`.`generic_name` as `medicine_name`, `pharmacy_sale_items`.`unit_selling_price`
FROM `pharmacy_returns`
JOIN `pharmacy_medicines` ON `pharmacy_medicines`.`id` = `pharmacy_returns`.`medicine_id`
JOIN `pharmacy_sale_items` ON `pharmacy_sale_items`.`id` = `pharmacy_returns`.`sale_item_id`
WHERE `pharmacy_returns`.`billing_id` = \'15\'
AND `pharmacy_returns`.`approval_status` = \'approved\'')
 2 SYSTEMPATH\Database\BaseConnection.php(652): CodeIgniter\Database\BaseConnection->simpleQuery('SELECT `pharmacy_returns`.*, `pharmacy_medicines`.`generic_name` as `medicine_name`, `pharmacy_sale_items`.`unit_selling_price`
FROM `pharmacy_returns`
JOIN `pharmacy_medicines` ON `pharmacy_medicines`.`id` = `pharmacy_returns`.`medicine_id`
JOIN `pharmacy_sale_items` ON `pharmacy_sale_items`.`id` = `pharmacy_returns`.`sale_item_id`
WHERE `pharmacy_returns`.`billing_id` = \'15\'
AND `pharmacy_returns`.`approval_status` = \'approved\'')
 3 SYSTEMPATH\Database\BaseBuilder.php(1649): CodeIgniter\Database\BaseConnection->query('SELECT `pharmacy_returns`.*, `pharmacy_medicines`.`generic_name` as `medicine_name`, `pharmacy_sale_items`.`unit_selling_price`
FROM `pharmacy_returns`
JOIN `pharmacy_medicines` ON `pharmacy_medicines`.`id` = `pharmacy_returns`.`medicine_id`
JOIN `pharmacy_sale_items` ON `pharmacy_sale_items`.`id` = `pharmacy_returns`.`sale_item_id`
WHERE `pharmacy_returns`.`billing_id` = :pharmacy_returns.billing_id:
AND `pharmacy_returns`.`approval_status` = :pharmacy_returns.approval_status:', [...], false)
 4 SYSTEMPATH\Model.php(286): CodeIgniter\Database\BaseBuilder->get()
 5 SYSTEMPATH\BaseModel.php(679): CodeIgniter\Model->doFindAll(0, 0)
 6 APPPATH\Controllers\Pharmacy\Sales.php(394): CodeIgniter\BaseModel->findAll()
 7 SYSTEMPATH\CodeIgniter.php(933): App\Controllers\Pharmacy\Sales->invoice('PHM-IP-20250911-00014')
 8 SYSTEMPATH\CodeIgniter.php(507): CodeIgniter\CodeIgniter->runController(Object(App\Controllers\Pharmacy\Sales))
 9 SYSTEMPATH\CodeIgniter.php(354): CodeIgniter\CodeIgniter->handleRequest(null, Object(Config\Cache), false)
10 SYSTEMPATH\Boot.php(334): CodeIgniter\CodeIgniter->run()
11 SYSTEMPATH\Boot.php(67): CodeIgniter\Boot::runCodeIgniter(Object(CodeIgniter\CodeIgniter))
12 FCPATH\index.php(46): CodeIgniter\Boot::bootWeb(Object(Config\Paths))
CRITICAL - 2025-09-11 05:27:40 --> [Caused by] mysqli_sql_exception: Unknown column 'pharmacy_medicines.generic_name' in 'field list'
in SYSTEMPATH\Database\MySQLi\Connection.php on line 327.
 1 SYSTEMPATH\Database\MySQLi\Connection.php(327): mysqli->query('SELECT `pharmacy_returns`.*, `pharmacy_medicines`.`generic_name` as `medicine_name`, `pharmacy_sale_items`.`unit_selling_price`
FROM `pharmacy_returns`
JOIN `pharmacy_medicines` ON `pharmacy_medicines`.`id` = `pharmacy_returns`.`medicine_id`
JOIN `pharmacy_sale_items` ON `pharmacy_sale_items`.`id` = `pharmacy_returns`.`sale_item_id`
WHERE `pharmacy_returns`.`billing_id` = \'15\'
AND `pharmacy_returns`.`approval_status` = \'approved\'', 0)
 2 SYSTEMPATH\Database\BaseConnection.php(738): CodeIgniter\Database\MySQLi\Connection->execute('SELECT `pharmacy_returns`.*, `pharmacy_medicines`.`generic_name` as `medicine_name`, `pharmacy_sale_items`.`unit_selling_price`
FROM `pharmacy_returns`
JOIN `pharmacy_medicines` ON `pharmacy_medicines`.`id` = `pharmacy_returns`.`medicine_id`
JOIN `pharmacy_sale_items` ON `pharmacy_sale_items`.`id` = `pharmacy_returns`.`sale_item_id`
WHERE `pharmacy_returns`.`billing_id` = \'15\'
AND `pharmacy_returns`.`approval_status` = \'approved\'')
 3 SYSTEMPATH\Database\BaseConnection.php(652): CodeIgniter\Database\BaseConnection->simpleQuery('SELECT `pharmacy_returns`.*, `pharmacy_medicines`.`generic_name` as `medicine_name`, `pharmacy_sale_items`.`unit_selling_price`
FROM `pharmacy_returns`
JOIN `pharmacy_medicines` ON `pharmacy_medicines`.`id` = `pharmacy_returns`.`medicine_id`
JOIN `pharmacy_sale_items` ON `pharmacy_sale_items`.`id` = `pharmacy_returns`.`sale_item_id`
WHERE `pharmacy_returns`.`billing_id` = \'15\'
AND `pharmacy_returns`.`approval_status` = \'approved\'')
 4 SYSTEMPATH\Database\BaseBuilder.php(1649): CodeIgniter\Database\BaseConnection->query('SELECT `pharmacy_returns`.*, `pharmacy_medicines`.`generic_name` as `medicine_name`, `pharmacy_sale_items`.`unit_selling_price`
FROM `pharmacy_returns`
JOIN `pharmacy_medicines` ON `pharmacy_medicines`.`id` = `pharmacy_returns`.`medicine_id`
JOIN `pharmacy_sale_items` ON `pharmacy_sale_items`.`id` = `pharmacy_returns`.`sale_item_id`
WHERE `pharmacy_returns`.`billing_id` = :pharmacy_returns.billing_id:
AND `pharmacy_returns`.`approval_status` = :pharmacy_returns.approval_status:', [...], false)
 5 SYSTEMPATH\Model.php(286): CodeIgniter\Database\BaseBuilder->get()
 6 SYSTEMPATH\BaseModel.php(679): CodeIgniter\Model->doFindAll(0, 0)
 7 APPPATH\Controllers\Pharmacy\Sales.php(394): CodeIgniter\BaseModel->findAll()
 8 SYSTEMPATH\CodeIgniter.php(933): App\Controllers\Pharmacy\Sales->invoice('PHM-IP-20250911-00014')
 9 SYSTEMPATH\CodeIgniter.php(507): CodeIgniter\CodeIgniter->runController(Object(App\Controllers\Pharmacy\Sales))
10 SYSTEMPATH\CodeIgniter.php(354): CodeIgniter\CodeIgniter->handleRequest(null, Object(Config\Cache), false)
11 SYSTEMPATH\Boot.php(334): CodeIgniter\CodeIgniter->run()
12 SYSTEMPATH\Boot.php(67): CodeIgniter\Boot::runCodeIgniter(Object(CodeIgniter\CodeIgniter))
13 FCPATH\index.php(46): CodeIgniter\Boot::bootWeb(Object(Config\Paths))
DEBUG - 2025-09-11 05:27:41 --> Session: Class initialized using 'CodeIgniter\Session\Handlers\FileHandler' driver.
ERROR - 2025-09-11 05:27:41 --> mysqli_sql_exception: Unknown column 'pharmacy_medicines.generic_name' in 'field list' in C:\xampp\htdocs\hms_ram\system\Database\MySQLi\Connection.php:327
Stack trace:
#0 C:\xampp\htdocs\hms_ram\system\Database\MySQLi\Connection.php(327): mysqli->query('SELECT `pharmac...', 0)
#1 C:\xampp\htdocs\hms_ram\system\Database\BaseConnection.php(738): CodeIgniter\Database\MySQLi\Connection->execute('SELECT `pharmac...')
#2 C:\xampp\htdocs\hms_ram\system\Database\BaseConnection.php(652): CodeIgniter\Database\BaseConnection->simpleQuery('SELECT `pharmac...')
#3 C:\xampp\htdocs\hms_ram\system\Database\BaseBuilder.php(1649): CodeIgniter\Database\BaseConnection->query('SELECT `pharmac...', Array, false)
#4 C:\xampp\htdocs\hms_ram\system\Model.php(286): CodeIgniter\Database\BaseBuilder->get()
#5 C:\xampp\htdocs\hms_ram\system\BaseModel.php(679): CodeIgniter\Model->doFindAll(0, 0)
#6 C:\xampp\htdocs\hms_ram\app\Controllers\Pharmacy\Sales.php(394): CodeIgniter\BaseModel->findAll()
#7 C:\xampp\htdocs\hms_ram\system\CodeIgniter.php(933): App\Controllers\Pharmacy\Sales->invoice('PHM-IP-20250911...')
#8 C:\xampp\htdocs\hms_ram\system\CodeIgniter.php(507): CodeIgniter\CodeIgniter->runController(Object(App\Controllers\Pharmacy\Sales))
#9 C:\xampp\htdocs\hms_ram\system\CodeIgniter.php(354): CodeIgniter\CodeIgniter->handleRequest(NULL, Object(Config\Cache), false)
#10 C:\xampp\htdocs\hms_ram\system\Boot.php(334): CodeIgniter\CodeIgniter->run()
#11 C:\xampp\htdocs\hms_ram\system\Boot.php(67): CodeIgniter\Boot::runCodeIgniter(Object(CodeIgniter\CodeIgniter))
#12 C:\xampp\htdocs\hms_ram\index.php(46): CodeIgniter\Boot::bootWeb(Object(Config\Paths))
#13 {main}
CRITICAL - 2025-09-11 05:27:41 --> CodeIgniter\Database\Exceptions\DatabaseException: Unknown column 'pharmacy_medicines.generic_name' in 'field list'
[Method: GET, Route: pharmacy/sales/invoice/PHM-IP-20250911-00014]
in SYSTEMPATH\Database\BaseConnection.php on line 692.
 1 SYSTEMPATH\Database\BaseBuilder.php(1649): CodeIgniter\Database\BaseConnection->query('SELECT `pharmacy_returns`.*, `pharmacy_medicines`.`generic_name` as `medicine_name`, `pharmacy_sale_items`.`unit_selling_price`
FROM `pharmacy_returns`
JOIN `pharmacy_medicines` ON `pharmacy_medicines`.`id` = `pharmacy_returns`.`medicine_id`
JOIN `pharmacy_sale_items` ON `pharmacy_sale_items`.`id` = `pharmacy_returns`.`sale_item_id`
WHERE `pharmacy_returns`.`billing_id` = :pharmacy_returns.billing_id:
AND `pharmacy_returns`.`approval_status` = :pharmacy_returns.approval_status:', [...], false)
 2 SYSTEMPATH\Model.php(286): CodeIgniter\Database\BaseBuilder->get()
 3 SYSTEMPATH\BaseModel.php(679): CodeIgniter\Model->doFindAll(0, 0)
 4 APPPATH\Controllers\Pharmacy\Sales.php(394): CodeIgniter\BaseModel->findAll()
 5 SYSTEMPATH\CodeIgniter.php(933): App\Controllers\Pharmacy\Sales->invoice('PHM-IP-20250911-00014')
 6 SYSTEMPATH\CodeIgniter.php(507): CodeIgniter\CodeIgniter->runController(Object(App\Controllers\Pharmacy\Sales))
 7 SYSTEMPATH\CodeIgniter.php(354): CodeIgniter\CodeIgniter->handleRequest(null, Object(Config\Cache), false)
 8 SYSTEMPATH\Boot.php(334): CodeIgniter\CodeIgniter->run()
 9 SYSTEMPATH\Boot.php(67): CodeIgniter\Boot::runCodeIgniter(Object(CodeIgniter\CodeIgniter))
10 FCPATH\index.php(46): CodeIgniter\Boot::bootWeb(Object(Config\Paths))
CRITICAL - 2025-09-11 05:27:41 --> [Caused by] CodeIgniter\Database\Exceptions\DatabaseException: Unknown column 'pharmacy_medicines.generic_name' in 'field list'
in SYSTEMPATH\Database\MySQLi\Connection.php on line 332.
 1 SYSTEMPATH\Database\BaseConnection.php(738): CodeIgniter\Database\MySQLi\Connection->execute('SELECT `pharmacy_returns`.*, `pharmacy_medicines`.`generic_name` as `medicine_name`, `pharmacy_sale_items`.`unit_selling_price`
FROM `pharmacy_returns`
JOIN `pharmacy_medicines` ON `pharmacy_medicines`.`id` = `pharmacy_returns`.`medicine_id`
JOIN `pharmacy_sale_items` ON `pharmacy_sale_items`.`id` = `pharmacy_returns`.`sale_item_id`
WHERE `pharmacy_returns`.`billing_id` = \'15\'
AND `pharmacy_returns`.`approval_status` = \'approved\'')
 2 SYSTEMPATH\Database\BaseConnection.php(652): CodeIgniter\Database\BaseConnection->simpleQuery('SELECT `pharmacy_returns`.*, `pharmacy_medicines`.`generic_name` as `medicine_name`, `pharmacy_sale_items`.`unit_selling_price`
FROM `pharmacy_returns`
JOIN `pharmacy_medicines` ON `pharmacy_medicines`.`id` = `pharmacy_returns`.`medicine_id`
JOIN `pharmacy_sale_items` ON `pharmacy_sale_items`.`id` = `pharmacy_returns`.`sale_item_id`
WHERE `pharmacy_returns`.`billing_id` = \'15\'
AND `pharmacy_returns`.`approval_status` = \'approved\'')
 3 SYSTEMPATH\Database\BaseBuilder.php(1649): CodeIgniter\Database\BaseConnection->query('SELECT `pharmacy_returns`.*, `pharmacy_medicines`.`generic_name` as `medicine_name`, `pharmacy_sale_items`.`unit_selling_price`
FROM `pharmacy_returns`
JOIN `pharmacy_medicines` ON `pharmacy_medicines`.`id` = `pharmacy_returns`.`medicine_id`
JOIN `pharmacy_sale_items` ON `pharmacy_sale_items`.`id` = `pharmacy_returns`.`sale_item_id`
WHERE `pharmacy_returns`.`billing_id` = :pharmacy_returns.billing_id:
AND `pharmacy_returns`.`approval_status` = :pharmacy_returns.approval_status:', [...], false)
 4 SYSTEMPATH\Model.php(286): CodeIgniter\Database\BaseBuilder->get()
 5 SYSTEMPATH\BaseModel.php(679): CodeIgniter\Model->doFindAll(0, 0)
 6 APPPATH\Controllers\Pharmacy\Sales.php(394): CodeIgniter\BaseModel->findAll()
 7 SYSTEMPATH\CodeIgniter.php(933): App\Controllers\Pharmacy\Sales->invoice('PHM-IP-20250911-00014')
 8 SYSTEMPATH\CodeIgniter.php(507): CodeIgniter\CodeIgniter->runController(Object(App\Controllers\Pharmacy\Sales))
 9 SYSTEMPATH\CodeIgniter.php(354): CodeIgniter\CodeIgniter->handleRequest(null, Object(Config\Cache), false)
10 SYSTEMPATH\Boot.php(334): CodeIgniter\CodeIgniter->run()
11 SYSTEMPATH\Boot.php(67): CodeIgniter\Boot::runCodeIgniter(Object(CodeIgniter\CodeIgniter))
12 FCPATH\index.php(46): CodeIgniter\Boot::bootWeb(Object(Config\Paths))
CRITICAL - 2025-09-11 05:27:41 --> [Caused by] mysqli_sql_exception: Unknown column 'pharmacy_medicines.generic_name' in 'field list'
in SYSTEMPATH\Database\MySQLi\Connection.php on line 327.
 1 SYSTEMPATH\Database\MySQLi\Connection.php(327): mysqli->query('SELECT `pharmacy_returns`.*, `pharmacy_medicines`.`generic_name` as `medicine_name`, `pharmacy_sale_items`.`unit_selling_price`
FROM `pharmacy_returns`
JOIN `pharmacy_medicines` ON `pharmacy_medicines`.`id` = `pharmacy_returns`.`medicine_id`
JOIN `pharmacy_sale_items` ON `pharmacy_sale_items`.`id` = `pharmacy_returns`.`sale_item_id`
WHERE `pharmacy_returns`.`billing_id` = \'15\'
AND `pharmacy_returns`.`approval_status` = \'approved\'', 0)
 2 SYSTEMPATH\Database\BaseConnection.php(738): CodeIgniter\Database\MySQLi\Connection->execute('SELECT `pharmacy_returns`.*, `pharmacy_medicines`.`generic_name` as `medicine_name`, `pharmacy_sale_items`.`unit_selling_price`
FROM `pharmacy_returns`
JOIN `pharmacy_medicines` ON `pharmacy_medicines`.`id` = `pharmacy_returns`.`medicine_id`
JOIN `pharmacy_sale_items` ON `pharmacy_sale_items`.`id` = `pharmacy_returns`.`sale_item_id`
WHERE `pharmacy_returns`.`billing_id` = \'15\'
AND `pharmacy_returns`.`approval_status` = \'approved\'')
 3 SYSTEMPATH\Database\BaseConnection.php(652): CodeIgniter\Database\BaseConnection->simpleQuery('SELECT `pharmacy_returns`.*, `pharmacy_medicines`.`generic_name` as `medicine_name`, `pharmacy_sale_items`.`unit_selling_price`
FROM `pharmacy_returns`
JOIN `pharmacy_medicines` ON `pharmacy_medicines`.`id` = `pharmacy_returns`.`medicine_id`
JOIN `pharmacy_sale_items` ON `pharmacy_sale_items`.`id` = `pharmacy_returns`.`sale_item_id`
WHERE `pharmacy_returns`.`billing_id` = \'15\'
AND `pharmacy_returns`.`approval_status` = \'approved\'')
 4 SYSTEMPATH\Database\BaseBuilder.php(1649): CodeIgniter\Database\BaseConnection->query('SELECT `pharmacy_returns`.*, `pharmacy_medicines`.`generic_name` as `medicine_name`, `pharmacy_sale_items`.`unit_selling_price`
FROM `pharmacy_returns`
JOIN `pharmacy_medicines` ON `pharmacy_medicines`.`id` = `pharmacy_returns`.`medicine_id`
JOIN `pharmacy_sale_items` ON `pharmacy_sale_items`.`id` = `pharmacy_returns`.`sale_item_id`
WHERE `pharmacy_returns`.`billing_id` = :pharmacy_returns.billing_id:
AND `pharmacy_returns`.`approval_status` = :pharmacy_returns.approval_status:', [...], false)
 5 SYSTEMPATH\Model.php(286): CodeIgniter\Database\BaseBuilder->get()
 6 SYSTEMPATH\BaseModel.php(679): CodeIgniter\Model->doFindAll(0, 0)
 7 APPPATH\Controllers\Pharmacy\Sales.php(394): CodeIgniter\BaseModel->findAll()
 8 SYSTEMPATH\CodeIgniter.php(933): App\Controllers\Pharmacy\Sales->invoice('PHM-IP-20250911-00014')
 9 SYSTEMPATH\CodeIgniter.php(507): CodeIgniter\CodeIgniter->runController(Object(App\Controllers\Pharmacy\Sales))
10 SYSTEMPATH\CodeIgniter.php(354): CodeIgniter\CodeIgniter->handleRequest(null, Object(Config\Cache), false)
11 SYSTEMPATH\Boot.php(334): CodeIgniter\CodeIgniter->run()
12 SYSTEMPATH\Boot.php(67): CodeIgniter\Boot::runCodeIgniter(Object(CodeIgniter\CodeIgniter))
13 FCPATH\index.php(46): CodeIgniter\Boot::bootWeb(Object(Config\Paths))
DEBUG - 2025-09-11 05:27:41 --> Session: Class initialized using 'CodeIgniter\Session\Handlers\FileHandler' driver.
ERROR - 2025-09-11 05:27:41 --> mysqli_sql_exception: Unknown column 'pharmacy_medicines.generic_name' in 'field list' in C:\xampp\htdocs\hms_ram\system\Database\MySQLi\Connection.php:327
Stack trace:
#0 C:\xampp\htdocs\hms_ram\system\Database\MySQLi\Connection.php(327): mysqli->query('SELECT `pharmac...', 0)
#1 C:\xampp\htdocs\hms_ram\system\Database\BaseConnection.php(738): CodeIgniter\Database\MySQLi\Connection->execute('SELECT `pharmac...')
#2 C:\xampp\htdocs\hms_ram\system\Database\BaseConnection.php(652): CodeIgniter\Database\BaseConnection->simpleQuery('SELECT `pharmac...')
#3 C:\xampp\htdocs\hms_ram\system\Database\BaseBuilder.php(1649): CodeIgniter\Database\BaseConnection->query('SELECT `pharmac...', Array, false)
#4 C:\xampp\htdocs\hms_ram\system\Model.php(286): CodeIgniter\Database\BaseBuilder->get()
#5 C:\xampp\htdocs\hms_ram\system\BaseModel.php(679): CodeIgniter\Model->doFindAll(0, 0)
#6 C:\xampp\htdocs\hms_ram\app\Controllers\Pharmacy\Sales.php(394): CodeIgniter\BaseModel->findAll()
#7 C:\xampp\htdocs\hms_ram\system\CodeIgniter.php(933): App\Controllers\Pharmacy\Sales->invoice('PHM-IP-20250911...')
#8 C:\xampp\htdocs\hms_ram\system\CodeIgniter.php(507): CodeIgniter\CodeIgniter->runController(Object(App\Controllers\Pharmacy\Sales))
#9 C:\xampp\htdocs\hms_ram\system\CodeIgniter.php(354): CodeIgniter\CodeIgniter->handleRequest(NULL, Object(Config\Cache), false)
#10 C:\xampp\htdocs\hms_ram\system\Boot.php(334): CodeIgniter\CodeIgniter->run()
#11 C:\xampp\htdocs\hms_ram\system\Boot.php(67): CodeIgniter\Boot::runCodeIgniter(Object(CodeIgniter\CodeIgniter))
#12 C:\xampp\htdocs\hms_ram\index.php(46): CodeIgniter\Boot::bootWeb(Object(Config\Paths))
#13 {main}
CRITICAL - 2025-09-11 05:27:41 --> CodeIgniter\Database\Exceptions\DatabaseException: Unknown column 'pharmacy_medicines.generic_name' in 'field list'
[Method: GET, Route: pharmacy/sales/invoice/PHM-IP-20250911-00014]
in SYSTEMPATH\Database\BaseConnection.php on line 692.
 1 SYSTEMPATH\Database\BaseBuilder.php(1649): CodeIgniter\Database\BaseConnection->query('SELECT `pharmacy_returns`.*, `pharmacy_medicines`.`generic_name` as `medicine_name`, `pharmacy_sale_items`.`unit_selling_price`
FROM `pharmacy_returns`
JOIN `pharmacy_medicines` ON `pharmacy_medicines`.`id` = `pharmacy_returns`.`medicine_id`
JOIN `pharmacy_sale_items` ON `pharmacy_sale_items`.`id` = `pharmacy_returns`.`sale_item_id`
WHERE `pharmacy_returns`.`billing_id` = :pharmacy_returns.billing_id:
AND `pharmacy_returns`.`approval_status` = :pharmacy_returns.approval_status:', [...], false)
 2 SYSTEMPATH\Model.php(286): CodeIgniter\Database\BaseBuilder->get()
 3 SYSTEMPATH\BaseModel.php(679): CodeIgniter\Model->doFindAll(0, 0)
 4 APPPATH\Controllers\Pharmacy\Sales.php(394): CodeIgniter\BaseModel->findAll()
 5 SYSTEMPATH\CodeIgniter.php(933): App\Controllers\Pharmacy\Sales->invoice('PHM-IP-20250911-00014')
 6 SYSTEMPATH\CodeIgniter.php(507): CodeIgniter\CodeIgniter->runController(Object(App\Controllers\Pharmacy\Sales))
 7 SYSTEMPATH\CodeIgniter.php(354): CodeIgniter\CodeIgniter->handleRequest(null, Object(Config\Cache), false)
 8 SYSTEMPATH\Boot.php(334): CodeIgniter\CodeIgniter->run()
 9 SYSTEMPATH\Boot.php(67): CodeIgniter\Boot::runCodeIgniter(Object(CodeIgniter\CodeIgniter))
10 FCPATH\index.php(46): CodeIgniter\Boot::bootWeb(Object(Config\Paths))
CRITICAL - 2025-09-11 05:27:41 --> [Caused by] CodeIgniter\Database\Exceptions\DatabaseException: Unknown column 'pharmacy_medicines.generic_name' in 'field list'
in SYSTEMPATH\Database\MySQLi\Connection.php on line 332.
 1 SYSTEMPATH\Database\BaseConnection.php(738): CodeIgniter\Database\MySQLi\Connection->execute('SELECT `pharmacy_returns`.*, `pharmacy_medicines`.`generic_name` as `medicine_name`, `pharmacy_sale_items`.`unit_selling_price`
FROM `pharmacy_returns`
JOIN `pharmacy_medicines` ON `pharmacy_medicines`.`id` = `pharmacy_returns`.`medicine_id`
JOIN `pharmacy_sale_items` ON `pharmacy_sale_items`.`id` = `pharmacy_returns`.`sale_item_id`
WHERE `pharmacy_returns`.`billing_id` = \'15\'
AND `pharmacy_returns`.`approval_status` = \'approved\'')
 2 SYSTEMPATH\Database\BaseConnection.php(652): CodeIgniter\Database\BaseConnection->simpleQuery('SELECT `pharmacy_returns`.*, `pharmacy_medicines`.`generic_name` as `medicine_name`, `pharmacy_sale_items`.`unit_selling_price`
FROM `pharmacy_returns`
JOIN `pharmacy_medicines` ON `pharmacy_medicines`.`id` = `pharmacy_returns`.`medicine_id`
JOIN `pharmacy_sale_items` ON `pharmacy_sale_items`.`id` = `pharmacy_returns`.`sale_item_id`
WHERE `pharmacy_returns`.`billing_id` = \'15\'
AND `pharmacy_returns`.`approval_status` = \'approved\'')
 3 SYSTEMPATH\Database\BaseBuilder.php(1649): CodeIgniter\Database\BaseConnection->query('SELECT `pharmacy_returns`.*, `pharmacy_medicines`.`generic_name` as `medicine_name`, `pharmacy_sale_items`.`unit_selling_price`
FROM `pharmacy_returns`
JOIN `pharmacy_medicines` ON `pharmacy_medicines`.`id` = `pharmacy_returns`.`medicine_id`
JOIN `pharmacy_sale_items` ON `pharmacy_sale_items`.`id` = `pharmacy_returns`.`sale_item_id`
WHERE `pharmacy_returns`.`billing_id` = :pharmacy_returns.billing_id:
AND `pharmacy_returns`.`approval_status` = :pharmacy_returns.approval_status:', [...], false)
 4 SYSTEMPATH\Model.php(286): CodeIgniter\Database\BaseBuilder->get()
 5 SYSTEMPATH\BaseModel.php(679): CodeIgniter\Model->doFindAll(0, 0)
 6 APPPATH\Controllers\Pharmacy\Sales.php(394): CodeIgniter\BaseModel->findAll()
 7 SYSTEMPATH\CodeIgniter.php(933): App\Controllers\Pharmacy\Sales->invoice('PHM-IP-20250911-00014')
 8 SYSTEMPATH\CodeIgniter.php(507): CodeIgniter\CodeIgniter->runController(Object(App\Controllers\Pharmacy\Sales))
 9 SYSTEMPATH\CodeIgniter.php(354): CodeIgniter\CodeIgniter->handleRequest(null, Object(Config\Cache), false)
10 SYSTEMPATH\Boot.php(334): CodeIgniter\CodeIgniter->run()
11 SYSTEMPATH\Boot.php(67): CodeIgniter\Boot::runCodeIgniter(Object(CodeIgniter\CodeIgniter))
12 FCPATH\index.php(46): CodeIgniter\Boot::bootWeb(Object(Config\Paths))
CRITICAL - 2025-09-11 05:27:41 --> [Caused by] mysqli_sql_exception: Unknown column 'pharmacy_medicines.generic_name' in 'field list'
in SYSTEMPATH\Database\MySQLi\Connection.php on line 327.
 1 SYSTEMPATH\Database\MySQLi\Connection.php(327): mysqli->query('SELECT `pharmacy_returns`.*, `pharmacy_medicines`.`generic_name` as `medicine_name`, `pharmacy_sale_items`.`unit_selling_price`
FROM `pharmacy_returns`
JOIN `pharmacy_medicines` ON `pharmacy_medicines`.`id` = `pharmacy_returns`.`medicine_id`
JOIN `pharmacy_sale_items` ON `pharmacy_sale_items`.`id` = `pharmacy_returns`.`sale_item_id`
WHERE `pharmacy_returns`.`billing_id` = \'15\'
AND `pharmacy_returns`.`approval_status` = \'approved\'', 0)
 2 SYSTEMPATH\Database\BaseConnection.php(738): CodeIgniter\Database\MySQLi\Connection->execute('SELECT `pharmacy_returns`.*, `pharmacy_medicines`.`generic_name` as `medicine_name`, `pharmacy_sale_items`.`unit_selling_price`
FROM `pharmacy_returns`
JOIN `pharmacy_medicines` ON `pharmacy_medicines`.`id` = `pharmacy_returns`.`medicine_id`
JOIN `pharmacy_sale_items` ON `pharmacy_sale_items`.`id` = `pharmacy_returns`.`sale_item_id`
WHERE `pharmacy_returns`.`billing_id` = \'15\'
AND `pharmacy_returns`.`approval_status` = \'approved\'')
 3 SYSTEMPATH\Database\BaseConnection.php(652): CodeIgniter\Database\BaseConnection->simpleQuery('SELECT `pharmacy_returns`.*, `pharmacy_medicines`.`generic_name` as `medicine_name`, `pharmacy_sale_items`.`unit_selling_price`
FROM `pharmacy_returns`
JOIN `pharmacy_medicines` ON `pharmacy_medicines`.`id` = `pharmacy_returns`.`medicine_id`
JOIN `pharmacy_sale_items` ON `pharmacy_sale_items`.`id` = `pharmacy_returns`.`sale_item_id`
WHERE `pharmacy_returns`.`billing_id` = \'15\'
AND `pharmacy_returns`.`approval_status` = \'approved\'')
 4 SYSTEMPATH\Database\BaseBuilder.php(1649): CodeIgniter\Database\BaseConnection->query('SELECT `pharmacy_returns`.*, `pharmacy_medicines`.`generic_name` as `medicine_name`, `pharmacy_sale_items`.`unit_selling_price`
FROM `pharmacy_returns`
JOIN `pharmacy_medicines` ON `pharmacy_medicines`.`id` = `pharmacy_returns`.`medicine_id`
JOIN `pharmacy_sale_items` ON `pharmacy_sale_items`.`id` = `pharmacy_returns`.`sale_item_id`
WHERE `pharmacy_returns`.`billing_id` = :pharmacy_returns.billing_id:
AND `pharmacy_returns`.`approval_status` = :pharmacy_returns.approval_status:', [...], false)
 5 SYSTEMPATH\Model.php(286): CodeIgniter\Database\BaseBuilder->get()
 6 SYSTEMPATH\BaseModel.php(679): CodeIgniter\Model->doFindAll(0, 0)
 7 APPPATH\Controllers\Pharmacy\Sales.php(394): CodeIgniter\BaseModel->findAll()
 8 SYSTEMPATH\CodeIgniter.php(933): App\Controllers\Pharmacy\Sales->invoice('PHM-IP-20250911-00014')
 9 SYSTEMPATH\CodeIgniter.php(507): CodeIgniter\CodeIgniter->runController(Object(App\Controllers\Pharmacy\Sales))
10 SYSTEMPATH\CodeIgniter.php(354): CodeIgniter\CodeIgniter->handleRequest(null, Object(Config\Cache), false)
11 SYSTEMPATH\Boot.php(334): CodeIgniter\CodeIgniter->run()
12 SYSTEMPATH\Boot.php(67): CodeIgniter\Boot::runCodeIgniter(Object(CodeIgniter\CodeIgniter))
13 FCPATH\index.php(46): CodeIgniter\Boot::bootWeb(Object(Config\Paths))
DEBUG - 2025-09-11 05:27:41 --> Session: Class initialized using 'CodeIgniter\Session\Handlers\FileHandler' driver.
ERROR - 2025-09-11 05:27:41 --> mysqli_sql_exception: Unknown column 'pharmacy_medicines.generic_name' in 'field list' in C:\xampp\htdocs\hms_ram\system\Database\MySQLi\Connection.php:327
Stack trace:
#0 C:\xampp\htdocs\hms_ram\system\Database\MySQLi\Connection.php(327): mysqli->query('SELECT `pharmac...', 0)
#1 C:\xampp\htdocs\hms_ram\system\Database\BaseConnection.php(738): CodeIgniter\Database\MySQLi\Connection->execute('SELECT `pharmac...')
#2 C:\xampp\htdocs\hms_ram\system\Database\BaseConnection.php(652): CodeIgniter\Database\BaseConnection->simpleQuery('SELECT `pharmac...')
#3 C:\xampp\htdocs\hms_ram\system\Database\BaseBuilder.php(1649): CodeIgniter\Database\BaseConnection->query('SELECT `pharmac...', Array, false)
#4 C:\xampp\htdocs\hms_ram\system\Model.php(286): CodeIgniter\Database\BaseBuilder->get()
#5 C:\xampp\htdocs\hms_ram\system\BaseModel.php(679): CodeIgniter\Model->doFindAll(0, 0)
#6 C:\xampp\htdocs\hms_ram\app\Controllers\Pharmacy\Sales.php(394): CodeIgniter\BaseModel->findAll()
#7 C:\xampp\htdocs\hms_ram\system\CodeIgniter.php(933): App\Controllers\Pharmacy\Sales->invoice('PHM-IP-20250911...')
#8 C:\xampp\htdocs\hms_ram\system\CodeIgniter.php(507): CodeIgniter\CodeIgniter->runController(Object(App\Controllers\Pharmacy\Sales))
#9 C:\xampp\htdocs\hms_ram\system\CodeIgniter.php(354): CodeIgniter\CodeIgniter->handleRequest(NULL, Object(Config\Cache), false)
#10 C:\xampp\htdocs\hms_ram\system\Boot.php(334): CodeIgniter\CodeIgniter->run()
#11 C:\xampp\htdocs\hms_ram\system\Boot.php(67): CodeIgniter\Boot::runCodeIgniter(Object(CodeIgniter\CodeIgniter))
#12 C:\xampp\htdocs\hms_ram\index.php(46): CodeIgniter\Boot::bootWeb(Object(Config\Paths))
#13 {main}
CRITICAL - 2025-09-11 05:27:41 --> CodeIgniter\Database\Exceptions\DatabaseException: Unknown column 'pharmacy_medicines.generic_name' in 'field list'
[Method: GET, Route: pharmacy/sales/invoice/PHM-IP-20250911-00014]
in SYSTEMPATH\Database\BaseConnection.php on line 692.
 1 SYSTEMPATH\Database\BaseBuilder.php(1649): CodeIgniter\Database\BaseConnection->query('SELECT `pharmacy_returns`.*, `pharmacy_medicines`.`generic_name` as `medicine_name`, `pharmacy_sale_items`.`unit_selling_price`
FROM `pharmacy_returns`
JOIN `pharmacy_medicines` ON `pharmacy_medicines`.`id` = `pharmacy_returns`.`medicine_id`
JOIN `pharmacy_sale_items` ON `pharmacy_sale_items`.`id` = `pharmacy_returns`.`sale_item_id`
WHERE `pharmacy_returns`.`billing_id` = :pharmacy_returns.billing_id:
AND `pharmacy_returns`.`approval_status` = :pharmacy_returns.approval_status:', [...], false)
 2 SYSTEMPATH\Model.php(286): CodeIgniter\Database\BaseBuilder->get()
 3 SYSTEMPATH\BaseModel.php(679): CodeIgniter\Model->doFindAll(0, 0)
 4 APPPATH\Controllers\Pharmacy\Sales.php(394): CodeIgniter\BaseModel->findAll()
 5 SYSTEMPATH\CodeIgniter.php(933): App\Controllers\Pharmacy\Sales->invoice('PHM-IP-20250911-00014')
 6 SYSTEMPATH\CodeIgniter.php(507): CodeIgniter\CodeIgniter->runController(Object(App\Controllers\Pharmacy\Sales))
 7 SYSTEMPATH\CodeIgniter.php(354): CodeIgniter\CodeIgniter->handleRequest(null, Object(Config\Cache), false)
 8 SYSTEMPATH\Boot.php(334): CodeIgniter\CodeIgniter->run()
 9 SYSTEMPATH\Boot.php(67): CodeIgniter\Boot::runCodeIgniter(Object(CodeIgniter\CodeIgniter))
10 FCPATH\index.php(46): CodeIgniter\Boot::bootWeb(Object(Config\Paths))
CRITICAL - 2025-09-11 05:27:41 --> [Caused by] CodeIgniter\Database\Exceptions\DatabaseException: Unknown column 'pharmacy_medicines.generic_name' in 'field list'
in SYSTEMPATH\Database\MySQLi\Connection.php on line 332.
 1 SYSTEMPATH\Database\BaseConnection.php(738): CodeIgniter\Database\MySQLi\Connection->execute('SELECT `pharmacy_returns`.*, `pharmacy_medicines`.`generic_name` as `medicine_name`, `pharmacy_sale_items`.`unit_selling_price`
FROM `pharmacy_returns`
JOIN `pharmacy_medicines` ON `pharmacy_medicines`.`id` = `pharmacy_returns`.`medicine_id`
JOIN `pharmacy_sale_items` ON `pharmacy_sale_items`.`id` = `pharmacy_returns`.`sale_item_id`
WHERE `pharmacy_returns`.`billing_id` = \'15\'
AND `pharmacy_returns`.`approval_status` = \'approved\'')
 2 SYSTEMPATH\Database\BaseConnection.php(652): CodeIgniter\Database\BaseConnection->simpleQuery('SELECT `pharmacy_returns`.*, `pharmacy_medicines`.`generic_name` as `medicine_name`, `pharmacy_sale_items`.`unit_selling_price`
FROM `pharmacy_returns`
JOIN `pharmacy_medicines` ON `pharmacy_medicines`.`id` = `pharmacy_returns`.`medicine_id`
JOIN `pharmacy_sale_items` ON `pharmacy_sale_items`.`id` = `pharmacy_returns`.`sale_item_id`
WHERE `pharmacy_returns`.`billing_id` = \'15\'
AND `pharmacy_returns`.`approval_status` = \'approved\'')
 3 SYSTEMPATH\Database\BaseBuilder.php(1649): CodeIgniter\Database\BaseConnection->query('SELECT `pharmacy_returns`.*, `pharmacy_medicines`.`generic_name` as `medicine_name`, `pharmacy_sale_items`.`unit_selling_price`
FROM `pharmacy_returns`
JOIN `pharmacy_medicines` ON `pharmacy_medicines`.`id` = `pharmacy_returns`.`medicine_id`
JOIN `pharmacy_sale_items` ON `pharmacy_sale_items`.`id` = `pharmacy_returns`.`sale_item_id`
WHERE `pharmacy_returns`.`billing_id` = :pharmacy_returns.billing_id:
AND `pharmacy_returns`.`approval_status` = :pharmacy_returns.approval_status:', [...], false)
 4 SYSTEMPATH\Model.php(286): CodeIgniter\Database\BaseBuilder->get()
 5 SYSTEMPATH\BaseModel.php(679): CodeIgniter\Model->doFindAll(0, 0)
 6 APPPATH\Controllers\Pharmacy\Sales.php(394): CodeIgniter\BaseModel->findAll()
 7 SYSTEMPATH\CodeIgniter.php(933): App\Controllers\Pharmacy\Sales->invoice('PHM-IP-20250911-00014')
 8 SYSTEMPATH\CodeIgniter.php(507): CodeIgniter\CodeIgniter->runController(Object(App\Controllers\Pharmacy\Sales))
 9 SYSTEMPATH\CodeIgniter.php(354): CodeIgniter\CodeIgniter->handleRequest(null, Object(Config\Cache), false)
10 SYSTEMPATH\Boot.php(334): CodeIgniter\CodeIgniter->run()
11 SYSTEMPATH\Boot.php(67): CodeIgniter\Boot::runCodeIgniter(Object(CodeIgniter\CodeIgniter))
12 FCPATH\index.php(46): CodeIgniter\Boot::bootWeb(Object(Config\Paths))
CRITICAL - 2025-09-11 05:27:41 --> [Caused by] mysqli_sql_exception: Unknown column 'pharmacy_medicines.generic_name' in 'field list'
in SYSTEMPATH\Database\MySQLi\Connection.php on line 327.
 1 SYSTEMPATH\Database\MySQLi\Connection.php(327): mysqli->query('SELECT `pharmacy_returns`.*, `pharmacy_medicines`.`generic_name` as `medicine_name`, `pharmacy_sale_items`.`unit_selling_price`
FROM `pharmacy_returns`
JOIN `pharmacy_medicines` ON `pharmacy_medicines`.`id` = `pharmacy_returns`.`medicine_id`
JOIN `pharmacy_sale_items` ON `pharmacy_sale_items`.`id` = `pharmacy_returns`.`sale_item_id`
WHERE `pharmacy_returns`.`billing_id` = \'15\'
AND `pharmacy_returns`.`approval_status` = \'approved\'', 0)
 2 SYSTEMPATH\Database\BaseConnection.php(738): CodeIgniter\Database\MySQLi\Connection->execute('SELECT `pharmacy_returns`.*, `pharmacy_medicines`.`generic_name` as `medicine_name`, `pharmacy_sale_items`.`unit_selling_price`
FROM `pharmacy_returns`
JOIN `pharmacy_medicines` ON `pharmacy_medicines`.`id` = `pharmacy_returns`.`medicine_id`
JOIN `pharmacy_sale_items` ON `pharmacy_sale_items`.`id` = `pharmacy_returns`.`sale_item_id`
WHERE `pharmacy_returns`.`billing_id` = \'15\'
AND `pharmacy_returns`.`approval_status` = \'approved\'')
 3 SYSTEMPATH\Database\BaseConnection.php(652): CodeIgniter\Database\BaseConnection->simpleQuery('SELECT `pharmacy_returns`.*, `pharmacy_medicines`.`generic_name` as `medicine_name`, `pharmacy_sale_items`.`unit_selling_price`
FROM `pharmacy_returns`
JOIN `pharmacy_medicines` ON `pharmacy_medicines`.`id` = `pharmacy_returns`.`medicine_id`
JOIN `pharmacy_sale_items` ON `pharmacy_sale_items`.`id` = `pharmacy_returns`.`sale_item_id`
WHERE `pharmacy_returns`.`billing_id` = \'15\'
AND `pharmacy_returns`.`approval_status` = \'approved\'')
 4 SYSTEMPATH\Database\BaseBuilder.php(1649): CodeIgniter\Database\BaseConnection->query('SELECT `pharmacy_returns`.*, `pharmacy_medicines`.`generic_name` as `medicine_name`, `pharmacy_sale_items`.`unit_selling_price`
FROM `pharmacy_returns`
JOIN `pharmacy_medicines` ON `pharmacy_medicines`.`id` = `pharmacy_returns`.`medicine_id`
JOIN `pharmacy_sale_items` ON `pharmacy_sale_items`.`id` = `pharmacy_returns`.`sale_item_id`
WHERE `pharmacy_returns`.`billing_id` = :pharmacy_returns.billing_id:
AND `pharmacy_returns`.`approval_status` = :pharmacy_returns.approval_status:', [...], false)
 5 SYSTEMPATH\Model.php(286): CodeIgniter\Database\BaseBuilder->get()
 6 SYSTEMPATH\BaseModel.php(679): CodeIgniter\Model->doFindAll(0, 0)
 7 APPPATH\Controllers\Pharmacy\Sales.php(394): CodeIgniter\BaseModel->findAll()
 8 SYSTEMPATH\CodeIgniter.php(933): App\Controllers\Pharmacy\Sales->invoice('PHM-IP-20250911-00014')
 9 SYSTEMPATH\CodeIgniter.php(507): CodeIgniter\CodeIgniter->runController(Object(App\Controllers\Pharmacy\Sales))
10 SYSTEMPATH\CodeIgniter.php(354): CodeIgniter\CodeIgniter->handleRequest(null, Object(Config\Cache), false)
11 SYSTEMPATH\Boot.php(334): CodeIgniter\CodeIgniter->run()
12 SYSTEMPATH\Boot.php(67): CodeIgniter\Boot::runCodeIgniter(Object(CodeIgniter\CodeIgniter))
13 FCPATH\index.php(46): CodeIgniter\Boot::bootWeb(Object(Config\Paths))
DEBUG - 2025-09-11 05:38:54 --> Session: Class initialized using 'CodeIgniter\Session\Handlers\FileHandler' driver.
DEBUG - 2025-09-11 05:40:34 --> Session: Class initialized using 'CodeIgniter\Session\Handlers\FileHandler' driver.
DEBUG - 2025-09-11 05:40:41 --> Session: Class initialized using 'CodeIgniter\Session\Handlers\FileHandler' driver.
DEBUG - 2025-09-11 05:41:42 --> Session: Class initialized using 'CodeIgniter\Session\Handlers\FileHandler' driver.
DEBUG - 2025-09-11 05:41:42 --> Session: Class initialized using 'CodeIgniter\Session\Handlers\FileHandler' driver.
ERROR - 2025-09-11 05:41:42 --> mysqli_sql_exception: Unknown column 'pm.unit_id' in 'on clause' in C:\xampp\htdocs\hms_ram\system\Database\MySQLi\Connection.php:327
Stack trace:
#0 C:\xampp\htdocs\hms_ram\system\Database\MySQLi\Connection.php(327): mysqli->query('\r\n        SELEC...', 0)
#1 C:\xampp\htdocs\hms_ram\system\Database\BaseConnection.php(738): CodeIgniter\Database\MySQLi\Connection->execute('\r\n        SELEC...')
#2 C:\xampp\htdocs\hms_ram\system\Database\BaseConnection.php(652): CodeIgniter\Database\BaseConnection->simpleQuery('\r\n        SELEC...')
#3 C:\xampp\htdocs\hms_ram\app\Controllers\Pharmacy\Sales.php(310): CodeIgniter\Database\BaseConnection->query('\r\n        SELEC...', Array)
#4 C:\xampp\htdocs\hms_ram\system\CodeIgniter.php(933): App\Controllers\Pharmacy\Sales->invoice('PHM-IP-20250911...')
#5 C:\xampp\htdocs\hms_ram\system\CodeIgniter.php(507): CodeIgniter\CodeIgniter->runController(Object(App\Controllers\Pharmacy\Sales))
#6 C:\xampp\htdocs\hms_ram\system\CodeIgniter.php(354): CodeIgniter\CodeIgniter->handleRequest(NULL, Object(Config\Cache), false)
#7 C:\xampp\htdocs\hms_ram\system\Boot.php(334): CodeIgniter\CodeIgniter->run()
#8 C:\xampp\htdocs\hms_ram\system\Boot.php(67): CodeIgniter\Boot::runCodeIgniter(Object(CodeIgniter\CodeIgniter))
#9 C:\xampp\htdocs\hms_ram\index.php(46): CodeIgniter\Boot::bootWeb(Object(Config\Paths))
#10 {main}
CRITICAL - 2025-09-11 05:41:42 --> CodeIgniter\Database\Exceptions\DatabaseException: Unknown column 'pm.unit_id' in 'on clause'
[Method: GET, Route: pharmacy/sales/invoice/PHM-IP-20250911-00014]
in SYSTEMPATH\Database\BaseConnection.php on line 692.
 1 APPPATH\Controllers\Pharmacy\Sales.php(310): CodeIgniter\Database\BaseConnection->query('
        SELECT
            psi.*,
            pg.generic_name,
            pb.brand_name,
            pm.strength,
            pm.hsn_code,
            pm.gst_rate,
            b.batch_number,
            b.expiry_date,
            um.name AS unit_name
        FROM pharmacy_sale_items psi
        JOIN pharmacy_medicines pm ON pm.id = psi.medicine_id
        JOIN pharmacy_generics pg ON pg.id = pm.generic_id
        JOIN pharmacy_brands pb ON pb.id = pm.brand_id
        JOIN pharmacy_batches b ON b.id = psi.batch_id
        LEFT JOIN pharmacy_units_of_measure um ON um.id = pm.unit_id
        WHERE psi.billing_id = ?
    ', [...])
 2 SYSTEMPATH\CodeIgniter.php(933): App\Controllers\Pharmacy\Sales->invoice('PHM-IP-20250911-00014')
 3 SYSTEMPATH\CodeIgniter.php(507): CodeIgniter\CodeIgniter->runController(Object(App\Controllers\Pharmacy\Sales))
 4 SYSTEMPATH\CodeIgniter.php(354): CodeIgniter\CodeIgniter->handleRequest(null, Object(Config\Cache), false)
 5 SYSTEMPATH\Boot.php(334): CodeIgniter\CodeIgniter->run()
 6 SYSTEMPATH\Boot.php(67): CodeIgniter\Boot::runCodeIgniter(Object(CodeIgniter\CodeIgniter))
 7 FCPATH\index.php(46): CodeIgniter\Boot::bootWeb(Object(Config\Paths))
CRITICAL - 2025-09-11 05:41:42 --> [Caused by] CodeIgniter\Database\Exceptions\DatabaseException: Unknown column 'pm.unit_id' in 'on clause'
in SYSTEMPATH\Database\MySQLi\Connection.php on line 332.
 1 SYSTEMPATH\Database\BaseConnection.php(738): CodeIgniter\Database\MySQLi\Connection->execute('
        SELECT
            psi.*,
            pg.generic_name,
            pb.brand_name,
            pm.strength,
            pm.hsn_code,
            pm.gst_rate,
            b.batch_number,
            b.expiry_date,
            um.name AS unit_name
        FROM pharmacy_sale_items psi
        JOIN pharmacy_medicines pm ON pm.id = psi.medicine_id
        JOIN pharmacy_generics pg ON pg.id = pm.generic_id
        JOIN pharmacy_brands pb ON pb.id = pm.brand_id
        JOIN pharmacy_batches b ON b.id = psi.batch_id
        LEFT JOIN pharmacy_units_of_measure um ON um.id = pm.unit_id
        WHERE psi.billing_id = \'15\'
    ')
 2 SYSTEMPATH\Database\BaseConnection.php(652): CodeIgniter\Database\BaseConnection->simpleQuery('
        SELECT
            psi.*,
            pg.generic_name,
            pb.brand_name,
            pm.strength,
            pm.hsn_code,
            pm.gst_rate,
            b.batch_number,
            b.expiry_date,
            um.name AS unit_name
        FROM pharmacy_sale_items psi
        JOIN pharmacy_medicines pm ON pm.id = psi.medicine_id
        JOIN pharmacy_generics pg ON pg.id = pm.generic_id
        JOIN pharmacy_brands pb ON pb.id = pm.brand_id
        JOIN pharmacy_batches b ON b.id = psi.batch_id
        LEFT JOIN pharmacy_units_of_measure um ON um.id = pm.unit_id
        WHERE psi.billing_id = \'15\'
    ')
 3 APPPATH\Controllers\Pharmacy\Sales.php(310): CodeIgniter\Database\BaseConnection->query('
        SELECT
            psi.*,
            pg.generic_name,
            pb.brand_name,
            pm.strength,
            pm.hsn_code,
            pm.gst_rate,
            b.batch_number,
            b.expiry_date,
            um.name AS unit_name
        FROM pharmacy_sale_items psi
        JOIN pharmacy_medicines pm ON pm.id = psi.medicine_id
        JOIN pharmacy_generics pg ON pg.id = pm.generic_id
        JOIN pharmacy_brands pb ON pb.id = pm.brand_id
        JOIN pharmacy_batches b ON b.id = psi.batch_id
        LEFT JOIN pharmacy_units_of_measure um ON um.id = pm.unit_id
        WHERE psi.billing_id = ?
    ', [...])
 4 SYSTEMPATH\CodeIgniter.php(933): App\Controllers\Pharmacy\Sales->invoice('PHM-IP-20250911-00014')
 5 SYSTEMPATH\CodeIgniter.php(507): CodeIgniter\CodeIgniter->runController(Object(App\Controllers\Pharmacy\Sales))
 6 SYSTEMPATH\CodeIgniter.php(354): CodeIgniter\CodeIgniter->handleRequest(null, Object(Config\Cache), false)
 7 SYSTEMPATH\Boot.php(334): CodeIgniter\CodeIgniter->run()
 8 SYSTEMPATH\Boot.php(67): CodeIgniter\Boot::runCodeIgniter(Object(CodeIgniter\CodeIgniter))
 9 FCPATH\index.php(46): CodeIgniter\Boot::bootWeb(Object(Config\Paths))
CRITICAL - 2025-09-11 05:41:42 --> [Caused by] mysqli_sql_exception: Unknown column 'pm.unit_id' in 'on clause'
in SYSTEMPATH\Database\MySQLi\Connection.php on line 327.
 1 SYSTEMPATH\Database\MySQLi\Connection.php(327): mysqli->query('
        SELECT
            psi.*,
            pg.generic_name,
            pb.brand_name,
            pm.strength,
            pm.hsn_code,
            pm.gst_rate,
            b.batch_number,
            b.expiry_date,
            um.name AS unit_name
        FROM pharmacy_sale_items psi
        JOIN pharmacy_medicines pm ON pm.id = psi.medicine_id
        JOIN pharmacy_generics pg ON pg.id = pm.generic_id
        JOIN pharmacy_brands pb ON pb.id = pm.brand_id
        JOIN pharmacy_batches b ON b.id = psi.batch_id
        LEFT JOIN pharmacy_units_of_measure um ON um.id = pm.unit_id
        WHERE psi.billing_id = \'15\'
    ', 0)
 2 SYSTEMPATH\Database\BaseConnection.php(738): CodeIgniter\Database\MySQLi\Connection->execute('
        SELECT
            psi.*,
            pg.generic_name,
            pb.brand_name,
            pm.strength,
            pm.hsn_code,
            pm.gst_rate,
            b.batch_number,
            b.expiry_date,
            um.name AS unit_name
        FROM pharmacy_sale_items psi
        JOIN pharmacy_medicines pm ON pm.id = psi.medicine_id
        JOIN pharmacy_generics pg ON pg.id = pm.generic_id
        JOIN pharmacy_brands pb ON pb.id = pm.brand_id
        JOIN pharmacy_batches b ON b.id = psi.batch_id
        LEFT JOIN pharmacy_units_of_measure um ON um.id = pm.unit_id
        WHERE psi.billing_id = \'15\'
    ')
 3 SYSTEMPATH\Database\BaseConnection.php(652): CodeIgniter\Database\BaseConnection->simpleQuery('
        SELECT
            psi.*,
            pg.generic_name,
            pb.brand_name,
            pm.strength,
            pm.hsn_code,
            pm.gst_rate,
            b.batch_number,
            b.expiry_date,
            um.name AS unit_name
        FROM pharmacy_sale_items psi
        JOIN pharmacy_medicines pm ON pm.id = psi.medicine_id
        JOIN pharmacy_generics pg ON pg.id = pm.generic_id
        JOIN pharmacy_brands pb ON pb.id = pm.brand_id
        JOIN pharmacy_batches b ON b.id = psi.batch_id
        LEFT JOIN pharmacy_units_of_measure um ON um.id = pm.unit_id
        WHERE psi.billing_id = \'15\'
    ')
 4 APPPATH\Controllers\Pharmacy\Sales.php(310): CodeIgniter\Database\BaseConnection->query('
        SELECT
            psi.*,
            pg.generic_name,
            pb.brand_name,
            pm.strength,
            pm.hsn_code,
            pm.gst_rate,
            b.batch_number,
            b.expiry_date,
            um.name AS unit_name
        FROM pharmacy_sale_items psi
        JOIN pharmacy_medicines pm ON pm.id = psi.medicine_id
        JOIN pharmacy_generics pg ON pg.id = pm.generic_id
        JOIN pharmacy_brands pb ON pb.id = pm.brand_id
        JOIN pharmacy_batches b ON b.id = psi.batch_id
        LEFT JOIN pharmacy_units_of_measure um ON um.id = pm.unit_id
        WHERE psi.billing_id = ?
    ', [...])
 5 SYSTEMPATH\CodeIgniter.php(933): App\Controllers\Pharmacy\Sales->invoice('PHM-IP-20250911-00014')
 6 SYSTEMPATH\CodeIgniter.php(507): CodeIgniter\CodeIgniter->runController(Object(App\Controllers\Pharmacy\Sales))
 7 SYSTEMPATH\CodeIgniter.php(354): CodeIgniter\CodeIgniter->handleRequest(null, Object(Config\Cache), false)
 8 SYSTEMPATH\Boot.php(334): CodeIgniter\CodeIgniter->run()
 9 SYSTEMPATH\Boot.php(67): CodeIgniter\Boot::runCodeIgniter(Object(CodeIgniter\CodeIgniter))
10 FCPATH\index.php(46): CodeIgniter\Boot::bootWeb(Object(Config\Paths))
DEBUG - 2025-09-11 05:41:43 --> Session: Class initialized using 'CodeIgniter\Session\Handlers\FileHandler' driver.
ERROR - 2025-09-11 05:41:43 --> mysqli_sql_exception: Unknown column 'pm.unit_id' in 'on clause' in C:\xampp\htdocs\hms_ram\system\Database\MySQLi\Connection.php:327
Stack trace:
#0 C:\xampp\htdocs\hms_ram\system\Database\MySQLi\Connection.php(327): mysqli->query('\r\n        SELEC...', 0)
#1 C:\xampp\htdocs\hms_ram\system\Database\BaseConnection.php(738): CodeIgniter\Database\MySQLi\Connection->execute('\r\n        SELEC...')
#2 C:\xampp\htdocs\hms_ram\system\Database\BaseConnection.php(652): CodeIgniter\Database\BaseConnection->simpleQuery('\r\n        SELEC...')
#3 C:\xampp\htdocs\hms_ram\app\Controllers\Pharmacy\Sales.php(310): CodeIgniter\Database\BaseConnection->query('\r\n        SELEC...', Array)
#4 C:\xampp\htdocs\hms_ram\system\CodeIgniter.php(933): App\Controllers\Pharmacy\Sales->invoice('PHM-IP-20250911...')
#5 C:\xampp\htdocs\hms_ram\system\CodeIgniter.php(507): CodeIgniter\CodeIgniter->runController(Object(App\Controllers\Pharmacy\Sales))
#6 C:\xampp\htdocs\hms_ram\system\CodeIgniter.php(354): CodeIgniter\CodeIgniter->handleRequest(NULL, Object(Config\Cache), false)
#7 C:\xampp\htdocs\hms_ram\system\Boot.php(334): CodeIgniter\CodeIgniter->run()
#8 C:\xampp\htdocs\hms_ram\system\Boot.php(67): CodeIgniter\Boot::runCodeIgniter(Object(CodeIgniter\CodeIgniter))
#9 C:\xampp\htdocs\hms_ram\index.php(46): CodeIgniter\Boot::bootWeb(Object(Config\Paths))
#10 {main}
CRITICAL - 2025-09-11 05:41:43 --> CodeIgniter\Database\Exceptions\DatabaseException: Unknown column 'pm.unit_id' in 'on clause'
[Method: GET, Route: pharmacy/sales/invoice/PHM-IP-20250911-00014]
in SYSTEMPATH\Database\BaseConnection.php on line 692.
 1 APPPATH\Controllers\Pharmacy\Sales.php(310): CodeIgniter\Database\BaseConnection->query('
        SELECT
            psi.*,
            pg.generic_name,
            pb.brand_name,
            pm.strength,
            pm.hsn_code,
            pm.gst_rate,
            b.batch_number,
            b.expiry_date,
            um.name AS unit_name
        FROM pharmacy_sale_items psi
        JOIN pharmacy_medicines pm ON pm.id = psi.medicine_id
        JOIN pharmacy_generics pg ON pg.id = pm.generic_id
        JOIN pharmacy_brands pb ON pb.id = pm.brand_id
        JOIN pharmacy_batches b ON b.id = psi.batch_id
        LEFT JOIN pharmacy_units_of_measure um ON um.id = pm.unit_id
        WHERE psi.billing_id = ?
    ', [...])
 2 SYSTEMPATH\CodeIgniter.php(933): App\Controllers\Pharmacy\Sales->invoice('PHM-IP-20250911-00014')
 3 SYSTEMPATH\CodeIgniter.php(507): CodeIgniter\CodeIgniter->runController(Object(App\Controllers\Pharmacy\Sales))
 4 SYSTEMPATH\CodeIgniter.php(354): CodeIgniter\CodeIgniter->handleRequest(null, Object(Config\Cache), false)
 5 SYSTEMPATH\Boot.php(334): CodeIgniter\CodeIgniter->run()
 6 SYSTEMPATH\Boot.php(67): CodeIgniter\Boot::runCodeIgniter(Object(CodeIgniter\CodeIgniter))
 7 FCPATH\index.php(46): CodeIgniter\Boot::bootWeb(Object(Config\Paths))
CRITICAL - 2025-09-11 05:41:43 --> [Caused by] CodeIgniter\Database\Exceptions\DatabaseException: Unknown column 'pm.unit_id' in 'on clause'
in SYSTEMPATH\Database\MySQLi\Connection.php on line 332.
 1 SYSTEMPATH\Database\BaseConnection.php(738): CodeIgniter\Database\MySQLi\Connection->execute('
        SELECT
            psi.*,
            pg.generic_name,
            pb.brand_name,
            pm.strength,
            pm.hsn_code,
            pm.gst_rate,
            b.batch_number,
            b.expiry_date,
            um.name AS unit_name
        FROM pharmacy_sale_items psi
        JOIN pharmacy_medicines pm ON pm.id = psi.medicine_id
        JOIN pharmacy_generics pg ON pg.id = pm.generic_id
        JOIN pharmacy_brands pb ON pb.id = pm.brand_id
        JOIN pharmacy_batches b ON b.id = psi.batch_id
        LEFT JOIN pharmacy_units_of_measure um ON um.id = pm.unit_id
        WHERE psi.billing_id = \'15\'
    ')
 2 SYSTEMPATH\Database\BaseConnection.php(652): CodeIgniter\Database\BaseConnection->simpleQuery('
        SELECT
            psi.*,
            pg.generic_name,
            pb.brand_name,
            pm.strength,
            pm.hsn_code,
            pm.gst_rate,
            b.batch_number,
            b.expiry_date,
            um.name AS unit_name
        FROM pharmacy_sale_items psi
        JOIN pharmacy_medicines pm ON pm.id = psi.medicine_id
        JOIN pharmacy_generics pg ON pg.id = pm.generic_id
        JOIN pharmacy_brands pb ON pb.id = pm.brand_id
        JOIN pharmacy_batches b ON b.id = psi.batch_id
        LEFT JOIN pharmacy_units_of_measure um ON um.id = pm.unit_id
        WHERE psi.billing_id = \'15\'
    ')
 3 APPPATH\Controllers\Pharmacy\Sales.php(310): CodeIgniter\Database\BaseConnection->query('
        SELECT
            psi.*,
            pg.generic_name,
            pb.brand_name,
            pm.strength,
            pm.hsn_code,
            pm.gst_rate,
            b.batch_number,
            b.expiry_date,
            um.name AS unit_name
        FROM pharmacy_sale_items psi
        JOIN pharmacy_medicines pm ON pm.id = psi.medicine_id
        JOIN pharmacy_generics pg ON pg.id = pm.generic_id
        JOIN pharmacy_brands pb ON pb.id = pm.brand_id
        JOIN pharmacy_batches b ON b.id = psi.batch_id
        LEFT JOIN pharmacy_units_of_measure um ON um.id = pm.unit_id
        WHERE psi.billing_id = ?
    ', [...])
 4 SYSTEMPATH\CodeIgniter.php(933): App\Controllers\Pharmacy\Sales->invoice('PHM-IP-20250911-00014')
 5 SYSTEMPATH\CodeIgniter.php(507): CodeIgniter\CodeIgniter->runController(Object(App\Controllers\Pharmacy\Sales))
 6 SYSTEMPATH\CodeIgniter.php(354): CodeIgniter\CodeIgniter->handleRequest(null, Object(Config\Cache), false)
 7 SYSTEMPATH\Boot.php(334): CodeIgniter\CodeIgniter->run()
 8 SYSTEMPATH\Boot.php(67): CodeIgniter\Boot::runCodeIgniter(Object(CodeIgniter\CodeIgniter))
 9 FCPATH\index.php(46): CodeIgniter\Boot::bootWeb(Object(Config\Paths))
CRITICAL - 2025-09-11 05:41:43 --> [Caused by] mysqli_sql_exception: Unknown column 'pm.unit_id' in 'on clause'
in SYSTEMPATH\Database\MySQLi\Connection.php on line 327.
 1 SYSTEMPATH\Database\MySQLi\Connection.php(327): mysqli->query('
        SELECT
            psi.*,
            pg.generic_name,
            pb.brand_name,
            pm.strength,
            pm.hsn_code,
            pm.gst_rate,
            b.batch_number,
            b.expiry_date,
            um.name AS unit_name
        FROM pharmacy_sale_items psi
        JOIN pharmacy_medicines pm ON pm.id = psi.medicine_id
        JOIN pharmacy_generics pg ON pg.id = pm.generic_id
        JOIN pharmacy_brands pb ON pb.id = pm.brand_id
        JOIN pharmacy_batches b ON b.id = psi.batch_id
        LEFT JOIN pharmacy_units_of_measure um ON um.id = pm.unit_id
        WHERE psi.billing_id = \'15\'
    ', 0)
 2 SYSTEMPATH\Database\BaseConnection.php(738): CodeIgniter\Database\MySQLi\Connection->execute('
        SELECT
            psi.*,
            pg.generic_name,
            pb.brand_name,
            pm.strength,
            pm.hsn_code,
            pm.gst_rate,
            b.batch_number,
            b.expiry_date,
            um.name AS unit_name
        FROM pharmacy_sale_items psi
        JOIN pharmacy_medicines pm ON pm.id = psi.medicine_id
        JOIN pharmacy_generics pg ON pg.id = pm.generic_id
        JOIN pharmacy_brands pb ON pb.id = pm.brand_id
        JOIN pharmacy_batches b ON b.id = psi.batch_id
        LEFT JOIN pharmacy_units_of_measure um ON um.id = pm.unit_id
        WHERE psi.billing_id = \'15\'
    ')
 3 SYSTEMPATH\Database\BaseConnection.php(652): CodeIgniter\Database\BaseConnection->simpleQuery('
        SELECT
            psi.*,
            pg.generic_name,
            pb.brand_name,
            pm.strength,
            pm.hsn_code,
            pm.gst_rate,
            b.batch_number,
            b.expiry_date,
            um.name AS unit_name
        FROM pharmacy_sale_items psi
        JOIN pharmacy_medicines pm ON pm.id = psi.medicine_id
        JOIN pharmacy_generics pg ON pg.id = pm.generic_id
        JOIN pharmacy_brands pb ON pb.id = pm.brand_id
        JOIN pharmacy_batches b ON b.id = psi.batch_id
        LEFT JOIN pharmacy_units_of_measure um ON um.id = pm.unit_id
        WHERE psi.billing_id = \'15\'
    ')
 4 APPPATH\Controllers\Pharmacy\Sales.php(310): CodeIgniter\Database\BaseConnection->query('
        SELECT
            psi.*,
            pg.generic_name,
            pb.brand_name,
            pm.strength,
            pm.hsn_code,
            pm.gst_rate,
            b.batch_number,
            b.expiry_date,
            um.name AS unit_name
        FROM pharmacy_sale_items psi
        JOIN pharmacy_medicines pm ON pm.id = psi.medicine_id
        JOIN pharmacy_generics pg ON pg.id = pm.generic_id
        JOIN pharmacy_brands pb ON pb.id = pm.brand_id
        JOIN pharmacy_batches b ON b.id = psi.batch_id
        LEFT JOIN pharmacy_units_of_measure um ON um.id = pm.unit_id
        WHERE psi.billing_id = ?
    ', [...])
 5 SYSTEMPATH\CodeIgniter.php(933): App\Controllers\Pharmacy\Sales->invoice('PHM-IP-20250911-00014')
 6 SYSTEMPATH\CodeIgniter.php(507): CodeIgniter\CodeIgniter->runController(Object(App\Controllers\Pharmacy\Sales))
 7 SYSTEMPATH\CodeIgniter.php(354): CodeIgniter\CodeIgniter->handleRequest(null, Object(Config\Cache), false)
 8 SYSTEMPATH\Boot.php(334): CodeIgniter\CodeIgniter->run()
 9 SYSTEMPATH\Boot.php(67): CodeIgniter\Boot::runCodeIgniter(Object(CodeIgniter\CodeIgniter))
10 FCPATH\index.php(46): CodeIgniter\Boot::bootWeb(Object(Config\Paths))
DEBUG - 2025-09-11 05:41:44 --> Session: Class initialized using 'CodeIgniter\Session\Handlers\FileHandler' driver.
ERROR - 2025-09-11 05:41:44 --> mysqli_sql_exception: Unknown column 'pm.unit_id' in 'on clause' in C:\xampp\htdocs\hms_ram\system\Database\MySQLi\Connection.php:327
Stack trace:
#0 C:\xampp\htdocs\hms_ram\system\Database\MySQLi\Connection.php(327): mysqli->query('\r\n        SELEC...', 0)
#1 C:\xampp\htdocs\hms_ram\system\Database\BaseConnection.php(738): CodeIgniter\Database\MySQLi\Connection->execute('\r\n        SELEC...')
#2 C:\xampp\htdocs\hms_ram\system\Database\BaseConnection.php(652): CodeIgniter\Database\BaseConnection->simpleQuery('\r\n        SELEC...')
#3 C:\xampp\htdocs\hms_ram\app\Controllers\Pharmacy\Sales.php(310): CodeIgniter\Database\BaseConnection->query('\r\n        SELEC...', Array)
#4 C:\xampp\htdocs\hms_ram\system\CodeIgniter.php(933): App\Controllers\Pharmacy\Sales->invoice('PHM-IP-20250911...')
#5 C:\xampp\htdocs\hms_ram\system\CodeIgniter.php(507): CodeIgniter\CodeIgniter->runController(Object(App\Controllers\Pharmacy\Sales))
#6 C:\xampp\htdocs\hms_ram\system\CodeIgniter.php(354): CodeIgniter\CodeIgniter->handleRequest(NULL, Object(Config\Cache), false)
#7 C:\xampp\htdocs\hms_ram\system\Boot.php(334): CodeIgniter\CodeIgniter->run()
#8 C:\xampp\htdocs\hms_ram\system\Boot.php(67): CodeIgniter\Boot::runCodeIgniter(Object(CodeIgniter\CodeIgniter))
#9 C:\xampp\htdocs\hms_ram\index.php(46): CodeIgniter\Boot::bootWeb(Object(Config\Paths))
#10 {main}
CRITICAL - 2025-09-11 05:41:44 --> CodeIgniter\Database\Exceptions\DatabaseException: Unknown column 'pm.unit_id' in 'on clause'
[Method: GET, Route: pharmacy/sales/invoice/PHM-IP-20250911-00014]
in SYSTEMPATH\Database\BaseConnection.php on line 692.
 1 APPPATH\Controllers\Pharmacy\Sales.php(310): CodeIgniter\Database\BaseConnection->query('
        SELECT
            psi.*,
            pg.generic_name,
            pb.brand_name,
            pm.strength,
            pm.hsn_code,
            pm.gst_rate,
            b.batch_number,
            b.expiry_date,
            um.name AS unit_name
        FROM pharmacy_sale_items psi
        JOIN pharmacy_medicines pm ON pm.id = psi.medicine_id
        JOIN pharmacy_generics pg ON pg.id = pm.generic_id
        JOIN pharmacy_brands pb ON pb.id = pm.brand_id
        JOIN pharmacy_batches b ON b.id = psi.batch_id
        LEFT JOIN pharmacy_units_of_measure um ON um.id = pm.unit_id
        WHERE psi.billing_id = ?
    ', [...])
 2 SYSTEMPATH\CodeIgniter.php(933): App\Controllers\Pharmacy\Sales->invoice('PHM-IP-20250911-00014')
 3 SYSTEMPATH\CodeIgniter.php(507): CodeIgniter\CodeIgniter->runController(Object(App\Controllers\Pharmacy\Sales))
 4 SYSTEMPATH\CodeIgniter.php(354): CodeIgniter\CodeIgniter->handleRequest(null, Object(Config\Cache), false)
 5 SYSTEMPATH\Boot.php(334): CodeIgniter\CodeIgniter->run()
 6 SYSTEMPATH\Boot.php(67): CodeIgniter\Boot::runCodeIgniter(Object(CodeIgniter\CodeIgniter))
 7 FCPATH\index.php(46): CodeIgniter\Boot::bootWeb(Object(Config\Paths))
CRITICAL - 2025-09-11 05:41:44 --> [Caused by] CodeIgniter\Database\Exceptions\DatabaseException: Unknown column 'pm.unit_id' in 'on clause'
in SYSTEMPATH\Database\MySQLi\Connection.php on line 332.
 1 SYSTEMPATH\Database\BaseConnection.php(738): CodeIgniter\Database\MySQLi\Connection->execute('
        SELECT
            psi.*,
            pg.generic_name,
            pb.brand_name,
            pm.strength,
            pm.hsn_code,
            pm.gst_rate,
            b.batch_number,
            b.expiry_date,
            um.name AS unit_name
        FROM pharmacy_sale_items psi
        JOIN pharmacy_medicines pm ON pm.id = psi.medicine_id
        JOIN pharmacy_generics pg ON pg.id = pm.generic_id
        JOIN pharmacy_brands pb ON pb.id = pm.brand_id
        JOIN pharmacy_batches b ON b.id = psi.batch_id
        LEFT JOIN pharmacy_units_of_measure um ON um.id = pm.unit_id
        WHERE psi.billing_id = \'15\'
    ')
 2 SYSTEMPATH\Database\BaseConnection.php(652): CodeIgniter\Database\BaseConnection->simpleQuery('
        SELECT
            psi.*,
            pg.generic_name,
            pb.brand_name,
            pm.strength,
            pm.hsn_code,
            pm.gst_rate,
            b.batch_number,
            b.expiry_date,
            um.name AS unit_name
        FROM pharmacy_sale_items psi
        JOIN pharmacy_medicines pm ON pm.id = psi.medicine_id
        JOIN pharmacy_generics pg ON pg.id = pm.generic_id
        JOIN pharmacy_brands pb ON pb.id = pm.brand_id
        JOIN pharmacy_batches b ON b.id = psi.batch_id
        LEFT JOIN pharmacy_units_of_measure um ON um.id = pm.unit_id
        WHERE psi.billing_id = \'15\'
    ')
 3 APPPATH\Controllers\Pharmacy\Sales.php(310): CodeIgniter\Database\BaseConnection->query('
        SELECT
            psi.*,
            pg.generic_name,
            pb.brand_name,
            pm.strength,
            pm.hsn_code,
            pm.gst_rate,
            b.batch_number,
            b.expiry_date,
            um.name AS unit_name
        FROM pharmacy_sale_items psi
        JOIN pharmacy_medicines pm ON pm.id = psi.medicine_id
        JOIN pharmacy_generics pg ON pg.id = pm.generic_id
        JOIN pharmacy_brands pb ON pb.id = pm.brand_id
        JOIN pharmacy_batches b ON b.id = psi.batch_id
        LEFT JOIN pharmacy_units_of_measure um ON um.id = pm.unit_id
        WHERE psi.billing_id = ?
    ', [...])
 4 SYSTEMPATH\CodeIgniter.php(933): App\Controllers\Pharmacy\Sales->invoice('PHM-IP-20250911-00014')
 5 SYSTEMPATH\CodeIgniter.php(507): CodeIgniter\CodeIgniter->runController(Object(App\Controllers\Pharmacy\Sales))
 6 SYSTEMPATH\CodeIgniter.php(354): CodeIgniter\CodeIgniter->handleRequest(null, Object(Config\Cache), false)
 7 SYSTEMPATH\Boot.php(334): CodeIgniter\CodeIgniter->run()
 8 SYSTEMPATH\Boot.php(67): CodeIgniter\Boot::runCodeIgniter(Object(CodeIgniter\CodeIgniter))
 9 FCPATH\index.php(46): CodeIgniter\Boot::bootWeb(Object(Config\Paths))
CRITICAL - 2025-09-11 05:41:44 --> [Caused by] mysqli_sql_exception: Unknown column 'pm.unit_id' in 'on clause'
in SYSTEMPATH\Database\MySQLi\Connection.php on line 327.
 1 SYSTEMPATH\Database\MySQLi\Connection.php(327): mysqli->query('
        SELECT
            psi.*,
            pg.generic_name,
            pb.brand_name,
            pm.strength,
            pm.hsn_code,
            pm.gst_rate,
            b.batch_number,
            b.expiry_date,
            um.name AS unit_name
        FROM pharmacy_sale_items psi
        JOIN pharmacy_medicines pm ON pm.id = psi.medicine_id
        JOIN pharmacy_generics pg ON pg.id = pm.generic_id
        JOIN pharmacy_brands pb ON pb.id = pm.brand_id
        JOIN pharmacy_batches b ON b.id = psi.batch_id
        LEFT JOIN pharmacy_units_of_measure um ON um.id = pm.unit_id
        WHERE psi.billing_id = \'15\'
    ', 0)
 2 SYSTEMPATH\Database\BaseConnection.php(738): CodeIgniter\Database\MySQLi\Connection->execute('
        SELECT
            psi.*,
            pg.generic_name,
            pb.brand_name,
            pm.strength,
            pm.hsn_code,
            pm.gst_rate,
            b.batch_number,
            b.expiry_date,
            um.name AS unit_name
        FROM pharmacy_sale_items psi
        JOIN pharmacy_medicines pm ON pm.id = psi.medicine_id
        JOIN pharmacy_generics pg ON pg.id = pm.generic_id
        JOIN pharmacy_brands pb ON pb.id = pm.brand_id
        JOIN pharmacy_batches b ON b.id = psi.batch_id
        LEFT JOIN pharmacy_units_of_measure um ON um.id = pm.unit_id
        WHERE psi.billing_id = \'15\'
    ')
 3 SYSTEMPATH\Database\BaseConnection.php(652): CodeIgniter\Database\BaseConnection->simpleQuery('
        SELECT
            psi.*,
            pg.generic_name,
            pb.brand_name,
            pm.strength,
            pm.hsn_code,
            pm.gst_rate,
            b.batch_number,
            b.expiry_date,
            um.name AS unit_name
        FROM pharmacy_sale_items psi
        JOIN pharmacy_medicines pm ON pm.id = psi.medicine_id
        JOIN pharmacy_generics pg ON pg.id = pm.generic_id
        JOIN pharmacy_brands pb ON pb.id = pm.brand_id
        JOIN pharmacy_batches b ON b.id = psi.batch_id
        LEFT JOIN pharmacy_units_of_measure um ON um.id = pm.unit_id
        WHERE psi.billing_id = \'15\'
    ')
 4 APPPATH\Controllers\Pharmacy\Sales.php(310): CodeIgniter\Database\BaseConnection->query('
        SELECT
            psi.*,
            pg.generic_name,
            pb.brand_name,
            pm.strength,
            pm.hsn_code,
            pm.gst_rate,
            b.batch_number,
            b.expiry_date,
            um.name AS unit_name
        FROM pharmacy_sale_items psi
        JOIN pharmacy_medicines pm ON pm.id = psi.medicine_id
        JOIN pharmacy_generics pg ON pg.id = pm.generic_id
        JOIN pharmacy_brands pb ON pb.id = pm.brand_id
        JOIN pharmacy_batches b ON b.id = psi.batch_id
        LEFT JOIN pharmacy_units_of_measure um ON um.id = pm.unit_id
        WHERE psi.billing_id = ?
    ', [...])
 5 SYSTEMPATH\CodeIgniter.php(933): App\Controllers\Pharmacy\Sales->invoice('PHM-IP-20250911-00014')
 6 SYSTEMPATH\CodeIgniter.php(507): CodeIgniter\CodeIgniter->runController(Object(App\Controllers\Pharmacy\Sales))
 7 SYSTEMPATH\CodeIgniter.php(354): CodeIgniter\CodeIgniter->handleRequest(null, Object(Config\Cache), false)
 8 SYSTEMPATH\Boot.php(334): CodeIgniter\CodeIgniter->run()
 9 SYSTEMPATH\Boot.php(67): CodeIgniter\Boot::runCodeIgniter(Object(CodeIgniter\CodeIgniter))
10 FCPATH\index.php(46): CodeIgniter\Boot::bootWeb(Object(Config\Paths))
DEBUG - 2025-09-11 05:42:24 --> Session: Class initialized using 'CodeIgniter\Session\Handlers\FileHandler' driver.
DEBUG - 2025-09-11 05:42:25 --> Session: Class initialized using 'CodeIgniter\Session\Handlers\FileHandler' driver.
ERROR - 2025-09-11 05:42:25 --> mysqli_sql_exception: Unknown column 'm.generic_name' in 'field list' in C:\xampp\htdocs\hms_ram\system\Database\MySQLi\Connection.php:327
Stack trace:
#0 C:\xampp\htdocs\hms_ram\system\Database\MySQLi\Connection.php(327): mysqli->query('SELECT `r`.*, `...', 0)
#1 C:\xampp\htdocs\hms_ram\system\Database\BaseConnection.php(738): CodeIgniter\Database\MySQLi\Connection->execute('SELECT `r`.*, `...')
#2 C:\xampp\htdocs\hms_ram\system\Database\BaseConnection.php(652): CodeIgniter\Database\BaseConnection->simpleQuery('SELECT `r`.*, `...')
#3 C:\xampp\htdocs\hms_ram\system\Database\BaseBuilder.php(1649): CodeIgniter\Database\BaseConnection->query('SELECT `r`.*, `...', Array, false)
#4 C:\xampp\htdocs\hms_ram\system\Model.php(286): CodeIgniter\Database\BaseBuilder->get()
#5 C:\xampp\htdocs\hms_ram\system\BaseModel.php(679): CodeIgniter\Model->doFindAll(0, 0)
#6 C:\xampp\htdocs\hms_ram\app\Controllers\Pharmacy\Sales.php(372): CodeIgniter\BaseModel->findAll()
#7 C:\xampp\htdocs\hms_ram\system\CodeIgniter.php(933): App\Controllers\Pharmacy\Sales->invoice('PHM-IP-20250911...')
#8 C:\xampp\htdocs\hms_ram\system\CodeIgniter.php(507): CodeIgniter\CodeIgniter->runController(Object(App\Controllers\Pharmacy\Sales))
#9 C:\xampp\htdocs\hms_ram\system\CodeIgniter.php(354): CodeIgniter\CodeIgniter->handleRequest(NULL, Object(Config\Cache), false)
#10 C:\xampp\htdocs\hms_ram\system\Boot.php(334): CodeIgniter\CodeIgniter->run()
#11 C:\xampp\htdocs\hms_ram\system\Boot.php(67): CodeIgniter\Boot::runCodeIgniter(Object(CodeIgniter\CodeIgniter))
#12 C:\xampp\htdocs\hms_ram\index.php(46): CodeIgniter\Boot::bootWeb(Object(Config\Paths))
#13 {main}
CRITICAL - 2025-09-11 05:42:25 --> CodeIgniter\Database\Exceptions\DatabaseException: Unknown column 'm.generic_name' in 'field list'
[Method: GET, Route: pharmacy/sales/invoice/PHM-IP-20250911-00014]
in SYSTEMPATH\Database\BaseConnection.php on line 692.
 1 SYSTEMPATH\Database\BaseBuilder.php(1649): CodeIgniter\Database\BaseConnection->query('SELECT `r`.*, `m`.`generic_name` as `medicine_name`, `si`.`unit_selling_price`
FROM (`pharmacy_returns`, `pharmacy_returns` `r`)
JOIN `pharmacy_medicines` `m` ON `m`.`id` = `r`.`medicine_id`
JOIN `pharmacy_sale_items` `si` ON `si`.`id` = `r`.`sale_item_id`
WHERE `r`.`billing_id` = :r.billing_id:
AND `r`.`approval_status` = :r.approval_status:', [...], false)
 2 SYSTEMPATH\Model.php(286): CodeIgniter\Database\BaseBuilder->get()
 3 SYSTEMPATH\BaseModel.php(679): CodeIgniter\Model->doFindAll(0, 0)
 4 APPPATH\Controllers\Pharmacy\Sales.php(372): CodeIgniter\BaseModel->findAll()
 5 SYSTEMPATH\CodeIgniter.php(933): App\Controllers\Pharmacy\Sales->invoice('PHM-IP-20250911-00014')
 6 SYSTEMPATH\CodeIgniter.php(507): CodeIgniter\CodeIgniter->runController(Object(App\Controllers\Pharmacy\Sales))
 7 SYSTEMPATH\CodeIgniter.php(354): CodeIgniter\CodeIgniter->handleRequest(null, Object(Config\Cache), false)
 8 SYSTEMPATH\Boot.php(334): CodeIgniter\CodeIgniter->run()
 9 SYSTEMPATH\Boot.php(67): CodeIgniter\Boot::runCodeIgniter(Object(CodeIgniter\CodeIgniter))
10 FCPATH\index.php(46): CodeIgniter\Boot::bootWeb(Object(Config\Paths))
CRITICAL - 2025-09-11 05:42:25 --> [Caused by] CodeIgniter\Database\Exceptions\DatabaseException: Unknown column 'm.generic_name' in 'field list'
in SYSTEMPATH\Database\MySQLi\Connection.php on line 332.
 1 SYSTEMPATH\Database\BaseConnection.php(738): CodeIgniter\Database\MySQLi\Connection->execute('SELECT `r`.*, `m`.`generic_name` as `medicine_name`, `si`.`unit_selling_price`
FROM (`pharmacy_returns`, `pharmacy_returns` `r`)
JOIN `pharmacy_medicines` `m` ON `m`.`id` = `r`.`medicine_id`
JOIN `pharmacy_sale_items` `si` ON `si`.`id` = `r`.`sale_item_id`
WHERE `r`.`billing_id` = \'15\'
AND `r`.`approval_status` = \'approved\'')
 2 SYSTEMPATH\Database\BaseConnection.php(652): CodeIgniter\Database\BaseConnection->simpleQuery('SELECT `r`.*, `m`.`generic_name` as `medicine_name`, `si`.`unit_selling_price`
FROM (`pharmacy_returns`, `pharmacy_returns` `r`)
JOIN `pharmacy_medicines` `m` ON `m`.`id` = `r`.`medicine_id`
JOIN `pharmacy_sale_items` `si` ON `si`.`id` = `r`.`sale_item_id`
WHERE `r`.`billing_id` = \'15\'
AND `r`.`approval_status` = \'approved\'')
 3 SYSTEMPATH\Database\BaseBuilder.php(1649): CodeIgniter\Database\BaseConnection->query('SELECT `r`.*, `m`.`generic_name` as `medicine_name`, `si`.`unit_selling_price`
FROM (`pharmacy_returns`, `pharmacy_returns` `r`)
JOIN `pharmacy_medicines` `m` ON `m`.`id` = `r`.`medicine_id`
JOIN `pharmacy_sale_items` `si` ON `si`.`id` = `r`.`sale_item_id`
WHERE `r`.`billing_id` = :r.billing_id:
AND `r`.`approval_status` = :r.approval_status:', [...], false)
 4 SYSTEMPATH\Model.php(286): CodeIgniter\Database\BaseBuilder->get()
 5 SYSTEMPATH\BaseModel.php(679): CodeIgniter\Model->doFindAll(0, 0)
 6 APPPATH\Controllers\Pharmacy\Sales.php(372): CodeIgniter\BaseModel->findAll()
 7 SYSTEMPATH\CodeIgniter.php(933): App\Controllers\Pharmacy\Sales->invoice('PHM-IP-20250911-00014')
 8 SYSTEMPATH\CodeIgniter.php(507): CodeIgniter\CodeIgniter->runController(Object(App\Controllers\Pharmacy\Sales))
 9 SYSTEMPATH\CodeIgniter.php(354): CodeIgniter\CodeIgniter->handleRequest(null, Object(Config\Cache), false)
10 SYSTEMPATH\Boot.php(334): CodeIgniter\CodeIgniter->run()
11 SYSTEMPATH\Boot.php(67): CodeIgniter\Boot::runCodeIgniter(Object(CodeIgniter\CodeIgniter))
12 FCPATH\index.php(46): CodeIgniter\Boot::bootWeb(Object(Config\Paths))
CRITICAL - 2025-09-11 05:42:25 --> [Caused by] mysqli_sql_exception: Unknown column 'm.generic_name' in 'field list'
in SYSTEMPATH\Database\MySQLi\Connection.php on line 327.
 1 SYSTEMPATH\Database\MySQLi\Connection.php(327): mysqli->query('SELECT `r`.*, `m`.`generic_name` as `medicine_name`, `si`.`unit_selling_price`
FROM (`pharmacy_returns`, `pharmacy_returns` `r`)
JOIN `pharmacy_medicines` `m` ON `m`.`id` = `r`.`medicine_id`
JOIN `pharmacy_sale_items` `si` ON `si`.`id` = `r`.`sale_item_id`
WHERE `r`.`billing_id` = \'15\'
AND `r`.`approval_status` = \'approved\'', 0)
 2 SYSTEMPATH\Database\BaseConnection.php(738): CodeIgniter\Database\MySQLi\Connection->execute('SELECT `r`.*, `m`.`generic_name` as `medicine_name`, `si`.`unit_selling_price`
FROM (`pharmacy_returns`, `pharmacy_returns` `r`)
JOIN `pharmacy_medicines` `m` ON `m`.`id` = `r`.`medicine_id`
JOIN `pharmacy_sale_items` `si` ON `si`.`id` = `r`.`sale_item_id`
WHERE `r`.`billing_id` = \'15\'
AND `r`.`approval_status` = \'approved\'')
 3 SYSTEMPATH\Database\BaseConnection.php(652): CodeIgniter\Database\BaseConnection->simpleQuery('SELECT `r`.*, `m`.`generic_name` as `medicine_name`, `si`.`unit_selling_price`
FROM (`pharmacy_returns`, `pharmacy_returns` `r`)
JOIN `pharmacy_medicines` `m` ON `m`.`id` = `r`.`medicine_id`
JOIN `pharmacy_sale_items` `si` ON `si`.`id` = `r`.`sale_item_id`
WHERE `r`.`billing_id` = \'15\'
AND `r`.`approval_status` = \'approved\'')
 4 SYSTEMPATH\Database\BaseBuilder.php(1649): CodeIgniter\Database\BaseConnection->query('SELECT `r`.*, `m`.`generic_name` as `medicine_name`, `si`.`unit_selling_price`
FROM (`pharmacy_returns`, `pharmacy_returns` `r`)
JOIN `pharmacy_medicines` `m` ON `m`.`id` = `r`.`medicine_id`
JOIN `pharmacy_sale_items` `si` ON `si`.`id` = `r`.`sale_item_id`
WHERE `r`.`billing_id` = :r.billing_id:
AND `r`.`approval_status` = :r.approval_status:', [...], false)
 5 SYSTEMPATH\Model.php(286): CodeIgniter\Database\BaseBuilder->get()
 6 SYSTEMPATH\BaseModel.php(679): CodeIgniter\Model->doFindAll(0, 0)
 7 APPPATH\Controllers\Pharmacy\Sales.php(372): CodeIgniter\BaseModel->findAll()
 8 SYSTEMPATH\CodeIgniter.php(933): App\Controllers\Pharmacy\Sales->invoice('PHM-IP-20250911-00014')
 9 SYSTEMPATH\CodeIgniter.php(507): CodeIgniter\CodeIgniter->runController(Object(App\Controllers\Pharmacy\Sales))
10 SYSTEMPATH\CodeIgniter.php(354): CodeIgniter\CodeIgniter->handleRequest(null, Object(Config\Cache), false)
11 SYSTEMPATH\Boot.php(334): CodeIgniter\CodeIgniter->run()
12 SYSTEMPATH\Boot.php(67): CodeIgniter\Boot::runCodeIgniter(Object(CodeIgniter\CodeIgniter))
13 FCPATH\index.php(46): CodeIgniter\Boot::bootWeb(Object(Config\Paths))
DEBUG - 2025-09-11 05:42:28 --> Session: Class initialized using 'CodeIgniter\Session\Handlers\FileHandler' driver.
ERROR - 2025-09-11 05:42:28 --> mysqli_sql_exception: Unknown column 'm.generic_name' in 'field list' in C:\xampp\htdocs\hms_ram\system\Database\MySQLi\Connection.php:327
Stack trace:
#0 C:\xampp\htdocs\hms_ram\system\Database\MySQLi\Connection.php(327): mysqli->query('SELECT `r`.*, `...', 0)
#1 C:\xampp\htdocs\hms_ram\system\Database\BaseConnection.php(738): CodeIgniter\Database\MySQLi\Connection->execute('SELECT `r`.*, `...')
#2 C:\xampp\htdocs\hms_ram\system\Database\BaseConnection.php(652): CodeIgniter\Database\BaseConnection->simpleQuery('SELECT `r`.*, `...')
#3 C:\xampp\htdocs\hms_ram\system\Database\BaseBuilder.php(1649): CodeIgniter\Database\BaseConnection->query('SELECT `r`.*, `...', Array, false)
#4 C:\xampp\htdocs\hms_ram\system\Model.php(286): CodeIgniter\Database\BaseBuilder->get()
#5 C:\xampp\htdocs\hms_ram\system\BaseModel.php(679): CodeIgniter\Model->doFindAll(0, 0)
#6 C:\xampp\htdocs\hms_ram\app\Controllers\Pharmacy\Sales.php(372): CodeIgniter\BaseModel->findAll()
#7 C:\xampp\htdocs\hms_ram\system\CodeIgniter.php(933): App\Controllers\Pharmacy\Sales->invoice('PHM-IP-20250911...')
#8 C:\xampp\htdocs\hms_ram\system\CodeIgniter.php(507): CodeIgniter\CodeIgniter->runController(Object(App\Controllers\Pharmacy\Sales))
#9 C:\xampp\htdocs\hms_ram\system\CodeIgniter.php(354): CodeIgniter\CodeIgniter->handleRequest(NULL, Object(Config\Cache), false)
#10 C:\xampp\htdocs\hms_ram\system\Boot.php(334): CodeIgniter\CodeIgniter->run()
#11 C:\xampp\htdocs\hms_ram\system\Boot.php(67): CodeIgniter\Boot::runCodeIgniter(Object(CodeIgniter\CodeIgniter))
#12 C:\xampp\htdocs\hms_ram\index.php(46): CodeIgniter\Boot::bootWeb(Object(Config\Paths))
#13 {main}
CRITICAL - 2025-09-11 05:42:28 --> CodeIgniter\Database\Exceptions\DatabaseException: Unknown column 'm.generic_name' in 'field list'
[Method: GET, Route: pharmacy/sales/invoice/PHM-IP-20250911-00014]
in SYSTEMPATH\Database\BaseConnection.php on line 692.
 1 SYSTEMPATH\Database\BaseBuilder.php(1649): CodeIgniter\Database\BaseConnection->query('SELECT `r`.*, `m`.`generic_name` as `medicine_name`, `si`.`unit_selling_price`
FROM (`pharmacy_returns`, `pharmacy_returns` `r`)
JOIN `pharmacy_medicines` `m` ON `m`.`id` = `r`.`medicine_id`
JOIN `pharmacy_sale_items` `si` ON `si`.`id` = `r`.`sale_item_id`
WHERE `r`.`billing_id` = :r.billing_id:
AND `r`.`approval_status` = :r.approval_status:', [...], false)
 2 SYSTEMPATH\Model.php(286): CodeIgniter\Database\BaseBuilder->get()
 3 SYSTEMPATH\BaseModel.php(679): CodeIgniter\Model->doFindAll(0, 0)
 4 APPPATH\Controllers\Pharmacy\Sales.php(372): CodeIgniter\BaseModel->findAll()
 5 SYSTEMPATH\CodeIgniter.php(933): App\Controllers\Pharmacy\Sales->invoice('PHM-IP-20250911-00014')
 6 SYSTEMPATH\CodeIgniter.php(507): CodeIgniter\CodeIgniter->runController(Object(App\Controllers\Pharmacy\Sales))
 7 SYSTEMPATH\CodeIgniter.php(354): CodeIgniter\CodeIgniter->handleRequest(null, Object(Config\Cache), false)
 8 SYSTEMPATH\Boot.php(334): CodeIgniter\CodeIgniter->run()
 9 SYSTEMPATH\Boot.php(67): CodeIgniter\Boot::runCodeIgniter(Object(CodeIgniter\CodeIgniter))
10 FCPATH\index.php(46): CodeIgniter\Boot::bootWeb(Object(Config\Paths))
CRITICAL - 2025-09-11 05:42:28 --> [Caused by] CodeIgniter\Database\Exceptions\DatabaseException: Unknown column 'm.generic_name' in 'field list'
in SYSTEMPATH\Database\MySQLi\Connection.php on line 332.
 1 SYSTEMPATH\Database\BaseConnection.php(738): CodeIgniter\Database\MySQLi\Connection->execute('SELECT `r`.*, `m`.`generic_name` as `medicine_name`, `si`.`unit_selling_price`
FROM (`pharmacy_returns`, `pharmacy_returns` `r`)
JOIN `pharmacy_medicines` `m` ON `m`.`id` = `r`.`medicine_id`
JOIN `pharmacy_sale_items` `si` ON `si`.`id` = `r`.`sale_item_id`
WHERE `r`.`billing_id` = \'15\'
AND `r`.`approval_status` = \'approved\'')
 2 SYSTEMPATH\Database\BaseConnection.php(652): CodeIgniter\Database\BaseConnection->simpleQuery('SELECT `r`.*, `m`.`generic_name` as `medicine_name`, `si`.`unit_selling_price`
FROM (`pharmacy_returns`, `pharmacy_returns` `r`)
JOIN `pharmacy_medicines` `m` ON `m`.`id` = `r`.`medicine_id`
JOIN `pharmacy_sale_items` `si` ON `si`.`id` = `r`.`sale_item_id`
WHERE `r`.`billing_id` = \'15\'
AND `r`.`approval_status` = \'approved\'')
 3 SYSTEMPATH\Database\BaseBuilder.php(1649): CodeIgniter\Database\BaseConnection->query('SELECT `r`.*, `m`.`generic_name` as `medicine_name`, `si`.`unit_selling_price`
FROM (`pharmacy_returns`, `pharmacy_returns` `r`)
JOIN `pharmacy_medicines` `m` ON `m`.`id` = `r`.`medicine_id`
JOIN `pharmacy_sale_items` `si` ON `si`.`id` = `r`.`sale_item_id`
WHERE `r`.`billing_id` = :r.billing_id:
AND `r`.`approval_status` = :r.approval_status:', [...], false)
 4 SYSTEMPATH\Model.php(286): CodeIgniter\Database\BaseBuilder->get()
 5 SYSTEMPATH\BaseModel.php(679): CodeIgniter\Model->doFindAll(0, 0)
 6 APPPATH\Controllers\Pharmacy\Sales.php(372): CodeIgniter\BaseModel->findAll()
 7 SYSTEMPATH\CodeIgniter.php(933): App\Controllers\Pharmacy\Sales->invoice('PHM-IP-20250911-00014')
 8 SYSTEMPATH\CodeIgniter.php(507): CodeIgniter\CodeIgniter->runController(Object(App\Controllers\Pharmacy\Sales))
 9 SYSTEMPATH\CodeIgniter.php(354): CodeIgniter\CodeIgniter->handleRequest(null, Object(Config\Cache), false)
10 SYSTEMPATH\Boot.php(334): CodeIgniter\CodeIgniter->run()
11 SYSTEMPATH\Boot.php(67): CodeIgniter\Boot::runCodeIgniter(Object(CodeIgniter\CodeIgniter))
12 FCPATH\index.php(46): CodeIgniter\Boot::bootWeb(Object(Config\Paths))
CRITICAL - 2025-09-11 05:42:28 --> [Caused by] mysqli_sql_exception: Unknown column 'm.generic_name' in 'field list'
in SYSTEMPATH\Database\MySQLi\Connection.php on line 327.
 1 SYSTEMPATH\Database\MySQLi\Connection.php(327): mysqli->query('SELECT `r`.*, `m`.`generic_name` as `medicine_name`, `si`.`unit_selling_price`
FROM (`pharmacy_returns`, `pharmacy_returns` `r`)
JOIN `pharmacy_medicines` `m` ON `m`.`id` = `r`.`medicine_id`
JOIN `pharmacy_sale_items` `si` ON `si`.`id` = `r`.`sale_item_id`
WHERE `r`.`billing_id` = \'15\'
AND `r`.`approval_status` = \'approved\'', 0)
 2 SYSTEMPATH\Database\BaseConnection.php(738): CodeIgniter\Database\MySQLi\Connection->execute('SELECT `r`.*, `m`.`generic_name` as `medicine_name`, `si`.`unit_selling_price`
FROM (`pharmacy_returns`, `pharmacy_returns` `r`)
JOIN `pharmacy_medicines` `m` ON `m`.`id` = `r`.`medicine_id`
JOIN `pharmacy_sale_items` `si` ON `si`.`id` = `r`.`sale_item_id`
WHERE `r`.`billing_id` = \'15\'
AND `r`.`approval_status` = \'approved\'')
 3 SYSTEMPATH\Database\BaseConnection.php(652): CodeIgniter\Database\BaseConnection->simpleQuery('SELECT `r`.*, `m`.`generic_name` as `medicine_name`, `si`.`unit_selling_price`
FROM (`pharmacy_returns`, `pharmacy_returns` `r`)
JOIN `pharmacy_medicines` `m` ON `m`.`id` = `r`.`medicine_id`
JOIN `pharmacy_sale_items` `si` ON `si`.`id` = `r`.`sale_item_id`
WHERE `r`.`billing_id` = \'15\'
AND `r`.`approval_status` = \'approved\'')
 4 SYSTEMPATH\Database\BaseBuilder.php(1649): CodeIgniter\Database\BaseConnection->query('SELECT `r`.*, `m`.`generic_name` as `medicine_name`, `si`.`unit_selling_price`
FROM (`pharmacy_returns`, `pharmacy_returns` `r`)
JOIN `pharmacy_medicines` `m` ON `m`.`id` = `r`.`medicine_id`
JOIN `pharmacy_sale_items` `si` ON `si`.`id` = `r`.`sale_item_id`
WHERE `r`.`billing_id` = :r.billing_id:
AND `r`.`approval_status` = :r.approval_status:', [...], false)
 5 SYSTEMPATH\Model.php(286): CodeIgniter\Database\BaseBuilder->get()
 6 SYSTEMPATH\BaseModel.php(679): CodeIgniter\Model->doFindAll(0, 0)
 7 APPPATH\Controllers\Pharmacy\Sales.php(372): CodeIgniter\BaseModel->findAll()
 8 SYSTEMPATH\CodeIgniter.php(933): App\Controllers\Pharmacy\Sales->invoice('PHM-IP-20250911-00014')
 9 SYSTEMPATH\CodeIgniter.php(507): CodeIgniter\CodeIgniter->runController(Object(App\Controllers\Pharmacy\Sales))
10 SYSTEMPATH\CodeIgniter.php(354): CodeIgniter\CodeIgniter->handleRequest(null, Object(Config\Cache), false)
11 SYSTEMPATH\Boot.php(334): CodeIgniter\CodeIgniter->run()
12 SYSTEMPATH\Boot.php(67): CodeIgniter\Boot::runCodeIgniter(Object(CodeIgniter\CodeIgniter))
13 FCPATH\index.php(46): CodeIgniter\Boot::bootWeb(Object(Config\Paths))
DEBUG - 2025-09-11 05:44:24 --> Session: Class initialized using 'CodeIgniter\Session\Handlers\FileHandler' driver.
DEBUG - 2025-09-11 05:44:25 --> Session: Class initialized using 'CodeIgniter\Session\Handlers\FileHandler' driver.
CRITICAL - 2025-09-11 05:44:25 --> ErrorException: Undefined array key "net_amount"
[Method: GET, Route: pharmacy/sales/invoice/PHM-IP-20250911-00014]
in APPPATH\Controllers\Pharmacy\Sales.php on line 401.
 1 APPPATH\Controllers\Pharmacy\Sales.php(401): CodeIgniter\Debug\Exceptions->errorHandler(2, 'Undefined array key "net_amount"', 'C:\\xampp\\htdocs\\hms_ram\\app\\Controllers\\Pharmacy\\Sales.php', 401)
 2 SYSTEMPATH\CodeIgniter.php(933): App\Controllers\Pharmacy\Sales->invoice('PHM-IP-20250911-00014')
 3 SYSTEMPATH\CodeIgniter.php(507): CodeIgniter\CodeIgniter->runController(Object(App\Controllers\Pharmacy\Sales))
 4 SYSTEMPATH\CodeIgniter.php(354): CodeIgniter\CodeIgniter->handleRequest(null, Object(Config\Cache), false)
 5 SYSTEMPATH\Boot.php(334): CodeIgniter\CodeIgniter->run()
 6 SYSTEMPATH\Boot.php(67): CodeIgniter\Boot::runCodeIgniter(Object(CodeIgniter\CodeIgniter))
 7 FCPATH\index.php(46): CodeIgniter\Boot::bootWeb(Object(Config\Paths))
DEBUG - 2025-09-11 05:45:42 --> Session: Class initialized using 'CodeIgniter\Session\Handlers\FileHandler' driver.
DEBUG - 2025-09-11 05:45:43 --> Session: Class initialized using 'CodeIgniter\Session\Handlers\FileHandler' driver.
CRITICAL - 2025-09-11 05:45:43 --> CodeIgniter\View\Exceptions\ViewException: Invalid file: "sales/invoice.php"
[Method: GET, Route: pharmacy/sales/invoice/PHM-IP-20250911-00014]
in SYSTEMPATH\Exceptions\FrameworkException.php on line 39.
 1 SYSTEMPATH\View\View.php(212): CodeIgniter\Exceptions\FrameworkException::forInvalidFile('sales/invoice.php')
 2 SYSTEMPATH\Common.php(1173): CodeIgniter\View\View->render('sales/invoice', [], true)
 3 APPPATH\Controllers\Pharmacy\Sales.php(405): view('sales/invoice', [...])
 4 SYSTEMPATH\CodeIgniter.php(933): App\Controllers\Pharmacy\Sales->invoice('PHM-IP-20250911-00014')
 5 SYSTEMPATH\CodeIgniter.php(507): CodeIgniter\CodeIgniter->runController(Object(App\Controllers\Pharmacy\Sales))
 6 SYSTEMPATH\CodeIgniter.php(354): CodeIgniter\CodeIgniter->handleRequest(null, Object(Config\Cache), false)
 7 SYSTEMPATH\Boot.php(334): CodeIgniter\CodeIgniter->run()
 8 SYSTEMPATH\Boot.php(67): CodeIgniter\Boot::runCodeIgniter(Object(CodeIgniter\CodeIgniter))
 9 FCPATH\index.php(46): CodeIgniter\Boot::bootWeb(Object(Config\Paths))
DEBUG - 2025-09-11 05:47:35 --> Session: Class initialized using 'CodeIgniter\Session\Handlers\FileHandler' driver.
DEBUG - 2025-09-11 05:47:36 --> Session: Class initialized using 'CodeIgniter\Session\Handlers\FileHandler' driver.
CRITICAL - 2025-09-11 05:47:36 --> ErrorException: Undefined array key "item_sub_total"
[Method: GET, Route: pharmacy/sales/invoice/PHM-IP-20250911-00014]
in APPPATH\Views\pharmacy\sales\invoice.php on line 206.
 1 APPPATH\Views\pharmacy\sales\invoice.php(206): CodeIgniter\Debug\Exceptions->errorHandler(2, 'Undefined array key "item_sub_total"', 'C:\\xampp\\htdocs\\hms_ram\\app\\Views\\pharmacy\\sales\\invoice.php', 206)
 2 SYSTEMPATH\View\View.php(224): include('C:\\xampp\\htdocs\\hms_ram\\app\\Views\\pharmacy\\sales\\invoice.php')
 3 SYSTEMPATH\View\View.php(227): CodeIgniter\View\View->CodeIgniter\View\{closure}()
 4 SYSTEMPATH\Common.php(1173): CodeIgniter\View\View->render('pharmacy/sales/invoice', [], true)
 5 APPPATH\Controllers\Pharmacy\Sales.php(405): view('pharmacy/sales/invoice', [...])
 6 SYSTEMPATH\CodeIgniter.php(933): App\Controllers\Pharmacy\Sales->invoice('PHM-IP-20250911-00014')
 7 SYSTEMPATH\CodeIgniter.php(507): CodeIgniter\CodeIgniter->runController(Object(App\Controllers\Pharmacy\Sales))
 8 SYSTEMPATH\CodeIgniter.php(354): CodeIgniter\CodeIgniter->handleRequest(null, Object(Config\Cache), false)
 9 SYSTEMPATH\Boot.php(334): CodeIgniter\CodeIgniter->run()
10 SYSTEMPATH\Boot.php(67): CodeIgniter\Boot::runCodeIgniter(Object(CodeIgniter\CodeIgniter))
11 FCPATH\index.php(46): CodeIgniter\Boot::bootWeb(Object(Config\Paths))
DEBUG - 2025-09-11 05:47:55 --> Session: Class initialized using 'CodeIgniter\Session\Handlers\FileHandler' driver.
DEBUG - 2025-09-11 06:01:21 --> Session: Class initialized using 'CodeIgniter\Session\Handlers\FileHandler' driver.
DEBUG - 2025-09-11 06:01:23 --> Session: Class initialized using 'CodeIgniter\Session\Handlers\FileHandler' driver.
CRITICAL - 2025-09-11 06:01:23 --> ErrorException: Undefined variable $grandTotalInWords
[Method: GET, Route: pharmacy/sales/invoice/PHM-IP-20250911-00014]
in APPPATH\Views\pharmacy\sales\invoice.php on line 263.
 1 APPPATH\Views\pharmacy\sales\invoice.php(263): CodeIgniter\Debug\Exceptions->errorHandler(2, 'Undefined variable $grandTotalInWords', 'C:\\xampp\\htdocs\\hms_ram\\app\\Views\\pharmacy\\sales\\invoice.php', 263)
 2 SYSTEMPATH\View\View.php(224): include('C:\\xampp\\htdocs\\hms_ram\\app\\Views\\pharmacy\\sales\\invoice.php')
 3 SYSTEMPATH\View\View.php(227): CodeIgniter\View\View->CodeIgniter\View\{closure}()
 4 SYSTEMPATH\Common.php(1173): CodeIgniter\View\View->render('pharmacy/sales/invoice', [], true)
 5 APPPATH\Controllers\Pharmacy\Sales.php(406): view('pharmacy/sales/invoice', [...])
 6 SYSTEMPATH\CodeIgniter.php(933): App\Controllers\Pharmacy\Sales->invoice('PHM-IP-20250911-00014')
 7 SYSTEMPATH\CodeIgniter.php(507): CodeIgniter\CodeIgniter->runController(Object(App\Controllers\Pharmacy\Sales))
 8 SYSTEMPATH\CodeIgniter.php(354): CodeIgniter\CodeIgniter->handleRequest(null, Object(Config\Cache), false)
 9 SYSTEMPATH\Boot.php(334): CodeIgniter\CodeIgniter->run()
10 SYSTEMPATH\Boot.php(67): CodeIgniter\Boot::runCodeIgniter(Object(CodeIgniter\CodeIgniter))
11 FCPATH\index.php(46): CodeIgniter\Boot::bootWeb(Object(Config\Paths))
DEBUG - 2025-09-11 06:01:25 --> Session: Class initialized using 'CodeIgniter\Session\Handlers\FileHandler' driver.
CRITICAL - 2025-09-11 06:01:25 --> ErrorException: Undefined variable $grandTotalInWords
[Method: GET, Route: pharmacy/sales/invoice/PHM-IP-20250911-00014]
in APPPATH\Views\pharmacy\sales\invoice.php on line 263.
 1 APPPATH\Views\pharmacy\sales\invoice.php(263): CodeIgniter\Debug\Exceptions->errorHandler(2, 'Undefined variable $grandTotalInWords', 'C:\\xampp\\htdocs\\hms_ram\\app\\Views\\pharmacy\\sales\\invoice.php', 263)
 2 SYSTEMPATH\View\View.php(224): include('C:\\xampp\\htdocs\\hms_ram\\app\\Views\\pharmacy\\sales\\invoice.php')
 3 SYSTEMPATH\View\View.php(227): CodeIgniter\View\View->CodeIgniter\View\{closure}()
 4 SYSTEMPATH\Common.php(1173): CodeIgniter\View\View->render('pharmacy/sales/invoice', [], true)
 5 APPPATH\Controllers\Pharmacy\Sales.php(406): view('pharmacy/sales/invoice', [...])
 6 SYSTEMPATH\CodeIgniter.php(933): App\Controllers\Pharmacy\Sales->invoice('PHM-IP-20250911-00014')
 7 SYSTEMPATH\CodeIgniter.php(507): CodeIgniter\CodeIgniter->runController(Object(App\Controllers\Pharmacy\Sales))
 8 SYSTEMPATH\CodeIgniter.php(354): CodeIgniter\CodeIgniter->handleRequest(null, Object(Config\Cache), false)
 9 SYSTEMPATH\Boot.php(334): CodeIgniter\CodeIgniter->run()
10 SYSTEMPATH\Boot.php(67): CodeIgniter\Boot::runCodeIgniter(Object(CodeIgniter\CodeIgniter))
11 FCPATH\index.php(46): CodeIgniter\Boot::bootWeb(Object(Config\Paths))
DEBUG - 2025-09-11 06:04:22 --> Session: Class initialized using 'CodeIgniter\Session\Handlers\FileHandler' driver.
DEBUG - 2025-09-11 06:04:28 --> Session: Class initialized using 'CodeIgniter\Session\Handlers\FileHandler' driver.
DEBUG - 2025-09-11 06:04:30 --> Session: Class initialized using 'CodeIgniter\Session\Handlers\FileHandler' driver.
CRITICAL - 2025-09-11 06:04:30 --> ErrorException: Undefined variable $subTotal
[Method: GET, Route: pharmacy/sales/invoice/PHM-IP-20250911-00014]
in APPPATH\Views\pharmacy\sales\invoice.php on line 281.
 1 APPPATH\Views\pharmacy\sales\invoice.php(281): CodeIgniter\Debug\Exceptions->errorHandler(2, 'Undefined variable $subTotal', 'C:\\xampp\\htdocs\\hms_ram\\app\\Views\\pharmacy\\sales\\invoice.php', 281)
 2 SYSTEMPATH\View\View.php(224): include('C:\\xampp\\htdocs\\hms_ram\\app\\Views\\pharmacy\\sales\\invoice.php')
 3 SYSTEMPATH\View\View.php(227): CodeIgniter\View\View->CodeIgniter\View\{closure}()
 4 SYSTEMPATH\Common.php(1173): CodeIgniter\View\View->render('pharmacy/sales/invoice', [], true)
 5 APPPATH\Controllers\Pharmacy\Sales.php(406): view('pharmacy/sales/invoice', [...])
 6 SYSTEMPATH\CodeIgniter.php(933): App\Controllers\Pharmacy\Sales->invoice('PHM-IP-20250911-00014')
 7 SYSTEMPATH\CodeIgniter.php(507): CodeIgniter\CodeIgniter->runController(Object(App\Controllers\Pharmacy\Sales))
 8 SYSTEMPATH\CodeIgniter.php(354): CodeIgniter\CodeIgniter->handleRequest(null, Object(Config\Cache), false)
 9 SYSTEMPATH\Boot.php(334): CodeIgniter\CodeIgniter->run()
10 SYSTEMPATH\Boot.php(67): CodeIgniter\Boot::runCodeIgniter(Object(CodeIgniter\CodeIgniter))
11 FCPATH\index.php(46): CodeIgniter\Boot::bootWeb(Object(Config\Paths))
DEBUG - 2025-09-11 06:04:35 --> Session: Class initialized using 'CodeIgniter\Session\Handlers\FileHandler' driver.
DEBUG - 2025-09-11 06:04:55 --> Session: Class initialized using 'CodeIgniter\Session\Handlers\FileHandler' driver.
DEBUG - 2025-09-11 06:05:38 --> Session: Class initialized using 'CodeIgniter\Session\Handlers\FileHandler' driver.
DEBUG - 2025-09-11 06:05:43 --> Session: Class initialized using 'CodeIgniter\Session\Handlers\FileHandler' driver.
DEBUG - 2025-09-11 06:06:13 --> Session: Class initialized using 'CodeIgniter\Session\Handlers\FileHandler' driver.
DEBUG - 2025-09-11 06:06:20 --> Session: Class initialized using 'CodeIgniter\Session\Handlers\FileHandler' driver.
DEBUG - 2025-09-11 06:06:21 --> Session: Class initialized using 'CodeIgniter\Session\Handlers\FileHandler' driver.
DEBUG - 2025-09-11 06:06:31 --> Session: Class initialized using 'CodeIgniter\Session\Handlers\FileHandler' driver.
DEBUG - 2025-09-11 06:06:34 --> Session: Class initialized using 'CodeIgniter\Session\Handlers\FileHandler' driver.
DEBUG - 2025-09-11 06:06:37 --> Session: Class initialized using 'CodeIgniter\Session\Handlers\FileHandler' driver.
DEBUG - 2025-09-11 06:07:15 --> Session: Class initialized using 'CodeIgniter\Session\Handlers\FileHandler' driver.
DEBUG - 2025-09-11 06:07:18 --> Session: Class initialized using 'CodeIgniter\Session\Handlers\FileHandler' driver.
DEBUG - 2025-09-11 06:07:19 --> Session: Class initialized using 'CodeIgniter\Session\Handlers\FileHandler' driver.
DEBUG - 2025-09-11 06:07:25 --> Session: Class initialized using 'CodeIgniter\Session\Handlers\FileHandler' driver.
DEBUG - 2025-09-11 06:07:42 --> Session: Class initialized using 'CodeIgniter\Session\Handlers\FileHandler' driver.
DEBUG - 2025-09-11 06:07:43 --> Session: Class initialized using 'CodeIgniter\Session\Handlers\FileHandler' driver.
DEBUG - 2025-09-11 06:07:49 --> Session: Class initialized using 'CodeIgniter\Session\Handlers\FileHandler' driver.
DEBUG - 2025-09-11 06:07:50 --> Session: Class initialized using 'CodeIgniter\Session\Handlers\FileHandler' driver.
DEBUG - 2025-09-11 06:07:54 --> Session: Class initialized using 'CodeIgniter\Session\Handlers\FileHandler' driver.
DEBUG - 2025-09-11 06:08:46 --> Session: Class initialized using 'CodeIgniter\Session\Handlers\FileHandler' driver.
DEBUG - 2025-09-11 06:08:46 --> Session: Class initialized using 'CodeIgniter\Session\Handlers\FileHandler' driver.
DEBUG - 2025-09-11 06:09:23 --> Session: Class initialized using 'CodeIgniter\Session\Handlers\FileHandler' driver.
DEBUG - 2025-09-11 06:09:26 --> Session: Class initialized using 'CodeIgniter\Session\Handlers\FileHandler' driver.
DEBUG - 2025-09-11 06:09:36 --> Session: Class initialized using 'CodeIgniter\Session\Handlers\FileHandler' driver.
DEBUG - 2025-09-11 06:09:58 --> Session: Class initialized using 'CodeIgniter\Session\Handlers\FileHandler' driver.
DEBUG - 2025-09-11 06:10:37 --> Session: Class initialized using 'CodeIgniter\Session\Handlers\FileHandler' driver.
DEBUG - 2025-09-11 06:10:40 --> Session: Class initialized using 'CodeIgniter\Session\Handlers\FileHandler' driver.
DEBUG - 2025-09-11 06:12:43 --> Session: Class initialized using 'CodeIgniter\Session\Handlers\FileHandler' driver.
DEBUG - 2025-09-11 06:12:50 --> Session: Class initialized using 'CodeIgniter\Session\Handlers\FileHandler' driver.
DEBUG - 2025-09-11 06:12:54 --> Session: Class initialized using 'CodeIgniter\Session\Handlers\FileHandler' driver.
DEBUG - 2025-09-11 06:12:55 --> Session: Class initialized using 'CodeIgniter\Session\Handlers\FileHandler' driver.
DEBUG - 2025-09-11 06:12:56 --> Session: Class initialized using 'CodeIgniter\Session\Handlers\FileHandler' driver.
DEBUG - 2025-09-11 06:14:06 --> Session: Class initialized using 'CodeIgniter\Session\Handlers\FileHandler' driver.
DEBUG - 2025-09-11 06:14:06 --> Session: Class initialized using 'CodeIgniter\Session\Handlers\FileHandler' driver.
DEBUG - 2025-09-11 06:14:06 --> Session: Class initialized using 'CodeIgniter\Session\Handlers\FileHandler' driver.
DEBUG - 2025-09-11 06:14:07 --> Session: Class initialized using 'CodeIgniter\Session\Handlers\FileHandler' driver.
CRITICAL - 2025-09-11 06:14:08 --> ErrorException: unlink(C:\xampp\htdocs\hms_ram\writable\debugbar/debugbar_1757570926.056543.json): No such file or directory
[Method: GET, Route: /]
in SYSTEMPATH\Debug\Toolbar\Collectors\History.php on line 82.
 1 [internal function]: CodeIgniter\Debug\Exceptions->errorHandler(2, 'unlink(C:\\xampp\\htdocs\\hms_ram\\writable\\debugbar/debugbar_1757570926.056543.json): No such file or directory', 'C:\\xampp\\htdocs\\hms_ram\\system\\Debug\\Toolbar\\Collectors\\History.php', 82)
 2 SYSTEMPATH\Debug\Toolbar\Collectors\History.php(82): unlink('C:\\xampp\\htdocs\\hms_ram\\writable\\debugbar/debugbar_1757570926.056543.json')
 3 SYSTEMPATH\Debug\Toolbar.php(517): CodeIgniter\Debug\Toolbar\Collectors\History->setFiles('1757571246.600428', 20)
 4 SYSTEMPATH\Debug\Toolbar.php(496): CodeIgniter\Debug\Toolbar->format([...], 'html')
 5 APPPATH\Config\Events.php(47): CodeIgniter\Debug\Toolbar->respond()
 6 SYSTEMPATH\Events\Events.php(155): CodeIgniter\Events\Events::Config\{closure}()
 7 SYSTEMPATH\CodeIgniter.php(339): CodeIgniter\Events\Events::trigger('pre_system')
 8 SYSTEMPATH\Boot.php(334): CodeIgniter\CodeIgniter->run()
 9 SYSTEMPATH\Boot.php(67): CodeIgniter\Boot::runCodeIgniter(Object(CodeIgniter\CodeIgniter))
10 FCPATH\index.php(46): CodeIgniter\Boot::bootWeb(Object(Config\Paths))
DEBUG - 2025-09-11 06:14:10 --> Session: Class initialized using 'CodeIgniter\Session\Handlers\FileHandler' driver.
DEBUG - 2025-09-11 06:14:10 --> Session: Class initialized using 'CodeIgniter\Session\Handlers\FileHandler' driver.
DEBUG - 2025-09-11 06:14:10 --> Session: Class initialized using 'CodeIgniter\Session\Handlers\FileHandler' driver.
DEBUG - 2025-09-11 06:14:18 --> Session: Class initialized using 'CodeIgniter\Session\Handlers\FileHandler' driver.
DEBUG - 2025-09-11 06:14:19 --> Session: Class initialized using 'CodeIgniter\Session\Handlers\FileHandler' driver.
DEBUG - 2025-09-11 06:15:46 --> Session: Class initialized using 'CodeIgniter\Session\Handlers\FileHandler' driver.
DEBUG - 2025-09-11 06:15:47 --> Session: Class initialized using 'CodeIgniter\Session\Handlers\FileHandler' driver.
DEBUG - 2025-09-11 06:15:47 --> Session: Class initialized using 'CodeIgniter\Session\Handlers\FileHandler' driver.
DEBUG - 2025-09-11 06:15:53 --> Session: Class initialized using 'CodeIgniter\Session\Handlers\FileHandler' driver.
DEBUG - 2025-09-11 06:15:57 --> Session: Class initialized using 'CodeIgniter\Session\Handlers\FileHandler' driver.
DEBUG - 2025-09-11 06:15:58 --> Session: Class initialized using 'CodeIgniter\Session\Handlers\FileHandler' driver.
DEBUG - 2025-09-11 06:16:04 --> Session: Class initialized using 'CodeIgniter\Session\Handlers\FileHandler' driver.
DEBUG - 2025-09-11 06:16:05 --> Session: Class initialized using 'CodeIgniter\Session\Handlers\FileHandler' driver.
DEBUG - 2025-09-11 06:16:05 --> Session: Class initialized using 'CodeIgniter\Session\Handlers\FileHandler' driver.
DEBUG - 2025-09-11 06:16:05 --> Session: Class initialized using 'CodeIgniter\Session\Handlers\FileHandler' driver.
DEBUG - 2025-09-11 06:22:46 --> Session: Class initialized using 'CodeIgniter\Session\Handlers\FileHandler' driver.
DEBUG - 2025-09-11 06:22:48 --> Session: Class initialized using 'CodeIgniter\Session\Handlers\FileHandler' driver.
DEBUG - 2025-09-11 06:26:20 --> Session: Class initialized using 'CodeIgniter\Session\Handlers\FileHandler' driver.
DEBUG - 2025-09-11 06:26:20 --> Session: Class initialized using 'CodeIgniter\Session\Handlers\FileHandler' driver.
DEBUG - 2025-09-11 06:26:20 --> Session: Class initialized using 'CodeIgniter\Session\Handlers\FileHandler' driver.
DEBUG - 2025-09-11 06:26:20 --> Session: Class initialized using 'CodeIgniter\Session\Handlers\FileHandler' driver.
CRITICAL - 2025-09-11 06:26:22 --> ErrorException: unlink(C:\xampp\htdocs\hms_ram\writable\debugbar/debugbar_1757571353.195881.json): No such file or directory
[Method: GET, Route: /]
in SYSTEMPATH\Debug\Toolbar\Collectors\History.php on line 82.
 1 [internal function]: CodeIgniter\Debug\Exceptions->errorHandler(2, 'unlink(C:\\xampp\\htdocs\\hms_ram\\writable\\debugbar/debugbar_1757571353.195881.json): No such file or directory', 'C:\\xampp\\htdocs\\hms_ram\\system\\Debug\\Toolbar\\Collectors\\History.php', 82)
 2 SYSTEMPATH\Debug\Toolbar\Collectors\History.php(82): unlink('C:\\xampp\\htdocs\\hms_ram\\writable\\debugbar/debugbar_1757571353.195881.json')
 3 SYSTEMPATH\Debug\Toolbar.php(517): CodeIgniter\Debug\Toolbar\Collectors\History->setFiles('1757571980.596790', 20)
 4 SYSTEMPATH\Debug\Toolbar.php(496): CodeIgniter\Debug\Toolbar->format([...], 'html')
 5 APPPATH\Config\Events.php(47): CodeIgniter\Debug\Toolbar->respond()
 6 SYSTEMPATH\Events\Events.php(155): CodeIgniter\Events\Events::Config\{closure}()
 7 SYSTEMPATH\CodeIgniter.php(339): CodeIgniter\Events\Events::trigger('pre_system')
 8 SYSTEMPATH\Boot.php(334): CodeIgniter\CodeIgniter->run()
 9 SYSTEMPATH\Boot.php(67): CodeIgniter\Boot::runCodeIgniter(Object(CodeIgniter\CodeIgniter))
10 FCPATH\index.php(46): CodeIgniter\Boot::bootWeb(Object(Config\Paths))
DEBUG - 2025-09-11 06:27:22 --> Session: Class initialized using 'CodeIgniter\Session\Handlers\FileHandler' driver.
DEBUG - 2025-09-11 06:27:22 --> Session: Class initialized using 'CodeIgniter\Session\Handlers\FileHandler' driver.
DEBUG - 2025-09-11 06:27:23 --> Session: Class initialized using 'CodeIgniter\Session\Handlers\FileHandler' driver.
DEBUG - 2025-09-11 06:30:25 --> Session: Class initialized using 'CodeIgniter\Session\Handlers\FileHandler' driver.
DEBUG - 2025-09-11 06:30:26 --> Session: Class initialized using 'CodeIgniter\Session\Handlers\FileHandler' driver.
DEBUG - 2025-09-11 06:31:27 --> Session: Class initialized using 'CodeIgniter\Session\Handlers\FileHandler' driver.
DEBUG - 2025-09-11 06:31:27 --> Session: Class initialized using 'CodeIgniter\Session\Handlers\FileHandler' driver.
DEBUG - 2025-09-11 06:31:27 --> Session: Class initialized using 'CodeIgniter\Session\Handlers\FileHandler' driver.
CRITICAL - 2025-09-11 06:31:29 --> ErrorException: unlink(C:\xampp\htdocs\hms_ram\writable\debugbar/debugbar_1757571980.387972.json): No such file or directory
[Method: GET, Route: /]
in SYSTEMPATH\Debug\Toolbar\Collectors\History.php on line 82.
 1 [internal function]: CodeIgniter\Debug\Exceptions->errorHandler(2, 'unlink(C:\\xampp\\htdocs\\hms_ram\\writable\\debugbar/debugbar_1757571980.387972.json): No such file or directory', 'C:\\xampp\\htdocs\\hms_ram\\system\\Debug\\Toolbar\\Collectors\\History.php', 82)
 2 SYSTEMPATH\Debug\Toolbar\Collectors\History.php(82): unlink('C:\\xampp\\htdocs\\hms_ram\\writable\\debugbar/debugbar_1757571980.387972.json')
 3 SYSTEMPATH\Debug\Toolbar.php(517): CodeIgniter\Debug\Toolbar\Collectors\History->setFiles('1757572287.213851', 20)
 4 SYSTEMPATH\Debug\Toolbar.php(496): CodeIgniter\Debug\Toolbar->format([...], 'html')
 5 APPPATH\Config\Events.php(47): CodeIgniter\Debug\Toolbar->respond()
 6 SYSTEMPATH\Events\Events.php(155): CodeIgniter\Events\Events::Config\{closure}()
 7 SYSTEMPATH\CodeIgniter.php(339): CodeIgniter\Events\Events::trigger('pre_system')
 8 SYSTEMPATH\Boot.php(334): CodeIgniter\CodeIgniter->run()
 9 SYSTEMPATH\Boot.php(67): CodeIgniter\Boot::runCodeIgniter(Object(CodeIgniter\CodeIgniter))
10 FCPATH\index.php(46): CodeIgniter\Boot::bootWeb(Object(Config\Paths))
DEBUG - 2025-09-11 06:32:15 --> Session: Class initialized using 'CodeIgniter\Session\Handlers\FileHandler' driver.
DEBUG - 2025-09-11 06:32:15 --> Session: Class initialized using 'CodeIgniter\Session\Handlers\FileHandler' driver.
DEBUG - 2025-09-11 06:32:36 --> Session: Class initialized using 'CodeIgniter\Session\Handlers\FileHandler' driver.
DEBUG - 2025-09-11 06:32:54 --> Session: Class initialized using 'CodeIgniter\Session\Handlers\FileHandler' driver.
DEBUG - 2025-09-11 06:32:54 --> Session: Class initialized using 'CodeIgniter\Session\Handlers\FileHandler' driver.
DEBUG - 2025-09-11 06:32:59 --> Session: Class initialized using 'CodeIgniter\Session\Handlers\FileHandler' driver.
DEBUG - 2025-09-11 06:33:00 --> Session: Class initialized using 'CodeIgniter\Session\Handlers\FileHandler' driver.
DEBUG - 2025-09-11 06:33:31 --> Session: Class initialized using 'CodeIgniter\Session\Handlers\FileHandler' driver.
DEBUG - 2025-09-11 06:33:32 --> Session: Class initialized using 'CodeIgniter\Session\Handlers\FileHandler' driver.
DEBUG - 2025-09-11 06:33:33 --> Session: Class initialized using 'CodeIgniter\Session\Handlers\FileHandler' driver.
DEBUG - 2025-09-11 06:33:34 --> Session: Class initialized using 'CodeIgniter\Session\Handlers\FileHandler' driver.
DEBUG - 2025-09-11 06:33:38 --> Session: Class initialized using 'CodeIgniter\Session\Handlers\FileHandler' driver.
DEBUG - 2025-09-11 06:33:42 --> Session: Class initialized using 'CodeIgniter\Session\Handlers\FileHandler' driver.
DEBUG - 2025-09-11 06:34:06 --> Session: Class initialized using 'CodeIgniter\Session\Handlers\FileHandler' driver.
DEBUG - 2025-09-11 06:34:07 --> Session: Class initialized using 'CodeIgniter\Session\Handlers\FileHandler' driver.
DEBUG - 2025-09-11 06:34:08 --> Session: Class initialized using 'CodeIgniter\Session\Handlers\FileHandler' driver.
DEBUG - 2025-09-11 06:34:08 --> Session: Class initialized using 'CodeIgniter\Session\Handlers\FileHandler' driver.
DEBUG - 2025-09-11 06:34:13 --> Session: Class initialized using 'CodeIgniter\Session\Handlers\FileHandler' driver.
DEBUG - 2025-09-11 06:34:14 --> Session: Class initialized using 'CodeIgniter\Session\Handlers\FileHandler' driver.
DEBUG - 2025-09-11 06:34:35 --> Session: Class initialized using 'CodeIgniter\Session\Handlers\FileHandler' driver.
DEBUG - 2025-09-11 06:34:35 --> Session: Class initialized using 'CodeIgniter\Session\Handlers\FileHandler' driver.
DEBUG - 2025-09-11 06:34:42 --> Session: Class initialized using 'CodeIgniter\Session\Handlers\FileHandler' driver.
DEBUG - 2025-09-11 06:34:43 --> Session: Class initialized using 'CodeIgniter\Session\Handlers\FileHandler' driver.
DEBUG - 2025-09-11 06:35:18 --> Session: Class initialized using 'CodeIgniter\Session\Handlers\FileHandler' driver.
DEBUG - 2025-09-11 06:35:18 --> Session: Class initialized using 'CodeIgniter\Session\Handlers\FileHandler' driver.
DEBUG - 2025-09-11 06:35:36 --> Session: Class initialized using 'CodeIgniter\Session\Handlers\FileHandler' driver.
DEBUG - 2025-09-11 06:35:36 --> Session: Class initialized using 'CodeIgniter\Session\Handlers\FileHandler' driver.
DEBUG - 2025-09-11 06:36:42 --> Session: Class initialized using 'CodeIgniter\Session\Handlers\FileHandler' driver.
DEBUG - 2025-09-11 06:36:44 --> Session: Class initialized using 'CodeIgniter\Session\Handlers\FileHandler' driver.
DEBUG - 2025-09-11 06:37:23 --> Session: Class initialized using 'CodeIgniter\Session\Handlers\FileHandler' driver.
DEBUG - 2025-09-11 06:37:24 --> Session: Class initialized using 'CodeIgniter\Session\Handlers\FileHandler' driver.
DEBUG - 2025-09-11 06:37:28 --> Session: Class initialized using 'CodeIgniter\Session\Handlers\FileHandler' driver.
DEBUG - 2025-09-11 06:37:34 --> Session: Class initialized using 'CodeIgniter\Session\Handlers\FileHandler' driver.
DEBUG - 2025-09-11 06:37:35 --> Session: Class initialized using 'CodeIgniter\Session\Handlers\FileHandler' driver.
DEBUG - 2025-09-11 06:38:08 --> Session: Class initialized using 'CodeIgniter\Session\Handlers\FileHandler' driver.
DEBUG - 2025-09-11 06:38:09 --> Session: Class initialized using 'CodeIgniter\Session\Handlers\FileHandler' driver.
CRITICAL - 2025-09-11 06:38:10 --> ErrorException: unlink(C:\xampp\htdocs\hms_ram\writable\debugbar/debugbar_1757572518.004939.json): No such file or directory
[Method: GET, Route: /]
in SYSTEMPATH\Debug\Toolbar\Collectors\History.php on line 82.
 1 [internal function]: CodeIgniter\Debug\Exceptions->errorHandler(2, 'unlink(C:\\xampp\\htdocs\\hms_ram\\writable\\debugbar/debugbar_1757572518.004939.json): No such file or directory', 'C:\\xampp\\htdocs\\hms_ram\\system\\Debug\\Toolbar\\Collectors\\History.php', 82)
 2 SYSTEMPATH\Debug\Toolbar\Collectors\History.php(82): unlink('C:\\xampp\\htdocs\\hms_ram\\writable\\debugbar/debugbar_1757572518.004939.json')
 3 SYSTEMPATH\Debug\Toolbar.php(517): CodeIgniter\Debug\Toolbar\Collectors\History->setFiles('1757572688.872176', 20)
 4 SYSTEMPATH\Debug\Toolbar.php(496): CodeIgniter\Debug\Toolbar->format([...], 'html')
 5 APPPATH\Config\Events.php(47): CodeIgniter\Debug\Toolbar->respond()
 6 SYSTEMPATH\Events\Events.php(155): CodeIgniter\Events\Events::Config\{closure}()
 7 SYSTEMPATH\CodeIgniter.php(339): CodeIgniter\Events\Events::trigger('pre_system')
 8 SYSTEMPATH\Boot.php(334): CodeIgniter\CodeIgniter->run()
 9 SYSTEMPATH\Boot.php(67): CodeIgniter\Boot::runCodeIgniter(Object(CodeIgniter\CodeIgniter))
10 FCPATH\index.php(46): CodeIgniter\Boot::bootWeb(Object(Config\Paths))
DEBUG - 2025-09-11 06:38:14 --> Session: Class initialized using 'CodeIgniter\Session\Handlers\FileHandler' driver.
DEBUG - 2025-09-11 06:38:42 --> Session: Class initialized using 'CodeIgniter\Session\Handlers\FileHandler' driver.
DEBUG - 2025-09-11 06:38:47 --> Session: Class initialized using 'CodeIgniter\Session\Handlers\FileHandler' driver.
DEBUG - 2025-09-11 06:38:49 --> Session: Class initialized using 'CodeIgniter\Session\Handlers\FileHandler' driver.
DEBUG - 2025-09-11 06:39:18 --> Session: Class initialized using 'CodeIgniter\Session\Handlers\FileHandler' driver.
DEBUG - 2025-09-11 06:41:13 --> Session: Class initialized using 'CodeIgniter\Session\Handlers\FileHandler' driver.
DEBUG - 2025-09-11 06:41:21 --> Session: Class initialized using 'CodeIgniter\Session\Handlers\FileHandler' driver.
DEBUG - 2025-09-11 06:41:27 --> Session: Class initialized using 'CodeIgniter\Session\Handlers\FileHandler' driver.
DEBUG - 2025-09-11 06:41:35 --> Session: Class initialized using 'CodeIgniter\Session\Handlers\FileHandler' driver.
DEBUG - 2025-09-11 06:41:45 --> Session: Class initialized using 'CodeIgniter\Session\Handlers\FileHandler' driver.
DEBUG - 2025-09-11 06:42:24 --> Session: Class initialized using 'CodeIgniter\Session\Handlers\FileHandler' driver.
DEBUG - 2025-09-11 06:42:49 --> Session: Class initialized using 'CodeIgniter\Session\Handlers\FileHandler' driver.
DEBUG - 2025-09-11 06:44:01 --> Session: Class initialized using 'CodeIgniter\Session\Handlers\FileHandler' driver.
DEBUG - 2025-09-11 06:44:14 --> Session: Class initialized using 'CodeIgniter\Session\Handlers\FileHandler' driver.
DEBUG - 2025-09-11 06:44:17 --> Session: Class initialized using 'CodeIgniter\Session\Handlers\FileHandler' driver.
DEBUG - 2025-09-11 06:44:19 --> Session: Class initialized using 'CodeIgniter\Session\Handlers\FileHandler' driver.
DEBUG - 2025-09-11 06:44:26 --> Session: Class initialized using 'CodeIgniter\Session\Handlers\FileHandler' driver.
DEBUG - 2025-09-11 06:44:31 --> Session: Class initialized using 'CodeIgniter\Session\Handlers\FileHandler' driver.
DEBUG - 2025-09-11 06:44:34 --> Session: Class initialized using 'CodeIgniter\Session\Handlers\FileHandler' driver.
DEBUG - 2025-09-11 06:44:37 --> Session: Class initialized using 'CodeIgniter\Session\Handlers\FileHandler' driver.
DEBUG - 2025-09-11 06:44:39 --> Session: Class initialized using 'CodeIgniter\Session\Handlers\FileHandler' driver.
DEBUG - 2025-09-11 06:44:41 --> Session: Class initialized using 'CodeIgniter\Session\Handlers\FileHandler' driver.
DEBUG - 2025-09-11 07:15:05 --> Session: Class initialized using 'CodeIgniter\Session\Handlers\FileHandler' driver.
DEBUG - 2025-09-11 07:15:11 --> Session: Class initialized using 'CodeIgniter\Session\Handlers\FileHandler' driver.
DEBUG - 2025-09-11 07:15:17 --> Session: Class initialized using 'CodeIgniter\Session\Handlers\FileHandler' driver.
DEBUG - 2025-09-11 07:15:19 --> Session: Class initialized using 'CodeIgniter\Session\Handlers\FileHandler' driver.
DEBUG - 2025-09-11 07:15:41 --> Session: Class initialized using 'CodeIgniter\Session\Handlers\FileHandler' driver.
DEBUG - 2025-09-11 07:15:43 --> Session: Class initialized using 'CodeIgniter\Session\Handlers\FileHandler' driver.
DEBUG - 2025-09-11 07:15:46 --> Session: Class initialized using 'CodeIgniter\Session\Handlers\FileHandler' driver.
DEBUG - 2025-09-11 07:16:23 --> Session: Class initialized using 'CodeIgniter\Session\Handlers\FileHandler' driver.
DEBUG - 2025-09-11 07:18:05 --> Session: Class initialized using 'CodeIgniter\Session\Handlers\FileHandler' driver.
DEBUG - 2025-09-11 07:18:23 --> Session: Class initialized using 'CodeIgniter\Session\Handlers\FileHandler' driver.
DEBUG - 2025-09-11 07:18:24 --> Session: Class initialized using 'CodeIgniter\Session\Handlers\FileHandler' driver.
DEBUG - 2025-09-11 07:18:26 --> Session: Class initialized using 'CodeIgniter\Session\Handlers\FileHandler' driver.
DEBUG - 2025-09-11 07:18:38 --> Session: Class initialized using 'CodeIgniter\Session\Handlers\FileHandler' driver.
DEBUG - 2025-09-11 07:18:41 --> Session: Class initialized using 'CodeIgniter\Session\Handlers\FileHandler' driver.
DEBUG - 2025-09-11 07:20:08 --> Session: Class initialized using 'CodeIgniter\Session\Handlers\FileHandler' driver.
DEBUG - 2025-09-11 07:20:14 --> Session: Class initialized using 'CodeIgniter\Session\Handlers\FileHandler' driver.
DEBUG - 2025-09-11 07:20:15 --> Session: Class initialized using 'CodeIgniter\Session\Handlers\FileHandler' driver.
DEBUG - 2025-09-11 07:20:24 --> Session: Class initialized using 'CodeIgniter\Session\Handlers\FileHandler' driver.
DEBUG - 2025-09-11 07:20:27 --> Session: Class initialized using 'CodeIgniter\Session\Handlers\FileHandler' driver.
DEBUG - 2025-09-11 07:22:17 --> Session: Class initialized using 'CodeIgniter\Session\Handlers\FileHandler' driver.
DEBUG - 2025-09-11 07:22:48 --> Session: Class initialized using 'CodeIgniter\Session\Handlers\FileHandler' driver.
DEBUG - 2025-09-11 09:32:27 --> Session: Class initialized using 'CodeIgniter\Session\Handlers\FileHandler' driver.
DEBUG - 2025-09-11 09:32:31 --> Session: Class initialized using 'CodeIgniter\Session\Handlers\FileHandler' driver.
DEBUG - 2025-09-11 09:32:34 --> Session: Class initialized using 'CodeIgniter\Session\Handlers\FileHandler' driver.
DEBUG - 2025-09-11 09:32:34 --> Session: Class initialized using 'CodeIgniter\Session\Handlers\FileHandler' driver.
DEBUG - 2025-09-11 09:32:35 --> Session: Class initialized using 'CodeIgniter\Session\Handlers\FileHandler' driver.
DEBUG - 2025-09-11 09:32:36 --> Session: Class initialized using 'CodeIgniter\Session\Handlers\FileHandler' driver.
DEBUG - 2025-09-11 09:32:37 --> Session: Class initialized using 'CodeIgniter\Session\Handlers\FileHandler' driver.
DEBUG - 2025-09-11 09:32:43 --> Session: Class initialized using 'CodeIgniter\Session\Handlers\FileHandler' driver.
DEBUG - 2025-09-11 09:32:45 --> Session: Class initialized using 'CodeIgniter\Session\Handlers\FileHandler' driver.
DEBUG - 2025-09-11 09:36:22 --> Session: Class initialized using 'CodeIgniter\Session\Handlers\FileHandler' driver.
DEBUG - 2025-09-11 09:36:22 --> Session: Class initialized using 'CodeIgniter\Session\Handlers\FileHandler' driver.
CRITICAL - 2025-09-11 09:36:24 --> ErrorException: unlink(C:\xampp\htdocs\hms_ram\writable\debugbar/debugbar_1757575215.569256.json): No such file or directory
[Method: GET, Route: /]
in SYSTEMPATH\Debug\Toolbar\Collectors\History.php on line 82.
 1 [internal function]: CodeIgniter\Debug\Exceptions->errorHandler(2, 'unlink(C:\\xampp\\htdocs\\hms_ram\\writable\\debugbar/debugbar_1757575215.569256.json): No such file or directory', 'C:\\xampp\\htdocs\\hms_ram\\system\\Debug\\Toolbar\\Collectors\\History.php', 82)
 2 SYSTEMPATH\Debug\Toolbar\Collectors\History.php(82): unlink('C:\\xampp\\htdocs\\hms_ram\\writable\\debugbar/debugbar_1757575215.569256.json')
 3 SYSTEMPATH\Debug\Toolbar.php(517): CodeIgniter\Debug\Toolbar\Collectors\History->setFiles('1757583382.920952', 20)
 4 SYSTEMPATH\Debug\Toolbar.php(496): CodeIgniter\Debug\Toolbar->format([...], 'html')
 5 APPPATH\Config\Events.php(47): CodeIgniter\Debug\Toolbar->respond()
 6 SYSTEMPATH\Events\Events.php(155): CodeIgniter\Events\Events::Config\{closure}()
 7 SYSTEMPATH\CodeIgniter.php(339): CodeIgniter\Events\Events::trigger('pre_system')
 8 SYSTEMPATH\Boot.php(334): CodeIgniter\CodeIgniter->run()
 9 SYSTEMPATH\Boot.php(67): CodeIgniter\Boot::runCodeIgniter(Object(CodeIgniter\CodeIgniter))
10 FCPATH\index.php(46): CodeIgniter\Boot::bootWeb(Object(Config\Paths))
DEBUG - 2025-09-11 09:36:30 --> Session: Class initialized using 'CodeIgniter\Session\Handlers\FileHandler' driver.
DEBUG - 2025-09-11 09:37:15 --> Session: Class initialized using 'CodeIgniter\Session\Handlers\FileHandler' driver.
DEBUG - 2025-09-11 09:37:17 --> Session: Class initialized using 'CodeIgniter\Session\Handlers\FileHandler' driver.
DEBUG - 2025-09-11 09:37:46 --> Session: Class initialized using 'CodeIgniter\Session\Handlers\FileHandler' driver.
DEBUG - 2025-09-11 09:37:47 --> Session: Class initialized using 'CodeIgniter\Session\Handlers\FileHandler' driver.
DEBUG - 2025-09-11 09:44:25 --> Session: Class initialized using 'CodeIgniter\Session\Handlers\FileHandler' driver.
DEBUG - 2025-09-11 09:44:25 --> Session: Class initialized using 'CodeIgniter\Session\Handlers\FileHandler' driver.
CRITICAL - 2025-09-11 09:44:27 --> ErrorException: unlink(C:\xampp\htdocs\hms_ram\writable\debugbar/debugbar_1757583156.083049.json): No such file or directory
[Method: GET, Route: /]
in SYSTEMPATH\Debug\Toolbar\Collectors\History.php on line 82.
 1 [internal function]: CodeIgniter\Debug\Exceptions->errorHandler(2, 'unlink(C:\\xampp\\htdocs\\hms_ram\\writable\\debugbar/debugbar_1757583156.083049.json): No such file or directory', 'C:\\xampp\\htdocs\\hms_ram\\system\\Debug\\Toolbar\\Collectors\\History.php', 82)
 2 SYSTEMPATH\Debug\Toolbar\Collectors\History.php(82): unlink('C:\\xampp\\htdocs\\hms_ram\\writable\\debugbar/debugbar_1757583156.083049.json')
 3 SYSTEMPATH\Debug\Toolbar.php(517): CodeIgniter\Debug\Toolbar\Collectors\History->setFiles('1757583865.491233', 20)
 4 SYSTEMPATH\Debug\Toolbar.php(496): CodeIgniter\Debug\Toolbar->format([...], 'html')
 5 APPPATH\Config\Events.php(47): CodeIgniter\Debug\Toolbar->respond()
 6 SYSTEMPATH\Events\Events.php(155): CodeIgniter\Events\Events::Config\{closure}()
 7 SYSTEMPATH\CodeIgniter.php(339): CodeIgniter\Events\Events::trigger('pre_system')
 8 SYSTEMPATH\Boot.php(334): CodeIgniter\CodeIgniter->run()
 9 SYSTEMPATH\Boot.php(67): CodeIgniter\Boot::runCodeIgniter(Object(CodeIgniter\CodeIgniter))
10 FCPATH\index.php(46): CodeIgniter\Boot::bootWeb(Object(Config\Paths))
DEBUG - 2025-09-11 09:44:33 --> Session: Class initialized using 'CodeIgniter\Session\Handlers\FileHandler' driver.
DEBUG - 2025-09-11 09:44:34 --> Session: Class initialized using 'CodeIgniter\Session\Handlers\FileHandler' driver.
DEBUG - 2025-09-11 09:44:44 --> Session: Class initialized using 'CodeIgniter\Session\Handlers\FileHandler' driver.
DEBUG - 2025-09-11 09:44:47 --> Session: Class initialized using 'CodeIgniter\Session\Handlers\FileHandler' driver.
DEBUG - 2025-09-11 09:44:48 --> Session: Class initialized using 'CodeIgniter\Session\Handlers\FileHandler' driver.
DEBUG - 2025-09-11 09:45:20 --> Session: Class initialized using 'CodeIgniter\Session\Handlers\FileHandler' driver.
DEBUG - 2025-09-11 09:45:25 --> Session: Class initialized using 'CodeIgniter\Session\Handlers\FileHandler' driver.
DEBUG - 2025-09-11 09:45:28 --> Session: Class initialized using 'CodeIgniter\Session\Handlers\FileHandler' driver.
DEBUG - 2025-09-11 09:45:45 --> Session: Class initialized using 'CodeIgniter\Session\Handlers\FileHandler' driver.
DEBUG - 2025-09-11 09:45:47 --> Session: Class initialized using 'CodeIgniter\Session\Handlers\FileHandler' driver.
DEBUG - 2025-09-11 09:46:03 --> Session: Class initialized using 'CodeIgniter\Session\Handlers\FileHandler' driver.
DEBUG - 2025-09-11 09:46:27 --> Session: Class initialized using 'CodeIgniter\Session\Handlers\FileHandler' driver.
DEBUG - 2025-09-11 09:46:33 --> Session: Class initialized using 'CodeIgniter\Session\Handlers\FileHandler' driver.
DEBUG - 2025-09-11 09:46:37 --> Session: Class initialized using 'CodeIgniter\Session\Handlers\FileHandler' driver.
DEBUG - 2025-09-11 09:46:40 --> Session: Class initialized using 'CodeIgniter\Session\Handlers\FileHandler' driver.
DEBUG - 2025-09-11 09:46:44 --> Session: Class initialized using 'CodeIgniter\Session\Handlers\FileHandler' driver.
DEBUG - 2025-09-11 09:46:48 --> Session: Class initialized using 'CodeIgniter\Session\Handlers\FileHandler' driver.
DEBUG - 2025-09-11 09:47:59 --> Session: Class initialized using 'CodeIgniter\Session\Handlers\FileHandler' driver.
DEBUG - 2025-09-11 09:47:59 --> Session: Class initialized using 'CodeIgniter\Session\Handlers\FileHandler' driver.
DEBUG - 2025-09-11 09:47:59 --> Session: Class initialized using 'CodeIgniter\Session\Handlers\FileHandler' driver.
CRITICAL - 2025-09-11 09:48:01 --> ErrorException: unlink(C:\xampp\htdocs\hms_ram\writable\debugbar/debugbar_1757583874.650796.json): No such file or directory
[Method: GET, Route: /]
in SYSTEMPATH\Debug\Toolbar\Collectors\History.php on line 82.
 1 [internal function]: CodeIgniter\Debug\Exceptions->errorHandler(2, 'unlink(C:\\xampp\\htdocs\\hms_ram\\writable\\debugbar/debugbar_1757583874.650796.json): No such file or directory', 'C:\\xampp\\htdocs\\hms_ram\\system\\Debug\\Toolbar\\Collectors\\History.php', 82)
 2 SYSTEMPATH\Debug\Toolbar\Collectors\History.php(82): unlink('C:\\xampp\\htdocs\\hms_ram\\writable\\debugbar/debugbar_1757583874.650796.json')
 3 SYSTEMPATH\Debug\Toolbar.php(517): CodeIgniter\Debug\Toolbar\Collectors\History->setFiles('1757584079.581918', 20)
 4 SYSTEMPATH\Debug\Toolbar.php(496): CodeIgniter\Debug\Toolbar->format([...], 'html')
 5 APPPATH\Config\Events.php(47): CodeIgniter\Debug\Toolbar->respond()
 6 SYSTEMPATH\Events\Events.php(155): CodeIgniter\Events\Events::Config\{closure}()
 7 SYSTEMPATH\CodeIgniter.php(339): CodeIgniter\Events\Events::trigger('pre_system')
 8 SYSTEMPATH\Boot.php(334): CodeIgniter\CodeIgniter->run()
 9 SYSTEMPATH\Boot.php(67): CodeIgniter\Boot::runCodeIgniter(Object(CodeIgniter\CodeIgniter))
10 FCPATH\index.php(46): CodeIgniter\Boot::bootWeb(Object(Config\Paths))
CRITICAL - 2025-09-11 09:48:01 --> ErrorException: unlink(C:\xampp\htdocs\hms_ram\writable\debugbar/debugbar_1757583874.650796.json): No such file or directory
[Method: GET, Route: /]
in SYSTEMPATH\Debug\Toolbar\Collectors\History.php on line 82.
 1 [internal function]: CodeIgniter\Debug\Exceptions->errorHandler(2, 'unlink(C:\\xampp\\htdocs\\hms_ram\\writable\\debugbar/debugbar_1757583874.650796.json): No such file or directory', 'C:\\xampp\\htdocs\\hms_ram\\system\\Debug\\Toolbar\\Collectors\\History.php', 82)
 2 SYSTEMPATH\Debug\Toolbar\Collectors\History.php(82): unlink('C:\\xampp\\htdocs\\hms_ram\\writable\\debugbar/debugbar_1757583874.650796.json')
 3 SYSTEMPATH\Debug\Toolbar.php(517): CodeIgniter\Debug\Toolbar\Collectors\History->setFiles('1757584079.888768', 20)
 4 SYSTEMPATH\Debug\Toolbar.php(496): CodeIgniter\Debug\Toolbar->format([...], 'html')
 5 APPPATH\Config\Events.php(47): CodeIgniter\Debug\Toolbar->respond()
 6 SYSTEMPATH\Events\Events.php(155): CodeIgniter\Events\Events::Config\{closure}()
 7 SYSTEMPATH\CodeIgniter.php(339): CodeIgniter\Events\Events::trigger('pre_system')
 8 SYSTEMPATH\Boot.php(334): CodeIgniter\CodeIgniter->run()
 9 SYSTEMPATH\Boot.php(67): CodeIgniter\Boot::runCodeIgniter(Object(CodeIgniter\CodeIgniter))
10 FCPATH\index.php(46): CodeIgniter\Boot::bootWeb(Object(Config\Paths))
DEBUG - 2025-09-11 09:48:02 --> Session: Class initialized using 'CodeIgniter\Session\Handlers\FileHandler' driver.
DEBUG - 2025-09-11 09:48:05 --> Session: Class initialized using 'CodeIgniter\Session\Handlers\FileHandler' driver.
DEBUG - 2025-09-11 09:49:48 --> Session: Class initialized using 'CodeIgniter\Session\Handlers\FileHandler' driver.
DEBUG - 2025-09-11 09:49:48 --> Session: Class initialized using 'CodeIgniter\Session\Handlers\FileHandler' driver.
DEBUG - 2025-09-11 09:50:04 --> Session: Class initialized using 'CodeIgniter\Session\Handlers\FileHandler' driver.
DEBUG - 2025-09-11 09:50:05 --> Session: Class initialized using 'CodeIgniter\Session\Handlers\FileHandler' driver.
DEBUG - 2025-09-11 09:50:13 --> Session: Class initialized using 'CodeIgniter\Session\Handlers\FileHandler' driver.
DEBUG - 2025-09-11 09:50:14 --> Session: Class initialized using 'CodeIgniter\Session\Handlers\FileHandler' driver.
DEBUG - 2025-09-11 09:50:44 --> Session: Class initialized using 'CodeIgniter\Session\Handlers\FileHandler' driver.
DEBUG - 2025-09-11 09:50:44 --> Session: Class initialized using 'CodeIgniter\Session\Handlers\FileHandler' driver.
DEBUG - 2025-09-11 09:50:46 --> Session: Class initialized using 'CodeIgniter\Session\Handlers\FileHandler' driver.
DEBUG - 2025-09-11 09:50:46 --> Session: Class initialized using 'CodeIgniter\Session\Handlers\FileHandler' driver.
DEBUG - 2025-09-11 09:50:53 --> Session: Class initialized using 'CodeIgniter\Session\Handlers\FileHandler' driver.
DEBUG - 2025-09-11 09:50:54 --> Session: Class initialized using 'CodeIgniter\Session\Handlers\FileHandler' driver.
DEBUG - 2025-09-11 09:51:48 --> Session: Class initialized using 'CodeIgniter\Session\Handlers\FileHandler' driver.
DEBUG - 2025-09-11 09:51:53 --> Session: Class initialized using 'CodeIgniter\Session\Handlers\FileHandler' driver.
DEBUG - 2025-09-11 09:51:54 --> Session: Class initialized using 'CodeIgniter\Session\Handlers\FileHandler' driver.
DEBUG - 2025-09-11 09:53:00 --> Session: Class initialized using 'CodeIgniter\Session\Handlers\FileHandler' driver.
DEBUG - 2025-09-11 09:53:01 --> Session: Class initialized using 'CodeIgniter\Session\Handlers\FileHandler' driver.
DEBUG - 2025-09-11 09:53:05 --> Session: Class initialized using 'CodeIgniter\Session\Handlers\FileHandler' driver.
DEBUG - 2025-09-11 09:53:05 --> Session: Class initialized using 'CodeIgniter\Session\Handlers\FileHandler' driver.
DEBUG - 2025-09-11 09:53:08 --> Session: Class initialized using 'CodeIgniter\Session\Handlers\FileHandler' driver.
DEBUG - 2025-09-11 09:53:09 --> Session: Class initialized using 'CodeIgniter\Session\Handlers\FileHandler' driver.
DEBUG - 2025-09-11 09:53:10 --> Session: Class initialized using 'CodeIgniter\Session\Handlers\FileHandler' driver.
DEBUG - 2025-09-11 09:53:18 --> Session: Class initialized using 'CodeIgniter\Session\Handlers\FileHandler' driver.
DEBUG - 2025-09-11 09:53:18 --> Session: Class initialized using 'CodeIgniter\Session\Handlers\FileHandler' driver.
DEBUG - 2025-09-11 09:59:52 --> Session: Class initialized using 'CodeIgniter\Session\Handlers\FileHandler' driver.
DEBUG - 2025-09-11 09:59:52 --> Session: Class initialized using 'CodeIgniter\Session\Handlers\FileHandler' driver.
CRITICAL - 2025-09-11 09:59:54 --> ErrorException: unlink(C:\xampp\htdocs\hms_ram\writable\debugbar/debugbar_1757584313.825638.json): No such file or directory
[Method: GET, Route: /]
in SYSTEMPATH\Debug\Toolbar\Collectors\History.php on line 82.
 1 [internal function]: CodeIgniter\Debug\Exceptions->errorHandler(2, 'unlink(C:\\xampp\\htdocs\\hms_ram\\writable\\debugbar/debugbar_1757584313.825638.json): No such file or directory', 'C:\\xampp\\htdocs\\hms_ram\\system\\Debug\\Toolbar\\Collectors\\History.php', 82)
 2 SYSTEMPATH\Debug\Toolbar\Collectors\History.php(82): unlink('C:\\xampp\\htdocs\\hms_ram\\writable\\debugbar/debugbar_1757584313.825638.json')
 3 SYSTEMPATH\Debug\Toolbar.php(517): CodeIgniter\Debug\Toolbar\Collectors\History->setFiles('1757584793.037760', 20)
 4 SYSTEMPATH\Debug\Toolbar.php(496): CodeIgniter\Debug\Toolbar->format([...], 'html')
 5 APPPATH\Config\Events.php(47): CodeIgniter\Debug\Toolbar->respond()
 6 SYSTEMPATH\Events\Events.php(155): CodeIgniter\Events\Events::Config\{closure}()
 7 SYSTEMPATH\CodeIgniter.php(339): CodeIgniter\Events\Events::trigger('pre_system')
 8 SYSTEMPATH\Boot.php(334): CodeIgniter\CodeIgniter->run()
 9 SYSTEMPATH\Boot.php(67): CodeIgniter\Boot::runCodeIgniter(Object(CodeIgniter\CodeIgniter))
10 FCPATH\index.php(46): CodeIgniter\Boot::bootWeb(Object(Config\Paths))
DEBUG - 2025-09-11 10:00:45 --> Session: Class initialized using 'CodeIgniter\Session\Handlers\FileHandler' driver.
DEBUG - 2025-09-11 10:00:47 --> Session: Class initialized using 'CodeIgniter\Session\Handlers\FileHandler' driver.
DEBUG - 2025-09-11 10:00:49 --> Session: Class initialized using 'CodeIgniter\Session\Handlers\FileHandler' driver.
DEBUG - 2025-09-11 10:01:09 --> Session: Class initialized using 'CodeIgniter\Session\Handlers\FileHandler' driver.
DEBUG - 2025-09-11 10:03:24 --> Session: Class initialized using 'CodeIgniter\Session\Handlers\FileHandler' driver.
DEBUG - 2025-09-11 10:03:26 --> Session: Class initialized using 'CodeIgniter\Session\Handlers\FileHandler' driver.
DEBUG - 2025-09-11 10:03:36 --> Session: Class initialized using 'CodeIgniter\Session\Handlers\FileHandler' driver.
DEBUG - 2025-09-11 10:03:37 --> Session: Class initialized using 'CodeIgniter\Session\Handlers\FileHandler' driver.
DEBUG - 2025-09-11 10:03:48 --> Session: Class initialized using 'CodeIgniter\Session\Handlers\FileHandler' driver.
DEBUG - 2025-09-11 10:03:49 --> Session: Class initialized using 'CodeIgniter\Session\Handlers\FileHandler' driver.
DEBUG - 2025-09-11 10:04:08 --> Session: Class initialized using 'CodeIgniter\Session\Handlers\FileHandler' driver.
DEBUG - 2025-09-11 10:04:10 --> Session: Class initialized using 'CodeIgniter\Session\Handlers\FileHandler' driver.
DEBUG - 2025-09-11 10:04:15 --> Session: Class initialized using 'CodeIgniter\Session\Handlers\FileHandler' driver.
DEBUG - 2025-09-11 10:04:27 --> Session: Class initialized using 'CodeIgniter\Session\Handlers\FileHandler' driver.
DEBUG - 2025-09-11 10:04:29 --> Session: Class initialized using 'CodeIgniter\Session\Handlers\FileHandler' driver.
DEBUG - 2025-09-11 10:04:35 --> Session: Class initialized using 'CodeIgniter\Session\Handlers\FileHandler' driver.
DEBUG - 2025-09-11 10:04:36 --> Session: Class initialized using 'CodeIgniter\Session\Handlers\FileHandler' driver.
DEBUG - 2025-09-11 10:04:51 --> Session: Class initialized using 'CodeIgniter\Session\Handlers\FileHandler' driver.
DEBUG - 2025-09-11 10:04:51 --> Session: Class initialized using 'CodeIgniter\Session\Handlers\FileHandler' driver.
DEBUG - 2025-09-11 10:07:21 --> Session: Class initialized using 'CodeIgniter\Session\Handlers\FileHandler' driver.
DEBUG - 2025-09-11 10:07:30 --> Session: Class initialized using 'CodeIgniter\Session\Handlers\FileHandler' driver.
DEBUG - 2025-09-11 10:07:31 --> Session: Class initialized using 'CodeIgniter\Session\Handlers\FileHandler' driver.
DEBUG - 2025-09-11 10:07:41 --> Session: Class initialized using 'CodeIgniter\Session\Handlers\FileHandler' driver.
DEBUG - 2025-09-11 10:07:42 --> Session: Class initialized using 'CodeIgniter\Session\Handlers\FileHandler' driver.
DEBUG - 2025-09-11 10:09:05 --> Session: Class initialized using 'CodeIgniter\Session\Handlers\FileHandler' driver.
DEBUG - 2025-09-11 10:09:06 --> Session: Class initialized using 'CodeIgniter\Session\Handlers\FileHandler' driver.
DEBUG - 2025-09-11 10:09:54 --> Session: Class initialized using 'CodeIgniter\Session\Handlers\FileHandler' driver.
DEBUG - 2025-09-11 10:10:02 --> Session: Class initialized using 'CodeIgniter\Session\Handlers\FileHandler' driver.
DEBUG - 2025-09-11 10:10:03 --> Session: Class initialized using 'CodeIgniter\Session\Handlers\FileHandler' driver.
DEBUG - 2025-09-11 10:10:10 --> Session: Class initialized using 'CodeIgniter\Session\Handlers\FileHandler' driver.
DEBUG - 2025-09-11 10:10:11 --> Session: Class initialized using 'CodeIgniter\Session\Handlers\FileHandler' driver.
DEBUG - 2025-09-11 10:11:14 --> Session: Class initialized using 'CodeIgniter\Session\Handlers\FileHandler' driver.
DEBUG - 2025-09-11 10:11:15 --> Session: Class initialized using 'CodeIgniter\Session\Handlers\FileHandler' driver.
DEBUG - 2025-09-11 10:11:40 --> Session: Class initialized using 'CodeIgniter\Session\Handlers\FileHandler' driver.
DEBUG - 2025-09-11 10:11:46 --> Session: Class initialized using 'CodeIgniter\Session\Handlers\FileHandler' driver.
DEBUG - 2025-09-11 10:11:51 --> Session: Class initialized using 'CodeIgniter\Session\Handlers\FileHandler' driver.
DEBUG - 2025-09-11 10:13:53 --> Session: Class initialized using 'CodeIgniter\Session\Handlers\FileHandler' driver.
ERROR - 2025-09-11 10:13:53 --> mysqli_sql_exception: Unknown column 'pm.generic_name' in 'field list' in C:\xampp\htdocs\hms_ram\system\Database\MySQLi\Connection.php:327
Stack trace:
#0 C:\xampp\htdocs\hms_ram\system\Database\MySQLi\Connection.php(327): mysqli->query('\r\n        SELEC...', 0)
#1 C:\xampp\htdocs\hms_ram\system\Database\BaseConnection.php(738): CodeIgniter\Database\MySQLi\Connection->execute('\r\n        SELEC...')
#2 C:\xampp\htdocs\hms_ram\system\Database\BaseConnection.php(652): CodeIgniter\Database\BaseConnection->simpleQuery('\r\n        SELEC...')
#3 C:\xampp\htdocs\hms_ram\app\Controllers\Pharmacy\Sales.php(656): CodeIgniter\Database\BaseConnection->query('\r\n        SELEC...', Array)
#4 C:\xampp\htdocs\hms_ram\system\CodeIgniter.php(933): App\Controllers\Pharmacy\Sales->printInvoice('PHM-OP-20250911...')
#5 C:\xampp\htdocs\hms_ram\system\CodeIgniter.php(507): CodeIgniter\CodeIgniter->runController(Object(App\Controllers\Pharmacy\Sales))
#6 C:\xampp\htdocs\hms_ram\system\CodeIgniter.php(354): CodeIgniter\CodeIgniter->handleRequest(NULL, Object(Config\Cache), false)
#7 C:\xampp\htdocs\hms_ram\system\Boot.php(334): CodeIgniter\CodeIgniter->run()
#8 C:\xampp\htdocs\hms_ram\system\Boot.php(67): CodeIgniter\Boot::runCodeIgniter(Object(CodeIgniter\CodeIgniter))
#9 C:\xampp\htdocs\hms_ram\index.php(46): CodeIgniter\Boot::bootWeb(Object(Config\Paths))
#10 {main}
CRITICAL - 2025-09-11 10:13:53 --> CodeIgniter\Database\Exceptions\DatabaseException: Unknown column 'pm.generic_name' in 'field list'
[Method: GET, Route: pharmacy/sales/printInvoice/PHM-OP-20250911-00017]
in SYSTEMPATH\Database\BaseConnection.php on line 692.
 1 APPPATH\Controllers\Pharmacy\Sales.php(656): CodeIgniter\Database\BaseConnection->query('
        SELECT
            psi.*,
            pm.generic_name,
            pm.brand_name,
            pm.strength,
            pm.hsn_code,
            pm.gst_rate,
            pb.batch_number,
            pb.expiry_date,
            um.name AS unit_of_measure
        FROM
            pharmacy_sale_items psi
        JOIN
            pharmacy_medicines pm ON pm.id = psi.medicine_id
        JOIN
            pharmacy_batches pb ON pb.id = psi.batch_id
        LEFT JOIN
            pharmacy_units_of_measure um ON um.id = pm.unit_of_measure_id
        WHERE
            psi.sale_id = ?
    ', [...])
 2 SYSTEMPATH\CodeIgniter.php(933): App\Controllers\Pharmacy\Sales->printInvoice('PHM-OP-20250911-00017')
 3 SYSTEMPATH\CodeIgniter.php(507): CodeIgniter\CodeIgniter->runController(Object(App\Controllers\Pharmacy\Sales))
 4 SYSTEMPATH\CodeIgniter.php(354): CodeIgniter\CodeIgniter->handleRequest(null, Object(Config\Cache), false)
 5 SYSTEMPATH\Boot.php(334): CodeIgniter\CodeIgniter->run()
 6 SYSTEMPATH\Boot.php(67): CodeIgniter\Boot::runCodeIgniter(Object(CodeIgniter\CodeIgniter))
 7 FCPATH\index.php(46): CodeIgniter\Boot::bootWeb(Object(Config\Paths))
CRITICAL - 2025-09-11 10:13:53 --> [Caused by] CodeIgniter\Database\Exceptions\DatabaseException: Unknown column 'pm.generic_name' in 'field list'
in SYSTEMPATH\Database\MySQLi\Connection.php on line 332.
 1 SYSTEMPATH\Database\BaseConnection.php(738): CodeIgniter\Database\MySQLi\Connection->execute('
        SELECT
            psi.*,
            pm.generic_name,
            pm.brand_name,
            pm.strength,
            pm.hsn_code,
            pm.gst_rate,
            pb.batch_number,
            pb.expiry_date,
            um.name AS unit_of_measure
        FROM
            pharmacy_sale_items psi
        JOIN
            pharmacy_medicines pm ON pm.id = psi.medicine_id
        JOIN
            pharmacy_batches pb ON pb.id = psi.batch_id
        LEFT JOIN
            pharmacy_units_of_measure um ON um.id = pm.unit_of_measure_id
        WHERE
            psi.sale_id = \'35\'
    ')
 2 SYSTEMPATH\Database\BaseConnection.php(652): CodeIgniter\Database\BaseConnection->simpleQuery('
        SELECT
            psi.*,
            pm.generic_name,
            pm.brand_name,
            pm.strength,
            pm.hsn_code,
            pm.gst_rate,
            pb.batch_number,
            pb.expiry_date,
            um.name AS unit_of_measure
        FROM
            pharmacy_sale_items psi
        JOIN
            pharmacy_medicines pm ON pm.id = psi.medicine_id
        JOIN
            pharmacy_batches pb ON pb.id = psi.batch_id
        LEFT JOIN
            pharmacy_units_of_measure um ON um.id = pm.unit_of_measure_id
        WHERE
            psi.sale_id = \'35\'
    ')
 3 APPPATH\Controllers\Pharmacy\Sales.php(656): CodeIgniter\Database\BaseConnection->query('
        SELECT
            psi.*,
            pm.generic_name,
            pm.brand_name,
            pm.strength,
            pm.hsn_code,
            pm.gst_rate,
            pb.batch_number,
            pb.expiry_date,
            um.name AS unit_of_measure
        FROM
            pharmacy_sale_items psi
        JOIN
            pharmacy_medicines pm ON pm.id = psi.medicine_id
        JOIN
            pharmacy_batches pb ON pb.id = psi.batch_id
        LEFT JOIN
            pharmacy_units_of_measure um ON um.id = pm.unit_of_measure_id
        WHERE
            psi.sale_id = ?
    ', [...])
 4 SYSTEMPATH\CodeIgniter.php(933): App\Controllers\Pharmacy\Sales->printInvoice('PHM-OP-20250911-00017')
 5 SYSTEMPATH\CodeIgniter.php(507): CodeIgniter\CodeIgniter->runController(Object(App\Controllers\Pharmacy\Sales))
 6 SYSTEMPATH\CodeIgniter.php(354): CodeIgniter\CodeIgniter->handleRequest(null, Object(Config\Cache), false)
 7 SYSTEMPATH\Boot.php(334): CodeIgniter\CodeIgniter->run()
 8 SYSTEMPATH\Boot.php(67): CodeIgniter\Boot::runCodeIgniter(Object(CodeIgniter\CodeIgniter))
 9 FCPATH\index.php(46): CodeIgniter\Boot::bootWeb(Object(Config\Paths))
CRITICAL - 2025-09-11 10:13:53 --> [Caused by] mysqli_sql_exception: Unknown column 'pm.generic_name' in 'field list'
in SYSTEMPATH\Database\MySQLi\Connection.php on line 327.
 1 SYSTEMPATH\Database\MySQLi\Connection.php(327): mysqli->query('
        SELECT
            psi.*,
            pm.generic_name,
            pm.brand_name,
            pm.strength,
            pm.hsn_code,
            pm.gst_rate,
            pb.batch_number,
            pb.expiry_date,
            um.name AS unit_of_measure
        FROM
            pharmacy_sale_items psi
        JOIN
            pharmacy_medicines pm ON pm.id = psi.medicine_id
        JOIN
            pharmacy_batches pb ON pb.id = psi.batch_id
        LEFT JOIN
            pharmacy_units_of_measure um ON um.id = pm.unit_of_measure_id
        WHERE
            psi.sale_id = \'35\'
    ', 0)
 2 SYSTEMPATH\Database\BaseConnection.php(738): CodeIgniter\Database\MySQLi\Connection->execute('
        SELECT
            psi.*,
            pm.generic_name,
            pm.brand_name,
            pm.strength,
            pm.hsn_code,
            pm.gst_rate,
            pb.batch_number,
            pb.expiry_date,
            um.name AS unit_of_measure
        FROM
            pharmacy_sale_items psi
        JOIN
            pharmacy_medicines pm ON pm.id = psi.medicine_id
        JOIN
            pharmacy_batches pb ON pb.id = psi.batch_id
        LEFT JOIN
            pharmacy_units_of_measure um ON um.id = pm.unit_of_measure_id
        WHERE
            psi.sale_id = \'35\'
    ')
 3 SYSTEMPATH\Database\BaseConnection.php(652): CodeIgniter\Database\BaseConnection->simpleQuery('
        SELECT
            psi.*,
            pm.generic_name,
            pm.brand_name,
            pm.strength,
            pm.hsn_code,
            pm.gst_rate,
            pb.batch_number,
            pb.expiry_date,
            um.name AS unit_of_measure
        FROM
            pharmacy_sale_items psi
        JOIN
            pharmacy_medicines pm ON pm.id = psi.medicine_id
        JOIN
            pharmacy_batches pb ON pb.id = psi.batch_id
        LEFT JOIN
            pharmacy_units_of_measure um ON um.id = pm.unit_of_measure_id
        WHERE
            psi.sale_id = \'35\'
    ')
 4 APPPATH\Controllers\Pharmacy\Sales.php(656): CodeIgniter\Database\BaseConnection->query('
        SELECT
            psi.*,
            pm.generic_name,
            pm.brand_name,
            pm.strength,
            pm.hsn_code,
            pm.gst_rate,
            pb.batch_number,
            pb.expiry_date,
            um.name AS unit_of_measure
        FROM
            pharmacy_sale_items psi
        JOIN
            pharmacy_medicines pm ON pm.id = psi.medicine_id
        JOIN
            pharmacy_batches pb ON pb.id = psi.batch_id
        LEFT JOIN
            pharmacy_units_of_measure um ON um.id = pm.unit_of_measure_id
        WHERE
            psi.sale_id = ?
    ', [...])
 5 SYSTEMPATH\CodeIgniter.php(933): App\Controllers\Pharmacy\Sales->printInvoice('PHM-OP-20250911-00017')
 6 SYSTEMPATH\CodeIgniter.php(507): CodeIgniter\CodeIgniter->runController(Object(App\Controllers\Pharmacy\Sales))
 7 SYSTEMPATH\CodeIgniter.php(354): CodeIgniter\CodeIgniter->handleRequest(null, Object(Config\Cache), false)
 8 SYSTEMPATH\Boot.php(334): CodeIgniter\CodeIgniter->run()
 9 SYSTEMPATH\Boot.php(67): CodeIgniter\Boot::runCodeIgniter(Object(CodeIgniter\CodeIgniter))
10 FCPATH\index.php(46): CodeIgniter\Boot::bootWeb(Object(Config\Paths))
DEBUG - 2025-09-11 10:14:18 --> Session: Class initialized using 'CodeIgniter\Session\Handlers\FileHandler' driver.
DEBUG - 2025-09-11 10:15:17 --> Session: Class initialized using 'CodeIgniter\Session\Handlers\FileHandler' driver.
DEBUG - 2025-09-11 10:15:17 --> Session: Class initialized using 'CodeIgniter\Session\Handlers\FileHandler' driver.
DEBUG - 2025-09-11 10:29:58 --> Session: Class initialized using 'CodeIgniter\Session\Handlers\FileHandler' driver.
DEBUG - 2025-09-11 10:29:58 --> Session: Class initialized using 'CodeIgniter\Session\Handlers\FileHandler' driver.
DEBUG - 2025-09-11 10:29:58 --> Session: Class initialized using 'CodeIgniter\Session\Handlers\FileHandler' driver.
DEBUG - 2025-09-11 10:30:02 --> Session: Class initialized using 'CodeIgniter\Session\Handlers\FileHandler' driver.
DEBUG - 2025-09-11 10:30:02 --> Session: Class initialized using 'CodeIgniter\Session\Handlers\FileHandler' driver.
DEBUG - 2025-09-11 10:30:02 --> Session: Class initialized using 'CodeIgniter\Session\Handlers\FileHandler' driver.
DEBUG - 2025-09-11 10:32:20 --> Session: Class initialized using 'CodeIgniter\Session\Handlers\FileHandler' driver.
DEBUG - 2025-09-11 10:32:21 --> Session: Class initialized using 'CodeIgniter\Session\Handlers\FileHandler' driver.
DEBUG - 2025-09-11 10:32:21 --> Session: Class initialized using 'CodeIgniter\Session\Handlers\FileHandler' driver.
DEBUG - 2025-09-11 10:32:27 --> Session: Class initialized using 'CodeIgniter\Session\Handlers\FileHandler' driver.
CRITICAL - 2025-09-11 10:32:27 --> ParseError: syntax error, unexpected end of file, expecting "elseif" or "else" or "endif"
[Method: GET, Route: pharmacy/sales/invoice/PHM-OP-20250911-00017]
in APPPATH\Views\pharmacy\sales\invoice.php on line 384.
 1 SYSTEMPATH\View\View.php(227): CodeIgniter\View\View->CodeIgniter\View\{closure}()
 2 SYSTEMPATH\Common.php(1173): CodeIgniter\View\View->render('pharmacy/sales/invoice', [], true)
 3 APPPATH\Controllers\Pharmacy\Sales.php(406): view('pharmacy/sales/invoice', [...])
 4 SYSTEMPATH\CodeIgniter.php(933): App\Controllers\Pharmacy\Sales->invoice('PHM-OP-20250911-00017')
 5 SYSTEMPATH\CodeIgniter.php(507): CodeIgniter\CodeIgniter->runController(Object(App\Controllers\Pharmacy\Sales))
 6 SYSTEMPATH\CodeIgniter.php(354): CodeIgniter\CodeIgniter->handleRequest(null, Object(Config\Cache), false)
 7 SYSTEMPATH\Boot.php(334): CodeIgniter\CodeIgniter->run()
 8 SYSTEMPATH\Boot.php(67): CodeIgniter\Boot::runCodeIgniter(Object(CodeIgniter\CodeIgniter))
 9 FCPATH\index.php(46): CodeIgniter\Boot::bootWeb(Object(Config\Paths))
DEBUG - 2025-09-11 10:32:28 --> Session: Class initialized using 'CodeIgniter\Session\Handlers\FileHandler' driver.
DEBUG - 2025-09-11 10:32:28 --> Session: Class initialized using 'CodeIgniter\Session\Handlers\FileHandler' driver.
CRITICAL - 2025-09-11 10:32:28 --> ParseError: syntax error, unexpected end of file, expecting "elseif" or "else" or "endif"
[Method: GET, Route: pharmacy/sales/invoice/PHM-IP-20250911-00015]
in APPPATH\Views\pharmacy\sales\invoice.php on line 384.
 1 SYSTEMPATH\View\View.php(227): CodeIgniter\View\View->CodeIgniter\View\{closure}()
 2 SYSTEMPATH\Common.php(1173): CodeIgniter\View\View->render('pharmacy/sales/invoice', [], true)
 3 APPPATH\Controllers\Pharmacy\Sales.php(406): view('pharmacy/sales/invoice', [...])
 4 SYSTEMPATH\CodeIgniter.php(933): App\Controllers\Pharmacy\Sales->invoice('PHM-IP-20250911-00015')
 5 SYSTEMPATH\CodeIgniter.php(507): CodeIgniter\CodeIgniter->runController(Object(App\Controllers\Pharmacy\Sales))
 6 SYSTEMPATH\CodeIgniter.php(354): CodeIgniter\CodeIgniter->handleRequest(null, Object(Config\Cache), false)
 7 SYSTEMPATH\Boot.php(334): CodeIgniter\CodeIgniter->run()
 8 SYSTEMPATH\Boot.php(67): CodeIgniter\Boot::runCodeIgniter(Object(CodeIgniter\CodeIgniter))
 9 FCPATH\index.php(46): CodeIgniter\Boot::bootWeb(Object(Config\Paths))
DEBUG - 2025-09-11 10:32:36 --> Session: Class initialized using 'CodeIgniter\Session\Handlers\FileHandler' driver.
DEBUG - 2025-09-11 10:35:23 --> Session: Class initialized using 'CodeIgniter\Session\Handlers\FileHandler' driver.
DEBUG - 2025-09-11 10:35:30 --> Session: Class initialized using 'CodeIgniter\Session\Handlers\FileHandler' driver.
DEBUG - 2025-09-11 10:35:35 --> Session: Class initialized using 'CodeIgniter\Session\Handlers\FileHandler' driver.
DEBUG - 2025-09-11 10:36:00 --> Session: Class initialized using 'CodeIgniter\Session\Handlers\FileHandler' driver.
DEBUG - 2025-09-11 10:36:01 --> Session: Class initialized using 'CodeIgniter\Session\Handlers\FileHandler' driver.
DEBUG - 2025-09-11 10:36:06 --> Session: Class initialized using 'CodeIgniter\Session\Handlers\FileHandler' driver.
DEBUG - 2025-09-11 10:36:09 --> Session: Class initialized using 'CodeIgniter\Session\Handlers\FileHandler' driver.
DEBUG - 2025-09-11 10:36:10 --> Session: Class initialized using 'CodeIgniter\Session\Handlers\FileHandler' driver.
DEBUG - 2025-09-11 10:36:20 --> Session: Class initialized using 'CodeIgniter\Session\Handlers\FileHandler' driver.
DEBUG - 2025-09-11 10:36:27 --> Session: Class initialized using 'CodeIgniter\Session\Handlers\FileHandler' driver.
DEBUG - 2025-09-11 10:36:44 --> Session: Class initialized using 'CodeIgniter\Session\Handlers\FileHandler' driver.
DEBUG - 2025-09-11 10:37:09 --> Session: Class initialized using 'CodeIgniter\Session\Handlers\FileHandler' driver.
DEBUG - 2025-09-11 10:37:28 --> Session: Class initialized using 'CodeIgniter\Session\Handlers\FileHandler' driver.
DEBUG - 2025-09-11 10:37:36 --> Session: Class initialized using 'CodeIgniter\Session\Handlers\FileHandler' driver.
DEBUG - 2025-09-11 10:37:38 --> Session: Class initialized using 'CodeIgniter\Session\Handlers\FileHandler' driver.
DEBUG - 2025-09-11 10:37:41 --> Session: Class initialized using 'CodeIgniter\Session\Handlers\FileHandler' driver.
DEBUG - 2025-09-11 10:37:43 --> Session: Class initialized using 'CodeIgniter\Session\Handlers\FileHandler' driver.
DEBUG - 2025-09-11 10:37:46 --> Session: Class initialized using 'CodeIgniter\Session\Handlers\FileHandler' driver.
DEBUG - 2025-09-11 10:37:52 --> Session: Class initialized using 'CodeIgniter\Session\Handlers\FileHandler' driver.
DEBUG - 2025-09-11 10:37:58 --> Session: Class initialized using 'CodeIgniter\Session\Handlers\FileHandler' driver.
DEBUG - 2025-09-11 10:41:56 --> Session: Class initialized using 'CodeIgniter\Session\Handlers\FileHandler' driver.
DEBUG - 2025-09-11 10:41:56 --> Session: Class initialized using 'CodeIgniter\Session\Handlers\FileHandler' driver.
DEBUG - 2025-09-11 10:41:56 --> Session: Class initialized using 'CodeIgniter\Session\Handlers\FileHandler' driver.
DEBUG - 2025-09-11 10:41:56 --> Session: Class initialized using 'CodeIgniter\Session\Handlers\FileHandler' driver.
DEBUG - 2025-09-11 11:37:11 --> Session: Class initialized using 'CodeIgniter\Session\Handlers\FileHandler' driver.
DEBUG - 2025-09-11 11:37:17 --> Session: Class initialized using 'CodeIgniter\Session\Handlers\FileHandler' driver.
DEBUG - 2025-09-11 11:37:20 --> Session: Class initialized using 'CodeIgniter\Session\Handlers\FileHandler' driver.
DEBUG - 2025-09-11 11:37:21 --> Session: Class initialized using 'CodeIgniter\Session\Handlers\FileHandler' driver.
DEBUG - 2025-09-11 11:37:25 --> Session: Class initialized using 'CodeIgniter\Session\Handlers\FileHandler' driver.
DEBUG - 2025-09-11 11:37:32 --> Session: Class initialized using 'CodeIgniter\Session\Handlers\FileHandler' driver.
DEBUG - 2025-09-11 11:37:32 --> Session: Class initialized using 'CodeIgniter\Session\Handlers\FileHandler' driver.
DEBUG - 2025-09-11 11:37:39 --> Session: Class initialized using 'CodeIgniter\Session\Handlers\FileHandler' driver.
DEBUG - 2025-09-11 11:37:41 --> Session: Class initialized using 'CodeIgniter\Session\Handlers\FileHandler' driver.
DEBUG - 2025-09-11 11:38:10 --> Session: Class initialized using 'CodeIgniter\Session\Handlers\FileHandler' driver.
DEBUG - 2025-09-11 11:38:24 --> Session: Class initialized using 'CodeIgniter\Session\Handlers\FileHandler' driver.
DEBUG - 2025-09-11 11:46:16 --> Session: Class initialized using 'CodeIgniter\Session\Handlers\FileHandler' driver.
DEBUG - 2025-09-11 11:46:16 --> Session: Class initialized using 'CodeIgniter\Session\Handlers\FileHandler' driver.
DEBUG - 2025-09-11 11:46:17 --> Session: Class initialized using 'CodeIgniter\Session\Handlers\FileHandler' driver.
DEBUG - 2025-09-11 11:46:17 --> Session: Class initialized using 'CodeIgniter\Session\Handlers\FileHandler' driver.
CRITICAL - 2025-09-11 11:46:18 --> ErrorException: unlink(C:\xampp\htdocs\hms_ram\writable\debugbar/debugbar_1757587316.828766.json): No such file or directory
[Method: GET, Route: /]
in SYSTEMPATH\Debug\Toolbar\Collectors\History.php on line 82.
 1 [internal function]: CodeIgniter\Debug\Exceptions->errorHandler(2, 'unlink(C:\\xampp\\htdocs\\hms_ram\\writable\\debugbar/debugbar_1757587316.828766.json): No such file or directory', 'C:\\xampp\\htdocs\\hms_ram\\system\\Debug\\Toolbar\\Collectors\\History.php', 82)
 2 SYSTEMPATH\Debug\Toolbar\Collectors\History.php(82): unlink('C:\\xampp\\htdocs\\hms_ram\\writable\\debugbar/debugbar_1757587316.828766.json')
 3 SYSTEMPATH\Debug\Toolbar.php(517): CodeIgniter\Debug\Toolbar\Collectors\History->setFiles('1757591176.836760', 20)
 4 SYSTEMPATH\Debug\Toolbar.php(496): CodeIgniter\Debug\Toolbar->format([...], 'html')
 5 APPPATH\Config\Events.php(47): CodeIgniter\Debug\Toolbar->respond()
 6 SYSTEMPATH\Events\Events.php(155): CodeIgniter\Events\Events::Config\{closure}()
 7 SYSTEMPATH\CodeIgniter.php(339): CodeIgniter\Events\Events::trigger('pre_system')
 8 SYSTEMPATH\Boot.php(334): CodeIgniter\CodeIgniter->run()
 9 SYSTEMPATH\Boot.php(67): CodeIgniter\Boot::runCodeIgniter(Object(CodeIgniter\CodeIgniter))
10 FCPATH\index.php(46): CodeIgniter\Boot::bootWeb(Object(Config\Paths))
DEBUG - 2025-09-11 11:46:19 --> Session: Class initialized using 'CodeIgniter\Session\Handlers\FileHandler' driver.
DEBUG - 2025-09-11 11:46:20 --> Session: Class initialized using 'CodeIgniter\Session\Handlers\FileHandler' driver.
DEBUG - 2025-09-11 11:46:20 --> Session: Class initialized using 'CodeIgniter\Session\Handlers\FileHandler' driver.
DEBUG - 2025-09-11 11:46:23 --> Session: Class initialized using 'CodeIgniter\Session\Handlers\FileHandler' driver.
DEBUG - 2025-09-11 11:46:24 --> Session: Class initialized using 'CodeIgniter\Session\Handlers\FileHandler' driver.
DEBUG - 2025-09-11 11:46:24 --> Session: Class initialized using 'CodeIgniter\Session\Handlers\FileHandler' driver.
DEBUG - 2025-09-11 11:46:25 --> Session: Class initialized using 'CodeIgniter\Session\Handlers\FileHandler' driver.
DEBUG - 2025-09-11 11:46:25 --> Session: Class initialized using 'CodeIgniter\Session\Handlers\FileHandler' driver.
DEBUG - 2025-09-11 11:46:25 --> Session: Class initialized using 'CodeIgniter\Session\Handlers\FileHandler' driver.
DEBUG - 2025-09-11 11:46:29 --> Session: Class initialized using 'CodeIgniter\Session\Handlers\FileHandler' driver.
DEBUG - 2025-09-11 11:46:29 --> Session: Class initialized using 'CodeIgniter\Session\Handlers\FileHandler' driver.
DEBUG - 2025-09-11 11:46:30 --> Session: Class initialized using 'CodeIgniter\Session\Handlers\FileHandler' driver.
CRITICAL - 2025-09-11 11:46:30 --> ParseError: syntax error, unexpected end of file, expecting "elseif" or "else" or "endif"
[Method: GET, Route: pharmacy/sales/invoice/PHM-IP-20250911-00015]
in APPPATH\Views\pharmacy\sales\invoice.php on line 379.
 1 SYSTEMPATH\View\View.php(227): CodeIgniter\View\View->CodeIgniter\View\{closure}()
 2 SYSTEMPATH\Common.php(1173): CodeIgniter\View\View->render('pharmacy/sales/invoice', [], true)
 3 APPPATH\Controllers\Pharmacy\Sales.php(412): view('pharmacy/sales/invoice', [...])
 4 SYSTEMPATH\CodeIgniter.php(933): App\Controllers\Pharmacy\Sales->invoice('PHM-IP-20250911-00015')
 5 SYSTEMPATH\CodeIgniter.php(507): CodeIgniter\CodeIgniter->runController(Object(App\Controllers\Pharmacy\Sales))
 6 SYSTEMPATH\CodeIgniter.php(354): CodeIgniter\CodeIgniter->handleRequest(null, Object(Config\Cache), false)
 7 SYSTEMPATH\Boot.php(334): CodeIgniter\CodeIgniter->run()
 8 SYSTEMPATH\Boot.php(67): CodeIgniter\Boot::runCodeIgniter(Object(CodeIgniter\CodeIgniter))
 9 FCPATH\index.php(46): CodeIgniter\Boot::bootWeb(Object(Config\Paths))
DEBUG - 2025-09-11 11:46:32 --> Session: Class initialized using 'CodeIgniter\Session\Handlers\FileHandler' driver.
DEBUG - 2025-09-11 11:46:32 --> Session: Class initialized using 'CodeIgniter\Session\Handlers\FileHandler' driver.
DEBUG - 2025-09-11 11:46:34 --> Session: Class initialized using 'CodeIgniter\Session\Handlers\FileHandler' driver.
DEBUG - 2025-09-11 11:46:35 --> Session: Class initialized using 'CodeIgniter\Session\Handlers\FileHandler' driver.
DEBUG - 2025-09-11 11:46:51 --> Session: Class initialized using 'CodeIgniter\Session\Handlers\FileHandler' driver.
DEBUG - 2025-09-11 11:46:52 --> Session: Class initialized using 'CodeIgniter\Session\Handlers\FileHandler' driver.
DEBUG - 2025-09-11 11:46:55 --> Session: Class initialized using 'CodeIgniter\Session\Handlers\FileHandler' driver.
DEBUG - 2025-09-11 11:46:55 --> Session: Class initialized using 'CodeIgniter\Session\Handlers\FileHandler' driver.
DEBUG - 2025-09-11 11:46:57 --> Session: Class initialized using 'CodeIgniter\Session\Handlers\FileHandler' driver.
DEBUG - 2025-09-11 11:46:58 --> Session: Class initialized using 'CodeIgniter\Session\Handlers\FileHandler' driver.
DEBUG - 2025-09-11 11:46:59 --> Session: Class initialized using 'CodeIgniter\Session\Handlers\FileHandler' driver.
DEBUG - 2025-09-11 11:48:57 --> Session: Class initialized using 'CodeIgniter\Session\Handlers\FileHandler' driver.
DEBUG - 2025-09-11 11:49:02 --> Session: Class initialized using 'CodeIgniter\Session\Handlers\FileHandler' driver.
DEBUG - 2025-09-11 11:54:06 --> Session: Class initialized using 'CodeIgniter\Session\Handlers\FileHandler' driver.
DEBUG - 2025-09-11 11:57:38 --> Session: Class initialized using 'CodeIgniter\Session\Handlers\FileHandler' driver.
DEBUG - 2025-09-11 11:57:38 --> Session: Class initialized using 'CodeIgniter\Session\Handlers\FileHandler' driver.
DEBUG - 2025-09-11 11:57:39 --> Session: Class initialized using 'CodeIgniter\Session\Handlers\FileHandler' driver.
CRITICAL - 2025-09-11 11:57:39 --> ErrorException: unlink(C:\xampp\htdocs\hms_ram\writable\debugbar/debugbar_1757591212.222365.json): No such file or directory
[Method: GET, Route: /]
in SYSTEMPATH\Debug\Toolbar\Collectors\History.php on line 82.
 1 [internal function]: CodeIgniter\Debug\Exceptions->errorHandler(2, 'unlink(C:\\xampp\\htdocs\\hms_ram\\writable\\debugbar/debugbar_1757591212.222365.json): No such file or directory', 'C:\\xampp\\htdocs\\hms_ram\\system\\Debug\\Toolbar\\Collectors\\History.php', 82)
 2 SYSTEMPATH\Debug\Toolbar\Collectors\History.php(82): unlink('C:\\xampp\\htdocs\\hms_ram\\writable\\debugbar/debugbar_1757591212.222365.json')
 3 SYSTEMPATH\Debug\Toolbar.php(517): CodeIgniter\Debug\Toolbar\Collectors\History->setFiles('1757591859.074637', 20)
 4 SYSTEMPATH\Debug\Toolbar.php(496): CodeIgniter\Debug\Toolbar->format([...], 'html')
 5 APPPATH\Config\Events.php(47): CodeIgniter\Debug\Toolbar->respond()
 6 SYSTEMPATH\Events\Events.php(155): CodeIgniter\Events\Events::Config\{closure}()
 7 SYSTEMPATH\CodeIgniter.php(339): CodeIgniter\Events\Events::trigger('pre_system')
 8 SYSTEMPATH\Boot.php(334): CodeIgniter\CodeIgniter->run()
 9 SYSTEMPATH\Boot.php(67): CodeIgniter\Boot::runCodeIgniter(Object(CodeIgniter\CodeIgniter))
10 FCPATH\index.php(46): CodeIgniter\Boot::bootWeb(Object(Config\Paths))
DEBUG - 2025-09-11 11:58:01 --> Session: Class initialized using 'CodeIgniter\Session\Handlers\FileHandler' driver.
DEBUG - 2025-09-11 11:58:24 --> Session: Class initialized using 'CodeIgniter\Session\Handlers\FileHandler' driver.
DEBUG - 2025-09-11 11:58:30 --> Session: Class initialized using 'CodeIgniter\Session\Handlers\FileHandler' driver.
DEBUG - 2025-09-11 12:17:10 --> Session: Class initialized using 'CodeIgniter\Session\Handlers\FileHandler' driver.
DEBUG - 2025-09-11 12:17:10 --> Session: Class initialized using 'CodeIgniter\Session\Handlers\FileHandler' driver.
DEBUG - 2025-09-11 12:17:10 --> Session: Class initialized using 'CodeIgniter\Session\Handlers\FileHandler' driver.
DEBUG - 2025-09-11 12:17:11 --> Session: Class initialized using 'CodeIgniter\Session\Handlers\FileHandler' driver.
CRITICAL - 2025-09-11 12:17:12 --> ErrorException: unlink(C:\xampp\htdocs\hms_ram\writable\debugbar/debugbar_1757591219.707791.json): No such file or directory
[Method: GET, Route: /]
in SYSTEMPATH\Debug\Toolbar\Collectors\History.php on line 82.
 1 [internal function]: CodeIgniter\Debug\Exceptions->errorHandler(2, 'unlink(C:\\xampp\\htdocs\\hms_ram\\writable\\debugbar/debugbar_1757591219.707791.json): No such file or directory', 'C:\\xampp\\htdocs\\hms_ram\\system\\Debug\\Toolbar\\Collectors\\History.php', 82)
 2 SYSTEMPATH\Debug\Toolbar\Collectors\History.php(82): unlink('C:\\xampp\\htdocs\\hms_ram\\writable\\debugbar/debugbar_1757591219.707791.json')
 3 SYSTEMPATH\Debug\Toolbar.php(517): CodeIgniter\Debug\Toolbar\Collectors\History->setFiles('1757593030.935124', 20)
 4 SYSTEMPATH\Debug\Toolbar.php(496): CodeIgniter\Debug\Toolbar->format([...], 'html')
 5 APPPATH\Config\Events.php(47): CodeIgniter\Debug\Toolbar->respond()
 6 SYSTEMPATH\Events\Events.php(155): CodeIgniter\Events\Events::Config\{closure}()
 7 SYSTEMPATH\CodeIgniter.php(339): CodeIgniter\Events\Events::trigger('pre_system')
 8 SYSTEMPATH\Boot.php(334): CodeIgniter\CodeIgniter->run()
 9 SYSTEMPATH\Boot.php(67): CodeIgniter\Boot::runCodeIgniter(Object(CodeIgniter\CodeIgniter))
10 FCPATH\index.php(46): CodeIgniter\Boot::bootWeb(Object(Config\Paths))
DEBUG - 2025-09-11 12:17:24 --> Session: Class initialized using 'CodeIgniter\Session\Handlers\FileHandler' driver.
DEBUG - 2025-09-11 12:17:24 --> Session: Class initialized using 'CodeIgniter\Session\Handlers\FileHandler' driver.
DEBUG - 2025-09-11 12:17:25 --> Session: Class initialized using 'CodeIgniter\Session\Handlers\FileHandler' driver.
DEBUG - 2025-09-11 12:17:27 --> Session: Class initialized using 'CodeIgniter\Session\Handlers\FileHandler' driver.
DEBUG - 2025-09-11 12:17:27 --> Session: Class initialized using 'CodeIgniter\Session\Handlers\FileHandler' driver.
DEBUG - 2025-09-11 12:17:27 --> Session: Class initialized using 'CodeIgniter\Session\Handlers\FileHandler' driver.
DEBUG - 2025-09-11 12:18:07 --> Session: Class initialized using 'CodeIgniter\Session\Handlers\FileHandler' driver.
CRITICAL - 2025-09-11 12:18:07 --> ErrorException: Undefined variable $saleItems
[Method: GET, Route: pharmacy/sales/invoice/PHM-IP-20250911-00015]
in APPPATH\Controllers\Pharmacy\Sales.php on line 296.
 1 APPPATH\Controllers\Pharmacy\Sales.php(296): CodeIgniter\Debug\Exceptions->errorHandler(2, 'Undefined variable $saleItems', 'C:\\xampp\\htdocs\\hms_ram\\app\\Controllers\\Pharmacy\\Sales.php', 296)
 2 SYSTEMPATH\CodeIgniter.php(933): App\Controllers\Pharmacy\Sales->invoice('PHM-IP-20250911-00015')
 3 SYSTEMPATH\CodeIgniter.php(507): CodeIgniter\CodeIgniter->runController(Object(App\Controllers\Pharmacy\Sales))
 4 SYSTEMPATH\CodeIgniter.php(354): CodeIgniter\CodeIgniter->handleRequest(null, Object(Config\Cache), false)
 5 SYSTEMPATH\Boot.php(334): CodeIgniter\CodeIgniter->run()
 6 SYSTEMPATH\Boot.php(67): CodeIgniter\Boot::runCodeIgniter(Object(CodeIgniter\CodeIgniter))
 7 FCPATH\index.php(46): CodeIgniter\Boot::bootWeb(Object(Config\Paths))
DEBUG - 2025-09-11 12:18:07 --> Session: Class initialized using 'CodeIgniter\Session\Handlers\FileHandler' driver.
CRITICAL - 2025-09-11 12:18:07 --> ErrorException: Undefined variable $saleItems
[Method: GET, Route: pharmacy/sales/invoice/PHM-OP-20250911-00017]
in APPPATH\Controllers\Pharmacy\Sales.php on line 296.
 1 APPPATH\Controllers\Pharmacy\Sales.php(296): CodeIgniter\Debug\Exceptions->errorHandler(2, 'Undefined variable $saleItems', 'C:\\xampp\\htdocs\\hms_ram\\app\\Controllers\\Pharmacy\\Sales.php', 296)
 2 SYSTEMPATH\CodeIgniter.php(933): App\Controllers\Pharmacy\Sales->invoice('PHM-OP-20250911-00017')
 3 SYSTEMPATH\CodeIgniter.php(507): CodeIgniter\CodeIgniter->runController(Object(App\Controllers\Pharmacy\Sales))
 4 SYSTEMPATH\CodeIgniter.php(354): CodeIgniter\CodeIgniter->handleRequest(null, Object(Config\Cache), false)
 5 SYSTEMPATH\Boot.php(334): CodeIgniter\CodeIgniter->run()
 6 SYSTEMPATH\Boot.php(67): CodeIgniter\Boot::runCodeIgniter(Object(CodeIgniter\CodeIgniter))
 7 FCPATH\index.php(46): CodeIgniter\Boot::bootWeb(Object(Config\Paths))
DEBUG - 2025-09-11 12:18:08 --> Session: Class initialized using 'CodeIgniter\Session\Handlers\FileHandler' driver.
DEBUG - 2025-09-11 12:18:16 --> Session: Class initialized using 'CodeIgniter\Session\Handlers\FileHandler' driver.
DEBUG - 2025-09-11 12:19:52 --> Session: Class initialized using 'CodeIgniter\Session\Handlers\FileHandler' driver.
DEBUG - 2025-09-11 12:19:55 --> Session: Class initialized using 'CodeIgniter\Session\Handlers\FileHandler' driver.
DEBUG - 2025-09-11 12:19:58 --> Session: Class initialized using 'CodeIgniter\Session\Handlers\FileHandler' driver.
DEBUG - 2025-09-11 12:24:41 --> Session: Class initialized using 'CodeIgniter\Session\Handlers\FileHandler' driver.
DEBUG - 2025-09-11 12:25:00 --> Session: Class initialized using 'CodeIgniter\Session\Handlers\FileHandler' driver.
DEBUG - 2025-09-11 12:25:02 --> Session: Class initialized using 'CodeIgniter\Session\Handlers\FileHandler' driver.
DEBUG - 2025-09-11 12:25:05 --> Session: Class initialized using 'CodeIgniter\Session\Handlers\FileHandler' driver.
DEBUG - 2025-09-11 12:25:12 --> Session: Class initialized using 'CodeIgniter\Session\Handlers\FileHandler' driver.
DEBUG - 2025-09-11 12:25:13 --> Session: Class initialized using 'CodeIgniter\Session\Handlers\FileHandler' driver.
DEBUG - 2025-09-11 12:25:18 --> Session: Class initialized using 'CodeIgniter\Session\Handlers\FileHandler' driver.
DEBUG - 2025-09-11 12:25:20 --> Session: Class initialized using 'CodeIgniter\Session\Handlers\FileHandler' driver.
DEBUG - 2025-09-11 12:25:27 --> Session: Class initialized using 'CodeIgniter\Session\Handlers\FileHandler' driver.
DEBUG - 2025-09-11 12:25:42 --> Session: Class initialized using 'CodeIgniter\Session\Handlers\FileHandler' driver.
DEBUG - 2025-09-11 12:26:04 --> Session: Class initialized using 'CodeIgniter\Session\Handlers\FileHandler' driver.
DEBUG - 2025-09-11 12:26:24 --> Session: Class initialized using 'CodeIgniter\Session\Handlers\FileHandler' driver.
DEBUG - 2025-09-11 12:26:27 --> Session: Class initialized using 'CodeIgniter\Session\Handlers\FileHandler' driver.
DEBUG - 2025-09-11 12:26:28 --> Session: Class initialized using 'CodeIgniter\Session\Handlers\FileHandler' driver.
DEBUG - 2025-09-11 12:26:30 --> Session: Class initialized using 'CodeIgniter\Session\Handlers\FileHandler' driver.
DEBUG - 2025-09-11 12:26:41 --> Session: Class initialized using 'CodeIgniter\Session\Handlers\FileHandler' driver.
DEBUG - 2025-09-11 12:26:43 --> Session: Class initialized using 'CodeIgniter\Session\Handlers\FileHandler' driver.
DEBUG - 2025-09-11 12:26:45 --> Session: Class initialized using 'CodeIgniter\Session\Handlers\FileHandler' driver.
DEBUG - 2025-09-11 12:27:01 --> Session: Class initialized using 'CodeIgniter\Session\Handlers\FileHandler' driver.
DEBUG - 2025-09-11 12:27:02 --> Session: Class initialized using 'CodeIgniter\Session\Handlers\FileHandler' driver.
DEBUG - 2025-09-11 12:27:20 --> Session: Class initialized using 'CodeIgniter\Session\Handlers\FileHandler' driver.
DEBUG - 2025-09-11 12:28:09 --> Session: Class initialized using 'CodeIgniter\Session\Handlers\FileHandler' driver.
DEBUG - 2025-09-11 12:28:09 --> Session: Class initialized using 'CodeIgniter\Session\Handlers\FileHandler' driver.
DEBUG - 2025-09-11 12:28:10 --> Session: Class initialized using 'CodeIgniter\Session\Handlers\FileHandler' driver.
DEBUG - 2025-09-11 12:28:10 --> Session: Class initialized using 'CodeIgniter\Session\Handlers\FileHandler' driver.
DEBUG - 2025-09-11 12:28:19 --> Session: Class initialized using 'CodeIgniter\Session\Handlers\FileHandler' driver.
DEBUG - 2025-09-11 12:28:20 --> Session: Class initialized using 'CodeIgniter\Session\Handlers\FileHandler' driver.
DEBUG - 2025-09-11 12:28:20 --> Session: Class initialized using 'CodeIgniter\Session\Handlers\FileHandler' driver.
DEBUG - 2025-09-11 12:28:20 --> Session: Class initialized using 'CodeIgniter\Session\Handlers\FileHandler' driver.
DEBUG - 2025-09-11 12:28:43 --> Session: Class initialized using 'CodeIgniter\Session\Handlers\FileHandler' driver.
DEBUG - 2025-09-11 12:28:51 --> Session: Class initialized using 'CodeIgniter\Session\Handlers\FileHandler' driver.
