DEBUG - 2025-10-08 12:51:09 --> Session: Class initialized using 'CodeIgniter\Session\Handlers\FileHandler' driver.
DEBUG - 2025-10-08 12:51:09 --> PatientAuthFilter: isLoggedIn=, roleId=
CRITICAL - 2025-10-08 12:51:09 --> CodeIgniter\View\Exceptions\ViewException: Invalid file: "patient_portal/login_page.php"
[Method: GET, Route: patient-portal/login]
in SYSTEMPATH\Exceptions\FrameworkException.php on line 39.
 1 SYSTEMPATH\View\View.php(212): CodeIgniter\Exceptions\FrameworkException::forInvalidFile('patient_portal/login_page.php')
 2 SYSTEMPATH\Common.php(1173): CodeIgniter\View\View->render('patient_portal/login_page', [], true)
 3 APPPATH\Controllers\Patient_portal\PatientAuth.php(19): view('patient_portal/login_page')
 4 SYSTEMPATH\CodeIgniter.php(933): App\Controllers\Patient_portal\PatientAuth->login()
 5 SYSTEMPATH\CodeIgniter.php(507): CodeIgniter\CodeIgniter->runController(Object(App\Controllers\Patient_portal\PatientAuth))
 6 SYSTEMPATH\CodeIgniter.php(354): CodeIgniter\CodeIgniter->handleRequest(null, Object(Config\Cache), false)
 7 SYSTEMPATH\Boot.php(334): CodeIgniter\CodeIgniter->run()
 8 SYSTEMPATH\Boot.php(67): CodeIgniter\Boot::runCodeIgniter(Object(CodeIgniter\CodeIgniter))
 9 FCPATH\index.php(46): CodeIgniter\Boot::bootWeb(Object(Config\Paths))
DEBUG - 2025-10-08 12:52:52 --> Session: Class initialized using 'CodeIgniter\Session\Handlers\FileHandler' driver.
DEBUG - 2025-10-08 12:53:01 --> Session: Class initialized using 'CodeIgniter\Session\Handlers\FileHandler' driver.
DEBUG - 2025-10-08 12:53:01 --> Login attempt for username/email: PAT-251007-00042
DEBUG - 2025-10-08 12:53:01 --> User found, verifying password for: PAT-251007-00042
DEBUG - 2025-10-08 12:53:01 --> Password matched. Setting session for: PAT-251007-00042
DEBUG - 2025-10-08 12:53:01 --> Session: Class initialized using 'CodeIgniter\Session\Handlers\FileHandler' driver.
DEBUG - 2025-10-08 12:53:01 --> PatientAuthFilter: isLoggedIn=1, roleId=10
DEBUG - 2025-10-08 12:53:01 --> Session: Class initialized using 'CodeIgniter\Session\Handlers\FileHandler' driver.
DEBUG - 2025-10-08 12:53:01 --> PatientAuthFilter: isLoggedIn=1, roleId=10
DEBUG - 2025-10-08 12:53:01 --> Session: Class initialized using 'CodeIgniter\Session\Handlers\FileHandler' driver.
DEBUG - 2025-10-08 12:53:01 --> PatientAuthFilter: isLoggedIn=1, roleId=10
DEBUG - 2025-10-08 12:53:01 --> Session: Class initialized using 'CodeIgniter\Session\Handlers\FileHandler' driver.
DEBUG - 2025-10-08 12:53:01 --> PatientAuthFilter: isLoggedIn=1, roleId=10
DEBUG - 2025-10-08 12:53:01 --> Session: Class initialized using 'CodeIgniter\Session\Handlers\FileHandler' driver.
DEBUG - 2025-10-08 12:53:01 --> PatientAuthFilter: isLoggedIn=1, roleId=10
DEBUG - 2025-10-08 12:53:01 --> Session: Class initialized using 'CodeIgniter\Session\Handlers\FileHandler' driver.
DEBUG - 2025-10-08 12:53:01 --> PatientAuthFilter: isLoggedIn=1, roleId=10
DEBUG - 2025-10-08 12:53:02 --> Session: Class initialized using 'CodeIgniter\Session\Handlers\FileHandler' driver.
DEBUG - 2025-10-08 12:53:02 --> PatientAuthFilter: isLoggedIn=1, roleId=10
DEBUG - 2025-10-08 12:53:02 --> Session: Class initialized using 'CodeIgniter\Session\Handlers\FileHandler' driver.
DEBUG - 2025-10-08 12:53:02 --> PatientAuthFilter: isLoggedIn=1, roleId=10
DEBUG - 2025-10-08 12:53:02 --> Session: Class initialized using 'CodeIgniter\Session\Handlers\FileHandler' driver.
DEBUG - 2025-10-08 12:53:02 --> PatientAuthFilter: isLoggedIn=1, roleId=10
DEBUG - 2025-10-08 12:53:02 --> Session: Class initialized using 'CodeIgniter\Session\Handlers\FileHandler' driver.
DEBUG - 2025-10-08 12:53:02 --> PatientAuthFilter: isLoggedIn=1, roleId=10
DEBUG - 2025-10-08 12:53:02 --> Session: Class initialized using 'CodeIgniter\Session\Handlers\FileHandler' driver.
DEBUG - 2025-10-08 12:53:02 --> PatientAuthFilter: isLoggedIn=1, roleId=10
DEBUG - 2025-10-08 12:53:02 --> Session: Class initialized using 'CodeIgniter\Session\Handlers\FileHandler' driver.
DEBUG - 2025-10-08 12:53:02 --> PatientAuthFilter: isLoggedIn=1, roleId=10
DEBUG - 2025-10-08 12:53:02 --> Session: Class initialized using 'CodeIgniter\Session\Handlers\FileHandler' driver.
DEBUG - 2025-10-08 12:53:02 --> PatientAuthFilter: isLoggedIn=1, roleId=10
DEBUG - 2025-10-08 12:53:02 --> Session: Class initialized using 'CodeIgniter\Session\Handlers\FileHandler' driver.
DEBUG - 2025-10-08 12:53:02 --> PatientAuthFilter: isLoggedIn=1, roleId=10
DEBUG - 2025-10-08 12:53:02 --> Session: Class initialized using 'CodeIgniter\Session\Handlers\FileHandler' driver.
DEBUG - 2025-10-08 12:53:02 --> PatientAuthFilter: isLoggedIn=1, roleId=10
DEBUG - 2025-10-08 12:53:02 --> Session: Class initialized using 'CodeIgniter\Session\Handlers\FileHandler' driver.
DEBUG - 2025-10-08 12:53:02 --> PatientAuthFilter: isLoggedIn=1, roleId=10
DEBUG - 2025-10-08 12:53:03 --> Session: Class initialized using 'CodeIgniter\Session\Handlers\FileHandler' driver.
DEBUG - 2025-10-08 12:53:03 --> PatientAuthFilter: isLoggedIn=1, roleId=10
DEBUG - 2025-10-08 12:53:03 --> Session: Class initialized using 'CodeIgniter\Session\Handlers\FileHandler' driver.
DEBUG - 2025-10-08 12:53:03 --> PatientAuthFilter: isLoggedIn=1, roleId=10
DEBUG - 2025-10-08 12:53:03 --> Session: Class initialized using 'CodeIgniter\Session\Handlers\FileHandler' driver.
DEBUG - 2025-10-08 12:53:03 --> PatientAuthFilter: isLoggedIn=1, roleId=10
DEBUG - 2025-10-08 12:53:04 --> Session: Class initialized using 'CodeIgniter\Session\Handlers\FileHandler' driver.
DEBUG - 2025-10-08 12:53:04 --> PatientAuthFilter: isLoggedIn=1, roleId=10
DEBUG - 2025-10-08 12:53:04 --> Session: Class initialized using 'CodeIgniter\Session\Handlers\FileHandler' driver.
DEBUG - 2025-10-08 12:53:04 --> PatientAuthFilter: isLoggedIn=1, roleId=10
DEBUG - 2025-10-08 12:53:04 --> Session: Class initialized using 'CodeIgniter\Session\Handlers\FileHandler' driver.
DEBUG - 2025-10-08 12:53:04 --> PatientAuthFilter: isLoggedIn=1, roleId=10
DEBUG - 2025-10-08 12:53:04 --> Session: Class initialized using 'CodeIgniter\Session\Handlers\FileHandler' driver.
DEBUG - 2025-10-08 12:53:04 --> PatientAuthFilter: isLoggedIn=1, roleId=10
DEBUG - 2025-10-08 12:53:04 --> Session: Class initialized using 'CodeIgniter\Session\Handlers\FileHandler' driver.
DEBUG - 2025-10-08 12:53:04 --> PatientAuthFilter: isLoggedIn=1, roleId=10
DEBUG - 2025-10-08 12:53:04 --> Session: Class initialized using 'CodeIgniter\Session\Handlers\FileHandler' driver.
DEBUG - 2025-10-08 12:53:04 --> PatientAuthFilter: isLoggedIn=1, roleId=10
DEBUG - 2025-10-08 12:53:05 --> Session: Class initialized using 'CodeIgniter\Session\Handlers\FileHandler' driver.
DEBUG - 2025-10-08 12:53:05 --> PatientAuthFilter: isLoggedIn=1, roleId=10
DEBUG - 2025-10-08 12:53:05 --> Session: Class initialized using 'CodeIgniter\Session\Handlers\FileHandler' driver.
DEBUG - 2025-10-08 12:53:05 --> PatientAuthFilter: isLoggedIn=1, roleId=10
DEBUG - 2025-10-08 12:53:05 --> Session: Class initialized using 'CodeIgniter\Session\Handlers\FileHandler' driver.
DEBUG - 2025-10-08 12:53:05 --> PatientAuthFilter: isLoggedIn=1, roleId=10
DEBUG - 2025-10-08 12:53:05 --> Session: Class initialized using 'CodeIgniter\Session\Handlers\FileHandler' driver.
DEBUG - 2025-10-08 12:53:05 --> PatientAuthFilter: isLoggedIn=1, roleId=10
DEBUG - 2025-10-08 12:53:05 --> Session: Class initialized using 'CodeIgniter\Session\Handlers\FileHandler' driver.
DEBUG - 2025-10-08 12:53:05 --> PatientAuthFilter: isLoggedIn=1, roleId=10
DEBUG - 2025-10-08 12:53:05 --> Session: Class initialized using 'CodeIgniter\Session\Handlers\FileHandler' driver.
DEBUG - 2025-10-08 12:53:05 --> PatientAuthFilter: isLoggedIn=1, roleId=10
DEBUG - 2025-10-08 12:53:05 --> Session: Class initialized using 'CodeIgniter\Session\Handlers\FileHandler' driver.
DEBUG - 2025-10-08 12:53:05 --> PatientAuthFilter: isLoggedIn=1, roleId=10
DEBUG - 2025-10-08 12:53:05 --> Session: Class initialized using 'CodeIgniter\Session\Handlers\FileHandler' driver.
DEBUG - 2025-10-08 12:53:05 --> PatientAuthFilter: isLoggedIn=1, roleId=10
DEBUG - 2025-10-08 12:53:05 --> Session: Class initialized using 'CodeIgniter\Session\Handlers\FileHandler' driver.
DEBUG - 2025-10-08 12:53:05 --> PatientAuthFilter: isLoggedIn=1, roleId=10
DEBUG - 2025-10-08 12:53:06 --> Session: Class initialized using 'CodeIgniter\Session\Handlers\FileHandler' driver.
DEBUG - 2025-10-08 12:53:06 --> PatientAuthFilter: isLoggedIn=1, roleId=10
DEBUG - 2025-10-08 12:53:06 --> Session: Class initialized using 'CodeIgniter\Session\Handlers\FileHandler' driver.
DEBUG - 2025-10-08 12:53:06 --> PatientAuthFilter: isLoggedIn=1, roleId=10
DEBUG - 2025-10-08 12:53:06 --> Session: Class initialized using 'CodeIgniter\Session\Handlers\FileHandler' driver.
DEBUG - 2025-10-08 12:53:06 --> PatientAuthFilter: isLoggedIn=1, roleId=10
DEBUG - 2025-10-08 12:53:06 --> Session: Class initialized using 'CodeIgniter\Session\Handlers\FileHandler' driver.
DEBUG - 2025-10-08 12:53:06 --> PatientAuthFilter: isLoggedIn=1, roleId=10
DEBUG - 2025-10-08 12:53:06 --> Session: Class initialized using 'CodeIgniter\Session\Handlers\FileHandler' driver.
DEBUG - 2025-10-08 12:53:06 --> PatientAuthFilter: isLoggedIn=1, roleId=10
DEBUG - 2025-10-08 12:53:11 --> Session: Class initialized using 'CodeIgniter\Session\Handlers\FileHandler' driver.
DEBUG - 2025-10-08 12:53:11 --> PatientAuthFilter: isLoggedIn=1, roleId=10
DEBUG - 2025-10-08 12:53:11 --> Session: Class initialized using 'CodeIgniter\Session\Handlers\FileHandler' driver.
DEBUG - 2025-10-08 12:53:11 --> PatientAuthFilter: isLoggedIn=1, roleId=10
DEBUG - 2025-10-08 12:53:11 --> Session: Class initialized using 'CodeIgniter\Session\Handlers\FileHandler' driver.
DEBUG - 2025-10-08 12:53:11 --> PatientAuthFilter: isLoggedIn=1, roleId=10
DEBUG - 2025-10-08 12:53:11 --> Session: Class initialized using 'CodeIgniter\Session\Handlers\FileHandler' driver.
DEBUG - 2025-10-08 12:53:11 --> PatientAuthFilter: isLoggedIn=1, roleId=10
DEBUG - 2025-10-08 12:53:12 --> Session: Class initialized using 'CodeIgniter\Session\Handlers\FileHandler' driver.
DEBUG - 2025-10-08 12:53:12 --> PatientAuthFilter: isLoggedIn=1, roleId=10
DEBUG - 2025-10-08 12:53:12 --> Session: Class initialized using 'CodeIgniter\Session\Handlers\FileHandler' driver.
DEBUG - 2025-10-08 12:53:12 --> PatientAuthFilter: isLoggedIn=1, roleId=10
DEBUG - 2025-10-08 12:53:12 --> Session: Class initialized using 'CodeIgniter\Session\Handlers\FileHandler' driver.
DEBUG - 2025-10-08 12:53:12 --> PatientAuthFilter: isLoggedIn=1, roleId=10
DEBUG - 2025-10-08 12:53:12 --> Session: Class initialized using 'CodeIgniter\Session\Handlers\FileHandler' driver.
DEBUG - 2025-10-08 12:53:12 --> PatientAuthFilter: isLoggedIn=1, roleId=10
DEBUG - 2025-10-08 12:53:12 --> Session: Class initialized using 'CodeIgniter\Session\Handlers\FileHandler' driver.
DEBUG - 2025-10-08 12:53:12 --> PatientAuthFilter: isLoggedIn=1, roleId=10
DEBUG - 2025-10-08 12:53:12 --> Session: Class initialized using 'CodeIgniter\Session\Handlers\FileHandler' driver.
DEBUG - 2025-10-08 12:53:12 --> PatientAuthFilter: isLoggedIn=1, roleId=10
DEBUG - 2025-10-08 12:53:12 --> Session: Class initialized using 'CodeIgniter\Session\Handlers\FileHandler' driver.
DEBUG - 2025-10-08 12:53:12 --> PatientAuthFilter: isLoggedIn=1, roleId=10
DEBUG - 2025-10-08 12:53:12 --> Session: Class initialized using 'CodeIgniter\Session\Handlers\FileHandler' driver.
DEBUG - 2025-10-08 12:53:12 --> PatientAuthFilter: isLoggedIn=1, roleId=10
DEBUG - 2025-10-08 12:53:12 --> Session: Class initialized using 'CodeIgniter\Session\Handlers\FileHandler' driver.
DEBUG - 2025-10-08 12:53:12 --> PatientAuthFilter: isLoggedIn=1, roleId=10
DEBUG - 2025-10-08 12:53:12 --> Session: Class initialized using 'CodeIgniter\Session\Handlers\FileHandler' driver.
DEBUG - 2025-10-08 12:53:12 --> PatientAuthFilter: isLoggedIn=1, roleId=10
DEBUG - 2025-10-08 12:53:13 --> Session: Class initialized using 'CodeIgniter\Session\Handlers\FileHandler' driver.
DEBUG - 2025-10-08 12:53:13 --> PatientAuthFilter: isLoggedIn=1, roleId=10
DEBUG - 2025-10-08 12:53:13 --> Session: Class initialized using 'CodeIgniter\Session\Handlers\FileHandler' driver.
DEBUG - 2025-10-08 12:53:13 --> PatientAuthFilter: isLoggedIn=1, roleId=10
DEBUG - 2025-10-08 12:53:13 --> Session: Class initialized using 'CodeIgniter\Session\Handlers\FileHandler' driver.
DEBUG - 2025-10-08 12:53:13 --> PatientAuthFilter: isLoggedIn=1, roleId=10
DEBUG - 2025-10-08 12:53:13 --> Session: Class initialized using 'CodeIgniter\Session\Handlers\FileHandler' driver.
DEBUG - 2025-10-08 12:53:13 --> PatientAuthFilter: isLoggedIn=1, roleId=10
DEBUG - 2025-10-08 12:53:13 --> Session: Class initialized using 'CodeIgniter\Session\Handlers\FileHandler' driver.
DEBUG - 2025-10-08 12:53:13 --> PatientAuthFilter: isLoggedIn=1, roleId=10
DEBUG - 2025-10-08 12:53:13 --> Session: Class initialized using 'CodeIgniter\Session\Handlers\FileHandler' driver.
DEBUG - 2025-10-08 12:53:13 --> PatientAuthFilter: isLoggedIn=1, roleId=10
DEBUG - 2025-10-08 12:53:43 --> Session: Class initialized using 'CodeIgniter\Session\Handlers\FileHandler' driver.
DEBUG - 2025-10-08 12:53:43 --> PatientAuthFilter: isLoggedIn=1, roleId=10
DEBUG - 2025-10-08 12:53:43 --> Session: Class initialized using 'CodeIgniter\Session\Handlers\FileHandler' driver.
DEBUG - 2025-10-08 12:53:43 --> PatientAuthFilter: isLoggedIn=1, roleId=10
DEBUG - 2025-10-08 12:53:43 --> Session: Class initialized using 'CodeIgniter\Session\Handlers\FileHandler' driver.
DEBUG - 2025-10-08 12:53:43 --> PatientAuthFilter: isLoggedIn=1, roleId=10
DEBUG - 2025-10-08 12:53:44 --> Session: Class initialized using 'CodeIgniter\Session\Handlers\FileHandler' driver.
DEBUG - 2025-10-08 12:53:44 --> PatientAuthFilter: isLoggedIn=1, roleId=10
DEBUG - 2025-10-08 12:53:44 --> Session: Class initialized using 'CodeIgniter\Session\Handlers\FileHandler' driver.
DEBUG - 2025-10-08 12:53:44 --> PatientAuthFilter: isLoggedIn=1, roleId=10
DEBUG - 2025-10-08 12:53:44 --> Session: Class initialized using 'CodeIgniter\Session\Handlers\FileHandler' driver.
DEBUG - 2025-10-08 12:53:44 --> PatientAuthFilter: isLoggedIn=1, roleId=10
DEBUG - 2025-10-08 12:53:44 --> Session: Class initialized using 'CodeIgniter\Session\Handlers\FileHandler' driver.
DEBUG - 2025-10-08 12:53:44 --> PatientAuthFilter: isLoggedIn=1, roleId=10
DEBUG - 2025-10-08 12:53:44 --> Session: Class initialized using 'CodeIgniter\Session\Handlers\FileHandler' driver.
DEBUG - 2025-10-08 12:53:44 --> PatientAuthFilter: isLoggedIn=1, roleId=10
DEBUG - 2025-10-08 12:53:44 --> Session: Class initialized using 'CodeIgniter\Session\Handlers\FileHandler' driver.
DEBUG - 2025-10-08 12:53:44 --> PatientAuthFilter: isLoggedIn=1, roleId=10
DEBUG - 2025-10-08 12:53:44 --> Session: Class initialized using 'CodeIgniter\Session\Handlers\FileHandler' driver.
DEBUG - 2025-10-08 12:53:44 --> PatientAuthFilter: isLoggedIn=1, roleId=10
DEBUG - 2025-10-08 12:53:44 --> Session: Class initialized using 'CodeIgniter\Session\Handlers\FileHandler' driver.
DEBUG - 2025-10-08 12:53:44 --> PatientAuthFilter: isLoggedIn=1, roleId=10
DEBUG - 2025-10-08 12:53:45 --> Session: Class initialized using 'CodeIgniter\Session\Handlers\FileHandler' driver.
DEBUG - 2025-10-08 12:53:45 --> PatientAuthFilter: isLoggedIn=1, roleId=10
DEBUG - 2025-10-08 12:53:45 --> Session: Class initialized using 'CodeIgniter\Session\Handlers\FileHandler' driver.
DEBUG - 2025-10-08 12:53:45 --> PatientAuthFilter: isLoggedIn=1, roleId=10
DEBUG - 2025-10-08 12:53:45 --> Session: Class initialized using 'CodeIgniter\Session\Handlers\FileHandler' driver.
DEBUG - 2025-10-08 12:53:45 --> PatientAuthFilter: isLoggedIn=1, roleId=10
DEBUG - 2025-10-08 12:53:45 --> Session: Class initialized using 'CodeIgniter\Session\Handlers\FileHandler' driver.
DEBUG - 2025-10-08 12:53:45 --> PatientAuthFilter: isLoggedIn=1, roleId=10
DEBUG - 2025-10-08 12:53:45 --> Session: Class initialized using 'CodeIgniter\Session\Handlers\FileHandler' driver.
DEBUG - 2025-10-08 12:53:45 --> Session: Class initialized using 'CodeIgniter\Session\Handlers\FileHandler' driver.
DEBUG - 2025-10-08 12:53:45 --> PatientAuthFilter: isLoggedIn=1, roleId=10
DEBUG - 2025-10-08 12:53:45 --> Session: Class initialized using 'CodeIgniter\Session\Handlers\FileHandler' driver.
DEBUG - 2025-10-08 12:53:45 --> PatientAuthFilter: isLoggedIn=1, roleId=10
DEBUG - 2025-10-08 12:53:45 --> Session: Class initialized using 'CodeIgniter\Session\Handlers\FileHandler' driver.
DEBUG - 2025-10-08 12:53:45 --> PatientAuthFilter: isLoggedIn=1, roleId=10
DEBUG - 2025-10-08 12:53:45 --> Session: Class initialized using 'CodeIgniter\Session\Handlers\FileHandler' driver.
DEBUG - 2025-10-08 12:53:45 --> PatientAuthFilter: isLoggedIn=1, roleId=10
DEBUG - 2025-10-08 12:53:46 --> Session: Class initialized using 'CodeIgniter\Session\Handlers\FileHandler' driver.
DEBUG - 2025-10-08 12:53:46 --> PatientAuthFilter: isLoggedIn=1, roleId=10
DEBUG - 2025-10-08 12:53:51 --> Session: Class initialized using 'CodeIgniter\Session\Handlers\FileHandler' driver.
CRITICAL - 2025-10-08 12:53:52 --> ParseError: syntax error, unexpected identifier " ", expecting "function" or "const"
[Method: GET, Route: patient-portal/login]
in APPPATH\Filters\PatientAuthFilter.php on line 11.
 1 SYSTEMPATH\Autoloader\Autoloader.php(295): CodeIgniter\Autoloader\Autoloader->includeFile('C:\\xampp\\htdocs\\hms_ram\\app\\Filters\\PatientAuthFilter.php')
 2 SYSTEMPATH\Autoloader\Autoloader.php(271): CodeIgniter\Autoloader\Autoloader->loadInNamespace('App\\Filters\\PatientAuthFilter')
 3 SYSTEMPATH\Filters\Filters.php(299): CodeIgniter\Autoloader\Autoloader->loadClass('App\\Filters\\PatientAuthFilter')
 4 SYSTEMPATH\Filters\Filters.php(239): CodeIgniter\Filters\Filters->createFilter('App\\Filters\\PatientAuthFilter')
 5 SYSTEMPATH\Filters\Filters.php(221): CodeIgniter\Filters\Filters->runBefore([...])
 6 SYSTEMPATH\CodeIgniter.php(479): CodeIgniter\Filters\Filters->run('patient-portal/login', 'before')
 7 SYSTEMPATH\CodeIgniter.php(354): CodeIgniter\CodeIgniter->handleRequest(null, Object(Config\Cache), false)
 8 SYSTEMPATH\Boot.php(334): CodeIgniter\CodeIgniter->run()
 9 SYSTEMPATH\Boot.php(67): CodeIgniter\Boot::runCodeIgniter(Object(CodeIgniter\CodeIgniter))
10 FCPATH\index.php(46): CodeIgniter\Boot::bootWeb(Object(Config\Paths))
DEBUG - 2025-10-08 12:54:01 --> Session: Class initialized using 'CodeIgniter\Session\Handlers\FileHandler' driver.
DEBUG - 2025-10-08 12:54:04 --> Session: Class initialized using 'CodeIgniter\Session\Handlers\FileHandler' driver.
DEBUG - 2025-10-08 12:54:04 --> PatientAuthFilter: isLoggedIn=1, roleId=10
DEBUG - 2025-10-08 12:54:04 --> Session: Class initialized using 'CodeIgniter\Session\Handlers\FileHandler' driver.
DEBUG - 2025-10-08 12:54:04 --> PatientAuthFilter: isLoggedIn=1, roleId=10
DEBUG - 2025-10-08 12:54:04 --> Session: Class initialized using 'CodeIgniter\Session\Handlers\FileHandler' driver.
DEBUG - 2025-10-08 12:54:04 --> PatientAuthFilter: isLoggedIn=1, roleId=10
DEBUG - 2025-10-08 12:54:04 --> Session: Class initialized using 'CodeIgniter\Session\Handlers\FileHandler' driver.
DEBUG - 2025-10-08 12:54:04 --> PatientAuthFilter: isLoggedIn=1, roleId=10
DEBUG - 2025-10-08 12:54:05 --> Session: Class initialized using 'CodeIgniter\Session\Handlers\FileHandler' driver.
DEBUG - 2025-10-08 12:54:05 --> PatientAuthFilter: isLoggedIn=1, roleId=10
DEBUG - 2025-10-08 12:54:05 --> Session: Class initialized using 'CodeIgniter\Session\Handlers\FileHandler' driver.
DEBUG - 2025-10-08 12:54:05 --> PatientAuthFilter: isLoggedIn=1, roleId=10
DEBUG - 2025-10-08 12:54:05 --> Session: Class initialized using 'CodeIgniter\Session\Handlers\FileHandler' driver.
DEBUG - 2025-10-08 12:54:05 --> PatientAuthFilter: isLoggedIn=1, roleId=10
DEBUG - 2025-10-08 12:54:05 --> Session: Class initialized using 'CodeIgniter\Session\Handlers\FileHandler' driver.
DEBUG - 2025-10-08 12:54:05 --> PatientAuthFilter: isLoggedIn=1, roleId=10
DEBUG - 2025-10-08 12:54:05 --> Session: Class initialized using 'CodeIgniter\Session\Handlers\FileHandler' driver.
DEBUG - 2025-10-08 12:54:05 --> PatientAuthFilter: isLoggedIn=1, roleId=10
DEBUG - 2025-10-08 12:54:05 --> Session: Class initialized using 'CodeIgniter\Session\Handlers\FileHandler' driver.
DEBUG - 2025-10-08 12:54:05 --> PatientAuthFilter: isLoggedIn=1, roleId=10
DEBUG - 2025-10-08 12:54:05 --> Session: Class initialized using 'CodeIgniter\Session\Handlers\FileHandler' driver.
DEBUG - 2025-10-08 12:54:05 --> PatientAuthFilter: isLoggedIn=1, roleId=10
DEBUG - 2025-10-08 12:54:05 --> Session: Class initialized using 'CodeIgniter\Session\Handlers\FileHandler' driver.
DEBUG - 2025-10-08 12:54:05 --> PatientAuthFilter: isLoggedIn=1, roleId=10
DEBUG - 2025-10-08 12:54:05 --> Session: Class initialized using 'CodeIgniter\Session\Handlers\FileHandler' driver.
DEBUG - 2025-10-08 12:54:05 --> PatientAuthFilter: isLoggedIn=1, roleId=10
DEBUG - 2025-10-08 12:54:05 --> Session: Class initialized using 'CodeIgniter\Session\Handlers\FileHandler' driver.
DEBUG - 2025-10-08 12:54:05 --> PatientAuthFilter: isLoggedIn=1, roleId=10
DEBUG - 2025-10-08 12:54:05 --> Session: Class initialized using 'CodeIgniter\Session\Handlers\FileHandler' driver.
DEBUG - 2025-10-08 12:54:05 --> PatientAuthFilter: isLoggedIn=1, roleId=10
DEBUG - 2025-10-08 12:54:06 --> Session: Class initialized using 'CodeIgniter\Session\Handlers\FileHandler' driver.
DEBUG - 2025-10-08 12:54:06 --> PatientAuthFilter: isLoggedIn=1, roleId=10
DEBUG - 2025-10-08 12:54:06 --> Session: Class initialized using 'CodeIgniter\Session\Handlers\FileHandler' driver.
DEBUG - 2025-10-08 12:54:06 --> PatientAuthFilter: isLoggedIn=1, roleId=10
DEBUG - 2025-10-08 12:54:06 --> Session: Class initialized using 'CodeIgniter\Session\Handlers\FileHandler' driver.
DEBUG - 2025-10-08 12:54:06 --> PatientAuthFilter: isLoggedIn=1, roleId=10
DEBUG - 2025-10-08 12:54:06 --> Session: Class initialized using 'CodeIgniter\Session\Handlers\FileHandler' driver.
DEBUG - 2025-10-08 12:54:06 --> PatientAuthFilter: isLoggedIn=1, roleId=10
DEBUG - 2025-10-08 12:54:06 --> Session: Class initialized using 'CodeIgniter\Session\Handlers\FileHandler' driver.
DEBUG - 2025-10-08 12:54:06 --> PatientAuthFilter: isLoggedIn=1, roleId=10
DEBUG - 2025-10-08 12:54:07 --> Session: Class initialized using 'CodeIgniter\Session\Handlers\FileHandler' driver.
DEBUG - 2025-10-08 12:54:07 --> PatientAuthFilter: isLoggedIn=1, roleId=10
DEBUG - 2025-10-08 12:54:07 --> Session: Class initialized using 'CodeIgniter\Session\Handlers\FileHandler' driver.
DEBUG - 2025-10-08 12:54:07 --> PatientAuthFilter: isLoggedIn=1, roleId=10
DEBUG - 2025-10-08 12:54:07 --> Session: Class initialized using 'CodeIgniter\Session\Handlers\FileHandler' driver.
DEBUG - 2025-10-08 12:54:07 --> PatientAuthFilter: isLoggedIn=1, roleId=10
DEBUG - 2025-10-08 12:54:07 --> Session: Class initialized using 'CodeIgniter\Session\Handlers\FileHandler' driver.
DEBUG - 2025-10-08 12:54:07 --> PatientAuthFilter: isLoggedIn=1, roleId=10
DEBUG - 2025-10-08 12:54:08 --> Session: Class initialized using 'CodeIgniter\Session\Handlers\FileHandler' driver.
DEBUG - 2025-10-08 12:54:08 --> PatientAuthFilter: isLoggedIn=1, roleId=10
DEBUG - 2025-10-08 12:54:08 --> Session: Class initialized using 'CodeIgniter\Session\Handlers\FileHandler' driver.
DEBUG - 2025-10-08 12:54:08 --> PatientAuthFilter: isLoggedIn=1, roleId=10
DEBUG - 2025-10-08 12:54:08 --> Session: Class initialized using 'CodeIgniter\Session\Handlers\FileHandler' driver.
DEBUG - 2025-10-08 12:54:08 --> PatientAuthFilter: isLoggedIn=1, roleId=10
DEBUG - 2025-10-08 12:54:08 --> Session: Class initialized using 'CodeIgniter\Session\Handlers\FileHandler' driver.
DEBUG - 2025-10-08 12:54:08 --> PatientAuthFilter: isLoggedIn=1, roleId=10
DEBUG - 2025-10-08 12:54:08 --> Session: Class initialized using 'CodeIgniter\Session\Handlers\FileHandler' driver.
DEBUG - 2025-10-08 12:54:08 --> PatientAuthFilter: isLoggedIn=1, roleId=10
DEBUG - 2025-10-08 12:54:08 --> Session: Class initialized using 'CodeIgniter\Session\Handlers\FileHandler' driver.
DEBUG - 2025-10-08 12:54:08 --> PatientAuthFilter: isLoggedIn=1, roleId=10
DEBUG - 2025-10-08 12:54:08 --> Session: Class initialized using 'CodeIgniter\Session\Handlers\FileHandler' driver.
DEBUG - 2025-10-08 12:54:08 --> PatientAuthFilter: isLoggedIn=1, roleId=10
DEBUG - 2025-10-08 12:54:08 --> Session: Class initialized using 'CodeIgniter\Session\Handlers\FileHandler' driver.
DEBUG - 2025-10-08 12:54:08 --> PatientAuthFilter: isLoggedIn=1, roleId=10
DEBUG - 2025-10-08 12:54:08 --> Session: Class initialized using 'CodeIgniter\Session\Handlers\FileHandler' driver.
DEBUG - 2025-10-08 12:54:08 --> PatientAuthFilter: isLoggedIn=1, roleId=10
DEBUG - 2025-10-08 12:54:09 --> Session: Class initialized using 'CodeIgniter\Session\Handlers\FileHandler' driver.
DEBUG - 2025-10-08 12:54:09 --> PatientAuthFilter: isLoggedIn=1, roleId=10
DEBUG - 2025-10-08 12:54:09 --> Session: Class initialized using 'CodeIgniter\Session\Handlers\FileHandler' driver.
DEBUG - 2025-10-08 12:54:09 --> PatientAuthFilter: isLoggedIn=1, roleId=10
DEBUG - 2025-10-08 12:54:09 --> Session: Class initialized using 'CodeIgniter\Session\Handlers\FileHandler' driver.
DEBUG - 2025-10-08 12:54:09 --> PatientAuthFilter: isLoggedIn=1, roleId=10
DEBUG - 2025-10-08 12:54:09 --> Session: Class initialized using 'CodeIgniter\Session\Handlers\FileHandler' driver.
DEBUG - 2025-10-08 12:54:09 --> PatientAuthFilter: isLoggedIn=1, roleId=10
DEBUG - 2025-10-08 12:54:09 --> Session: Class initialized using 'CodeIgniter\Session\Handlers\FileHandler' driver.
DEBUG - 2025-10-08 12:54:09 --> PatientAuthFilter: isLoggedIn=1, roleId=10
DEBUG - 2025-10-08 12:54:09 --> Session: Class initialized using 'CodeIgniter\Session\Handlers\FileHandler' driver.
DEBUG - 2025-10-08 12:54:09 --> PatientAuthFilter: isLoggedIn=1, roleId=10
DEBUG - 2025-10-08 12:54:09 --> Session: Class initialized using 'CodeIgniter\Session\Handlers\FileHandler' driver.
DEBUG - 2025-10-08 12:54:09 --> PatientAuthFilter: isLoggedIn=1, roleId=10
DEBUG - 2025-10-08 12:54:14 --> Session: Class initialized using 'CodeIgniter\Session\Handlers\FileHandler' driver.
DEBUG - 2025-10-08 12:54:14 --> PatientAuthFilter: isLoggedIn=1, roleId=10
DEBUG - 2025-10-08 12:54:14 --> Session: Class initialized using 'CodeIgniter\Session\Handlers\FileHandler' driver.
DEBUG - 2025-10-08 12:54:14 --> PatientAuthFilter: isLoggedIn=1, roleId=10
DEBUG - 2025-10-08 12:54:15 --> Session: Class initialized using 'CodeIgniter\Session\Handlers\FileHandler' driver.
DEBUG - 2025-10-08 12:54:15 --> PatientAuthFilter: isLoggedIn=1, roleId=10
DEBUG - 2025-10-08 12:54:15 --> Session: Class initialized using 'CodeIgniter\Session\Handlers\FileHandler' driver.
DEBUG - 2025-10-08 12:54:15 --> PatientAuthFilter: isLoggedIn=1, roleId=10
DEBUG - 2025-10-08 12:54:15 --> Session: Class initialized using 'CodeIgniter\Session\Handlers\FileHandler' driver.
DEBUG - 2025-10-08 12:54:15 --> PatientAuthFilter: isLoggedIn=1, roleId=10
DEBUG - 2025-10-08 12:54:15 --> Session: Class initialized using 'CodeIgniter\Session\Handlers\FileHandler' driver.
DEBUG - 2025-10-08 12:54:15 --> PatientAuthFilter: isLoggedIn=1, roleId=10
DEBUG - 2025-10-08 12:54:15 --> Session: Class initialized using 'CodeIgniter\Session\Handlers\FileHandler' driver.
DEBUG - 2025-10-08 12:54:15 --> PatientAuthFilter: isLoggedIn=1, roleId=10
DEBUG - 2025-10-08 12:54:15 --> Session: Class initialized using 'CodeIgniter\Session\Handlers\FileHandler' driver.
DEBUG - 2025-10-08 12:54:15 --> PatientAuthFilter: isLoggedIn=1, roleId=10
DEBUG - 2025-10-08 12:54:15 --> Session: Class initialized using 'CodeIgniter\Session\Handlers\FileHandler' driver.
DEBUG - 2025-10-08 12:54:15 --> PatientAuthFilter: isLoggedIn=1, roleId=10
DEBUG - 2025-10-08 12:54:15 --> Session: Class initialized using 'CodeIgniter\Session\Handlers\FileHandler' driver.
DEBUG - 2025-10-08 12:54:15 --> PatientAuthFilter: isLoggedIn=1, roleId=10
DEBUG - 2025-10-08 12:54:15 --> Session: Class initialized using 'CodeIgniter\Session\Handlers\FileHandler' driver.
DEBUG - 2025-10-08 12:54:15 --> PatientAuthFilter: isLoggedIn=1, roleId=10
DEBUG - 2025-10-08 12:54:15 --> Session: Class initialized using 'CodeIgniter\Session\Handlers\FileHandler' driver.
DEBUG - 2025-10-08 12:54:15 --> PatientAuthFilter: isLoggedIn=1, roleId=10
DEBUG - 2025-10-08 12:54:16 --> Session: Class initialized using 'CodeIgniter\Session\Handlers\FileHandler' driver.
DEBUG - 2025-10-08 12:54:16 --> PatientAuthFilter: isLoggedIn=1, roleId=10
DEBUG - 2025-10-08 12:54:16 --> Session: Class initialized using 'CodeIgniter\Session\Handlers\FileHandler' driver.
DEBUG - 2025-10-08 12:54:16 --> PatientAuthFilter: isLoggedIn=1, roleId=10
DEBUG - 2025-10-08 12:54:16 --> Session: Class initialized using 'CodeIgniter\Session\Handlers\FileHandler' driver.
DEBUG - 2025-10-08 12:54:16 --> PatientAuthFilter: isLoggedIn=1, roleId=10
DEBUG - 2025-10-08 12:54:16 --> Session: Class initialized using 'CodeIgniter\Session\Handlers\FileHandler' driver.
DEBUG - 2025-10-08 12:54:16 --> PatientAuthFilter: isLoggedIn=1, roleId=10
DEBUG - 2025-10-08 12:54:16 --> Session: Class initialized using 'CodeIgniter\Session\Handlers\FileHandler' driver.
DEBUG - 2025-10-08 12:54:16 --> PatientAuthFilter: isLoggedIn=1, roleId=10
DEBUG - 2025-10-08 12:54:16 --> Session: Class initialized using 'CodeIgniter\Session\Handlers\FileHandler' driver.
DEBUG - 2025-10-08 12:54:16 --> PatientAuthFilter: isLoggedIn=1, roleId=10
DEBUG - 2025-10-08 12:54:16 --> Session: Class initialized using 'CodeIgniter\Session\Handlers\FileHandler' driver.
DEBUG - 2025-10-08 12:54:16 --> PatientAuthFilter: isLoggedIn=1, roleId=10
DEBUG - 2025-10-08 12:54:16 --> Session: Class initialized using 'CodeIgniter\Session\Handlers\FileHandler' driver.
DEBUG - 2025-10-08 12:54:16 --> PatientAuthFilter: isLoggedIn=1, roleId=10
DEBUG - 2025-10-08 12:54:46 --> Session: Class initialized using 'CodeIgniter\Session\Handlers\FileHandler' driver.
DEBUG - 2025-10-08 12:54:46 --> PatientAuthFilter: isLoggedIn=1, roleId=10
DEBUG - 2025-10-08 12:54:46 --> Session: Class initialized using 'CodeIgniter\Session\Handlers\FileHandler' driver.
DEBUG - 2025-10-08 12:54:46 --> PatientAuthFilter: isLoggedIn=1, roleId=10
DEBUG - 2025-10-08 12:54:47 --> Session: Class initialized using 'CodeIgniter\Session\Handlers\FileHandler' driver.
DEBUG - 2025-10-08 12:54:47 --> PatientAuthFilter: isLoggedIn=1, roleId=10
DEBUG - 2025-10-08 12:54:47 --> Session: Class initialized using 'CodeIgniter\Session\Handlers\FileHandler' driver.
DEBUG - 2025-10-08 12:54:47 --> PatientAuthFilter: isLoggedIn=1, roleId=10
DEBUG - 2025-10-08 12:54:47 --> Session: Class initialized using 'CodeIgniter\Session\Handlers\FileHandler' driver.
DEBUG - 2025-10-08 12:54:47 --> PatientAuthFilter: isLoggedIn=1, roleId=10
DEBUG - 2025-10-08 12:54:47 --> Session: Class initialized using 'CodeIgniter\Session\Handlers\FileHandler' driver.
DEBUG - 2025-10-08 12:54:47 --> PatientAuthFilter: isLoggedIn=1, roleId=10
DEBUG - 2025-10-08 12:54:47 --> Session: Class initialized using 'CodeIgniter\Session\Handlers\FileHandler' driver.
DEBUG - 2025-10-08 12:54:47 --> PatientAuthFilter: isLoggedIn=1, roleId=10
DEBUG - 2025-10-08 12:54:47 --> Session: Class initialized using 'CodeIgniter\Session\Handlers\FileHandler' driver.
DEBUG - 2025-10-08 12:54:47 --> PatientAuthFilter: isLoggedIn=1, roleId=10
DEBUG - 2025-10-08 12:54:47 --> Session: Class initialized using 'CodeIgniter\Session\Handlers\FileHandler' driver.
DEBUG - 2025-10-08 12:54:47 --> PatientAuthFilter: isLoggedIn=1, roleId=10
DEBUG - 2025-10-08 12:54:47 --> Session: Class initialized using 'CodeIgniter\Session\Handlers\FileHandler' driver.
DEBUG - 2025-10-08 12:54:47 --> PatientAuthFilter: isLoggedIn=1, roleId=10
DEBUG - 2025-10-08 12:54:47 --> Session: Class initialized using 'CodeIgniter\Session\Handlers\FileHandler' driver.
DEBUG - 2025-10-08 12:54:47 --> PatientAuthFilter: isLoggedIn=1, roleId=10
DEBUG - 2025-10-08 12:54:47 --> Session: Class initialized using 'CodeIgniter\Session\Handlers\FileHandler' driver.
DEBUG - 2025-10-08 12:54:47 --> PatientAuthFilter: isLoggedIn=1, roleId=10
DEBUG - 2025-10-08 12:54:48 --> Session: Class initialized using 'CodeIgniter\Session\Handlers\FileHandler' driver.
DEBUG - 2025-10-08 12:54:48 --> PatientAuthFilter: isLoggedIn=1, roleId=10
DEBUG - 2025-10-08 12:54:48 --> Session: Class initialized using 'CodeIgniter\Session\Handlers\FileHandler' driver.
DEBUG - 2025-10-08 12:54:48 --> PatientAuthFilter: isLoggedIn=1, roleId=10
DEBUG - 2025-10-08 12:54:48 --> Session: Class initialized using 'CodeIgniter\Session\Handlers\FileHandler' driver.
DEBUG - 2025-10-08 12:54:48 --> PatientAuthFilter: isLoggedIn=1, roleId=10
DEBUG - 2025-10-08 12:54:48 --> Session: Class initialized using 'CodeIgniter\Session\Handlers\FileHandler' driver.
DEBUG - 2025-10-08 12:54:48 --> PatientAuthFilter: isLoggedIn=1, roleId=10
DEBUG - 2025-10-08 12:54:48 --> Session: Class initialized using 'CodeIgniter\Session\Handlers\FileHandler' driver.
DEBUG - 2025-10-08 12:54:48 --> PatientAuthFilter: isLoggedIn=1, roleId=10
DEBUG - 2025-10-08 12:54:48 --> Session: Class initialized using 'CodeIgniter\Session\Handlers\FileHandler' driver.
DEBUG - 2025-10-08 12:54:48 --> PatientAuthFilter: isLoggedIn=1, roleId=10
DEBUG - 2025-10-08 12:54:48 --> Session: Class initialized using 'CodeIgniter\Session\Handlers\FileHandler' driver.
DEBUG - 2025-10-08 12:54:48 --> PatientAuthFilter: isLoggedIn=1, roleId=10
DEBUG - 2025-10-08 12:54:48 --> Session: Class initialized using 'CodeIgniter\Session\Handlers\FileHandler' driver.
DEBUG - 2025-10-08 12:54:48 --> PatientAuthFilter: isLoggedIn=1, roleId=10
DEBUG - 2025-10-08 12:55:48 --> Session: Class initialized using 'CodeIgniter\Session\Handlers\FileHandler' driver.
DEBUG - 2025-10-08 12:55:48 --> PatientAuthFilter: isLoggedIn=1, roleId=10
DEBUG - 2025-10-08 12:55:48 --> Session: Class initialized using 'CodeIgniter\Session\Handlers\FileHandler' driver.
DEBUG - 2025-10-08 12:55:48 --> PatientAuthFilter: isLoggedIn=1, roleId=10
DEBUG - 2025-10-08 12:55:49 --> Session: Class initialized using 'CodeIgniter\Session\Handlers\FileHandler' driver.
DEBUG - 2025-10-08 12:55:49 --> PatientAuthFilter: isLoggedIn=1, roleId=10
DEBUG - 2025-10-08 12:55:49 --> Session: Class initialized using 'CodeIgniter\Session\Handlers\FileHandler' driver.
DEBUG - 2025-10-08 12:55:49 --> PatientAuthFilter: isLoggedIn=1, roleId=10
DEBUG - 2025-10-08 12:55:49 --> Session: Class initialized using 'CodeIgniter\Session\Handlers\FileHandler' driver.
DEBUG - 2025-10-08 12:55:49 --> PatientAuthFilter: isLoggedIn=1, roleId=10
DEBUG - 2025-10-08 12:55:49 --> Session: Class initialized using 'CodeIgniter\Session\Handlers\FileHandler' driver.
DEBUG - 2025-10-08 12:55:49 --> PatientAuthFilter: isLoggedIn=1, roleId=10
DEBUG - 2025-10-08 12:55:49 --> Session: Class initialized using 'CodeIgniter\Session\Handlers\FileHandler' driver.
DEBUG - 2025-10-08 12:55:49 --> PatientAuthFilter: isLoggedIn=1, roleId=10
DEBUG - 2025-10-08 12:55:49 --> Session: Class initialized using 'CodeIgniter\Session\Handlers\FileHandler' driver.
DEBUG - 2025-10-08 12:55:49 --> PatientAuthFilter: isLoggedIn=1, roleId=10
DEBUG - 2025-10-08 12:55:49 --> Session: Class initialized using 'CodeIgniter\Session\Handlers\FileHandler' driver.
DEBUG - 2025-10-08 12:55:49 --> PatientAuthFilter: isLoggedIn=1, roleId=10
DEBUG - 2025-10-08 12:55:49 --> Session: Class initialized using 'CodeIgniter\Session\Handlers\FileHandler' driver.
DEBUG - 2025-10-08 12:55:49 --> PatientAuthFilter: isLoggedIn=1, roleId=10
DEBUG - 2025-10-08 12:55:49 --> Session: Class initialized using 'CodeIgniter\Session\Handlers\FileHandler' driver.
DEBUG - 2025-10-08 12:55:49 --> PatientAuthFilter: isLoggedIn=1, roleId=10
DEBUG - 2025-10-08 12:55:49 --> Session: Class initialized using 'CodeIgniter\Session\Handlers\FileHandler' driver.
DEBUG - 2025-10-08 12:55:49 --> PatientAuthFilter: isLoggedIn=1, roleId=10
DEBUG - 2025-10-08 12:55:50 --> Session: Class initialized using 'CodeIgniter\Session\Handlers\FileHandler' driver.
DEBUG - 2025-10-08 12:55:50 --> PatientAuthFilter: isLoggedIn=1, roleId=10
DEBUG - 2025-10-08 12:55:50 --> Session: Class initialized using 'CodeIgniter\Session\Handlers\FileHandler' driver.
DEBUG - 2025-10-08 12:55:50 --> PatientAuthFilter: isLoggedIn=1, roleId=10
DEBUG - 2025-10-08 12:55:50 --> Session: Class initialized using 'CodeIgniter\Session\Handlers\FileHandler' driver.
DEBUG - 2025-10-08 12:55:50 --> PatientAuthFilter: isLoggedIn=1, roleId=10
DEBUG - 2025-10-08 12:55:50 --> Session: Class initialized using 'CodeIgniter\Session\Handlers\FileHandler' driver.
DEBUG - 2025-10-08 12:55:50 --> PatientAuthFilter: isLoggedIn=1, roleId=10
DEBUG - 2025-10-08 12:55:50 --> Session: Class initialized using 'CodeIgniter\Session\Handlers\FileHandler' driver.
DEBUG - 2025-10-08 12:55:50 --> PatientAuthFilter: isLoggedIn=1, roleId=10
DEBUG - 2025-10-08 12:55:50 --> Session: Class initialized using 'CodeIgniter\Session\Handlers\FileHandler' driver.
DEBUG - 2025-10-08 12:55:50 --> PatientAuthFilter: isLoggedIn=1, roleId=10
DEBUG - 2025-10-08 12:55:50 --> Session: Class initialized using 'CodeIgniter\Session\Handlers\FileHandler' driver.
DEBUG - 2025-10-08 12:55:50 --> PatientAuthFilter: isLoggedIn=1, roleId=10
DEBUG - 2025-10-08 12:55:50 --> Session: Class initialized using 'CodeIgniter\Session\Handlers\FileHandler' driver.
DEBUG - 2025-10-08 12:55:50 --> PatientAuthFilter: isLoggedIn=1, roleId=10
DEBUG - 2025-10-08 13:00:23 --> Session: Class initialized using 'CodeIgniter\Session\Handlers\FileHandler' driver.
DEBUG - 2025-10-08 13:00:50 --> Session: Class initialized using 'CodeIgniter\Session\Handlers\FileHandler' driver.
DEBUG - 2025-10-08 13:00:50 --> PatientAuthFilter: isLoggedIn=1, roleId=10
DEBUG - 2025-10-08 13:00:51 --> Session: Class initialized using 'CodeIgniter\Session\Handlers\FileHandler' driver.
DEBUG - 2025-10-08 13:00:51 --> Session: Class initialized using 'CodeIgniter\Session\Handlers\FileHandler' driver.
DEBUG - 2025-10-08 13:00:51 --> PatientAuthFilter: isLoggedIn=1, roleId=10
DEBUG - 2025-10-08 13:00:51 --> Session: Class initialized using 'CodeIgniter\Session\Handlers\FileHandler' driver.
DEBUG - 2025-10-08 13:00:51 --> Session: Class initialized using 'CodeIgniter\Session\Handlers\FileHandler' driver.
DEBUG - 2025-10-08 13:00:51 --> PatientAuthFilter: isLoggedIn=1, roleId=10
DEBUG - 2025-10-08 13:00:51 --> Session: Class initialized using 'CodeIgniter\Session\Handlers\FileHandler' driver.
DEBUG - 2025-10-08 13:00:51 --> Session: Class initialized using 'CodeIgniter\Session\Handlers\FileHandler' driver.
DEBUG - 2025-10-08 13:00:51 --> PatientAuthFilter: isLoggedIn=1, roleId=10
DEBUG - 2025-10-08 13:00:52 --> Session: Class initialized using 'CodeIgniter\Session\Handlers\FileHandler' driver.
DEBUG - 2025-10-08 13:00:52 --> Session: Class initialized using 'CodeIgniter\Session\Handlers\FileHandler' driver.
DEBUG - 2025-10-08 13:00:52 --> PatientAuthFilter: isLoggedIn=1, roleId=10
DEBUG - 2025-10-08 13:00:52 --> Session: Class initialized using 'CodeIgniter\Session\Handlers\FileHandler' driver.
DEBUG - 2025-10-08 13:00:52 --> Session: Class initialized using 'CodeIgniter\Session\Handlers\FileHandler' driver.
DEBUG - 2025-10-08 13:00:52 --> PatientAuthFilter: isLoggedIn=1, roleId=10
DEBUG - 2025-10-08 13:00:52 --> Session: Class initialized using 'CodeIgniter\Session\Handlers\FileHandler' driver.
DEBUG - 2025-10-08 13:00:52 --> Session: Class initialized using 'CodeIgniter\Session\Handlers\FileHandler' driver.
DEBUG - 2025-10-08 13:00:53 --> PatientAuthFilter: isLoggedIn=1, roleId=10
DEBUG - 2025-10-08 13:00:53 --> Session: Class initialized using 'CodeIgniter\Session\Handlers\FileHandler' driver.
DEBUG - 2025-10-08 13:00:54 --> Session: Class initialized using 'CodeIgniter\Session\Handlers\FileHandler' driver.
DEBUG - 2025-10-08 13:00:54 --> PatientAuthFilter: isLoggedIn=1, roleId=10
DEBUG - 2025-10-08 13:00:56 --> Session: Class initialized using 'CodeIgniter\Session\Handlers\FileHandler' driver.
DEBUG - 2025-10-08 13:00:56 --> Session: Class initialized using 'CodeIgniter\Session\Handlers\FileHandler' driver.
DEBUG - 2025-10-08 13:00:56 --> PatientAuthFilter: isLoggedIn=1, roleId=10
DEBUG - 2025-10-08 13:00:56 --> Session: Class initialized using 'CodeIgniter\Session\Handlers\FileHandler' driver.
DEBUG - 2025-10-08 13:00:56 --> Session: Class initialized using 'CodeIgniter\Session\Handlers\FileHandler' driver.
DEBUG - 2025-10-08 13:00:56 --> PatientAuthFilter: isLoggedIn=1, roleId=10
DEBUG - 2025-10-08 13:00:56 --> Session: Class initialized using 'CodeIgniter\Session\Handlers\FileHandler' driver.
DEBUG - 2025-10-08 13:01:02 --> Session: Class initialized using 'CodeIgniter\Session\Handlers\FileHandler' driver.
DEBUG - 2025-10-08 13:01:11 --> Session: Class initialized using 'CodeIgniter\Session\Handlers\FileHandler' driver.
DEBUG - 2025-10-08 13:01:13 --> Session: Class initialized using 'CodeIgniter\Session\Handlers\FileHandler' driver.
DEBUG - 2025-10-08 13:01:19 --> Session: Class initialized using 'CodeIgniter\Session\Handlers\FileHandler' driver.
DEBUG - 2025-10-08 13:01:19 --> Login attempt for username/email: PAT-251007-00042
DEBUG - 2025-10-08 13:01:19 --> User found, verifying password for: PAT-251007-00042
DEBUG - 2025-10-08 13:01:19 --> Password matched. Setting session for: PAT-251007-00042
DEBUG - 2025-10-08 13:01:19 --> Session: Class initialized using 'CodeIgniter\Session\Handlers\FileHandler' driver.
DEBUG - 2025-10-08 13:01:19 --> PatientAuthFilter: isLoggedIn=1, roleId=10 (Running on Protected Route)
DEBUG - 2025-10-08 13:01:20 --> Session: Class initialized using 'CodeIgniter\Session\Handlers\FileHandler' driver.
DEBUG - 2025-10-08 13:01:20 --> Session: Class initialized using 'CodeIgniter\Session\Handlers\FileHandler' driver.
DEBUG - 2025-10-08 13:01:20 --> PatientAuthFilter: isLoggedIn=1, roleId=10 (Running on Protected Route)
DEBUG - 2025-10-08 13:01:20 --> Session: Class initialized using 'CodeIgniter\Session\Handlers\FileHandler' driver.
DEBUG - 2025-10-08 13:01:20 --> Session: Class initialized using 'CodeIgniter\Session\Handlers\FileHandler' driver.
DEBUG - 2025-10-08 13:01:20 --> PatientAuthFilter: isLoggedIn=1, roleId=10 (Running on Protected Route)
DEBUG - 2025-10-08 13:01:20 --> Session: Class initialized using 'CodeIgniter\Session\Handlers\FileHandler' driver.
DEBUG - 2025-10-08 13:01:20 --> Session: Class initialized using 'CodeIgniter\Session\Handlers\FileHandler' driver.
DEBUG - 2025-10-08 13:01:20 --> PatientAuthFilter: isLoggedIn=1, roleId=10 (Running on Protected Route)
DEBUG - 2025-10-08 13:01:20 --> Session: Class initialized using 'CodeIgniter\Session\Handlers\FileHandler' driver.
DEBUG - 2025-10-08 13:01:20 --> Session: Class initialized using 'CodeIgniter\Session\Handlers\FileHandler' driver.
DEBUG - 2025-10-08 13:01:20 --> PatientAuthFilter: isLoggedIn=1, roleId=10 (Running on Protected Route)
DEBUG - 2025-10-08 13:01:20 --> Session: Class initialized using 'CodeIgniter\Session\Handlers\FileHandler' driver.
DEBUG - 2025-10-08 13:01:21 --> Session: Class initialized using 'CodeIgniter\Session\Handlers\FileHandler' driver.
DEBUG - 2025-10-08 13:01:21 --> PatientAuthFilter: isLoggedIn=1, roleId=10 (Running on Protected Route)
DEBUG - 2025-10-08 13:01:21 --> Session: Class initialized using 'CodeIgniter\Session\Handlers\FileHandler' driver.
DEBUG - 2025-10-08 13:01:21 --> Session: Class initialized using 'CodeIgniter\Session\Handlers\FileHandler' driver.
DEBUG - 2025-10-08 13:01:21 --> PatientAuthFilter: isLoggedIn=1, roleId=10 (Running on Protected Route)
DEBUG - 2025-10-08 13:01:21 --> Session: Class initialized using 'CodeIgniter\Session\Handlers\FileHandler' driver.
DEBUG - 2025-10-08 13:01:21 --> Session: Class initialized using 'CodeIgniter\Session\Handlers\FileHandler' driver.
DEBUG - 2025-10-08 13:01:21 --> PatientAuthFilter: isLoggedIn=1, roleId=10 (Running on Protected Route)
DEBUG - 2025-10-08 13:01:21 --> Session: Class initialized using 'CodeIgniter\Session\Handlers\FileHandler' driver.
DEBUG - 2025-10-08 13:01:21 --> Session: Class initialized using 'CodeIgniter\Session\Handlers\FileHandler' driver.
DEBUG - 2025-10-08 13:01:21 --> PatientAuthFilter: isLoggedIn=1, roleId=10 (Running on Protected Route)
DEBUG - 2025-10-08 13:01:21 --> Session: Class initialized using 'CodeIgniter\Session\Handlers\FileHandler' driver.
DEBUG - 2025-10-08 13:01:21 --> Session: Class initialized using 'CodeIgniter\Session\Handlers\FileHandler' driver.
DEBUG - 2025-10-08 13:01:21 --> PatientAuthFilter: isLoggedIn=1, roleId=10 (Running on Protected Route)
DEBUG - 2025-10-08 13:01:23 --> Session: Class initialized using 'CodeIgniter\Session\Handlers\FileHandler' driver.
DEBUG - 2025-10-08 13:01:23 --> PatientAuthFilter: isLoggedIn=1, roleId=10 (Running on Protected Route)
DEBUG - 2025-10-08 13:01:23 --> Session: Class initialized using 'CodeIgniter\Session\Handlers\FileHandler' driver.
DEBUG - 2025-10-08 13:01:23 --> Session: Class initialized using 'CodeIgniter\Session\Handlers\FileHandler' driver.
DEBUG - 2025-10-08 13:01:23 --> PatientAuthFilter: isLoggedIn=1, roleId=10 (Running on Protected Route)
DEBUG - 2025-10-08 13:01:23 --> Session: Class initialized using 'CodeIgniter\Session\Handlers\FileHandler' driver.
DEBUG - 2025-10-08 13:01:23 --> Session: Class initialized using 'CodeIgniter\Session\Handlers\FileHandler' driver.
DEBUG - 2025-10-08 13:01:23 --> PatientAuthFilter: isLoggedIn=1, roleId=10 (Running on Protected Route)
DEBUG - 2025-10-08 13:01:23 --> Session: Class initialized using 'CodeIgniter\Session\Handlers\FileHandler' driver.
DEBUG - 2025-10-08 13:01:23 --> Session: Class initialized using 'CodeIgniter\Session\Handlers\FileHandler' driver.
DEBUG - 2025-10-08 13:01:23 --> PatientAuthFilter: isLoggedIn=1, roleId=10 (Running on Protected Route)
DEBUG - 2025-10-08 13:01:23 --> Session: Class initialized using 'CodeIgniter\Session\Handlers\FileHandler' driver.
DEBUG - 2025-10-08 13:01:23 --> Session: Class initialized using 'CodeIgniter\Session\Handlers\FileHandler' driver.
DEBUG - 2025-10-08 13:01:23 --> PatientAuthFilter: isLoggedIn=1, roleId=10 (Running on Protected Route)
DEBUG - 2025-10-08 13:01:23 --> Session: Class initialized using 'CodeIgniter\Session\Handlers\FileHandler' driver.
DEBUG - 2025-10-08 13:01:24 --> Session: Class initialized using 'CodeIgniter\Session\Handlers\FileHandler' driver.
DEBUG - 2025-10-08 13:01:24 --> PatientAuthFilter: isLoggedIn=1, roleId=10 (Running on Protected Route)
DEBUG - 2025-10-08 13:01:24 --> Session: Class initialized using 'CodeIgniter\Session\Handlers\FileHandler' driver.
DEBUG - 2025-10-08 13:01:24 --> Session: Class initialized using 'CodeIgniter\Session\Handlers\FileHandler' driver.
DEBUG - 2025-10-08 13:01:24 --> PatientAuthFilter: isLoggedIn=1, roleId=10 (Running on Protected Route)
DEBUG - 2025-10-08 13:01:24 --> Session: Class initialized using 'CodeIgniter\Session\Handlers\FileHandler' driver.
DEBUG - 2025-10-08 13:01:24 --> Session: Class initialized using 'CodeIgniter\Session\Handlers\FileHandler' driver.
DEBUG - 2025-10-08 13:01:24 --> PatientAuthFilter: isLoggedIn=1, roleId=10 (Running on Protected Route)
DEBUG - 2025-10-08 13:01:24 --> Session: Class initialized using 'CodeIgniter\Session\Handlers\FileHandler' driver.
DEBUG - 2025-10-08 13:01:24 --> Session: Class initialized using 'CodeIgniter\Session\Handlers\FileHandler' driver.
DEBUG - 2025-10-08 13:01:24 --> PatientAuthFilter: isLoggedIn=1, roleId=10 (Running on Protected Route)
DEBUG - 2025-10-08 13:01:24 --> Session: Class initialized using 'CodeIgniter\Session\Handlers\FileHandler' driver.
DEBUG - 2025-10-08 13:01:24 --> Session: Class initialized using 'CodeIgniter\Session\Handlers\FileHandler' driver.
DEBUG - 2025-10-08 13:01:24 --> PatientAuthFilter: isLoggedIn=1, roleId=10 (Running on Protected Route)
DEBUG - 2025-10-08 13:01:24 --> Session: Class initialized using 'CodeIgniter\Session\Handlers\FileHandler' driver.
DEBUG - 2025-10-08 13:01:30 --> Session: Class initialized using 'CodeIgniter\Session\Handlers\FileHandler' driver.
DEBUG - 2025-10-08 13:01:30 --> Session: Class initialized using 'CodeIgniter\Session\Handlers\FileHandler' driver.
DEBUG - 2025-10-08 13:01:30 --> PatientAuthFilter: isLoggedIn=1, roleId=10 (Running on Protected Route)
DEBUG - 2025-10-08 13:01:30 --> Session: Class initialized using 'CodeIgniter\Session\Handlers\FileHandler' driver.
DEBUG - 2025-10-08 13:01:30 --> Session: Class initialized using 'CodeIgniter\Session\Handlers\FileHandler' driver.
DEBUG - 2025-10-08 13:01:30 --> PatientAuthFilter: isLoggedIn=1, roleId=10 (Running on Protected Route)
DEBUG - 2025-10-08 13:01:30 --> Session: Class initialized using 'CodeIgniter\Session\Handlers\FileHandler' driver.
DEBUG - 2025-10-08 13:01:30 --> Session: Class initialized using 'CodeIgniter\Session\Handlers\FileHandler' driver.
DEBUG - 2025-10-08 13:01:30 --> PatientAuthFilter: isLoggedIn=1, roleId=10 (Running on Protected Route)
DEBUG - 2025-10-08 13:01:30 --> Session: Class initialized using 'CodeIgniter\Session\Handlers\FileHandler' driver.
DEBUG - 2025-10-08 13:01:30 --> Session: Class initialized using 'CodeIgniter\Session\Handlers\FileHandler' driver.
DEBUG - 2025-10-08 13:01:30 --> PatientAuthFilter: isLoggedIn=1, roleId=10 (Running on Protected Route)
DEBUG - 2025-10-08 13:01:30 --> Session: Class initialized using 'CodeIgniter\Session\Handlers\FileHandler' driver.
DEBUG - 2025-10-08 13:01:31 --> Session: Class initialized using 'CodeIgniter\Session\Handlers\FileHandler' driver.
DEBUG - 2025-10-08 13:01:31 --> PatientAuthFilter: isLoggedIn=1, roleId=10 (Running on Protected Route)
DEBUG - 2025-10-08 13:01:31 --> Session: Class initialized using 'CodeIgniter\Session\Handlers\FileHandler' driver.
DEBUG - 2025-10-08 13:01:31 --> Session: Class initialized using 'CodeIgniter\Session\Handlers\FileHandler' driver.
DEBUG - 2025-10-08 13:01:31 --> PatientAuthFilter: isLoggedIn=1, roleId=10 (Running on Protected Route)
DEBUG - 2025-10-08 13:01:31 --> Session: Class initialized using 'CodeIgniter\Session\Handlers\FileHandler' driver.
DEBUG - 2025-10-08 13:01:31 --> Session: Class initialized using 'CodeIgniter\Session\Handlers\FileHandler' driver.
DEBUG - 2025-10-08 13:01:31 --> PatientAuthFilter: isLoggedIn=1, roleId=10 (Running on Protected Route)
DEBUG - 2025-10-08 13:01:31 --> Session: Class initialized using 'CodeIgniter\Session\Handlers\FileHandler' driver.
DEBUG - 2025-10-08 13:01:31 --> Session: Class initialized using 'CodeIgniter\Session\Handlers\FileHandler' driver.
DEBUG - 2025-10-08 13:01:31 --> PatientAuthFilter: isLoggedIn=1, roleId=10 (Running on Protected Route)
DEBUG - 2025-10-08 13:01:31 --> Session: Class initialized using 'CodeIgniter\Session\Handlers\FileHandler' driver.
DEBUG - 2025-10-08 13:01:31 --> Session: Class initialized using 'CodeIgniter\Session\Handlers\FileHandler' driver.
DEBUG - 2025-10-08 13:01:31 --> PatientAuthFilter: isLoggedIn=1, roleId=10 (Running on Protected Route)
DEBUG - 2025-10-08 13:01:32 --> Session: Class initialized using 'CodeIgniter\Session\Handlers\FileHandler' driver.
DEBUG - 2025-10-08 13:01:32 --> Session: Class initialized using 'CodeIgniter\Session\Handlers\FileHandler' driver.
DEBUG - 2025-10-08 13:01:32 --> PatientAuthFilter: isLoggedIn=1, roleId=10 (Running on Protected Route)
DEBUG - 2025-10-08 13:02:02 --> Session: Class initialized using 'CodeIgniter\Session\Handlers\FileHandler' driver.
DEBUG - 2025-10-08 13:02:02 --> PatientAuthFilter: isLoggedIn=1, roleId=10 (Running on Protected Route)
DEBUG - 2025-10-08 13:02:02 --> Session: Class initialized using 'CodeIgniter\Session\Handlers\FileHandler' driver.
DEBUG - 2025-10-08 13:02:02 --> Session: Class initialized using 'CodeIgniter\Session\Handlers\FileHandler' driver.
DEBUG - 2025-10-08 13:02:02 --> PatientAuthFilter: isLoggedIn=1, roleId=10 (Running on Protected Route)
DEBUG - 2025-10-08 13:02:02 --> Session: Class initialized using 'CodeIgniter\Session\Handlers\FileHandler' driver.
DEBUG - 2025-10-08 13:02:02 --> Session: Class initialized using 'CodeIgniter\Session\Handlers\FileHandler' driver.
DEBUG - 2025-10-08 13:02:02 --> PatientAuthFilter: isLoggedIn=1, roleId=10 (Running on Protected Route)
DEBUG - 2025-10-08 13:02:02 --> Session: Class initialized using 'CodeIgniter\Session\Handlers\FileHandler' driver.
DEBUG - 2025-10-08 13:02:03 --> Session: Class initialized using 'CodeIgniter\Session\Handlers\FileHandler' driver.
DEBUG - 2025-10-08 13:02:03 --> PatientAuthFilter: isLoggedIn=1, roleId=10 (Running on Protected Route)
DEBUG - 2025-10-08 13:02:03 --> Session: Class initialized using 'CodeIgniter\Session\Handlers\FileHandler' driver.
DEBUG - 2025-10-08 13:02:03 --> Session: Class initialized using 'CodeIgniter\Session\Handlers\FileHandler' driver.
DEBUG - 2025-10-08 13:02:03 --> PatientAuthFilter: isLoggedIn=1, roleId=10 (Running on Protected Route)
DEBUG - 2025-10-08 13:02:03 --> Session: Class initialized using 'CodeIgniter\Session\Handlers\FileHandler' driver.
DEBUG - 2025-10-08 13:02:03 --> Session: Class initialized using 'CodeIgniter\Session\Handlers\FileHandler' driver.
DEBUG - 2025-10-08 13:02:03 --> PatientAuthFilter: isLoggedIn=1, roleId=10 (Running on Protected Route)
DEBUG - 2025-10-08 13:02:03 --> Session: Class initialized using 'CodeIgniter\Session\Handlers\FileHandler' driver.
DEBUG - 2025-10-08 13:02:03 --> Session: Class initialized using 'CodeIgniter\Session\Handlers\FileHandler' driver.
DEBUG - 2025-10-08 13:02:03 --> PatientAuthFilter: isLoggedIn=1, roleId=10 (Running on Protected Route)
DEBUG - 2025-10-08 13:02:03 --> Session: Class initialized using 'CodeIgniter\Session\Handlers\FileHandler' driver.
DEBUG - 2025-10-08 13:02:03 --> Session: Class initialized using 'CodeIgniter\Session\Handlers\FileHandler' driver.
DEBUG - 2025-10-08 13:02:03 --> PatientAuthFilter: isLoggedIn=1, roleId=10 (Running on Protected Route)
DEBUG - 2025-10-08 13:02:04 --> Session: Class initialized using 'CodeIgniter\Session\Handlers\FileHandler' driver.
DEBUG - 2025-10-08 13:02:04 --> Session: Class initialized using 'CodeIgniter\Session\Handlers\FileHandler' driver.
DEBUG - 2025-10-08 13:02:04 --> PatientAuthFilter: isLoggedIn=1, roleId=10 (Running on Protected Route)
DEBUG - 2025-10-08 13:02:04 --> Session: Class initialized using 'CodeIgniter\Session\Handlers\FileHandler' driver.
DEBUG - 2025-10-08 13:02:04 --> Session: Class initialized using 'CodeIgniter\Session\Handlers\FileHandler' driver.
DEBUG - 2025-10-08 13:02:04 --> PatientAuthFilter: isLoggedIn=1, roleId=10 (Running on Protected Route)
DEBUG - 2025-10-08 13:02:04 --> Session: Class initialized using 'CodeIgniter\Session\Handlers\FileHandler' driver.
DEBUG - 2025-10-08 13:02:28 --> Session: Class initialized using 'CodeIgniter\Session\Handlers\FileHandler' driver.
DEBUG - 2025-10-08 13:02:30 --> Session: Class initialized using 'CodeIgniter\Session\Handlers\FileHandler' driver.
DEBUG - 2025-10-08 13:02:30 --> Session: Class initialized using 'CodeIgniter\Session\Handlers\FileHandler' driver.
DEBUG - 2025-10-08 13:02:30 --> PatientAuthFilter: isLoggedIn=1, roleId=10 (Running on Protected Route)
DEBUG - 2025-10-08 13:02:30 --> Session: Class initialized using 'CodeIgniter\Session\Handlers\FileHandler' driver.
DEBUG - 2025-10-08 13:02:30 --> Session: Class initialized using 'CodeIgniter\Session\Handlers\FileHandler' driver.
DEBUG - 2025-10-08 13:02:30 --> PatientAuthFilter: isLoggedIn=1, roleId=10 (Running on Protected Route)
DEBUG - 2025-10-08 13:02:30 --> Session: Class initialized using 'CodeIgniter\Session\Handlers\FileHandler' driver.
DEBUG - 2025-10-08 13:02:30 --> Session: Class initialized using 'CodeIgniter\Session\Handlers\FileHandler' driver.
DEBUG - 2025-10-08 13:02:30 --> PatientAuthFilter: isLoggedIn=1, roleId=10 (Running on Protected Route)
DEBUG - 2025-10-08 13:02:30 --> Session: Class initialized using 'CodeIgniter\Session\Handlers\FileHandler' driver.
DEBUG - 2025-10-08 13:02:30 --> Session: Class initialized using 'CodeIgniter\Session\Handlers\FileHandler' driver.
DEBUG - 2025-10-08 13:02:30 --> PatientAuthFilter: isLoggedIn=1, roleId=10 (Running on Protected Route)
DEBUG - 2025-10-08 13:02:31 --> Session: Class initialized using 'CodeIgniter\Session\Handlers\FileHandler' driver.
DEBUG - 2025-10-08 13:02:31 --> Session: Class initialized using 'CodeIgniter\Session\Handlers\FileHandler' driver.
DEBUG - 2025-10-08 13:02:31 --> PatientAuthFilter: isLoggedIn=1, roleId=10 (Running on Protected Route)
DEBUG - 2025-10-08 13:02:31 --> Session: Class initialized using 'CodeIgniter\Session\Handlers\FileHandler' driver.
DEBUG - 2025-10-08 13:02:31 --> Session: Class initialized using 'CodeIgniter\Session\Handlers\FileHandler' driver.
DEBUG - 2025-10-08 13:02:31 --> PatientAuthFilter: isLoggedIn=1, roleId=10 (Running on Protected Route)
DEBUG - 2025-10-08 13:02:31 --> Session: Class initialized using 'CodeIgniter\Session\Handlers\FileHandler' driver.
DEBUG - 2025-10-08 13:02:31 --> Session: Class initialized using 'CodeIgniter\Session\Handlers\FileHandler' driver.
DEBUG - 2025-10-08 13:02:31 --> PatientAuthFilter: isLoggedIn=1, roleId=10 (Running on Protected Route)
DEBUG - 2025-10-08 13:02:31 --> Session: Class initialized using 'CodeIgniter\Session\Handlers\FileHandler' driver.
DEBUG - 2025-10-08 13:02:31 --> Session: Class initialized using 'CodeIgniter\Session\Handlers\FileHandler' driver.
DEBUG - 2025-10-08 13:02:31 --> PatientAuthFilter: isLoggedIn=1, roleId=10 (Running on Protected Route)
DEBUG - 2025-10-08 13:02:31 --> Session: Class initialized using 'CodeIgniter\Session\Handlers\FileHandler' driver.
DEBUG - 2025-10-08 13:02:31 --> Session: Class initialized using 'CodeIgniter\Session\Handlers\FileHandler' driver.
DEBUG - 2025-10-08 13:02:31 --> PatientAuthFilter: isLoggedIn=1, roleId=10 (Running on Protected Route)
DEBUG - 2025-10-08 13:02:32 --> Session: Class initialized using 'CodeIgniter\Session\Handlers\FileHandler' driver.
DEBUG - 2025-10-08 13:02:32 --> Session: Class initialized using 'CodeIgniter\Session\Handlers\FileHandler' driver.
DEBUG - 2025-10-08 13:02:32 --> PatientAuthFilter: isLoggedIn=1, roleId=10 (Running on Protected Route)
DEBUG - 2025-10-08 13:02:34 --> Session: Class initialized using 'CodeIgniter\Session\Handlers\FileHandler' driver.
DEBUG - 2025-10-08 13:02:40 --> Session: Class initialized using 'CodeIgniter\Session\Handlers\FileHandler' driver.
DEBUG - 2025-10-08 13:02:40 --> Login attempt for username/email: PAT-251007-00042
DEBUG - 2025-10-08 13:02:40 --> User found, verifying password for: PAT-251007-00042
DEBUG - 2025-10-08 13:02:40 --> Password matched. Setting session for: PAT-251007-00042
DEBUG - 2025-10-08 13:02:40 --> Session: Class initialized using 'CodeIgniter\Session\Handlers\FileHandler' driver.
DEBUG - 2025-10-08 13:02:40 --> PatientAuthFilter: isLoggedIn=1, roleId=10 (Running on Protected Route)
DEBUG - 2025-10-08 13:02:40 --> Session: Class initialized using 'CodeIgniter\Session\Handlers\FileHandler' driver.
DEBUG - 2025-10-08 13:02:40 --> Session: Class initialized using 'CodeIgniter\Session\Handlers\FileHandler' driver.
DEBUG - 2025-10-08 13:02:40 --> PatientAuthFilter: isLoggedIn=1, roleId=10 (Running on Protected Route)
DEBUG - 2025-10-08 13:02:40 --> Session: Class initialized using 'CodeIgniter\Session\Handlers\FileHandler' driver.
DEBUG - 2025-10-08 13:02:41 --> Session: Class initialized using 'CodeIgniter\Session\Handlers\FileHandler' driver.
DEBUG - 2025-10-08 13:02:41 --> PatientAuthFilter: isLoggedIn=1, roleId=10 (Running on Protected Route)
DEBUG - 2025-10-08 13:02:41 --> Session: Class initialized using 'CodeIgniter\Session\Handlers\FileHandler' driver.
DEBUG - 2025-10-08 13:02:41 --> Session: Class initialized using 'CodeIgniter\Session\Handlers\FileHandler' driver.
DEBUG - 2025-10-08 13:02:41 --> PatientAuthFilter: isLoggedIn=1, roleId=10 (Running on Protected Route)
DEBUG - 2025-10-08 13:02:41 --> Session: Class initialized using 'CodeIgniter\Session\Handlers\FileHandler' driver.
DEBUG - 2025-10-08 13:02:41 --> Session: Class initialized using 'CodeIgniter\Session\Handlers\FileHandler' driver.
DEBUG - 2025-10-08 13:02:41 --> PatientAuthFilter: isLoggedIn=1, roleId=10 (Running on Protected Route)
DEBUG - 2025-10-08 13:02:41 --> Session: Class initialized using 'CodeIgniter\Session\Handlers\FileHandler' driver.
DEBUG - 2025-10-08 13:02:41 --> Session: Class initialized using 'CodeIgniter\Session\Handlers\FileHandler' driver.
DEBUG - 2025-10-08 13:02:41 --> PatientAuthFilter: isLoggedIn=1, roleId=10 (Running on Protected Route)
DEBUG - 2025-10-08 13:02:41 --> Session: Class initialized using 'CodeIgniter\Session\Handlers\FileHandler' driver.
DEBUG - 2025-10-08 13:02:41 --> Session: Class initialized using 'CodeIgniter\Session\Handlers\FileHandler' driver.
DEBUG - 2025-10-08 13:02:41 --> PatientAuthFilter: isLoggedIn=1, roleId=10 (Running on Protected Route)
DEBUG - 2025-10-08 13:02:41 --> Session: Class initialized using 'CodeIgniter\Session\Handlers\FileHandler' driver.
DEBUG - 2025-10-08 13:02:42 --> Session: Class initialized using 'CodeIgniter\Session\Handlers\FileHandler' driver.
DEBUG - 2025-10-08 13:02:42 --> PatientAuthFilter: isLoggedIn=1, roleId=10 (Running on Protected Route)
DEBUG - 2025-10-08 13:02:42 --> Session: Class initialized using 'CodeIgniter\Session\Handlers\FileHandler' driver.
DEBUG - 2025-10-08 13:02:42 --> Session: Class initialized using 'CodeIgniter\Session\Handlers\FileHandler' driver.
DEBUG - 2025-10-08 13:02:42 --> PatientAuthFilter: isLoggedIn=1, roleId=10 (Running on Protected Route)
DEBUG - 2025-10-08 13:02:42 --> Session: Class initialized using 'CodeIgniter\Session\Handlers\FileHandler' driver.
DEBUG - 2025-10-08 13:02:42 --> Session: Class initialized using 'CodeIgniter\Session\Handlers\FileHandler' driver.
DEBUG - 2025-10-08 13:02:42 --> PatientAuthFilter: isLoggedIn=1, roleId=10 (Running on Protected Route)
DEBUG - 2025-10-08 13:02:43 --> Session: Class initialized using 'CodeIgniter\Session\Handlers\FileHandler' driver.
DEBUG - 2025-10-08 13:02:43 --> PatientAuthFilter: isLoggedIn=1, roleId=10 (Running on Protected Route)
DEBUG - 2025-10-08 13:02:43 --> Session: Class initialized using 'CodeIgniter\Session\Handlers\FileHandler' driver.
DEBUG - 2025-10-08 13:02:43 --> Session: Class initialized using 'CodeIgniter\Session\Handlers\FileHandler' driver.
DEBUG - 2025-10-08 13:02:43 --> PatientAuthFilter: isLoggedIn=1, roleId=10 (Running on Protected Route)
DEBUG - 2025-10-08 13:02:43 --> Session: Class initialized using 'CodeIgniter\Session\Handlers\FileHandler' driver.
DEBUG - 2025-10-08 13:02:44 --> Session: Class initialized using 'CodeIgniter\Session\Handlers\FileHandler' driver.
DEBUG - 2025-10-08 13:02:44 --> PatientAuthFilter: isLoggedIn=1, roleId=10 (Running on Protected Route)
DEBUG - 2025-10-08 13:02:44 --> Session: Class initialized using 'CodeIgniter\Session\Handlers\FileHandler' driver.
DEBUG - 2025-10-08 13:02:44 --> Session: Class initialized using 'CodeIgniter\Session\Handlers\FileHandler' driver.
DEBUG - 2025-10-08 13:02:44 --> PatientAuthFilter: isLoggedIn=1, roleId=10 (Running on Protected Route)
DEBUG - 2025-10-08 13:02:44 --> Session: Class initialized using 'CodeIgniter\Session\Handlers\FileHandler' driver.
DEBUG - 2025-10-08 13:02:44 --> Session: Class initialized using 'CodeIgniter\Session\Handlers\FileHandler' driver.
DEBUG - 2025-10-08 13:02:44 --> PatientAuthFilter: isLoggedIn=1, roleId=10 (Running on Protected Route)
DEBUG - 2025-10-08 13:02:44 --> Session: Class initialized using 'CodeIgniter\Session\Handlers\FileHandler' driver.
DEBUG - 2025-10-08 13:02:44 --> Session: Class initialized using 'CodeIgniter\Session\Handlers\FileHandler' driver.
DEBUG - 2025-10-08 13:02:44 --> PatientAuthFilter: isLoggedIn=1, roleId=10 (Running on Protected Route)
DEBUG - 2025-10-08 13:02:44 --> Session: Class initialized using 'CodeIgniter\Session\Handlers\FileHandler' driver.
DEBUG - 2025-10-08 13:02:44 --> Session: Class initialized using 'CodeIgniter\Session\Handlers\FileHandler' driver.
DEBUG - 2025-10-08 13:02:44 --> PatientAuthFilter: isLoggedIn=1, roleId=10 (Running on Protected Route)
DEBUG - 2025-10-08 13:02:44 --> Session: Class initialized using 'CodeIgniter\Session\Handlers\FileHandler' driver.
DEBUG - 2025-10-08 13:02:45 --> Session: Class initialized using 'CodeIgniter\Session\Handlers\FileHandler' driver.
DEBUG - 2025-10-08 13:02:45 --> PatientAuthFilter: isLoggedIn=1, roleId=10 (Running on Protected Route)
DEBUG - 2025-10-08 13:02:45 --> Session: Class initialized using 'CodeIgniter\Session\Handlers\FileHandler' driver.
DEBUG - 2025-10-08 13:02:45 --> Session: Class initialized using 'CodeIgniter\Session\Handlers\FileHandler' driver.
DEBUG - 2025-10-08 13:02:45 --> PatientAuthFilter: isLoggedIn=1, roleId=10 (Running on Protected Route)
DEBUG - 2025-10-08 13:02:45 --> Session: Class initialized using 'CodeIgniter\Session\Handlers\FileHandler' driver.
DEBUG - 2025-10-08 13:02:45 --> Session: Class initialized using 'CodeIgniter\Session\Handlers\FileHandler' driver.
DEBUG - 2025-10-08 13:02:45 --> PatientAuthFilter: isLoggedIn=1, roleId=10 (Running on Protected Route)
DEBUG - 2025-10-08 13:02:45 --> Session: Class initialized using 'CodeIgniter\Session\Handlers\FileHandler' driver.
DEBUG - 2025-10-08 13:02:50 --> Session: Class initialized using 'CodeIgniter\Session\Handlers\FileHandler' driver.
DEBUG - 2025-10-08 13:02:50 --> Session: Class initialized using 'CodeIgniter\Session\Handlers\FileHandler' driver.
DEBUG - 2025-10-08 13:02:50 --> PatientAuthFilter: isLoggedIn=1, roleId=10 (Running on Protected Route)
DEBUG - 2025-10-08 13:02:51 --> Session: Class initialized using 'CodeIgniter\Session\Handlers\FileHandler' driver.
DEBUG - 2025-10-08 13:02:51 --> Session: Class initialized using 'CodeIgniter\Session\Handlers\FileHandler' driver.
DEBUG - 2025-10-08 13:02:51 --> PatientAuthFilter: isLoggedIn=1, roleId=10 (Running on Protected Route)
DEBUG - 2025-10-08 13:02:51 --> Session: Class initialized using 'CodeIgniter\Session\Handlers\FileHandler' driver.
DEBUG - 2025-10-08 13:02:51 --> Session: Class initialized using 'CodeIgniter\Session\Handlers\FileHandler' driver.
DEBUG - 2025-10-08 13:02:51 --> PatientAuthFilter: isLoggedIn=1, roleId=10 (Running on Protected Route)
DEBUG - 2025-10-08 13:02:51 --> Session: Class initialized using 'CodeIgniter\Session\Handlers\FileHandler' driver.
DEBUG - 2025-10-08 13:02:51 --> Session: Class initialized using 'CodeIgniter\Session\Handlers\FileHandler' driver.
DEBUG - 2025-10-08 13:02:51 --> PatientAuthFilter: isLoggedIn=1, roleId=10 (Running on Protected Route)
DEBUG - 2025-10-08 13:02:51 --> Session: Class initialized using 'CodeIgniter\Session\Handlers\FileHandler' driver.
DEBUG - 2025-10-08 13:02:51 --> Session: Class initialized using 'CodeIgniter\Session\Handlers\FileHandler' driver.
DEBUG - 2025-10-08 13:02:51 --> PatientAuthFilter: isLoggedIn=1, roleId=10 (Running on Protected Route)
DEBUG - 2025-10-08 13:02:51 --> Session: Class initialized using 'CodeIgniter\Session\Handlers\FileHandler' driver.
DEBUG - 2025-10-08 13:02:52 --> Session: Class initialized using 'CodeIgniter\Session\Handlers\FileHandler' driver.
DEBUG - 2025-10-08 13:02:52 --> PatientAuthFilter: isLoggedIn=1, roleId=10 (Running on Protected Route)
DEBUG - 2025-10-08 13:02:52 --> Session: Class initialized using 'CodeIgniter\Session\Handlers\FileHandler' driver.
DEBUG - 2025-10-08 13:02:52 --> Session: Class initialized using 'CodeIgniter\Session\Handlers\FileHandler' driver.
DEBUG - 2025-10-08 13:02:52 --> PatientAuthFilter: isLoggedIn=1, roleId=10 (Running on Protected Route)
DEBUG - 2025-10-08 13:02:52 --> Session: Class initialized using 'CodeIgniter\Session\Handlers\FileHandler' driver.
DEBUG - 2025-10-08 13:02:52 --> Session: Class initialized using 'CodeIgniter\Session\Handlers\FileHandler' driver.
DEBUG - 2025-10-08 13:02:52 --> PatientAuthFilter: isLoggedIn=1, roleId=10 (Running on Protected Route)
DEBUG - 2025-10-08 13:02:52 --> Session: Class initialized using 'CodeIgniter\Session\Handlers\FileHandler' driver.
DEBUG - 2025-10-08 13:02:52 --> Session: Class initialized using 'CodeIgniter\Session\Handlers\FileHandler' driver.
DEBUG - 2025-10-08 13:02:52 --> PatientAuthFilter: isLoggedIn=1, roleId=10 (Running on Protected Route)
DEBUG - 2025-10-08 13:02:52 --> Session: Class initialized using 'CodeIgniter\Session\Handlers\FileHandler' driver.
DEBUG - 2025-10-08 13:02:53 --> Session: Class initialized using 'CodeIgniter\Session\Handlers\FileHandler' driver.
DEBUG - 2025-10-08 13:02:53 --> PatientAuthFilter: isLoggedIn=1, roleId=10 (Running on Protected Route)
DEBUG - 2025-10-08 13:03:23 --> Session: Class initialized using 'CodeIgniter\Session\Handlers\FileHandler' driver.
DEBUG - 2025-10-08 13:03:23 --> PatientAuthFilter: isLoggedIn=1, roleId=10 (Running on Protected Route)
DEBUG - 2025-10-08 13:03:23 --> Session: Class initialized using 'CodeIgniter\Session\Handlers\FileHandler' driver.
DEBUG - 2025-10-08 13:03:23 --> Session: Class initialized using 'CodeIgniter\Session\Handlers\FileHandler' driver.
DEBUG - 2025-10-08 13:03:23 --> PatientAuthFilter: isLoggedIn=1, roleId=10 (Running on Protected Route)
DEBUG - 2025-10-08 13:03:23 --> Session: Class initialized using 'CodeIgniter\Session\Handlers\FileHandler' driver.
DEBUG - 2025-10-08 13:03:23 --> Session: Class initialized using 'CodeIgniter\Session\Handlers\FileHandler' driver.
DEBUG - 2025-10-08 13:03:23 --> PatientAuthFilter: isLoggedIn=1, roleId=10 (Running on Protected Route)
DEBUG - 2025-10-08 13:03:23 --> Session: Class initialized using 'CodeIgniter\Session\Handlers\FileHandler' driver.
DEBUG - 2025-10-08 13:03:23 --> Session: Class initialized using 'CodeIgniter\Session\Handlers\FileHandler' driver.
DEBUG - 2025-10-08 13:03:23 --> PatientAuthFilter: isLoggedIn=1, roleId=10 (Running on Protected Route)
DEBUG - 2025-10-08 13:03:23 --> Session: Class initialized using 'CodeIgniter\Session\Handlers\FileHandler' driver.
DEBUG - 2025-10-08 13:03:23 --> Session: Class initialized using 'CodeIgniter\Session\Handlers\FileHandler' driver.
DEBUG - 2025-10-08 13:03:23 --> PatientAuthFilter: isLoggedIn=1, roleId=10 (Running on Protected Route)
DEBUG - 2025-10-08 13:03:24 --> Session: Class initialized using 'CodeIgniter\Session\Handlers\FileHandler' driver.
DEBUG - 2025-10-08 13:03:24 --> Session: Class initialized using 'CodeIgniter\Session\Handlers\FileHandler' driver.
DEBUG - 2025-10-08 13:03:24 --> PatientAuthFilter: isLoggedIn=1, roleId=10 (Running on Protected Route)
DEBUG - 2025-10-08 13:03:24 --> Session: Class initialized using 'CodeIgniter\Session\Handlers\FileHandler' driver.
DEBUG - 2025-10-08 13:03:24 --> Session: Class initialized using 'CodeIgniter\Session\Handlers\FileHandler' driver.
DEBUG - 2025-10-08 13:03:24 --> PatientAuthFilter: isLoggedIn=1, roleId=10 (Running on Protected Route)
DEBUG - 2025-10-08 13:03:24 --> Session: Class initialized using 'CodeIgniter\Session\Handlers\FileHandler' driver.
DEBUG - 2025-10-08 13:03:24 --> Session: Class initialized using 'CodeIgniter\Session\Handlers\FileHandler' driver.
DEBUG - 2025-10-08 13:03:24 --> PatientAuthFilter: isLoggedIn=1, roleId=10 (Running on Protected Route)
DEBUG - 2025-10-08 13:03:24 --> Session: Class initialized using 'CodeIgniter\Session\Handlers\FileHandler' driver.
DEBUG - 2025-10-08 13:03:24 --> Session: Class initialized using 'CodeIgniter\Session\Handlers\FileHandler' driver.
DEBUG - 2025-10-08 13:03:24 --> PatientAuthFilter: isLoggedIn=1, roleId=10 (Running on Protected Route)
DEBUG - 2025-10-08 13:03:24 --> Session: Class initialized using 'CodeIgniter\Session\Handlers\FileHandler' driver.
DEBUG - 2025-10-08 13:03:25 --> Session: Class initialized using 'CodeIgniter\Session\Handlers\FileHandler' driver.
DEBUG - 2025-10-08 13:03:25 --> PatientAuthFilter: isLoggedIn=1, roleId=10 (Running on Protected Route)
DEBUG - 2025-10-08 13:03:25 --> Session: Class initialized using 'CodeIgniter\Session\Handlers\FileHandler' driver.
DEBUG - 2025-10-08 13:04:25 --> Session: Class initialized using 'CodeIgniter\Session\Handlers\FileHandler' driver.
DEBUG - 2025-10-08 13:04:25 --> Session: Class initialized using 'CodeIgniter\Session\Handlers\FileHandler' driver.
DEBUG - 2025-10-08 13:04:25 --> PatientAuthFilter: isLoggedIn=1, roleId=10 (Running on Protected Route)
DEBUG - 2025-10-08 13:04:25 --> Session: Class initialized using 'CodeIgniter\Session\Handlers\FileHandler' driver.
DEBUG - 2025-10-08 13:04:25 --> Session: Class initialized using 'CodeIgniter\Session\Handlers\FileHandler' driver.
DEBUG - 2025-10-08 13:04:25 --> PatientAuthFilter: isLoggedIn=1, roleId=10 (Running on Protected Route)
DEBUG - 2025-10-08 13:04:25 --> Session: Class initialized using 'CodeIgniter\Session\Handlers\FileHandler' driver.
DEBUG - 2025-10-08 13:04:25 --> Session: Class initialized using 'CodeIgniter\Session\Handlers\FileHandler' driver.
DEBUG - 2025-10-08 13:04:25 --> PatientAuthFilter: isLoggedIn=1, roleId=10 (Running on Protected Route)
DEBUG - 2025-10-08 13:04:25 --> Session: Class initialized using 'CodeIgniter\Session\Handlers\FileHandler' driver.
DEBUG - 2025-10-08 13:04:25 --> Session: Class initialized using 'CodeIgniter\Session\Handlers\FileHandler' driver.
DEBUG - 2025-10-08 13:04:25 --> PatientAuthFilter: isLoggedIn=1, roleId=10 (Running on Protected Route)
DEBUG - 2025-10-08 13:04:26 --> Session: Class initialized using 'CodeIgniter\Session\Handlers\FileHandler' driver.
DEBUG - 2025-10-08 13:04:26 --> Session: Class initialized using 'CodeIgniter\Session\Handlers\FileHandler' driver.
DEBUG - 2025-10-08 13:04:26 --> PatientAuthFilter: isLoggedIn=1, roleId=10 (Running on Protected Route)
DEBUG - 2025-10-08 13:04:26 --> Session: Class initialized using 'CodeIgniter\Session\Handlers\FileHandler' driver.
DEBUG - 2025-10-08 13:04:26 --> Session: Class initialized using 'CodeIgniter\Session\Handlers\FileHandler' driver.
DEBUG - 2025-10-08 13:04:26 --> PatientAuthFilter: isLoggedIn=1, roleId=10 (Running on Protected Route)
DEBUG - 2025-10-08 13:04:26 --> Session: Class initialized using 'CodeIgniter\Session\Handlers\FileHandler' driver.
DEBUG - 2025-10-08 13:04:26 --> Session: Class initialized using 'CodeIgniter\Session\Handlers\FileHandler' driver.
DEBUG - 2025-10-08 13:04:26 --> PatientAuthFilter: isLoggedIn=1, roleId=10 (Running on Protected Route)
DEBUG - 2025-10-08 13:04:26 --> Session: Class initialized using 'CodeIgniter\Session\Handlers\FileHandler' driver.
DEBUG - 2025-10-08 13:04:26 --> Session: Class initialized using 'CodeIgniter\Session\Handlers\FileHandler' driver.
DEBUG - 2025-10-08 13:04:26 --> PatientAuthFilter: isLoggedIn=1, roleId=10 (Running on Protected Route)
DEBUG - 2025-10-08 13:04:26 --> Session: Class initialized using 'CodeIgniter\Session\Handlers\FileHandler' driver.
DEBUG - 2025-10-08 13:04:26 --> Session: Class initialized using 'CodeIgniter\Session\Handlers\FileHandler' driver.
DEBUG - 2025-10-08 13:04:26 --> PatientAuthFilter: isLoggedIn=1, roleId=10 (Running on Protected Route)
DEBUG - 2025-10-08 13:04:27 --> Session: Class initialized using 'CodeIgniter\Session\Handlers\FileHandler' driver.
DEBUG - 2025-10-08 13:04:27 --> Session: Class initialized using 'CodeIgniter\Session\Handlers\FileHandler' driver.
DEBUG - 2025-10-08 13:04:27 --> PatientAuthFilter: isLoggedIn=1, roleId=10 (Running on Protected Route)
DEBUG - 2025-10-08 13:04:43 --> Session: Class initialized using 'CodeIgniter\Session\Handlers\FileHandler' driver.
DEBUG - 2025-10-08 13:04:47 --> Session: Class initialized using 'CodeIgniter\Session\Handlers\FileHandler' driver.
DEBUG - 2025-10-08 13:04:50 --> Session: Class initialized using 'CodeIgniter\Session\Handlers\FileHandler' driver.
DEBUG - 2025-10-08 13:04:55 --> Session: Class initialized using 'CodeIgniter\Session\Handlers\FileHandler' driver.
DEBUG - 2025-10-08 13:04:55 --> Login attempt for username/email: PAT-251007-00042
DEBUG - 2025-10-08 13:04:55 --> User found, verifying password for: PAT-251007-00042
DEBUG - 2025-10-08 13:04:55 --> Password matched. Setting session for: PAT-251007-00042
DEBUG - 2025-10-08 13:04:55 --> Session: Class initialized using 'CodeIgniter\Session\Handlers\FileHandler' driver.
DEBUG - 2025-10-08 13:04:55 --> PatientAuthFilter: isLoggedIn=1, roleId=10 (Running on Protected Route)
DEBUG - 2025-10-08 13:04:56 --> Session: Class initialized using 'CodeIgniter\Session\Handlers\FileHandler' driver.
DEBUG - 2025-10-08 13:04:56 --> Session: Class initialized using 'CodeIgniter\Session\Handlers\FileHandler' driver.
DEBUG - 2025-10-08 13:04:56 --> PatientAuthFilter: isLoggedIn=1, roleId=10 (Running on Protected Route)
DEBUG - 2025-10-08 13:04:56 --> Session: Class initialized using 'CodeIgniter\Session\Handlers\FileHandler' driver.
DEBUG - 2025-10-08 13:04:56 --> Session: Class initialized using 'CodeIgniter\Session\Handlers\FileHandler' driver.
DEBUG - 2025-10-08 13:04:56 --> PatientAuthFilter: isLoggedIn=1, roleId=10 (Running on Protected Route)
DEBUG - 2025-10-08 13:04:56 --> Session: Class initialized using 'CodeIgniter\Session\Handlers\FileHandler' driver.
DEBUG - 2025-10-08 13:04:56 --> Session: Class initialized using 'CodeIgniter\Session\Handlers\FileHandler' driver.
DEBUG - 2025-10-08 13:04:56 --> PatientAuthFilter: isLoggedIn=1, roleId=10 (Running on Protected Route)
DEBUG - 2025-10-08 13:04:56 --> Session: Class initialized using 'CodeIgniter\Session\Handlers\FileHandler' driver.
DEBUG - 2025-10-08 13:04:56 --> Session: Class initialized using 'CodeIgniter\Session\Handlers\FileHandler' driver.
DEBUG - 2025-10-08 13:04:56 --> PatientAuthFilter: isLoggedIn=1, roleId=10 (Running on Protected Route)
DEBUG - 2025-10-08 13:04:56 --> Session: Class initialized using 'CodeIgniter\Session\Handlers\FileHandler' driver.
DEBUG - 2025-10-08 13:04:56 --> Session: Class initialized using 'CodeIgniter\Session\Handlers\FileHandler' driver.
DEBUG - 2025-10-08 13:04:56 --> PatientAuthFilter: isLoggedIn=1, roleId=10 (Running on Protected Route)
DEBUG - 2025-10-08 13:04:57 --> Session: Class initialized using 'CodeIgniter\Session\Handlers\FileHandler' driver.
DEBUG - 2025-10-08 13:04:57 --> Session: Class initialized using 'CodeIgniter\Session\Handlers\FileHandler' driver.
DEBUG - 2025-10-08 13:04:57 --> PatientAuthFilter: isLoggedIn=1, roleId=10 (Running on Protected Route)
DEBUG - 2025-10-08 13:04:57 --> Session: Class initialized using 'CodeIgniter\Session\Handlers\FileHandler' driver.
DEBUG - 2025-10-08 13:04:57 --> Session: Class initialized using 'CodeIgniter\Session\Handlers\FileHandler' driver.
DEBUG - 2025-10-08 13:04:57 --> PatientAuthFilter: isLoggedIn=1, roleId=10 (Running on Protected Route)
DEBUG - 2025-10-08 13:04:57 --> Session: Class initialized using 'CodeIgniter\Session\Handlers\FileHandler' driver.
DEBUG - 2025-10-08 13:04:57 --> Session: Class initialized using 'CodeIgniter\Session\Handlers\FileHandler' driver.
DEBUG - 2025-10-08 13:04:57 --> PatientAuthFilter: isLoggedIn=1, roleId=10 (Running on Protected Route)
DEBUG - 2025-10-08 13:04:57 --> Session: Class initialized using 'CodeIgniter\Session\Handlers\FileHandler' driver.
DEBUG - 2025-10-08 13:04:57 --> Session: Class initialized using 'CodeIgniter\Session\Handlers\FileHandler' driver.
DEBUG - 2025-10-08 13:04:57 --> PatientAuthFilter: isLoggedIn=1, roleId=10 (Running on Protected Route)
DEBUG - 2025-10-08 13:04:58 --> Session: Class initialized using 'CodeIgniter\Session\Handlers\FileHandler' driver.
DEBUG - 2025-10-08 13:04:58 --> PatientAuthFilter: isLoggedIn=1, roleId=10 (Running on Protected Route)
DEBUG - 2025-10-08 13:04:59 --> Session: Class initialized using 'CodeIgniter\Session\Handlers\FileHandler' driver.
DEBUG - 2025-10-08 13:04:59 --> Session: Class initialized using 'CodeIgniter\Session\Handlers\FileHandler' driver.
DEBUG - 2025-10-08 13:04:59 --> PatientAuthFilter: isLoggedIn=1, roleId=10 (Running on Protected Route)
DEBUG - 2025-10-08 13:04:59 --> Session: Class initialized using 'CodeIgniter\Session\Handlers\FileHandler' driver.
DEBUG - 2025-10-08 13:04:59 --> Session: Class initialized using 'CodeIgniter\Session\Handlers\FileHandler' driver.
DEBUG - 2025-10-08 13:04:59 --> PatientAuthFilter: isLoggedIn=1, roleId=10 (Running on Protected Route)
DEBUG - 2025-10-08 13:04:59 --> Session: Class initialized using 'CodeIgniter\Session\Handlers\FileHandler' driver.
DEBUG - 2025-10-08 13:04:59 --> Session: Class initialized using 'CodeIgniter\Session\Handlers\FileHandler' driver.
DEBUG - 2025-10-08 13:04:59 --> PatientAuthFilter: isLoggedIn=1, roleId=10 (Running on Protected Route)
DEBUG - 2025-10-08 13:04:59 --> Session: Class initialized using 'CodeIgniter\Session\Handlers\FileHandler' driver.
DEBUG - 2025-10-08 13:04:59 --> Session: Class initialized using 'CodeIgniter\Session\Handlers\FileHandler' driver.
DEBUG - 2025-10-08 13:04:59 --> PatientAuthFilter: isLoggedIn=1, roleId=10 (Running on Protected Route)
DEBUG - 2025-10-08 13:05:00 --> Session: Class initialized using 'CodeIgniter\Session\Handlers\FileHandler' driver.
DEBUG - 2025-10-08 13:05:00 --> Session: Class initialized using 'CodeIgniter\Session\Handlers\FileHandler' driver.
DEBUG - 2025-10-08 13:05:00 --> PatientAuthFilter: isLoggedIn=1, roleId=10 (Running on Protected Route)
DEBUG - 2025-10-08 13:05:00 --> Session: Class initialized using 'CodeIgniter\Session\Handlers\FileHandler' driver.
DEBUG - 2025-10-08 13:05:00 --> Session: Class initialized using 'CodeIgniter\Session\Handlers\FileHandler' driver.
DEBUG - 2025-10-08 13:05:00 --> PatientAuthFilter: isLoggedIn=1, roleId=10 (Running on Protected Route)
DEBUG - 2025-10-08 13:05:00 --> Session: Class initialized using 'CodeIgniter\Session\Handlers\FileHandler' driver.
DEBUG - 2025-10-08 13:05:00 --> Session: Class initialized using 'CodeIgniter\Session\Handlers\FileHandler' driver.
DEBUG - 2025-10-08 13:05:00 --> PatientAuthFilter: isLoggedIn=1, roleId=10 (Running on Protected Route)
DEBUG - 2025-10-08 13:05:00 --> Session: Class initialized using 'CodeIgniter\Session\Handlers\FileHandler' driver.
DEBUG - 2025-10-08 13:05:00 --> Session: Class initialized using 'CodeIgniter\Session\Handlers\FileHandler' driver.
DEBUG - 2025-10-08 13:05:00 --> PatientAuthFilter: isLoggedIn=1, roleId=10 (Running on Protected Route)
DEBUG - 2025-10-08 13:05:01 --> Session: Class initialized using 'CodeIgniter\Session\Handlers\FileHandler' driver.
DEBUG - 2025-10-08 13:05:01 --> Session: Class initialized using 'CodeIgniter\Session\Handlers\FileHandler' driver.
DEBUG - 2025-10-08 13:05:01 --> PatientAuthFilter: isLoggedIn=1, roleId=10 (Running on Protected Route)
DEBUG - 2025-10-08 13:05:01 --> Session: Class initialized using 'CodeIgniter\Session\Handlers\FileHandler' driver.
DEBUG - 2025-10-08 13:05:06 --> Session: Class initialized using 'CodeIgniter\Session\Handlers\FileHandler' driver.
DEBUG - 2025-10-08 13:05:06 --> Session: Class initialized using 'CodeIgniter\Session\Handlers\FileHandler' driver.
DEBUG - 2025-10-08 13:05:06 --> PatientAuthFilter: isLoggedIn=1, roleId=10 (Running on Protected Route)
DEBUG - 2025-10-08 13:05:06 --> Session: Class initialized using 'CodeIgniter\Session\Handlers\FileHandler' driver.
DEBUG - 2025-10-08 13:05:06 --> Session: Class initialized using 'CodeIgniter\Session\Handlers\FileHandler' driver.
DEBUG - 2025-10-08 13:05:06 --> PatientAuthFilter: isLoggedIn=1, roleId=10 (Running on Protected Route)
DEBUG - 2025-10-08 13:05:06 --> Session: Class initialized using 'CodeIgniter\Session\Handlers\FileHandler' driver.
DEBUG - 2025-10-08 13:05:06 --> Session: Class initialized using 'CodeIgniter\Session\Handlers\FileHandler' driver.
DEBUG - 2025-10-08 13:05:06 --> PatientAuthFilter: isLoggedIn=1, roleId=10 (Running on Protected Route)
DEBUG - 2025-10-08 13:05:07 --> Session: Class initialized using 'CodeIgniter\Session\Handlers\FileHandler' driver.
DEBUG - 2025-10-08 13:05:07 --> Session: Class initialized using 'CodeIgniter\Session\Handlers\FileHandler' driver.
DEBUG - 2025-10-08 13:05:07 --> PatientAuthFilter: isLoggedIn=1, roleId=10 (Running on Protected Route)
DEBUG - 2025-10-08 13:05:07 --> Session: Class initialized using 'CodeIgniter\Session\Handlers\FileHandler' driver.
DEBUG - 2025-10-08 13:05:07 --> Session: Class initialized using 'CodeIgniter\Session\Handlers\FileHandler' driver.
DEBUG - 2025-10-08 13:05:07 --> PatientAuthFilter: isLoggedIn=1, roleId=10 (Running on Protected Route)
DEBUG - 2025-10-08 13:05:07 --> Session: Class initialized using 'CodeIgniter\Session\Handlers\FileHandler' driver.
DEBUG - 2025-10-08 13:05:07 --> Session: Class initialized using 'CodeIgniter\Session\Handlers\FileHandler' driver.
DEBUG - 2025-10-08 13:05:07 --> PatientAuthFilter: isLoggedIn=1, roleId=10 (Running on Protected Route)
DEBUG - 2025-10-08 13:05:07 --> Session: Class initialized using 'CodeIgniter\Session\Handlers\FileHandler' driver.
DEBUG - 2025-10-08 13:05:07 --> Session: Class initialized using 'CodeIgniter\Session\Handlers\FileHandler' driver.
DEBUG - 2025-10-08 13:05:07 --> PatientAuthFilter: isLoggedIn=1, roleId=10 (Running on Protected Route)
DEBUG - 2025-10-08 13:05:08 --> Session: Class initialized using 'CodeIgniter\Session\Handlers\FileHandler' driver.
DEBUG - 2025-10-08 13:05:08 --> Session: Class initialized using 'CodeIgniter\Session\Handlers\FileHandler' driver.
DEBUG - 2025-10-08 13:05:08 --> PatientAuthFilter: isLoggedIn=1, roleId=10 (Running on Protected Route)
DEBUG - 2025-10-08 13:05:08 --> Session: Class initialized using 'CodeIgniter\Session\Handlers\FileHandler' driver.
DEBUG - 2025-10-08 13:05:08 --> Session: Class initialized using 'CodeIgniter\Session\Handlers\FileHandler' driver.
DEBUG - 2025-10-08 13:05:08 --> PatientAuthFilter: isLoggedIn=1, roleId=10 (Running on Protected Route)
DEBUG - 2025-10-08 13:05:08 --> Session: Class initialized using 'CodeIgniter\Session\Handlers\FileHandler' driver.
DEBUG - 2025-10-08 13:05:08 --> Session: Class initialized using 'CodeIgniter\Session\Handlers\FileHandler' driver.
DEBUG - 2025-10-08 13:05:08 --> PatientAuthFilter: isLoggedIn=1, roleId=10 (Running on Protected Route)
DEBUG - 2025-10-08 13:05:38 --> Session: Class initialized using 'CodeIgniter\Session\Handlers\FileHandler' driver.
DEBUG - 2025-10-08 13:05:38 --> PatientAuthFilter: isLoggedIn=1, roleId=10 (Running on Protected Route)
DEBUG - 2025-10-08 13:05:39 --> Session: Class initialized using 'CodeIgniter\Session\Handlers\FileHandler' driver.
DEBUG - 2025-10-08 13:05:39 --> Session: Class initialized using 'CodeIgniter\Session\Handlers\FileHandler' driver.
DEBUG - 2025-10-08 13:05:39 --> PatientAuthFilter: isLoggedIn=1, roleId=10 (Running on Protected Route)
DEBUG - 2025-10-08 13:05:39 --> Session: Class initialized using 'CodeIgniter\Session\Handlers\FileHandler' driver.
DEBUG - 2025-10-08 13:05:39 --> Session: Class initialized using 'CodeIgniter\Session\Handlers\FileHandler' driver.
DEBUG - 2025-10-08 13:05:39 --> PatientAuthFilter: isLoggedIn=1, roleId=10 (Running on Protected Route)
DEBUG - 2025-10-08 13:05:39 --> Session: Class initialized using 'CodeIgniter\Session\Handlers\FileHandler' driver.
DEBUG - 2025-10-08 13:05:39 --> Session: Class initialized using 'CodeIgniter\Session\Handlers\FileHandler' driver.
DEBUG - 2025-10-08 13:05:39 --> PatientAuthFilter: isLoggedIn=1, roleId=10 (Running on Protected Route)
DEBUG - 2025-10-08 13:05:39 --> Session: Class initialized using 'CodeIgniter\Session\Handlers\FileHandler' driver.
DEBUG - 2025-10-08 13:05:39 --> Session: Class initialized using 'CodeIgniter\Session\Handlers\FileHandler' driver.
DEBUG - 2025-10-08 13:05:39 --> PatientAuthFilter: isLoggedIn=1, roleId=10 (Running on Protected Route)
DEBUG - 2025-10-08 13:05:39 --> Session: Class initialized using 'CodeIgniter\Session\Handlers\FileHandler' driver.
DEBUG - 2025-10-08 13:05:39 --> Session: Class initialized using 'CodeIgniter\Session\Handlers\FileHandler' driver.
DEBUG - 2025-10-08 13:05:39 --> PatientAuthFilter: isLoggedIn=1, roleId=10 (Running on Protected Route)
DEBUG - 2025-10-08 13:05:40 --> Session: Class initialized using 'CodeIgniter\Session\Handlers\FileHandler' driver.
DEBUG - 2025-10-08 13:05:40 --> Session: Class initialized using 'CodeIgniter\Session\Handlers\FileHandler' driver.
DEBUG - 2025-10-08 13:05:40 --> PatientAuthFilter: isLoggedIn=1, roleId=10 (Running on Protected Route)
DEBUG - 2025-10-08 13:05:40 --> Session: Class initialized using 'CodeIgniter\Session\Handlers\FileHandler' driver.
DEBUG - 2025-10-08 13:05:40 --> Session: Class initialized using 'CodeIgniter\Session\Handlers\FileHandler' driver.
DEBUG - 2025-10-08 13:05:40 --> PatientAuthFilter: isLoggedIn=1, roleId=10 (Running on Protected Route)
DEBUG - 2025-10-08 13:05:40 --> Session: Class initialized using 'CodeIgniter\Session\Handlers\FileHandler' driver.
DEBUG - 2025-10-08 13:05:40 --> Session: Class initialized using 'CodeIgniter\Session\Handlers\FileHandler' driver.
DEBUG - 2025-10-08 13:05:40 --> PatientAuthFilter: isLoggedIn=1, roleId=10 (Running on Protected Route)
DEBUG - 2025-10-08 13:05:40 --> Session: Class initialized using 'CodeIgniter\Session\Handlers\FileHandler' driver.
DEBUG - 2025-10-08 13:05:40 --> Session: Class initialized using 'CodeIgniter\Session\Handlers\FileHandler' driver.
DEBUG - 2025-10-08 13:05:40 --> PatientAuthFilter: isLoggedIn=1, roleId=10 (Running on Protected Route)
DEBUG - 2025-10-08 13:05:40 --> Session: Class initialized using 'CodeIgniter\Session\Handlers\FileHandler' driver.
DEBUG - 2025-10-08 13:06:40 --> Session: Class initialized using 'CodeIgniter\Session\Handlers\FileHandler' driver.
DEBUG - 2025-10-08 13:06:40 --> Session: Class initialized using 'CodeIgniter\Session\Handlers\FileHandler' driver.
DEBUG - 2025-10-08 13:06:40 --> PatientAuthFilter: isLoggedIn=1, roleId=10 (Running on Protected Route)
DEBUG - 2025-10-08 13:06:40 --> Session: Class initialized using 'CodeIgniter\Session\Handlers\FileHandler' driver.
DEBUG - 2025-10-08 13:06:58 --> Session: Class initialized using 'CodeIgniter\Session\Handlers\FileHandler' driver.
DEBUG - 2025-10-08 13:08:21 --> Session: Class initialized using 'CodeIgniter\Session\Handlers\FileHandler' driver.
DEBUG - 2025-10-08 13:15:05 --> Session: Class initialized using 'CodeIgniter\Session\Handlers\FileHandler' driver.
DEBUG - 2025-10-08 13:15:14 --> PatientAuthFilter: Attempting to process URI: /hms_ram/index.php/patient-portal/dashboard
DEBUG - 2025-10-08 13:15:14 --> Session: Class initialized using 'CodeIgniter\Session\Handlers\FileHandler' driver.
DEBUG - 2025-10-08 13:15:14 --> PatientAuthFilter: Authentication check successful. isLoggedIn=1, roleId=10.
ERROR - 2025-10-08 13:15:14 --> mysqli_sql_exception: Unknown column 'user_id' in 'where clause' in C:\xampp\htdocs\hms_ram\system\Database\MySQLi\Connection.php:327
Stack trace:
#0 C:\xampp\htdocs\hms_ram\system\Database\MySQLi\Connection.php(327): mysqli->query('SELECT *\nFROM `...', 0)
#1 C:\xampp\htdocs\hms_ram\system\Database\BaseConnection.php(738): CodeIgniter\Database\MySQLi\Connection->execute('SELECT *\nFROM `...')
#2 C:\xampp\htdocs\hms_ram\system\Database\BaseConnection.php(652): CodeIgniter\Database\BaseConnection->simpleQuery('SELECT *\nFROM `...')
#3 C:\xampp\htdocs\hms_ram\system\Database\BaseBuilder.php(1649): CodeIgniter\Database\BaseConnection->query('SELECT *\nFROM `...', Array, false)
#4 C:\xampp\htdocs\hms_ram\system\Model.php(330): CodeIgniter\Database\BaseBuilder->get()
#5 C:\xampp\htdocs\hms_ram\system\BaseModel.php(717): CodeIgniter\Model->doFirst()
#6 C:\xampp\htdocs\hms_ram\app\Controllers\Patient_portal\PatientPortalController.php(93): CodeIgniter\BaseModel->first()
#7 C:\xampp\htdocs\hms_ram\system\CodeIgniter.php(933): App\Controllers\Patient_portal\PatientPortalController->dashboard()
#8 C:\xampp\htdocs\hms_ram\system\CodeIgniter.php(507): CodeIgniter\CodeIgniter->runController(Object(App\Controllers\Patient_portal\PatientPortalController))
#9 C:\xampp\htdocs\hms_ram\system\CodeIgniter.php(354): CodeIgniter\CodeIgniter->handleRequest(NULL, Object(Config\Cache), false)
#10 C:\xampp\htdocs\hms_ram\system\Boot.php(334): CodeIgniter\CodeIgniter->run()
#11 C:\xampp\htdocs\hms_ram\system\Boot.php(67): CodeIgniter\Boot::runCodeIgniter(Object(CodeIgniter\CodeIgniter))
#12 C:\xampp\htdocs\hms_ram\index.php(46): CodeIgniter\Boot::bootWeb(Object(Config\Paths))
#13 {main}
CRITICAL - 2025-10-08 13:15:14 --> CodeIgniter\Database\Exceptions\DatabaseException: Unknown column 'user_id' in 'where clause'
[Method: GET, Route: patient-portal/dashboard]
in SYSTEMPATH\Database\BaseConnection.php on line 692.
 1 SYSTEMPATH\Database\BaseBuilder.php(1649): CodeIgniter\Database\BaseConnection->query('SELECT *
FROM `patients`
WHERE `user_id` = :user_id:
 LIMIT 1', [...], false)
 2 SYSTEMPATH\Model.php(330): CodeIgniter\Database\BaseBuilder->get()
 3 SYSTEMPATH\BaseModel.php(717): CodeIgniter\Model->doFirst()
 4 APPPATH\Controllers\Patient_portal\PatientPortalController.php(93): CodeIgniter\BaseModel->first()
 5 SYSTEMPATH\CodeIgniter.php(933): App\Controllers\Patient_portal\PatientPortalController->dashboard()
 6 SYSTEMPATH\CodeIgniter.php(507): CodeIgniter\CodeIgniter->runController(Object(App\Controllers\Patient_portal\PatientPortalController))
 7 SYSTEMPATH\CodeIgniter.php(354): CodeIgniter\CodeIgniter->handleRequest(null, Object(Config\Cache), false)
 8 SYSTEMPATH\Boot.php(334): CodeIgniter\CodeIgniter->run()
 9 SYSTEMPATH\Boot.php(67): CodeIgniter\Boot::runCodeIgniter(Object(CodeIgniter\CodeIgniter))
10 FCPATH\index.php(46): CodeIgniter\Boot::bootWeb(Object(Config\Paths))
CRITICAL - 2025-10-08 13:15:14 --> [Caused by] CodeIgniter\Database\Exceptions\DatabaseException: Unknown column 'user_id' in 'where clause'
in SYSTEMPATH\Database\MySQLi\Connection.php on line 332.
 1 SYSTEMPATH\Database\BaseConnection.php(738): CodeIgniter\Database\MySQLi\Connection->execute('SELECT *
FROM `patients`
WHERE `user_id` = \'31\'
 LIMIT 1')
 2 SYSTEMPATH\Database\BaseConnection.php(652): CodeIgniter\Database\BaseConnection->simpleQuery('SELECT *
FROM `patients`
WHERE `user_id` = \'31\'
 LIMIT 1')
 3 SYSTEMPATH\Database\BaseBuilder.php(1649): CodeIgniter\Database\BaseConnection->query('SELECT *
FROM `patients`
WHERE `user_id` = :user_id:
 LIMIT 1', [...], false)
 4 SYSTEMPATH\Model.php(330): CodeIgniter\Database\BaseBuilder->get()
 5 SYSTEMPATH\BaseModel.php(717): CodeIgniter\Model->doFirst()
 6 APPPATH\Controllers\Patient_portal\PatientPortalController.php(93): CodeIgniter\BaseModel->first()
 7 SYSTEMPATH\CodeIgniter.php(933): App\Controllers\Patient_portal\PatientPortalController->dashboard()
 8 SYSTEMPATH\CodeIgniter.php(507): CodeIgniter\CodeIgniter->runController(Object(App\Controllers\Patient_portal\PatientPortalController))
 9 SYSTEMPATH\CodeIgniter.php(354): CodeIgniter\CodeIgniter->handleRequest(null, Object(Config\Cache), false)
10 SYSTEMPATH\Boot.php(334): CodeIgniter\CodeIgniter->run()
11 SYSTEMPATH\Boot.php(67): CodeIgniter\Boot::runCodeIgniter(Object(CodeIgniter\CodeIgniter))
12 FCPATH\index.php(46): CodeIgniter\Boot::bootWeb(Object(Config\Paths))
CRITICAL - 2025-10-08 13:15:14 --> [Caused by] mysqli_sql_exception: Unknown column 'user_id' in 'where clause'
in SYSTEMPATH\Database\MySQLi\Connection.php on line 327.
 1 SYSTEMPATH\Database\MySQLi\Connection.php(327): mysqli->query('SELECT *
FROM `patients`
WHERE `user_id` = \'31\'
 LIMIT 1', 0)
 2 SYSTEMPATH\Database\BaseConnection.php(738): CodeIgniter\Database\MySQLi\Connection->execute('SELECT *
FROM `patients`
WHERE `user_id` = \'31\'
 LIMIT 1')
 3 SYSTEMPATH\Database\BaseConnection.php(652): CodeIgniter\Database\BaseConnection->simpleQuery('SELECT *
FROM `patients`
WHERE `user_id` = \'31\'
 LIMIT 1')
 4 SYSTEMPATH\Database\BaseBuilder.php(1649): CodeIgniter\Database\BaseConnection->query('SELECT *
FROM `patients`
WHERE `user_id` = :user_id:
 LIMIT 1', [...], false)
 5 SYSTEMPATH\Model.php(330): CodeIgniter\Database\BaseBuilder->get()
 6 SYSTEMPATH\BaseModel.php(717): CodeIgniter\Model->doFirst()
 7 APPPATH\Controllers\Patient_portal\PatientPortalController.php(93): CodeIgniter\BaseModel->first()
 8 SYSTEMPATH\CodeIgniter.php(933): App\Controllers\Patient_portal\PatientPortalController->dashboard()
 9 SYSTEMPATH\CodeIgniter.php(507): CodeIgniter\CodeIgniter->runController(Object(App\Controllers\Patient_portal\PatientPortalController))
10 SYSTEMPATH\CodeIgniter.php(354): CodeIgniter\CodeIgniter->handleRequest(null, Object(Config\Cache), false)
11 SYSTEMPATH\Boot.php(334): CodeIgniter\CodeIgniter->run()
12 SYSTEMPATH\Boot.php(67): CodeIgniter\Boot::runCodeIgniter(Object(CodeIgniter\CodeIgniter))
13 FCPATH\index.php(46): CodeIgniter\Boot::bootWeb(Object(Config\Paths))
DEBUG - 2025-10-08 13:25:07 --> Session: Class initialized using 'CodeIgniter\Session\Handlers\FileHandler' driver.
DEBUG - 2025-10-08 13:25:09 --> PatientAuthFilter: Attempting to process URI: /hms_ram/index.php/patient-portal/dashboard
DEBUG - 2025-10-08 13:25:09 --> Session: Class initialized using 'CodeIgniter\Session\Handlers\FileHandler' driver.
DEBUG - 2025-10-08 13:25:09 --> PatientAuthFilter: Authentication check successful. isLoggedIn=1, roleId=10.
INFO - 2025-10-08 13:25:09 --> PatientDashboard - Attempting to recover missing patient_id using patient_id_code: PAT-251007-00042
CRITICAL - 2025-10-08 13:25:09 --> ErrorException: Undefined property: App\Controllers\Patient_portal\PatientPortalController::$patientModel
[Method: GET, Route: patient-portal/dashboard]
in APPPATH\Controllers\Patient_portal\PatientPortalController.php on line 45.
 1 APPPATH\Controllers\Patient_portal\PatientPortalController.php(45): CodeIgniter\Debug\Exceptions->errorHandler(2, 'Undefined property: App\\Controllers\\Patient_portal\\PatientPortalController::$patientModel', 'C:\\xampp\\htdocs\\hms_ram\\app\\Controllers\\Patient_portal\\PatientPortalController.php', 45)
 2 SYSTEMPATH\CodeIgniter.php(933): App\Controllers\Patient_portal\PatientPortalController->dashboard()
 3 SYSTEMPATH\CodeIgniter.php(507): CodeIgniter\CodeIgniter->runController(Object(App\Controllers\Patient_portal\PatientPortalController))
 4 SYSTEMPATH\CodeIgniter.php(354): CodeIgniter\CodeIgniter->handleRequest(null, Object(Config\Cache), false)
 5 SYSTEMPATH\Boot.php(334): CodeIgniter\CodeIgniter->run()
 6 SYSTEMPATH\Boot.php(67): CodeIgniter\Boot::runCodeIgniter(Object(CodeIgniter\CodeIgniter))
 7 FCPATH\index.php(46): CodeIgniter\Boot::bootWeb(Object(Config\Paths))
DEBUG - 2025-10-08 13:25:20 --> Session: Class initialized using 'CodeIgniter\Session\Handlers\FileHandler' driver.
DEBUG - 2025-10-08 13:25:23 --> Session: Class initialized using 'CodeIgniter\Session\Handlers\FileHandler' driver.
DEBUG - 2025-10-08 13:25:28 --> Session: Class initialized using 'CodeIgniter\Session\Handlers\FileHandler' driver.
DEBUG - 2025-10-08 13:25:32 --> Session: Class initialized using 'CodeIgniter\Session\Handlers\FileHandler' driver.
DEBUG - 2025-10-08 13:25:34 --> Session: Class initialized using 'CodeIgniter\Session\Handlers\FileHandler' driver.
DEBUG - 2025-10-08 13:25:36 --> PatientAuthFilter: Attempting to process URI: /hms_ram/index.php/patient-portal/dashboard
DEBUG - 2025-10-08 13:25:36 --> Session: Class initialized using 'CodeIgniter\Session\Handlers\FileHandler' driver.
DEBUG - 2025-10-08 13:25:36 --> PatientAuthFilter: Authentication check successful. isLoggedIn=1, roleId=10.
INFO - 2025-10-08 13:25:36 --> PatientDashboard - Attempting to recover missing patient_id using patient_id_code: PAT-251007-00042
INFO - 2025-10-08 13:25:36 --> PatientDashboard - Recovered missing patient_id: 47
CRITICAL - 2025-10-08 13:25:36 --> ErrorException: Undefined property: App\Controllers\Patient_portal\PatientPortalController::$appointmentModel
[Method: GET, Route: patient-portal/dashboard]
in APPPATH\Controllers\Patient_portal\PatientPortalController.php on line 76.
 1 APPPATH\Controllers\Patient_portal\PatientPortalController.php(76): CodeIgniter\Debug\Exceptions->errorHandler(2, 'Undefined property: App\\Controllers\\Patient_portal\\PatientPortalController::$appointmentModel', 'C:\\xampp\\htdocs\\hms_ram\\app\\Controllers\\Patient_portal\\PatientPortalController.php', 76)
 2 SYSTEMPATH\CodeIgniter.php(933): App\Controllers\Patient_portal\PatientPortalController->dashboard()
 3 SYSTEMPATH\CodeIgniter.php(507): CodeIgniter\CodeIgniter->runController(Object(App\Controllers\Patient_portal\PatientPortalController))
 4 SYSTEMPATH\CodeIgniter.php(354): CodeIgniter\CodeIgniter->handleRequest(null, Object(Config\Cache), false)
 5 SYSTEMPATH\Boot.php(334): CodeIgniter\CodeIgniter->run()
 6 SYSTEMPATH\Boot.php(67): CodeIgniter\Boot::runCodeIgniter(Object(CodeIgniter\CodeIgniter))
 7 FCPATH\index.php(46): CodeIgniter\Boot::bootWeb(Object(Config\Paths))
DEBUG - 2025-10-08 13:25:42 --> Session: Class initialized using 'CodeIgniter\Session\Handlers\FileHandler' driver.
DEBUG - 2025-10-08 13:25:52 --> PatientAuthFilter: Attempting to process URI: /hms_ram/index.php/patient-portal/dashboard
DEBUG - 2025-10-08 13:25:52 --> Session: Class initialized using 'CodeIgniter\Session\Handlers\FileHandler' driver.
DEBUG - 2025-10-08 13:25:52 --> PatientAuthFilter: Authentication check successful. isLoggedIn=1, roleId=10.
CRITICAL - 2025-10-08 13:25:52 --> ErrorException: Undefined property: App\Controllers\Patient_portal\PatientPortalController::$patientModel
[Method: GET, Route: patient-portal/dashboard]
in APPPATH\Controllers\Patient_portal\PatientPortalController.php on line 66.
 1 APPPATH\Controllers\Patient_portal\PatientPortalController.php(66): CodeIgniter\Debug\Exceptions->errorHandler(2, 'Undefined property: App\\Controllers\\Patient_portal\\PatientPortalController::$patientModel', 'C:\\xampp\\htdocs\\hms_ram\\app\\Controllers\\Patient_portal\\PatientPortalController.php', 66)
 2 SYSTEMPATH\CodeIgniter.php(933): App\Controllers\Patient_portal\PatientPortalController->dashboard()
 3 SYSTEMPATH\CodeIgniter.php(507): CodeIgniter\CodeIgniter->runController(Object(App\Controllers\Patient_portal\PatientPortalController))
 4 SYSTEMPATH\CodeIgniter.php(354): CodeIgniter\CodeIgniter->handleRequest(null, Object(Config\Cache), false)
 5 SYSTEMPATH\Boot.php(334): CodeIgniter\CodeIgniter->run()
 6 SYSTEMPATH\Boot.php(67): CodeIgniter\Boot::runCodeIgniter(Object(CodeIgniter\CodeIgniter))
 7 FCPATH\index.php(46): CodeIgniter\Boot::bootWeb(Object(Config\Paths))
DEBUG - 2025-10-08 13:26:50 --> Session: Class initialized using 'CodeIgniter\Session\Handlers\FileHandler' driver.
DEBUG - 2025-10-08 13:26:57 --> PatientAuthFilter: Attempting to process URI: /hms_ram/index.php/patient-portal/dashboard
DEBUG - 2025-10-08 13:26:57 --> Session: Class initialized using 'CodeIgniter\Session\Handlers\FileHandler' driver.
DEBUG - 2025-10-08 13:26:57 --> PatientAuthFilter: Authentication check successful. isLoggedIn=1, roleId=10.
CRITICAL - 2025-10-08 13:26:57 --> Error: Class "App\Models\DiagnosticsOrderModel" not found
[Method: GET, Route: patient-portal/dashboard]
in APPPATH\Controllers\Patient_portal\PatientPortalController.php on line 25.
 1 SYSTEMPATH\CodeIgniter.php(903): App\Controllers\Patient_portal\PatientPortalController->__construct()
 2 SYSTEMPATH\CodeIgniter.php(498): CodeIgniter\CodeIgniter->createController()
 3 SYSTEMPATH\CodeIgniter.php(354): CodeIgniter\CodeIgniter->handleRequest(null, Object(Config\Cache), false)
 4 SYSTEMPATH\Boot.php(334): CodeIgniter\CodeIgniter->run()
 5 SYSTEMPATH\Boot.php(67): CodeIgniter\Boot::runCodeIgniter(Object(CodeIgniter\CodeIgniter))
 6 FCPATH\index.php(46): CodeIgniter\Boot::bootWeb(Object(Config\Paths))
DEBUG - 2025-10-08 13:27:34 --> Session: Class initialized using 'CodeIgniter\Session\Handlers\FileHandler' driver.
DEBUG - 2025-10-08 13:27:35 --> PatientAuthFilter: Attempting to process URI: /hms_ram/index.php/patient-portal/dashboard
DEBUG - 2025-10-08 13:27:35 --> Session: Class initialized using 'CodeIgniter\Session\Handlers\FileHandler' driver.
DEBUG - 2025-10-08 13:27:35 --> PatientAuthFilter: Authentication check successful. isLoggedIn=1, roleId=10.
CRITICAL - 2025-10-08 13:27:35 --> Error: Class "App\Models\LabOrderModel" not found
[Method: GET, Route: patient-portal/dashboard]
in APPPATH\Controllers\Patient_portal\PatientPortalController.php on line 26.
 1 SYSTEMPATH\CodeIgniter.php(903): App\Controllers\Patient_portal\PatientPortalController->__construct()
 2 SYSTEMPATH\CodeIgniter.php(498): CodeIgniter\CodeIgniter->createController()
 3 SYSTEMPATH\CodeIgniter.php(354): CodeIgniter\CodeIgniter->handleRequest(null, Object(Config\Cache), false)
 4 SYSTEMPATH\Boot.php(334): CodeIgniter\CodeIgniter->run()
 5 SYSTEMPATH\Boot.php(67): CodeIgniter\Boot::runCodeIgniter(Object(CodeIgniter\CodeIgniter))
 6 FCPATH\index.php(46): CodeIgniter\Boot::bootWeb(Object(Config\Paths))
DEBUG - 2025-10-08 13:28:14 --> Session: Class initialized using 'CodeIgniter\Session\Handlers\FileHandler' driver.
DEBUG - 2025-10-08 13:28:14 --> PatientAuthFilter: Attempting to process URI: /hms_ram/index.php/patient-portal/dashboard
DEBUG - 2025-10-08 13:28:14 --> Session: Class initialized using 'CodeIgniter\Session\Handlers\FileHandler' driver.
DEBUG - 2025-10-08 13:28:14 --> PatientAuthFilter: Authentication check successful. isLoggedIn=1, roleId=10.
DEBUG - 2025-10-08 13:28:26 --> Session: Class initialized using 'CodeIgniter\Session\Handlers\FileHandler' driver.
DEBUG - 2025-10-08 13:28:26 --> Session: Class initialized using 'CodeIgniter\Session\Handlers\FileHandler' driver.
DEBUG - 2025-10-08 13:28:27 --> Session: Class initialized using 'CodeIgniter\Session\Handlers\FileHandler' driver.
DEBUG - 2025-10-08 13:28:31 --> Session: Class initialized using 'CodeIgniter\Session\Handlers\FileHandler' driver.
DEBUG - 2025-10-08 13:28:40 --> Session: Class initialized using 'CodeIgniter\Session\Handlers\FileHandler' driver.
DEBUG - 2025-10-08 13:28:40 --> Session: Class initialized using 'CodeIgniter\Session\Handlers\FileHandler' driver.
DEBUG - 2025-10-08 13:28:42 --> Session: Class initialized using 'CodeIgniter\Session\Handlers\FileHandler' driver.
DEBUG - 2025-10-08 13:28:42 --> Login attempt for username/email: admin
DEBUG - 2025-10-08 13:28:42 --> User found, verifying password for: admin
DEBUG - 2025-10-08 13:28:42 --> Password matched. Setting session for: admin
DEBUG - 2025-10-08 13:28:43 --> Session: Class initialized using 'CodeIgniter\Session\Handlers\FileHandler' driver.
DEBUG - 2025-10-08 13:28:47 --> Session: Class initialized using 'CodeIgniter\Session\Handlers\FileHandler' driver.
DEBUG - 2025-10-08 13:29:12 --> Session: Class initialized using 'CodeIgniter\Session\Handlers\FileHandler' driver.
DEBUG - 2025-10-08 13:29:12 --> Login attempt for username/email: PAT-251007-00042
DEBUG - 2025-10-08 13:29:12 --> User found, verifying password for: PAT-251007-00042
DEBUG - 2025-10-08 13:29:12 --> Password matched. Setting session for: PAT-251007-00042
DEBUG - 2025-10-08 13:29:12 --> PatientAuthFilter: Attempting to process URI: /hms_ram/index.php/patient-portal/dashboard
DEBUG - 2025-10-08 13:29:12 --> Session: Class initialized using 'CodeIgniter\Session\Handlers\FileHandler' driver.
DEBUG - 2025-10-08 13:29:12 --> PatientAuthFilter: Authentication check successful. isLoggedIn=1, roleId=10.
INFO - 2025-10-08 13:29:12 --> PatientDashboard - Attempting to recover missing patient_id using patient_id_code: PAT-251007-00042
INFO - 2025-10-08 13:29:12 --> PatientDashboard - Recovered missing patient_id: 47
DEBUG - 2025-10-08 13:29:21 --> Session: Class initialized using 'CodeIgniter\Session\Handlers\FileHandler' driver.
DEBUG - 2025-10-08 13:29:21 --> Session: Class initialized using 'CodeIgniter\Session\Handlers\FileHandler' driver.
DEBUG - 2025-10-08 13:29:53 --> Session: Class initialized using 'CodeIgniter\Session\Handlers\FileHandler' driver.
DEBUG - 2025-10-08 13:29:53 --> Login attempt for username/email: PAT-251007-00041
DEBUG - 2025-10-08 13:29:53 --> User found, verifying password for: PAT-251007-00041
DEBUG - 2025-10-08 13:29:53 --> Password mismatch for: PAT-251007-00041
DEBUG - 2025-10-08 13:29:53 --> Session: Class initialized using 'CodeIgniter\Session\Handlers\FileHandler' driver.
DEBUG - 2025-10-08 13:30:08 --> Session: Class initialized using 'CodeIgniter\Session\Handlers\FileHandler' driver.
DEBUG - 2025-10-08 13:30:08 --> Login attempt for username/email: PAT-251007-00041
DEBUG - 2025-10-08 13:30:08 --> User found, verifying password for: PAT-251007-00041
DEBUG - 2025-10-08 13:30:08 --> Password mismatch for: PAT-251007-00041
DEBUG - 2025-10-08 13:30:08 --> Session: Class initialized using 'CodeIgniter\Session\Handlers\FileHandler' driver.
DEBUG - 2025-10-08 13:31:16 --> Session: Class initialized using 'CodeIgniter\Session\Handlers\FileHandler' driver.
DEBUG - 2025-10-08 13:31:16 --> Login attempt for username/email: PAT-251007-00041
DEBUG - 2025-10-08 13:31:16 --> User found, verifying password for: PAT-251007-00041
DEBUG - 2025-10-08 13:31:16 --> Password matched. Setting session for: PAT-251007-00041
DEBUG - 2025-10-08 13:31:17 --> PatientAuthFilter: Attempting to process URI: /hms_ram/index.php/patient-portal/dashboard
DEBUG - 2025-10-08 13:31:17 --> Session: Class initialized using 'CodeIgniter\Session\Handlers\FileHandler' driver.
DEBUG - 2025-10-08 13:31:17 --> PatientAuthFilter: Authentication check successful. isLoggedIn=1, roleId=10.
INFO - 2025-10-08 13:31:17 --> PatientDashboard - Attempting to recover missing patient_id using patient_id_code: PAT-251007-00041
INFO - 2025-10-08 13:31:17 --> PatientDashboard - Recovered missing patient_id: 46
DEBUG - 2025-10-08 13:31:20 --> Session: Class initialized using 'CodeIgniter\Session\Handlers\FileHandler' driver.
DEBUG - 2025-10-08 13:31:20 --> Session: Class initialized using 'CodeIgniter\Session\Handlers\FileHandler' driver.
DEBUG - 2025-10-08 13:31:21 --> Session: Class initialized using 'CodeIgniter\Session\Handlers\FileHandler' driver.
DEBUG - 2025-10-08 13:31:45 --> Session: Class initialized using 'CodeIgniter\Session\Handlers\FileHandler' driver.
DEBUG - 2025-10-08 13:31:45 --> Login attempt for username/email: PAT-251007-00042
DEBUG - 2025-10-08 13:31:45 --> User found, verifying password for: PAT-251007-00042
DEBUG - 2025-10-08 13:31:45 --> Password matched. Setting session for: PAT-251007-00042
DEBUG - 2025-10-08 13:31:45 --> PatientAuthFilter: Attempting to process URI: /hms_ram/index.php/patient-portal/dashboard
DEBUG - 2025-10-08 13:31:45 --> Session: Class initialized using 'CodeIgniter\Session\Handlers\FileHandler' driver.
DEBUG - 2025-10-08 13:31:45 --> PatientAuthFilter: Authentication check successful. isLoggedIn=1, roleId=10.
INFO - 2025-10-08 13:31:45 --> PatientDashboard - Attempting to recover missing patient_id using patient_id_code: PAT-251007-00042
INFO - 2025-10-08 13:31:45 --> PatientDashboard - Recovered missing patient_id: 47
