DEBUG - 2025-09-10 03:58:37 --> Session: Class initialized using 'CodeIgniter\Session\Handlers\FileHandler' driver.
DEBUG - 2025-09-10 03:58:42 --> Session: Class initialized using 'CodeIgniter\Session\Handlers\FileHandler' driver.
DEBUG - 2025-09-10 03:58:42 --> Session: Class initialized using 'CodeIgniter\Session\Handlers\FileHandler' driver.
DEBUG - 2025-09-10 03:58:44 --> Session: Class initialized using 'CodeIgniter\Session\Handlers\FileHandler' driver.
DEBUG - 2025-09-10 03:58:45 --> Session: Class initialized using 'CodeIgniter\Session\Handlers\FileHandler' driver.
DEBUG - 2025-09-10 03:58:49 --> Session: Class initialized using 'CodeIgniter\Session\Handlers\FileHandler' driver.
DEBUG - 2025-09-10 03:59:13 --> Session: Class initialized using 'CodeIgniter\Session\Handlers\FileHandler' driver.
DEBUG - 2025-09-10 03:59:14 --> Session: Class initialized using 'CodeIgniter\Session\Handlers\FileHandler' driver.
DEBUG - 2025-09-10 04:26:43 --> Session: Class initialized using 'CodeIgniter\Session\Handlers\FileHandler' driver.
DEBUG - 2025-09-10 04:27:13 --> Session: Class initialized using 'CodeIgniter\Session\Handlers\FileHandler' driver.
DEBUG - 2025-09-10 04:27:17 --> Session: Class initialized using 'CodeIgniter\Session\Handlers\FileHandler' driver.
DEBUG - 2025-09-10 04:27:17 --> Session: Class initialized using 'CodeIgniter\Session\Handlers\FileHandler' driver.
DEBUG - 2025-09-10 04:27:22 --> Session: Class initialized using 'CodeIgniter\Session\Handlers\FileHandler' driver.
DEBUG - 2025-09-10 04:27:27 --> Session: Class initialized using 'CodeIgniter\Session\Handlers\FileHandler' driver.
DEBUG - 2025-09-10 04:27:27 --> Session: Class initialized using 'CodeIgniter\Session\Handlers\FileHandler' driver.
DEBUG - 2025-09-10 04:27:33 --> Session: Class initialized using 'CodeIgniter\Session\Handlers\FileHandler' driver.
DEBUG - 2025-09-10 04:27:33 --> Session: Class initialized using 'CodeIgniter\Session\Handlers\FileHandler' driver.
DEBUG - 2025-09-10 04:27:38 --> Session: Class initialized using 'CodeIgniter\Session\Handlers\FileHandler' driver.
DEBUG - 2025-09-10 04:27:38 --> Session: Class initialized using 'CodeIgniter\Session\Handlers\FileHandler' driver.
DEBUG - 2025-09-10 04:27:41 --> Session: Class initialized using 'CodeIgniter\Session\Handlers\FileHandler' driver.
DEBUG - 2025-09-10 04:28:01 --> Session: Class initialized using 'CodeIgniter\Session\Handlers\FileHandler' driver.
DEBUG - 2025-09-10 04:28:01 --> Session: Class initialized using 'CodeIgniter\Session\Handlers\FileHandler' driver.
DEBUG - 2025-09-10 04:28:07 --> Session: Class initialized using 'CodeIgniter\Session\Handlers\FileHandler' driver.
DEBUG - 2025-09-10 04:28:30 --> Session: Class initialized using 'CodeIgniter\Session\Handlers\FileHandler' driver.
DEBUG - 2025-09-10 04:28:31 --> Session: Class initialized using 'CodeIgniter\Session\Handlers\FileHandler' driver.
DEBUG - 2025-09-10 04:28:38 --> Session: Class initialized using 'CodeIgniter\Session\Handlers\FileHandler' driver.
DEBUG - 2025-09-10 04:28:39 --> Session: Class initialized using 'CodeIgniter\Session\Handlers\FileHandler' driver.
DEBUG - 2025-09-10 04:28:49 --> Session: Class initialized using 'CodeIgniter\Session\Handlers\FileHandler' driver.
DEBUG - 2025-09-10 04:28:49 --> Session: Class initialized using 'CodeIgniter\Session\Handlers\FileHandler' driver.
DEBUG - 2025-09-10 04:28:51 --> Session: Class initialized using 'CodeIgniter\Session\Handlers\FileHandler' driver.
DEBUG - 2025-09-10 04:28:56 --> Session: Class initialized using 'CodeIgniter\Session\Handlers\FileHandler' driver.
DEBUG - 2025-09-10 04:28:56 --> Session: Class initialized using 'CodeIgniter\Session\Handlers\FileHandler' driver.
DEBUG - 2025-09-10 04:29:00 --> Session: Class initialized using 'CodeIgniter\Session\Handlers\FileHandler' driver.
DEBUG - 2025-09-10 04:29:01 --> Session: Class initialized using 'CodeIgniter\Session\Handlers\FileHandler' driver.
DEBUG - 2025-09-10 04:29:01 --> Session: Class initialized using 'CodeIgniter\Session\Handlers\FileHandler' driver.
DEBUG - 2025-09-10 04:29:26 --> Session: Class initialized using 'CodeIgniter\Session\Handlers\FileHandler' driver.
DEBUG - 2025-09-10 04:29:27 --> Session: Class initialized using 'CodeIgniter\Session\Handlers\FileHandler' driver.
DEBUG - 2025-09-10 04:30:01 --> Session: Class initialized using 'CodeIgniter\Session\Handlers\FileHandler' driver.
DEBUG - 2025-09-10 04:30:02 --> Session: Class initialized using 'CodeIgniter\Session\Handlers\FileHandler' driver.
DEBUG - 2025-09-10 04:30:08 --> Session: Class initialized using 'CodeIgniter\Session\Handlers\FileHandler' driver.
DEBUG - 2025-09-10 04:30:31 --> Session: Class initialized using 'CodeIgniter\Session\Handlers\FileHandler' driver.
DEBUG - 2025-09-10 04:30:32 --> Session: Class initialized using 'CodeIgniter\Session\Handlers\FileHandler' driver.
DEBUG - 2025-09-10 04:30:32 --> Session: Class initialized using 'CodeIgniter\Session\Handlers\FileHandler' driver.
DEBUG - 2025-09-10 04:30:51 --> Session: Class initialized using 'CodeIgniter\Session\Handlers\FileHandler' driver.
DEBUG - 2025-09-10 04:30:51 --> Session: Class initialized using 'CodeIgniter\Session\Handlers\FileHandler' driver.
DEBUG - 2025-09-10 04:31:33 --> Session: Class initialized using 'CodeIgniter\Session\Handlers\FileHandler' driver.
DEBUG - 2025-09-10 04:31:33 --> Session: Class initialized using 'CodeIgniter\Session\Handlers\FileHandler' driver.
DEBUG - 2025-09-10 04:32:48 --> Session: Class initialized using 'CodeIgniter\Session\Handlers\FileHandler' driver.
DEBUG - 2025-09-10 04:32:49 --> Session: Class initialized using 'CodeIgniter\Session\Handlers\FileHandler' driver.
DEBUG - 2025-09-10 04:33:13 --> Session: Class initialized using 'CodeIgniter\Session\Handlers\FileHandler' driver.
DEBUG - 2025-09-10 04:33:13 --> Session: Class initialized using 'CodeIgniter\Session\Handlers\FileHandler' driver.
DEBUG - 2025-09-10 04:33:16 --> Session: Class initialized using 'CodeIgniter\Session\Handlers\FileHandler' driver.
DEBUG - 2025-09-10 04:33:18 --> Session: Class initialized using 'CodeIgniter\Session\Handlers\FileHandler' driver.
DEBUG - 2025-09-10 04:33:18 --> Session: Class initialized using 'CodeIgniter\Session\Handlers\FileHandler' driver.
DEBUG - 2025-09-10 04:33:23 --> Session: Class initialized using 'CodeIgniter\Session\Handlers\FileHandler' driver.
DEBUG - 2025-09-10 04:33:25 --> Session: Class initialized using 'CodeIgniter\Session\Handlers\FileHandler' driver.
DEBUG - 2025-09-10 04:33:26 --> Session: Class initialized using 'CodeIgniter\Session\Handlers\FileHandler' driver.
DEBUG - 2025-09-10 04:33:29 --> Session: Class initialized using 'CodeIgniter\Session\Handlers\FileHandler' driver.
DEBUG - 2025-09-10 04:34:20 --> Session: Class initialized using 'CodeIgniter\Session\Handlers\FileHandler' driver.
DEBUG - 2025-09-10 04:34:20 --> Session: Class initialized using 'CodeIgniter\Session\Handlers\FileHandler' driver.
DEBUG - 2025-09-10 04:34:25 --> Session: Class initialized using 'CodeIgniter\Session\Handlers\FileHandler' driver.
DEBUG - 2025-09-10 04:35:25 --> Session: Class initialized using 'CodeIgniter\Session\Handlers\FileHandler' driver.
DEBUG - 2025-09-10 04:35:25 --> Session: Class initialized using 'CodeIgniter\Session\Handlers\FileHandler' driver.
DEBUG - 2025-09-10 04:35:34 --> Session: Class initialized using 'CodeIgniter\Session\Handlers\FileHandler' driver.
DEBUG - 2025-09-10 04:35:36 --> Session: Class initialized using 'CodeIgniter\Session\Handlers\FileHandler' driver.
DEBUG - 2025-09-10 04:35:36 --> Session: Class initialized using 'CodeIgniter\Session\Handlers\FileHandler' driver.
DEBUG - 2025-09-10 04:36:16 --> Session: Class initialized using 'CodeIgniter\Session\Handlers\FileHandler' driver.
DEBUG - 2025-09-10 04:36:36 --> Session: Class initialized using 'CodeIgniter\Session\Handlers\FileHandler' driver.
DEBUG - 2025-09-10 04:36:39 --> Session: Class initialized using 'CodeIgniter\Session\Handlers\FileHandler' driver.
DEBUG - 2025-09-10 04:36:39 --> Session: Class initialized using 'CodeIgniter\Session\Handlers\FileHandler' driver.
DEBUG - 2025-09-10 04:37:14 --> Session: Class initialized using 'CodeIgniter\Session\Handlers\FileHandler' driver.
DEBUG - 2025-09-10 04:37:18 --> Session: Class initialized using 'CodeIgniter\Session\Handlers\FileHandler' driver.
DEBUG - 2025-09-10 04:37:18 --> Session: Class initialized using 'CodeIgniter\Session\Handlers\FileHandler' driver.
DEBUG - 2025-09-10 04:38:04 --> Session: Class initialized using 'CodeIgniter\Session\Handlers\FileHandler' driver.
DEBUG - 2025-09-10 04:38:07 --> Session: Class initialized using 'CodeIgniter\Session\Handlers\FileHandler' driver.
DEBUG - 2025-09-10 04:38:07 --> Session: Class initialized using 'CodeIgniter\Session\Handlers\FileHandler' driver.
DEBUG - 2025-09-10 05:03:09 --> Session: Class initialized using 'CodeIgniter\Session\Handlers\FileHandler' driver.
CRITICAL - 2025-09-10 05:03:09 --> ErrorException: Undefined variable $generics
[Method: GET, Route: pharmacy/medicines/create]
in APPPATH\Views\pharmacy\medicines\create.php on line 29.
 1 APPPATH\Views\pharmacy\medicines\create.php(29): CodeIgniter\Debug\Exceptions->errorHandler(2, 'Undefined variable $generics', 'C:\\xampp\\htdocs\\hms_ram\\app\\Views\\pharmacy\\medicines\\create.php', 29)
 2 SYSTEMPATH\View\View.php(224): include('C:\\xampp\\htdocs\\hms_ram\\app\\Views\\pharmacy\\medicines\\create.php')
 3 SYSTEMPATH\View\View.php(227): CodeIgniter\View\View->CodeIgniter\View\{closure}()
 4 SYSTEMPATH\Common.php(1173): CodeIgniter\View\View->render('pharmacy/medicines/create', [], true)
 5 APPPATH\Controllers\Pharmacy\Medicines.php(91): view('pharmacy/medicines/create', [...])
 6 SYSTEMPATH\CodeIgniter.php(933): App\Controllers\Pharmacy\Medicines->create()
 7 SYSTEMPATH\CodeIgniter.php(507): CodeIgniter\CodeIgniter->runController(Object(App\Controllers\Pharmacy\Medicines))
 8 SYSTEMPATH\CodeIgniter.php(354): CodeIgniter\CodeIgniter->handleRequest(null, Object(Config\Cache), false)
 9 SYSTEMPATH\Boot.php(334): CodeIgniter\CodeIgniter->run()
10 SYSTEMPATH\Boot.php(67): CodeIgniter\Boot::runCodeIgniter(Object(CodeIgniter\CodeIgniter))
11 FCPATH\index.php(46): CodeIgniter\Boot::bootWeb(Object(Config\Paths))
DEBUG - 2025-09-10 05:03:10 --> Session: Class initialized using 'CodeIgniter\Session\Handlers\FileHandler' driver.
DEBUG - 2025-09-10 05:03:10 --> Session: Class initialized using 'CodeIgniter\Session\Handlers\FileHandler' driver.
DEBUG - 2025-09-10 05:03:10 --> Session: Class initialized using 'CodeIgniter\Session\Handlers\FileHandler' driver.
DEBUG - 2025-09-10 05:03:10 --> Session: Class initialized using 'CodeIgniter\Session\Handlers\FileHandler' driver.
DEBUG - 2025-09-10 05:03:20 --> Session: Class initialized using 'CodeIgniter\Session\Handlers\FileHandler' driver.
DEBUG - 2025-09-10 05:03:21 --> Session: Class initialized using 'CodeIgniter\Session\Handlers\FileHandler' driver.
DEBUG - 2025-09-10 05:03:21 --> Session: Class initialized using 'CodeIgniter\Session\Handlers\FileHandler' driver.
DEBUG - 2025-09-10 05:03:21 --> Session: Class initialized using 'CodeIgniter\Session\Handlers\FileHandler' driver.
DEBUG - 2025-09-10 05:03:34 --> Session: Class initialized using 'CodeIgniter\Session\Handlers\FileHandler' driver.
DEBUG - 2025-09-10 05:03:34 --> Session: Class initialized using 'CodeIgniter\Session\Handlers\FileHandler' driver.
DEBUG - 2025-09-10 05:03:34 --> Session: Class initialized using 'CodeIgniter\Session\Handlers\FileHandler' driver.
DEBUG - 2025-09-10 05:03:34 --> Session: Class initialized using 'CodeIgniter\Session\Handlers\FileHandler' driver.
DEBUG - 2025-09-10 05:06:11 --> Session: Class initialized using 'CodeIgniter\Session\Handlers\FileHandler' driver.
DEBUG - 2025-09-10 05:06:11 --> Session: Class initialized using 'CodeIgniter\Session\Handlers\FileHandler' driver.
DEBUG - 2025-09-10 05:06:11 --> Session: Class initialized using 'CodeIgniter\Session\Handlers\FileHandler' driver.
DEBUG - 2025-09-10 05:06:11 --> Session: Class initialized using 'CodeIgniter\Session\Handlers\FileHandler' driver.
CRITICAL - 2025-09-10 05:06:12 --> ErrorException: unlink(C:\xampp\htdocs\hms_ram\writable\debugbar/debugbar_1757480600.960320.json): No such file or directory
[Method: GET, Route: /]
in SYSTEMPATH\Debug\Toolbar\Collectors\History.php on line 82.
 1 [internal function]: CodeIgniter\Debug\Exceptions->errorHandler(2, 'unlink(C:\\xampp\\htdocs\\hms_ram\\writable\\debugbar/debugbar_1757480600.960320.json): No such file or directory', 'C:\\xampp\\htdocs\\hms_ram\\system\\Debug\\Toolbar\\Collectors\\History.php', 82)
 2 SYSTEMPATH\Debug\Toolbar\Collectors\History.php(82): unlink('C:\\xampp\\htdocs\\hms_ram\\writable\\debugbar/debugbar_1757480600.960320.json')
 3 SYSTEMPATH\Debug\Toolbar.php(517): CodeIgniter\Debug\Toolbar\Collectors\History->setFiles('1757480771.460290', 20)
 4 SYSTEMPATH\Debug\Toolbar.php(496): CodeIgniter\Debug\Toolbar->format([...], 'html')
 5 APPPATH\Config\Events.php(47): CodeIgniter\Debug\Toolbar->respond()
 6 SYSTEMPATH\Events\Events.php(155): CodeIgniter\Events\Events::Config\{closure}()
 7 SYSTEMPATH\CodeIgniter.php(339): CodeIgniter\Events\Events::trigger('pre_system')
 8 SYSTEMPATH\Boot.php(334): CodeIgniter\CodeIgniter->run()
 9 SYSTEMPATH\Boot.php(67): CodeIgniter\Boot::runCodeIgniter(Object(CodeIgniter\CodeIgniter))
10 FCPATH\index.php(46): CodeIgniter\Boot::bootWeb(Object(Config\Paths))
CRITICAL - 2025-09-10 05:06:12 --> ErrorException: unlink(C:\xampp\htdocs\hms_ram\writable\debugbar/debugbar_1757480600.928674.json): No such file or directory
[Method: GET, Route: /]
in SYSTEMPATH\Debug\Toolbar\Collectors\History.php on line 82.
 1 [internal function]: CodeIgniter\Debug\Exceptions->errorHandler(2, 'unlink(C:\\xampp\\htdocs\\hms_ram\\writable\\debugbar/debugbar_1757480600.928674.json): No such file or directory', 'C:\\xampp\\htdocs\\hms_ram\\system\\Debug\\Toolbar\\Collectors\\History.php', 82)
 2 SYSTEMPATH\Debug\Toolbar\Collectors\History.php(82): unlink('C:\\xampp\\htdocs\\hms_ram\\writable\\debugbar/debugbar_1757480600.928674.json')
 3 SYSTEMPATH\Debug\Toolbar.php(517): CodeIgniter\Debug\Toolbar\Collectors\History->setFiles('1757480771.630168', 20)
 4 SYSTEMPATH\Debug\Toolbar.php(496): CodeIgniter\Debug\Toolbar->format([...], 'html')
 5 APPPATH\Config\Events.php(47): CodeIgniter\Debug\Toolbar->respond()
 6 SYSTEMPATH\Events\Events.php(155): CodeIgniter\Events\Events::Config\{closure}()
 7 SYSTEMPATH\CodeIgniter.php(339): CodeIgniter\Events\Events::trigger('pre_system')
 8 SYSTEMPATH\Boot.php(334): CodeIgniter\CodeIgniter->run()
 9 SYSTEMPATH\Boot.php(67): CodeIgniter\Boot::runCodeIgniter(Object(CodeIgniter\CodeIgniter))
10 FCPATH\index.php(46): CodeIgniter\Boot::bootWeb(Object(Config\Paths))
CRITICAL - 2025-09-10 05:06:12 --> ErrorException: unlink(C:\xampp\htdocs\hms_ram\writable\debugbar/debugbar_1757480600.960320.json): No such file or directory
[Method: GET, Route: /]
in SYSTEMPATH\Debug\Toolbar\Collectors\History.php on line 82.
 1 [internal function]: CodeIgniter\Debug\Exceptions->errorHandler(2, 'unlink(C:\\xampp\\htdocs\\hms_ram\\writable\\debugbar/debugbar_1757480600.960320.json): No such file or directory', 'C:\\xampp\\htdocs\\hms_ram\\system\\Debug\\Toolbar\\Collectors\\History.php', 82)
 2 SYSTEMPATH\Debug\Toolbar\Collectors\History.php(82): unlink('C:\\xampp\\htdocs\\hms_ram\\writable\\debugbar/debugbar_1757480600.960320.json')
 3 SYSTEMPATH\Debug\Toolbar.php(517): CodeIgniter\Debug\Toolbar\Collectors\History->setFiles('1757480771.389215', 20)
 4 SYSTEMPATH\Debug\Toolbar.php(496): CodeIgniter\Debug\Toolbar->format([...], 'html')
 5 APPPATH\Config\Events.php(47): CodeIgniter\Debug\Toolbar->respond()
 6 SYSTEMPATH\Events\Events.php(155): CodeIgniter\Events\Events::Config\{closure}()
 7 SYSTEMPATH\CodeIgniter.php(339): CodeIgniter\Events\Events::trigger('pre_system')
 8 SYSTEMPATH\Boot.php(334): CodeIgniter\CodeIgniter->run()
 9 SYSTEMPATH\Boot.php(67): CodeIgniter\Boot::runCodeIgniter(Object(CodeIgniter\CodeIgniter))
10 FCPATH\index.php(46): CodeIgniter\Boot::bootWeb(Object(Config\Paths))
DEBUG - 2025-09-10 05:06:25 --> Session: Class initialized using 'CodeIgniter\Session\Handlers\FileHandler' driver.
DEBUG - 2025-09-10 05:06:37 --> Session: Class initialized using 'CodeIgniter\Session\Handlers\FileHandler' driver.
CRITICAL - 2025-09-10 05:06:37 --> ErrorException: Undefined variable $generics
[Method: GET, Route: pharmacy/medicines/create]
in APPPATH\Views\pharmacy\medicines\create.php on line 29.
 1 APPPATH\Views\pharmacy\medicines\create.php(29): CodeIgniter\Debug\Exceptions->errorHandler(2, 'Undefined variable $generics', 'C:\\xampp\\htdocs\\hms_ram\\app\\Views\\pharmacy\\medicines\\create.php', 29)
 2 SYSTEMPATH\View\View.php(224): include('C:\\xampp\\htdocs\\hms_ram\\app\\Views\\pharmacy\\medicines\\create.php')
 3 SYSTEMPATH\View\View.php(227): CodeIgniter\View\View->CodeIgniter\View\{closure}()
 4 SYSTEMPATH\Common.php(1173): CodeIgniter\View\View->render('pharmacy/medicines/create', [], true)
 5 APPPATH\Controllers\Pharmacy\Medicines.php(91): view('pharmacy/medicines/create', [...])
 6 SYSTEMPATH\CodeIgniter.php(933): App\Controllers\Pharmacy\Medicines->create()
 7 SYSTEMPATH\CodeIgniter.php(507): CodeIgniter\CodeIgniter->runController(Object(App\Controllers\Pharmacy\Medicines))
 8 SYSTEMPATH\CodeIgniter.php(354): CodeIgniter\CodeIgniter->handleRequest(null, Object(Config\Cache), false)
 9 SYSTEMPATH\Boot.php(334): CodeIgniter\CodeIgniter->run()
10 SYSTEMPATH\Boot.php(67): CodeIgniter\Boot::runCodeIgniter(Object(CodeIgniter\CodeIgniter))
11 FCPATH\index.php(46): CodeIgniter\Boot::bootWeb(Object(Config\Paths))
DEBUG - 2025-09-10 05:10:40 --> Session: Class initialized using 'CodeIgniter\Session\Handlers\FileHandler' driver.
DEBUG - 2025-09-10 05:12:17 --> Session: Class initialized using 'CodeIgniter\Session\Handlers\FileHandler' driver.
DEBUG - 2025-09-10 05:12:20 --> Session: Class initialized using 'CodeIgniter\Session\Handlers\FileHandler' driver.
DEBUG - 2025-09-10 05:12:24 --> Session: Class initialized using 'CodeIgniter\Session\Handlers\FileHandler' driver.
DEBUG - 2025-09-10 05:12:31 --> Session: Class initialized using 'CodeIgniter\Session\Handlers\FileHandler' driver.
DEBUG - 2025-09-10 05:12:34 --> Session: Class initialized using 'CodeIgniter\Session\Handlers\FileHandler' driver.
DEBUG - 2025-09-10 05:12:37 --> Session: Class initialized using 'CodeIgniter\Session\Handlers\FileHandler' driver.
DEBUG - 2025-09-10 05:12:50 --> Session: Class initialized using 'CodeIgniter\Session\Handlers\FileHandler' driver.
DEBUG - 2025-09-10 05:12:57 --> Session: Class initialized using 'CodeIgniter\Session\Handlers\FileHandler' driver.
DEBUG - 2025-09-10 05:13:15 --> Session: Class initialized using 'CodeIgniter\Session\Handlers\FileHandler' driver.
DEBUG - 2025-09-10 05:13:16 --> Session: Class initialized using 'CodeIgniter\Session\Handlers\FileHandler' driver.
DEBUG - 2025-09-10 05:13:19 --> Session: Class initialized using 'CodeIgniter\Session\Handlers\FileHandler' driver.
DEBUG - 2025-09-10 05:13:32 --> Session: Class initialized using 'CodeIgniter\Session\Handlers\FileHandler' driver.
DEBUG - 2025-09-10 05:13:47 --> Session: Class initialized using 'CodeIgniter\Session\Handlers\FileHandler' driver.
DEBUG - 2025-09-10 05:14:05 --> Session: Class initialized using 'CodeIgniter\Session\Handlers\FileHandler' driver.
DEBUG - 2025-09-10 05:14:07 --> Session: Class initialized using 'CodeIgniter\Session\Handlers\FileHandler' driver.
DEBUG - 2025-09-10 05:14:25 --> Session: Class initialized using 'CodeIgniter\Session\Handlers\FileHandler' driver.
DEBUG - 2025-09-10 05:14:31 --> Session: Class initialized using 'CodeIgniter\Session\Handlers\FileHandler' driver.
DEBUG - 2025-09-10 05:14:49 --> Session: Class initialized using 'CodeIgniter\Session\Handlers\FileHandler' driver.
DEBUG - 2025-09-10 05:14:50 --> Session: Class initialized using 'CodeIgniter\Session\Handlers\FileHandler' driver.
DEBUG - 2025-09-10 05:14:53 --> Session: Class initialized using 'CodeIgniter\Session\Handlers\FileHandler' driver.
DEBUG - 2025-09-10 05:15:41 --> Session: Class initialized using 'CodeIgniter\Session\Handlers\FileHandler' driver.
DEBUG - 2025-09-10 05:15:44 --> Session: Class initialized using 'CodeIgniter\Session\Handlers\FileHandler' driver.
DEBUG - 2025-09-10 05:15:47 --> Session: Class initialized using 'CodeIgniter\Session\Handlers\FileHandler' driver.
DEBUG - 2025-09-10 05:15:52 --> Session: Class initialized using 'CodeIgniter\Session\Handlers\FileHandler' driver.
DEBUG - 2025-09-10 05:16:01 --> Session: Class initialized using 'CodeIgniter\Session\Handlers\FileHandler' driver.
DEBUG - 2025-09-10 05:16:03 --> Session: Class initialized using 'CodeIgniter\Session\Handlers\FileHandler' driver.
DEBUG - 2025-09-10 05:18:16 --> Session: Class initialized using 'CodeIgniter\Session\Handlers\FileHandler' driver.
DEBUG - 2025-09-10 05:18:54 --> Session: Class initialized using 'CodeIgniter\Session\Handlers\FileHandler' driver.
DEBUG - 2025-09-10 05:19:08 --> Session: Class initialized using 'CodeIgniter\Session\Handlers\FileHandler' driver.
DEBUG - 2025-09-10 05:20:00 --> Session: Class initialized using 'CodeIgniter\Session\Handlers\FileHandler' driver.
DEBUG - 2025-09-10 05:21:02 --> Session: Class initialized using 'CodeIgniter\Session\Handlers\FileHandler' driver.
DEBUG - 2025-09-10 05:21:02 --> Session: Class initialized using 'CodeIgniter\Session\Handlers\FileHandler' driver.
CRITICAL - 2025-09-10 05:21:03 --> ErrorException: unlink(C:\xampp\htdocs\hms_ram\writable\debugbar/debugbar_1757481343.978472.json): No such file or directory
[Method: GET, Route: /]
in SYSTEMPATH\Debug\Toolbar\Collectors\History.php on line 82.
 1 [internal function]: CodeIgniter\Debug\Exceptions->errorHandler(2, 'unlink(C:\\xampp\\htdocs\\hms_ram\\writable\\debugbar/debugbar_1757481343.978472.json): No such file or directory', 'C:\\xampp\\htdocs\\hms_ram\\system\\Debug\\Toolbar\\Collectors\\History.php', 82)
 2 SYSTEMPATH\Debug\Toolbar\Collectors\History.php(82): unlink('C:\\xampp\\htdocs\\hms_ram\\writable\\debugbar/debugbar_1757481343.978472.json')
 3 SYSTEMPATH\Debug\Toolbar.php(517): CodeIgniter\Debug\Toolbar\Collectors\History->setFiles('1757481662.675893', 20)
 4 SYSTEMPATH\Debug\Toolbar.php(496): CodeIgniter\Debug\Toolbar->format([...], 'html')
 5 APPPATH\Config\Events.php(47): CodeIgniter\Debug\Toolbar->respond()
 6 SYSTEMPATH\Events\Events.php(155): CodeIgniter\Events\Events::Config\{closure}()
 7 SYSTEMPATH\CodeIgniter.php(339): CodeIgniter\Events\Events::trigger('pre_system')
 8 SYSTEMPATH\Boot.php(334): CodeIgniter\CodeIgniter->run()
 9 SYSTEMPATH\Boot.php(67): CodeIgniter\Boot::runCodeIgniter(Object(CodeIgniter\CodeIgniter))
10 FCPATH\index.php(46): CodeIgniter\Boot::bootWeb(Object(Config\Paths))
DEBUG - 2025-09-10 05:21:05 --> Session: Class initialized using 'CodeIgniter\Session\Handlers\FileHandler' driver.
DEBUG - 2025-09-10 05:21:07 --> Session: Class initialized using 'CodeIgniter\Session\Handlers\FileHandler' driver.
DEBUG - 2025-09-10 05:30:29 --> Session: Class initialized using 'CodeIgniter\Session\Handlers\FileHandler' driver.
DEBUG - 2025-09-10 05:30:29 --> Session: Class initialized using 'CodeIgniter\Session\Handlers\FileHandler' driver.
DEBUG - 2025-09-10 05:30:32 --> Session: Class initialized using 'CodeIgniter\Session\Handlers\FileHandler' driver.
DEBUG - 2025-09-10 05:30:32 --> Session: Class initialized using 'CodeIgniter\Session\Handlers\FileHandler' driver.
DEBUG - 2025-09-10 05:30:38 --> Session: Class initialized using 'CodeIgniter\Session\Handlers\FileHandler' driver.
DEBUG - 2025-09-10 05:30:38 --> Session: Class initialized using 'CodeIgniter\Session\Handlers\FileHandler' driver.
DEBUG - 2025-09-10 05:30:58 --> Session: Class initialized using 'CodeIgniter\Session\Handlers\FileHandler' driver.
DEBUG - 2025-09-10 05:30:58 --> Session: Class initialized using 'CodeIgniter\Session\Handlers\FileHandler' driver.
DEBUG - 2025-09-10 05:31:00 --> Session: Class initialized using 'CodeIgniter\Session\Handlers\FileHandler' driver.
DEBUG - 2025-09-10 05:31:07 --> Session: Class initialized using 'CodeIgniter\Session\Handlers\FileHandler' driver.
DEBUG - 2025-09-10 05:33:50 --> Session: Class initialized using 'CodeIgniter\Session\Handlers\FileHandler' driver.
DEBUG - 2025-09-10 05:33:50 --> Session: Class initialized using 'CodeIgniter\Session\Handlers\FileHandler' driver.
DEBUG - 2025-09-10 05:34:21 --> Session: Class initialized using 'CodeIgniter\Session\Handlers\FileHandler' driver.
DEBUG - 2025-09-10 05:34:23 --> Session: Class initialized using 'CodeIgniter\Session\Handlers\FileHandler' driver.
DEBUG - 2025-09-10 05:34:25 --> Session: Class initialized using 'CodeIgniter\Session\Handlers\FileHandler' driver.
DEBUG - 2025-09-10 05:40:16 --> Session: Class initialized using 'CodeIgniter\Session\Handlers\FileHandler' driver.
DEBUG - 2025-09-10 05:40:17 --> Session: Class initialized using 'CodeIgniter\Session\Handlers\FileHandler' driver.
DEBUG - 2025-09-10 05:40:21 --> Session: Class initialized using 'CodeIgniter\Session\Handlers\FileHandler' driver.
DEBUG - 2025-09-10 05:40:21 --> Session: Class initialized using 'CodeIgniter\Session\Handlers\FileHandler' driver.
DEBUG - 2025-09-10 05:40:27 --> Session: Class initialized using 'CodeIgniter\Session\Handlers\FileHandler' driver.
DEBUG - 2025-09-10 05:40:27 --> Session: Class initialized using 'CodeIgniter\Session\Handlers\FileHandler' driver.
DEBUG - 2025-09-10 05:40:34 --> Session: Class initialized using 'CodeIgniter\Session\Handlers\FileHandler' driver.
DEBUG - 2025-09-10 05:40:58 --> Session: Class initialized using 'CodeIgniter\Session\Handlers\FileHandler' driver.
DEBUG - 2025-09-10 05:40:58 --> Session: Class initialized using 'CodeIgniter\Session\Handlers\FileHandler' driver.
DEBUG - 2025-09-10 05:41:10 --> Session: Class initialized using 'CodeIgniter\Session\Handlers\FileHandler' driver.
DEBUG - 2025-09-10 05:41:10 --> Session: Class initialized using 'CodeIgniter\Session\Handlers\FileHandler' driver.
DEBUG - 2025-09-10 05:41:20 --> Session: Class initialized using 'CodeIgniter\Session\Handlers\FileHandler' driver.
DEBUG - 2025-09-10 05:41:20 --> Session: Class initialized using 'CodeIgniter\Session\Handlers\FileHandler' driver.
DEBUG - 2025-09-10 05:41:25 --> Session: Class initialized using 'CodeIgniter\Session\Handlers\FileHandler' driver.
DEBUG - 2025-09-10 05:41:36 --> Session: Class initialized using 'CodeIgniter\Session\Handlers\FileHandler' driver.
DEBUG - 2025-09-10 05:41:36 --> Session: Class initialized using 'CodeIgniter\Session\Handlers\FileHandler' driver.
DEBUG - 2025-09-10 05:43:01 --> Session: Class initialized using 'CodeIgniter\Session\Handlers\FileHandler' driver.
DEBUG - 2025-09-10 05:43:01 --> Session: Class initialized using 'CodeIgniter\Session\Handlers\FileHandler' driver.
DEBUG - 2025-09-10 05:45:33 --> Session: Class initialized using 'CodeIgniter\Session\Handlers\FileHandler' driver.
DEBUG - 2025-09-10 05:45:33 --> Session: Class initialized using 'CodeIgniter\Session\Handlers\FileHandler' driver.
CRITICAL - 2025-09-10 05:45:34 --> ErrorException: unlink(C:\xampp\htdocs\hms_ram\writable\debugbar/debugbar_1757482858.914058.json): No such file or directory
[Method: GET, Route: /]
in SYSTEMPATH\Debug\Toolbar\Collectors\History.php on line 82.
 1 [internal function]: CodeIgniter\Debug\Exceptions->errorHandler(2, 'unlink(C:\\xampp\\htdocs\\hms_ram\\writable\\debugbar/debugbar_1757482858.914058.json): No such file or directory', 'C:\\xampp\\htdocs\\hms_ram\\system\\Debug\\Toolbar\\Collectors\\History.php', 82)
 2 SYSTEMPATH\Debug\Toolbar\Collectors\History.php(82): unlink('C:\\xampp\\htdocs\\hms_ram\\writable\\debugbar/debugbar_1757482858.914058.json')
 3 SYSTEMPATH\Debug\Toolbar.php(517): CodeIgniter\Debug\Toolbar\Collectors\History->setFiles('1757483133.694145', 20)
 4 SYSTEMPATH\Debug\Toolbar.php(496): CodeIgniter\Debug\Toolbar->format([...], 'html')
 5 APPPATH\Config\Events.php(47): CodeIgniter\Debug\Toolbar->respond()
 6 SYSTEMPATH\Events\Events.php(155): CodeIgniter\Events\Events::Config\{closure}()
 7 SYSTEMPATH\CodeIgniter.php(339): CodeIgniter\Events\Events::trigger('pre_system')
 8 SYSTEMPATH\Boot.php(334): CodeIgniter\CodeIgniter->run()
 9 SYSTEMPATH\Boot.php(67): CodeIgniter\Boot::runCodeIgniter(Object(CodeIgniter\CodeIgniter))
10 FCPATH\index.php(46): CodeIgniter\Boot::bootWeb(Object(Config\Paths))
DEBUG - 2025-09-10 05:45:35 --> Session: Class initialized using 'CodeIgniter\Session\Handlers\FileHandler' driver.
DEBUG - 2025-09-10 05:45:36 --> Session: Class initialized using 'CodeIgniter\Session\Handlers\FileHandler' driver.
DEBUG - 2025-09-10 05:45:39 --> Session: Class initialized using 'CodeIgniter\Session\Handlers\FileHandler' driver.
DEBUG - 2025-09-10 05:45:41 --> Session: Class initialized using 'CodeIgniter\Session\Handlers\FileHandler' driver.
DEBUG - 2025-09-10 05:45:55 --> Session: Class initialized using 'CodeIgniter\Session\Handlers\FileHandler' driver.
DEBUG - 2025-09-10 05:46:17 --> Session: Class initialized using 'CodeIgniter\Session\Handlers\FileHandler' driver.
DEBUG - 2025-09-10 05:46:17 --> Session: Class initialized using 'CodeIgniter\Session\Handlers\FileHandler' driver.
DEBUG - 2025-09-10 05:49:48 --> Session: Class initialized using 'CodeIgniter\Session\Handlers\FileHandler' driver.
DEBUG - 2025-09-10 05:49:48 --> Session: Class initialized using 'CodeIgniter\Session\Handlers\FileHandler' driver.
CRITICAL - 2025-09-10 05:49:48 --> ErrorException: Undefined array key "generic_name"
[Method: GET, Route: pharmacy/medicines]
in APPPATH\Views\pharmacy\medicines\index.php on line 77.
 1 APPPATH\Views\pharmacy\medicines\index.php(77): CodeIgniter\Debug\Exceptions->errorHandler(2, 'Undefined array key "generic_name"', 'C:\\xampp\\htdocs\\hms_ram\\app\\Views\\pharmacy\\medicines\\index.php', 77)
 2 SYSTEMPATH\View\View.php(224): include('C:\\xampp\\htdocs\\hms_ram\\app\\Views\\pharmacy\\medicines\\index.php')
 3 SYSTEMPATH\View\View.php(227): CodeIgniter\View\View->CodeIgniter\View\{closure}()
 4 SYSTEMPATH\Common.php(1173): CodeIgniter\View\View->render('pharmacy/medicines/index', [], true)
 5 APPPATH\Controllers\Pharmacy\Medicines.php(81): view('pharmacy/medicines/index', [...])
 6 SYSTEMPATH\CodeIgniter.php(933): App\Controllers\Pharmacy\Medicines->index()
 7 SYSTEMPATH\CodeIgniter.php(507): CodeIgniter\CodeIgniter->runController(Object(App\Controllers\Pharmacy\Medicines))
 8 SYSTEMPATH\CodeIgniter.php(354): CodeIgniter\CodeIgniter->handleRequest(null, Object(Config\Cache), false)
 9 SYSTEMPATH\Boot.php(334): CodeIgniter\CodeIgniter->run()
10 SYSTEMPATH\Boot.php(67): CodeIgniter\Boot::runCodeIgniter(Object(CodeIgniter\CodeIgniter))
11 FCPATH\index.php(46): CodeIgniter\Boot::bootWeb(Object(Config\Paths))
DEBUG - 2025-09-10 05:50:04 --> Session: Class initialized using 'CodeIgniter\Session\Handlers\FileHandler' driver.
DEBUG - 2025-09-10 05:50:06 --> Session: Class initialized using 'CodeIgniter\Session\Handlers\FileHandler' driver.
DEBUG - 2025-09-10 05:51:46 --> Session: Class initialized using 'CodeIgniter\Session\Handlers\FileHandler' driver.
DEBUG - 2025-09-10 05:51:59 --> Session: Class initialized using 'CodeIgniter\Session\Handlers\FileHandler' driver.
DEBUG - 2025-09-10 05:52:01 --> Session: Class initialized using 'CodeIgniter\Session\Handlers\FileHandler' driver.
DEBUG - 2025-09-10 05:52:02 --> Session: Class initialized using 'CodeIgniter\Session\Handlers\FileHandler' driver.
DEBUG - 2025-09-10 05:52:08 --> Session: Class initialized using 'CodeIgniter\Session\Handlers\FileHandler' driver.
DEBUG - 2025-09-10 05:52:09 --> Session: Class initialized using 'CodeIgniter\Session\Handlers\FileHandler' driver.
DEBUG - 2025-09-10 05:52:13 --> Session: Class initialized using 'CodeIgniter\Session\Handlers\FileHandler' driver.
DEBUG - 2025-09-10 05:52:15 --> Session: Class initialized using 'CodeIgniter\Session\Handlers\FileHandler' driver.
DEBUG - 2025-09-10 05:52:25 --> Session: Class initialized using 'CodeIgniter\Session\Handlers\FileHandler' driver.
DEBUG - 2025-09-10 05:52:27 --> Session: Class initialized using 'CodeIgniter\Session\Handlers\FileHandler' driver.
DEBUG - 2025-09-10 05:52:34 --> Session: Class initialized using 'CodeIgniter\Session\Handlers\FileHandler' driver.
DEBUG - 2025-09-10 05:52:35 --> Session: Class initialized using 'CodeIgniter\Session\Handlers\FileHandler' driver.
DEBUG - 2025-09-10 05:52:45 --> Session: Class initialized using 'CodeIgniter\Session\Handlers\FileHandler' driver.
CRITICAL - 2025-09-10 05:52:45 --> ErrorException: Undefined array key "generic_name"
[Method: GET, Route: pharmacy/medicines]
in APPPATH\Views\pharmacy\medicines\index.php on line 77.
 1 APPPATH\Views\pharmacy\medicines\index.php(77): CodeIgniter\Debug\Exceptions->errorHandler(2, 'Undefined array key "generic_name"', 'C:\\xampp\\htdocs\\hms_ram\\app\\Views\\pharmacy\\medicines\\index.php', 77)
 2 SYSTEMPATH\View\View.php(224): include('C:\\xampp\\htdocs\\hms_ram\\app\\Views\\pharmacy\\medicines\\index.php')
 3 SYSTEMPATH\View\View.php(227): CodeIgniter\View\View->CodeIgniter\View\{closure}()
 4 SYSTEMPATH\Common.php(1173): CodeIgniter\View\View->render('pharmacy/medicines/index', [], true)
 5 APPPATH\Controllers\Pharmacy\Medicines.php(81): view('pharmacy/medicines/index', [...])
 6 SYSTEMPATH\CodeIgniter.php(933): App\Controllers\Pharmacy\Medicines->index()
 7 SYSTEMPATH\CodeIgniter.php(507): CodeIgniter\CodeIgniter->runController(Object(App\Controllers\Pharmacy\Medicines))
 8 SYSTEMPATH\CodeIgniter.php(354): CodeIgniter\CodeIgniter->handleRequest(null, Object(Config\Cache), false)
 9 SYSTEMPATH\Boot.php(334): CodeIgniter\CodeIgniter->run()
10 SYSTEMPATH\Boot.php(67): CodeIgniter\Boot::runCodeIgniter(Object(CodeIgniter\CodeIgniter))
11 FCPATH\index.php(46): CodeIgniter\Boot::bootWeb(Object(Config\Paths))
DEBUG - 2025-09-10 05:52:46 --> Session: Class initialized using 'CodeIgniter\Session\Handlers\FileHandler' driver.
DEBUG - 2025-09-10 05:52:54 --> Session: Class initialized using 'CodeIgniter\Session\Handlers\FileHandler' driver.
DEBUG - 2025-09-10 05:52:55 --> Session: Class initialized using 'CodeIgniter\Session\Handlers\FileHandler' driver.
DEBUG - 2025-09-10 05:53:02 --> Session: Class initialized using 'CodeIgniter\Session\Handlers\FileHandler' driver.
DEBUG - 2025-09-10 05:53:02 --> Session: Class initialized using 'CodeIgniter\Session\Handlers\FileHandler' driver.
DEBUG - 2025-09-10 05:53:08 --> Session: Class initialized using 'CodeIgniter\Session\Handlers\FileHandler' driver.
DEBUG - 2025-09-10 05:53:08 --> Session: Class initialized using 'CodeIgniter\Session\Handlers\FileHandler' driver.
DEBUG - 2025-09-10 05:53:15 --> Session: Class initialized using 'CodeIgniter\Session\Handlers\FileHandler' driver.
DEBUG - 2025-09-10 05:53:15 --> Session: Class initialized using 'CodeIgniter\Session\Handlers\FileHandler' driver.
DEBUG - 2025-09-10 05:53:17 --> Session: Class initialized using 'CodeIgniter\Session\Handlers\FileHandler' driver.
DEBUG - 2025-09-10 05:53:17 --> Session: Class initialized using 'CodeIgniter\Session\Handlers\FileHandler' driver.
DEBUG - 2025-09-10 05:53:22 --> Session: Class initialized using 'CodeIgniter\Session\Handlers\FileHandler' driver.
DEBUG - 2025-09-10 05:53:23 --> Session: Class initialized using 'CodeIgniter\Session\Handlers\FileHandler' driver.
DEBUG - 2025-09-10 05:53:28 --> Session: Class initialized using 'CodeIgniter\Session\Handlers\FileHandler' driver.
DEBUG - 2025-09-10 05:54:17 --> Session: Class initialized using 'CodeIgniter\Session\Handlers\FileHandler' driver.
DEBUG - 2025-09-10 05:54:17 --> Session: Class initialized using 'CodeIgniter\Session\Handlers\FileHandler' driver.
CRITICAL - 2025-09-10 05:54:17 --> ErrorException: Undefined array key "generic_name"
[Method: GET, Route: pharmacy/medicines]
in APPPATH\Views\pharmacy\medicines\index.php on line 77.
 1 APPPATH\Views\pharmacy\medicines\index.php(77): CodeIgniter\Debug\Exceptions->errorHandler(2, 'Undefined array key "generic_name"', 'C:\\xampp\\htdocs\\hms_ram\\app\\Views\\pharmacy\\medicines\\index.php', 77)
 2 SYSTEMPATH\View\View.php(224): include('C:\\xampp\\htdocs\\hms_ram\\app\\Views\\pharmacy\\medicines\\index.php')
 3 SYSTEMPATH\View\View.php(227): CodeIgniter\View\View->CodeIgniter\View\{closure}()
 4 SYSTEMPATH\Common.php(1173): CodeIgniter\View\View->render('pharmacy/medicines/index', [], true)
 5 APPPATH\Controllers\Pharmacy\Medicines.php(81): view('pharmacy/medicines/index', [...])
 6 SYSTEMPATH\CodeIgniter.php(933): App\Controllers\Pharmacy\Medicines->index()
 7 SYSTEMPATH\CodeIgniter.php(507): CodeIgniter\CodeIgniter->runController(Object(App\Controllers\Pharmacy\Medicines))
 8 SYSTEMPATH\CodeIgniter.php(354): CodeIgniter\CodeIgniter->handleRequest(null, Object(Config\Cache), false)
 9 SYSTEMPATH\Boot.php(334): CodeIgniter\CodeIgniter->run()
10 SYSTEMPATH\Boot.php(67): CodeIgniter\Boot::runCodeIgniter(Object(CodeIgniter\CodeIgniter))
11 FCPATH\index.php(46): CodeIgniter\Boot::bootWeb(Object(Config\Paths))
DEBUG - 2025-09-10 05:54:40 --> Session: Class initialized using 'CodeIgniter\Session\Handlers\FileHandler' driver.
DEBUG - 2025-09-10 05:56:18 --> Session: Class initialized using 'CodeIgniter\Session\Handlers\FileHandler' driver.
DEBUG - 2025-09-10 05:56:39 --> Session: Class initialized using 'CodeIgniter\Session\Handlers\FileHandler' driver.
ERROR - 2025-09-10 05:56:39 --> mysqli_sql_exception: Not unique table/alias: 'pb' in C:\xampp\htdocs\hms_ram\system\Database\MySQLi\Connection.php:327
Stack trace:
#0 C:\xampp\htdocs\hms_ram\system\Database\MySQLi\Connection.php(327): mysqli->query('SELECT `pharmac...', 0)
#1 C:\xampp\htdocs\hms_ram\system\Database\BaseConnection.php(738): CodeIgniter\Database\MySQLi\Connection->execute('SELECT `pharmac...')
#2 C:\xampp\htdocs\hms_ram\system\Database\BaseConnection.php(652): CodeIgniter\Database\BaseConnection->simpleQuery('SELECT `pharmac...')
#3 C:\xampp\htdocs\hms_ram\system\Database\BaseBuilder.php(1649): CodeIgniter\Database\BaseConnection->query('SELECT `pharmac...', Array, false)
#4 C:\xampp\htdocs\hms_ram\system\Model.php(286): CodeIgniter\Database\BaseBuilder->get()
#5 C:\xampp\htdocs\hms_ram\system\BaseModel.php(679): CodeIgniter\Model->doFindAll(0, 0)
#6 C:\xampp\htdocs\hms_ram\app\Controllers\Pharmacy\Medicines.php(72): CodeIgniter\BaseModel->findAll()
#7 C:\xampp\htdocs\hms_ram\system\CodeIgniter.php(933): App\Controllers\Pharmacy\Medicines->index()
#8 C:\xampp\htdocs\hms_ram\system\CodeIgniter.php(507): CodeIgniter\CodeIgniter->runController(Object(App\Controllers\Pharmacy\Medicines))
#9 C:\xampp\htdocs\hms_ram\system\CodeIgniter.php(354): CodeIgniter\CodeIgniter->handleRequest(NULL, Object(Config\Cache), false)
#10 C:\xampp\htdocs\hms_ram\system\Boot.php(334): CodeIgniter\CodeIgniter->run()
#11 C:\xampp\htdocs\hms_ram\system\Boot.php(67): CodeIgniter\Boot::runCodeIgniter(Object(CodeIgniter\CodeIgniter))
#12 C:\xampp\htdocs\hms_ram\index.php(46): CodeIgniter\Boot::bootWeb(Object(Config\Paths))
#13 {main}
CRITICAL - 2025-09-10 05:56:39 --> CodeIgniter\Database\Exceptions\DatabaseException: Not unique table/alias: 'pb'
[Method: GET, Route: pharmacy/medicines]
in SYSTEMPATH\Database\BaseConnection.php on line 692.
 1 SYSTEMPATH\Database\BaseBuilder.php(1649): CodeIgniter\Database\BaseConnection->query('SELECT `pharmacy_medicines`.*, `pm`.`name` as `manufacturer_name`, `pc`.`name` as `category_name`, SUM(pb.current_stock) as total_stock, `p_df`.`name` as `dosage_form_name`, `p_uom`.`name` as `unit_of_measure_name`
FROM `pharmacy_medicines`
JOIN `pharmacy_generics` `pg` ON `pg`.`id` = `pharmacy_medicines`.`generic_id`
JOIN `pharmacy_brands` `pb` ON `pb`.`id` = `pharmacy_medicines`.`brand_id`
JOIN `pharmacy_manufacturers` `pm` ON `pm`.`id` = `pharmacy_medicines`.`manufacturer_id`
JOIN `pharmacy_categories` `pc` ON `pc`.`id` = `pharmacy_medicines`.`category_id`
JOIN `pharmacy_dosage_forms` `p_df` ON `p_df`.`id` = `pharmacy_medicines`.`dosage_form_id`
JOIN `pharmacy_units_of_measure` `p_uom` ON `p_uom`.`id` = `pharmacy_medicines`.`unit_of_measure_id`
LEFT JOIN `pharmacy_batches` `pb` ON `pb`.`medicine_id` = `pharmacy_medicines`.`id`
GROUP BY `pharmacy_medicines`.`id`', [], false)
 2 SYSTEMPATH\Model.php(286): CodeIgniter\Database\BaseBuilder->get()
 3 SYSTEMPATH\BaseModel.php(679): CodeIgniter\Model->doFindAll(0, 0)
 4 APPPATH\Controllers\Pharmacy\Medicines.php(72): CodeIgniter\BaseModel->findAll()
 5 SYSTEMPATH\CodeIgniter.php(933): App\Controllers\Pharmacy\Medicines->index()
 6 SYSTEMPATH\CodeIgniter.php(507): CodeIgniter\CodeIgniter->runController(Object(App\Controllers\Pharmacy\Medicines))
 7 SYSTEMPATH\CodeIgniter.php(354): CodeIgniter\CodeIgniter->handleRequest(null, Object(Config\Cache), false)
 8 SYSTEMPATH\Boot.php(334): CodeIgniter\CodeIgniter->run()
 9 SYSTEMPATH\Boot.php(67): CodeIgniter\Boot::runCodeIgniter(Object(CodeIgniter\CodeIgniter))
10 FCPATH\index.php(46): CodeIgniter\Boot::bootWeb(Object(Config\Paths))
CRITICAL - 2025-09-10 05:56:39 --> [Caused by] CodeIgniter\Database\Exceptions\DatabaseException: Not unique table/alias: 'pb'
in SYSTEMPATH\Database\MySQLi\Connection.php on line 332.
 1 SYSTEMPATH\Database\BaseConnection.php(738): CodeIgniter\Database\MySQLi\Connection->execute('SELECT `pharmacy_medicines`.*, `pm`.`name` as `manufacturer_name`, `pc`.`name` as `category_name`, SUM(pb.current_stock) as total_stock, `p_df`.`name` as `dosage_form_name`, `p_uom`.`name` as `unit_of_measure_name`
FROM `pharmacy_medicines`
JOIN `pharmacy_generics` `pg` ON `pg`.`id` = `pharmacy_medicines`.`generic_id`
JOIN `pharmacy_brands` `pb` ON `pb`.`id` = `pharmacy_medicines`.`brand_id`
JOIN `pharmacy_manufacturers` `pm` ON `pm`.`id` = `pharmacy_medicines`.`manufacturer_id`
JOIN `pharmacy_categories` `pc` ON `pc`.`id` = `pharmacy_medicines`.`category_id`
JOIN `pharmacy_dosage_forms` `p_df` ON `p_df`.`id` = `pharmacy_medicines`.`dosage_form_id`
JOIN `pharmacy_units_of_measure` `p_uom` ON `p_uom`.`id` = `pharmacy_medicines`.`unit_of_measure_id`
LEFT JOIN `pharmacy_batches` `pb` ON `pb`.`medicine_id` = `pharmacy_medicines`.`id`
GROUP BY `pharmacy_medicines`.`id`')
 2 SYSTEMPATH\Database\BaseConnection.php(652): CodeIgniter\Database\BaseConnection->simpleQuery('SELECT `pharmacy_medicines`.*, `pm`.`name` as `manufacturer_name`, `pc`.`name` as `category_name`, SUM(pb.current_stock) as total_stock, `p_df`.`name` as `dosage_form_name`, `p_uom`.`name` as `unit_of_measure_name`
FROM `pharmacy_medicines`
JOIN `pharmacy_generics` `pg` ON `pg`.`id` = `pharmacy_medicines`.`generic_id`
JOIN `pharmacy_brands` `pb` ON `pb`.`id` = `pharmacy_medicines`.`brand_id`
JOIN `pharmacy_manufacturers` `pm` ON `pm`.`id` = `pharmacy_medicines`.`manufacturer_id`
JOIN `pharmacy_categories` `pc` ON `pc`.`id` = `pharmacy_medicines`.`category_id`
JOIN `pharmacy_dosage_forms` `p_df` ON `p_df`.`id` = `pharmacy_medicines`.`dosage_form_id`
JOIN `pharmacy_units_of_measure` `p_uom` ON `p_uom`.`id` = `pharmacy_medicines`.`unit_of_measure_id`
LEFT JOIN `pharmacy_batches` `pb` ON `pb`.`medicine_id` = `pharmacy_medicines`.`id`
GROUP BY `pharmacy_medicines`.`id`')
 3 SYSTEMPATH\Database\BaseBuilder.php(1649): CodeIgniter\Database\BaseConnection->query('SELECT `pharmacy_medicines`.*, `pm`.`name` as `manufacturer_name`, `pc`.`name` as `category_name`, SUM(pb.current_stock) as total_stock, `p_df`.`name` as `dosage_form_name`, `p_uom`.`name` as `unit_of_measure_name`
FROM `pharmacy_medicines`
JOIN `pharmacy_generics` `pg` ON `pg`.`id` = `pharmacy_medicines`.`generic_id`
JOIN `pharmacy_brands` `pb` ON `pb`.`id` = `pharmacy_medicines`.`brand_id`
JOIN `pharmacy_manufacturers` `pm` ON `pm`.`id` = `pharmacy_medicines`.`manufacturer_id`
JOIN `pharmacy_categories` `pc` ON `pc`.`id` = `pharmacy_medicines`.`category_id`
JOIN `pharmacy_dosage_forms` `p_df` ON `p_df`.`id` = `pharmacy_medicines`.`dosage_form_id`
JOIN `pharmacy_units_of_measure` `p_uom` ON `p_uom`.`id` = `pharmacy_medicines`.`unit_of_measure_id`
LEFT JOIN `pharmacy_batches` `pb` ON `pb`.`medicine_id` = `pharmacy_medicines`.`id`
GROUP BY `pharmacy_medicines`.`id`', [], false)
 4 SYSTEMPATH\Model.php(286): CodeIgniter\Database\BaseBuilder->get()
 5 SYSTEMPATH\BaseModel.php(679): CodeIgniter\Model->doFindAll(0, 0)
 6 APPPATH\Controllers\Pharmacy\Medicines.php(72): CodeIgniter\BaseModel->findAll()
 7 SYSTEMPATH\CodeIgniter.php(933): App\Controllers\Pharmacy\Medicines->index()
 8 SYSTEMPATH\CodeIgniter.php(507): CodeIgniter\CodeIgniter->runController(Object(App\Controllers\Pharmacy\Medicines))
 9 SYSTEMPATH\CodeIgniter.php(354): CodeIgniter\CodeIgniter->handleRequest(null, Object(Config\Cache), false)
10 SYSTEMPATH\Boot.php(334): CodeIgniter\CodeIgniter->run()
11 SYSTEMPATH\Boot.php(67): CodeIgniter\Boot::runCodeIgniter(Object(CodeIgniter\CodeIgniter))
12 FCPATH\index.php(46): CodeIgniter\Boot::bootWeb(Object(Config\Paths))
CRITICAL - 2025-09-10 05:56:39 --> [Caused by] mysqli_sql_exception: Not unique table/alias: 'pb'
in SYSTEMPATH\Database\MySQLi\Connection.php on line 327.
 1 SYSTEMPATH\Database\MySQLi\Connection.php(327): mysqli->query('SELECT `pharmacy_medicines`.*, `pm`.`name` as `manufacturer_name`, `pc`.`name` as `category_name`, SUM(pb.current_stock) as total_stock, `p_df`.`name` as `dosage_form_name`, `p_uom`.`name` as `unit_of_measure_name`
FROM `pharmacy_medicines`
JOIN `pharmacy_generics` `pg` ON `pg`.`id` = `pharmacy_medicines`.`generic_id`
JOIN `pharmacy_brands` `pb` ON `pb`.`id` = `pharmacy_medicines`.`brand_id`
JOIN `pharmacy_manufacturers` `pm` ON `pm`.`id` = `pharmacy_medicines`.`manufacturer_id`
JOIN `pharmacy_categories` `pc` ON `pc`.`id` = `pharmacy_medicines`.`category_id`
JOIN `pharmacy_dosage_forms` `p_df` ON `p_df`.`id` = `pharmacy_medicines`.`dosage_form_id`
JOIN `pharmacy_units_of_measure` `p_uom` ON `p_uom`.`id` = `pharmacy_medicines`.`unit_of_measure_id`
LEFT JOIN `pharmacy_batches` `pb` ON `pb`.`medicine_id` = `pharmacy_medicines`.`id`
GROUP BY `pharmacy_medicines`.`id`', 0)
 2 SYSTEMPATH\Database\BaseConnection.php(738): CodeIgniter\Database\MySQLi\Connection->execute('SELECT `pharmacy_medicines`.*, `pm`.`name` as `manufacturer_name`, `pc`.`name` as `category_name`, SUM(pb.current_stock) as total_stock, `p_df`.`name` as `dosage_form_name`, `p_uom`.`name` as `unit_of_measure_name`
FROM `pharmacy_medicines`
JOIN `pharmacy_generics` `pg` ON `pg`.`id` = `pharmacy_medicines`.`generic_id`
JOIN `pharmacy_brands` `pb` ON `pb`.`id` = `pharmacy_medicines`.`brand_id`
JOIN `pharmacy_manufacturers` `pm` ON `pm`.`id` = `pharmacy_medicines`.`manufacturer_id`
JOIN `pharmacy_categories` `pc` ON `pc`.`id` = `pharmacy_medicines`.`category_id`
JOIN `pharmacy_dosage_forms` `p_df` ON `p_df`.`id` = `pharmacy_medicines`.`dosage_form_id`
JOIN `pharmacy_units_of_measure` `p_uom` ON `p_uom`.`id` = `pharmacy_medicines`.`unit_of_measure_id`
LEFT JOIN `pharmacy_batches` `pb` ON `pb`.`medicine_id` = `pharmacy_medicines`.`id`
GROUP BY `pharmacy_medicines`.`id`')
 3 SYSTEMPATH\Database\BaseConnection.php(652): CodeIgniter\Database\BaseConnection->simpleQuery('SELECT `pharmacy_medicines`.*, `pm`.`name` as `manufacturer_name`, `pc`.`name` as `category_name`, SUM(pb.current_stock) as total_stock, `p_df`.`name` as `dosage_form_name`, `p_uom`.`name` as `unit_of_measure_name`
FROM `pharmacy_medicines`
JOIN `pharmacy_generics` `pg` ON `pg`.`id` = `pharmacy_medicines`.`generic_id`
JOIN `pharmacy_brands` `pb` ON `pb`.`id` = `pharmacy_medicines`.`brand_id`
JOIN `pharmacy_manufacturers` `pm` ON `pm`.`id` = `pharmacy_medicines`.`manufacturer_id`
JOIN `pharmacy_categories` `pc` ON `pc`.`id` = `pharmacy_medicines`.`category_id`
JOIN `pharmacy_dosage_forms` `p_df` ON `p_df`.`id` = `pharmacy_medicines`.`dosage_form_id`
JOIN `pharmacy_units_of_measure` `p_uom` ON `p_uom`.`id` = `pharmacy_medicines`.`unit_of_measure_id`
LEFT JOIN `pharmacy_batches` `pb` ON `pb`.`medicine_id` = `pharmacy_medicines`.`id`
GROUP BY `pharmacy_medicines`.`id`')
 4 SYSTEMPATH\Database\BaseBuilder.php(1649): CodeIgniter\Database\BaseConnection->query('SELECT `pharmacy_medicines`.*, `pm`.`name` as `manufacturer_name`, `pc`.`name` as `category_name`, SUM(pb.current_stock) as total_stock, `p_df`.`name` as `dosage_form_name`, `p_uom`.`name` as `unit_of_measure_name`
FROM `pharmacy_medicines`
JOIN `pharmacy_generics` `pg` ON `pg`.`id` = `pharmacy_medicines`.`generic_id`
JOIN `pharmacy_brands` `pb` ON `pb`.`id` = `pharmacy_medicines`.`brand_id`
JOIN `pharmacy_manufacturers` `pm` ON `pm`.`id` = `pharmacy_medicines`.`manufacturer_id`
JOIN `pharmacy_categories` `pc` ON `pc`.`id` = `pharmacy_medicines`.`category_id`
JOIN `pharmacy_dosage_forms` `p_df` ON `p_df`.`id` = `pharmacy_medicines`.`dosage_form_id`
JOIN `pharmacy_units_of_measure` `p_uom` ON `p_uom`.`id` = `pharmacy_medicines`.`unit_of_measure_id`
LEFT JOIN `pharmacy_batches` `pb` ON `pb`.`medicine_id` = `pharmacy_medicines`.`id`
GROUP BY `pharmacy_medicines`.`id`', [], false)
 5 SYSTEMPATH\Model.php(286): CodeIgniter\Database\BaseBuilder->get()
 6 SYSTEMPATH\BaseModel.php(679): CodeIgniter\Model->doFindAll(0, 0)
 7 APPPATH\Controllers\Pharmacy\Medicines.php(72): CodeIgniter\BaseModel->findAll()
 8 SYSTEMPATH\CodeIgniter.php(933): App\Controllers\Pharmacy\Medicines->index()
 9 SYSTEMPATH\CodeIgniter.php(507): CodeIgniter\CodeIgniter->runController(Object(App\Controllers\Pharmacy\Medicines))
10 SYSTEMPATH\CodeIgniter.php(354): CodeIgniter\CodeIgniter->handleRequest(null, Object(Config\Cache), false)
11 SYSTEMPATH\Boot.php(334): CodeIgniter\CodeIgniter->run()
12 SYSTEMPATH\Boot.php(67): CodeIgniter\Boot::runCodeIgniter(Object(CodeIgniter\CodeIgniter))
13 FCPATH\index.php(46): CodeIgniter\Boot::bootWeb(Object(Config\Paths))
DEBUG - 2025-09-10 05:56:53 --> Session: Class initialized using 'CodeIgniter\Session\Handlers\FileHandler' driver.
DEBUG - 2025-09-10 05:57:52 --> Session: Class initialized using 'CodeIgniter\Session\Handlers\FileHandler' driver.
DEBUG - 2025-09-10 05:57:53 --> Session: Class initialized using 'CodeIgniter\Session\Handlers\FileHandler' driver.
CRITICAL - 2025-09-10 05:57:53 --> ErrorException: Undefined array key "is_active"
[Method: GET, Route: pharmacy/medicines]
in APPPATH\Views\pharmacy\medicines\index.php on line 92.
 1 APPPATH\Views\pharmacy\medicines\index.php(92): CodeIgniter\Debug\Exceptions->errorHandler(2, 'Undefined array key "is_active"', 'C:\\xampp\\htdocs\\hms_ram\\app\\Views\\pharmacy\\medicines\\index.php', 92)
 2 SYSTEMPATH\View\View.php(224): include('C:\\xampp\\htdocs\\hms_ram\\app\\Views\\pharmacy\\medicines\\index.php')
 3 SYSTEMPATH\View\View.php(227): CodeIgniter\View\View->CodeIgniter\View\{closure}()
 4 SYSTEMPATH\Common.php(1173): CodeIgniter\View\View->render('pharmacy/medicines/index', [], true)
 5 APPPATH\Controllers\Pharmacy\Medicines.php(91): view('pharmacy/medicines/index', [...])
 6 SYSTEMPATH\CodeIgniter.php(933): App\Controllers\Pharmacy\Medicines->index()
 7 SYSTEMPATH\CodeIgniter.php(507): CodeIgniter\CodeIgniter->runController(Object(App\Controllers\Pharmacy\Medicines))
 8 SYSTEMPATH\CodeIgniter.php(354): CodeIgniter\CodeIgniter->handleRequest(null, Object(Config\Cache), false)
 9 SYSTEMPATH\Boot.php(334): CodeIgniter\CodeIgniter->run()
10 SYSTEMPATH\Boot.php(67): CodeIgniter\Boot::runCodeIgniter(Object(CodeIgniter\CodeIgniter))
11 FCPATH\index.php(46): CodeIgniter\Boot::bootWeb(Object(Config\Paths))
DEBUG - 2025-09-10 05:58:10 --> Session: Class initialized using 'CodeIgniter\Session\Handlers\FileHandler' driver.
DEBUG - 2025-09-10 05:58:12 --> Session: Class initialized using 'CodeIgniter\Session\Handlers\FileHandler' driver.
DEBUG - 2025-09-10 05:58:41 --> Session: Class initialized using 'CodeIgniter\Session\Handlers\FileHandler' driver.
DEBUG - 2025-09-10 05:58:42 --> Session: Class initialized using 'CodeIgniter\Session\Handlers\FileHandler' driver.
CRITICAL - 2025-09-10 05:58:42 --> ErrorException: unlink(C:\xampp\htdocs\hms_ram\writable\debugbar/debugbar_1757483602.736356.json): No such file or directory
[Method: GET, Route: /]
in SYSTEMPATH\Debug\Toolbar\Collectors\History.php on line 82.
 1 [internal function]: CodeIgniter\Debug\Exceptions->errorHandler(2, 'unlink(C:\\xampp\\htdocs\\hms_ram\\writable\\debugbar/debugbar_1757483602.736356.json): No such file or directory', 'C:\\xampp\\htdocs\\hms_ram\\system\\Debug\\Toolbar\\Collectors\\History.php', 82)
 2 SYSTEMPATH\Debug\Toolbar\Collectors\History.php(82): unlink('C:\\xampp\\htdocs\\hms_ram\\writable\\debugbar/debugbar_1757483602.736356.json')
 3 SYSTEMPATH\Debug\Toolbar.php(517): CodeIgniter\Debug\Toolbar\Collectors\History->setFiles('1757483922.228368', 20)
 4 SYSTEMPATH\Debug\Toolbar.php(496): CodeIgniter\Debug\Toolbar->format([...], 'html')
 5 APPPATH\Config\Events.php(47): CodeIgniter\Debug\Toolbar->respond()
 6 SYSTEMPATH\Events\Events.php(155): CodeIgniter\Events\Events::Config\{closure}()
 7 SYSTEMPATH\CodeIgniter.php(339): CodeIgniter\Events\Events::trigger('pre_system')
 8 SYSTEMPATH\Boot.php(334): CodeIgniter\CodeIgniter->run()
 9 SYSTEMPATH\Boot.php(67): CodeIgniter\Boot::runCodeIgniter(Object(CodeIgniter\CodeIgniter))
10 FCPATH\index.php(46): CodeIgniter\Boot::bootWeb(Object(Config\Paths))
DEBUG - 2025-09-10 05:59:07 --> Session: Class initialized using 'CodeIgniter\Session\Handlers\FileHandler' driver.
DEBUG - 2025-09-10 05:59:33 --> Session: Class initialized using 'CodeIgniter\Session\Handlers\FileHandler' driver.
DEBUG - 2025-09-10 05:59:35 --> Session: Class initialized using 'CodeIgniter\Session\Handlers\FileHandler' driver.
DEBUG - 2025-09-10 05:59:44 --> Session: Class initialized using 'CodeIgniter\Session\Handlers\FileHandler' driver.
DEBUG - 2025-09-10 05:59:56 --> Session: Class initialized using 'CodeIgniter\Session\Handlers\FileHandler' driver.
CRITICAL - 2025-09-10 05:59:56 --> ErrorException: Undefined array key "brand_name"
[Method: GET, Route: pharmacy/medicines/batches/19]
in APPPATH\Views\pharmacy\medicines\batches.php on line 17.
 1 APPPATH\Views\pharmacy\medicines\batches.php(17): CodeIgniter\Debug\Exceptions->errorHandler(2, 'Undefined array key "brand_name"', 'C:\\xampp\\htdocs\\hms_ram\\app\\Views\\pharmacy\\medicines\\batches.php', 17)
 2 SYSTEMPATH\View\View.php(224): include('C:\\xampp\\htdocs\\hms_ram\\app\\Views\\pharmacy\\medicines\\batches.php')
 3 SYSTEMPATH\View\View.php(227): CodeIgniter\View\View->CodeIgniter\View\{closure}()
 4 SYSTEMPATH\Common.php(1173): CodeIgniter\View\View->render('pharmacy/medicines/batches', [], true)
 5 APPPATH\Controllers\Pharmacy\Medicines.php(288): view('pharmacy/medicines/batches', [...])
 6 SYSTEMPATH\CodeIgniter.php(933): App\Controllers\Pharmacy\Medicines->batches('19')
 7 SYSTEMPATH\CodeIgniter.php(507): CodeIgniter\CodeIgniter->runController(Object(App\Controllers\Pharmacy\Medicines))
 8 SYSTEMPATH\CodeIgniter.php(354): CodeIgniter\CodeIgniter->handleRequest(null, Object(Config\Cache), false)
 9 SYSTEMPATH\Boot.php(334): CodeIgniter\CodeIgniter->run()
10 SYSTEMPATH\Boot.php(67): CodeIgniter\Boot::runCodeIgniter(Object(CodeIgniter\CodeIgniter))
11 FCPATH\index.php(46): CodeIgniter\Boot::bootWeb(Object(Config\Paths))
DEBUG - 2025-09-10 06:00:24 --> Session: Class initialized using 'CodeIgniter\Session\Handlers\FileHandler' driver.
CRITICAL - 2025-09-10 06:00:24 --> ErrorException: Undefined array key "brand_name"
[Method: GET, Route: pharmacy/medicines/batches/19]
in APPPATH\Views\pharmacy\medicines\batches.php on line 17.
 1 APPPATH\Views\pharmacy\medicines\batches.php(17): CodeIgniter\Debug\Exceptions->errorHandler(2, 'Undefined array key "brand_name"', 'C:\\xampp\\htdocs\\hms_ram\\app\\Views\\pharmacy\\medicines\\batches.php', 17)
 2 SYSTEMPATH\View\View.php(224): include('C:\\xampp\\htdocs\\hms_ram\\app\\Views\\pharmacy\\medicines\\batches.php')
 3 SYSTEMPATH\View\View.php(227): CodeIgniter\View\View->CodeIgniter\View\{closure}()
 4 SYSTEMPATH\Common.php(1173): CodeIgniter\View\View->render('pharmacy/medicines/batches', [], true)
 5 APPPATH\Controllers\Pharmacy\Medicines.php(288): view('pharmacy/medicines/batches', [...])
 6 SYSTEMPATH\CodeIgniter.php(933): App\Controllers\Pharmacy\Medicines->batches('19')
 7 SYSTEMPATH\CodeIgniter.php(507): CodeIgniter\CodeIgniter->runController(Object(App\Controllers\Pharmacy\Medicines))
 8 SYSTEMPATH\CodeIgniter.php(354): CodeIgniter\CodeIgniter->handleRequest(null, Object(Config\Cache), false)
 9 SYSTEMPATH\Boot.php(334): CodeIgniter\CodeIgniter->run()
10 SYSTEMPATH\Boot.php(67): CodeIgniter\Boot::runCodeIgniter(Object(CodeIgniter\CodeIgniter))
11 FCPATH\index.php(46): CodeIgniter\Boot::bootWeb(Object(Config\Paths))
DEBUG - 2025-09-10 06:00:26 --> Session: Class initialized using 'CodeIgniter\Session\Handlers\FileHandler' driver.
DEBUG - 2025-09-10 06:00:51 --> Session: Class initialized using 'CodeIgniter\Session\Handlers\FileHandler' driver.
CRITICAL - 2025-09-10 06:00:51 --> ErrorException: Undefined array key "generic_name"
[Method: GET, Route: pharmacy/medicines/edit/19]
in APPPATH\Views\pharmacy\medicines\edit.php on line 26.
 1 APPPATH\Views\pharmacy\medicines\edit.php(26): CodeIgniter\Debug\Exceptions->errorHandler(2, 'Undefined array key "generic_name"', 'C:\\xampp\\htdocs\\hms_ram\\app\\Views\\pharmacy\\medicines\\edit.php', 26)
 2 SYSTEMPATH\View\View.php(224): include('C:\\xampp\\htdocs\\hms_ram\\app\\Views\\pharmacy\\medicines\\edit.php')
 3 SYSTEMPATH\View\View.php(227): CodeIgniter\View\View->CodeIgniter\View\{closure}()
 4 SYSTEMPATH\Common.php(1173): CodeIgniter\View\View->render('pharmacy/medicines/edit', [], true)
 5 APPPATH\Controllers\Pharmacy\Medicines.php(189): view('pharmacy/medicines/edit', [...])
 6 SYSTEMPATH\CodeIgniter.php(933): App\Controllers\Pharmacy\Medicines->edit('19')
 7 SYSTEMPATH\CodeIgniter.php(507): CodeIgniter\CodeIgniter->runController(Object(App\Controllers\Pharmacy\Medicines))
 8 SYSTEMPATH\CodeIgniter.php(354): CodeIgniter\CodeIgniter->handleRequest(null, Object(Config\Cache), false)
 9 SYSTEMPATH\Boot.php(334): CodeIgniter\CodeIgniter->run()
10 SYSTEMPATH\Boot.php(67): CodeIgniter\Boot::runCodeIgniter(Object(CodeIgniter\CodeIgniter))
11 FCPATH\index.php(46): CodeIgniter\Boot::bootWeb(Object(Config\Paths))
DEBUG - 2025-09-10 06:02:10 --> Session: Class initialized using 'CodeIgniter\Session\Handlers\FileHandler' driver.
CRITICAL - 2025-09-10 06:02:10 --> ErrorException: Undefined array key "generic_name"
[Method: GET, Route: pharmacy/medicines/edit/19]
in APPPATH\Views\pharmacy\medicines\edit.php on line 26.
 1 APPPATH\Views\pharmacy\medicines\edit.php(26): CodeIgniter\Debug\Exceptions->errorHandler(2, 'Undefined array key "generic_name"', 'C:\\xampp\\htdocs\\hms_ram\\app\\Views\\pharmacy\\medicines\\edit.php', 26)
 2 SYSTEMPATH\View\View.php(224): include('C:\\xampp\\htdocs\\hms_ram\\app\\Views\\pharmacy\\medicines\\edit.php')
 3 SYSTEMPATH\View\View.php(227): CodeIgniter\View\View->CodeIgniter\View\{closure}()
 4 SYSTEMPATH\Common.php(1173): CodeIgniter\View\View->render('pharmacy/medicines/edit', [], true)
 5 APPPATH\Controllers\Pharmacy\Medicines.php(189): view('pharmacy/medicines/edit', [...])
 6 SYSTEMPATH\CodeIgniter.php(933): App\Controllers\Pharmacy\Medicines->edit('19')
 7 SYSTEMPATH\CodeIgniter.php(507): CodeIgniter\CodeIgniter->runController(Object(App\Controllers\Pharmacy\Medicines))
 8 SYSTEMPATH\CodeIgniter.php(354): CodeIgniter\CodeIgniter->handleRequest(null, Object(Config\Cache), false)
 9 SYSTEMPATH\Boot.php(334): CodeIgniter\CodeIgniter->run()
10 SYSTEMPATH\Boot.php(67): CodeIgniter\Boot::runCodeIgniter(Object(CodeIgniter\CodeIgniter))
11 FCPATH\index.php(46): CodeIgniter\Boot::bootWeb(Object(Config\Paths))
DEBUG - 2025-09-10 06:02:12 --> Session: Class initialized using 'CodeIgniter\Session\Handlers\FileHandler' driver.
CRITICAL - 2025-09-10 06:02:12 --> ErrorException: Undefined array key "generic_name"
[Method: GET, Route: pharmacy/medicines/edit/19]
in APPPATH\Views\pharmacy\medicines\edit.php on line 26.
 1 APPPATH\Views\pharmacy\medicines\edit.php(26): CodeIgniter\Debug\Exceptions->errorHandler(2, 'Undefined array key "generic_name"', 'C:\\xampp\\htdocs\\hms_ram\\app\\Views\\pharmacy\\medicines\\edit.php', 26)
 2 SYSTEMPATH\View\View.php(224): include('C:\\xampp\\htdocs\\hms_ram\\app\\Views\\pharmacy\\medicines\\edit.php')
 3 SYSTEMPATH\View\View.php(227): CodeIgniter\View\View->CodeIgniter\View\{closure}()
 4 SYSTEMPATH\Common.php(1173): CodeIgniter\View\View->render('pharmacy/medicines/edit', [], true)
 5 APPPATH\Controllers\Pharmacy\Medicines.php(189): view('pharmacy/medicines/edit', [...])
 6 SYSTEMPATH\CodeIgniter.php(933): App\Controllers\Pharmacy\Medicines->edit('19')
 7 SYSTEMPATH\CodeIgniter.php(507): CodeIgniter\CodeIgniter->runController(Object(App\Controllers\Pharmacy\Medicines))
 8 SYSTEMPATH\CodeIgniter.php(354): CodeIgniter\CodeIgniter->handleRequest(null, Object(Config\Cache), false)
 9 SYSTEMPATH\Boot.php(334): CodeIgniter\CodeIgniter->run()
10 SYSTEMPATH\Boot.php(67): CodeIgniter\Boot::runCodeIgniter(Object(CodeIgniter\CodeIgniter))
11 FCPATH\index.php(46): CodeIgniter\Boot::bootWeb(Object(Config\Paths))
DEBUG - 2025-09-10 06:02:13 --> Session: Class initialized using 'CodeIgniter\Session\Handlers\FileHandler' driver.
CRITICAL - 2025-09-10 06:02:13 --> ErrorException: Undefined array key "generic_name"
[Method: GET, Route: pharmacy/medicines/edit/19]
in APPPATH\Views\pharmacy\medicines\edit.php on line 26.
 1 APPPATH\Views\pharmacy\medicines\edit.php(26): CodeIgniter\Debug\Exceptions->errorHandler(2, 'Undefined array key "generic_name"', 'C:\\xampp\\htdocs\\hms_ram\\app\\Views\\pharmacy\\medicines\\edit.php', 26)
 2 SYSTEMPATH\View\View.php(224): include('C:\\xampp\\htdocs\\hms_ram\\app\\Views\\pharmacy\\medicines\\edit.php')
 3 SYSTEMPATH\View\View.php(227): CodeIgniter\View\View->CodeIgniter\View\{closure}()
 4 SYSTEMPATH\Common.php(1173): CodeIgniter\View\View->render('pharmacy/medicines/edit', [], true)
 5 APPPATH\Controllers\Pharmacy\Medicines.php(189): view('pharmacy/medicines/edit', [...])
 6 SYSTEMPATH\CodeIgniter.php(933): App\Controllers\Pharmacy\Medicines->edit('19')
 7 SYSTEMPATH\CodeIgniter.php(507): CodeIgniter\CodeIgniter->runController(Object(App\Controllers\Pharmacy\Medicines))
 8 SYSTEMPATH\CodeIgniter.php(354): CodeIgniter\CodeIgniter->handleRequest(null, Object(Config\Cache), false)
 9 SYSTEMPATH\Boot.php(334): CodeIgniter\CodeIgniter->run()
10 SYSTEMPATH\Boot.php(67): CodeIgniter\Boot::runCodeIgniter(Object(CodeIgniter\CodeIgniter))
11 FCPATH\index.php(46): CodeIgniter\Boot::bootWeb(Object(Config\Paths))
DEBUG - 2025-09-10 06:02:19 --> Session: Class initialized using 'CodeIgniter\Session\Handlers\FileHandler' driver.
CRITICAL - 2025-09-10 06:02:19 --> ErrorException: Undefined array key "generic_name"
[Method: GET, Route: pharmacy/medicines/edit/19]
in APPPATH\Views\pharmacy\medicines\edit.php on line 26.
 1 APPPATH\Views\pharmacy\medicines\edit.php(26): CodeIgniter\Debug\Exceptions->errorHandler(2, 'Undefined array key "generic_name"', 'C:\\xampp\\htdocs\\hms_ram\\app\\Views\\pharmacy\\medicines\\edit.php', 26)
 2 SYSTEMPATH\View\View.php(224): include('C:\\xampp\\htdocs\\hms_ram\\app\\Views\\pharmacy\\medicines\\edit.php')
 3 SYSTEMPATH\View\View.php(227): CodeIgniter\View\View->CodeIgniter\View\{closure}()
 4 SYSTEMPATH\Common.php(1173): CodeIgniter\View\View->render('pharmacy/medicines/edit', [], true)
 5 APPPATH\Controllers\Pharmacy\Medicines.php(189): view('pharmacy/medicines/edit', [...])
 6 SYSTEMPATH\CodeIgniter.php(933): App\Controllers\Pharmacy\Medicines->edit('19')
 7 SYSTEMPATH\CodeIgniter.php(507): CodeIgniter\CodeIgniter->runController(Object(App\Controllers\Pharmacy\Medicines))
 8 SYSTEMPATH\CodeIgniter.php(354): CodeIgniter\CodeIgniter->handleRequest(null, Object(Config\Cache), false)
 9 SYSTEMPATH\Boot.php(334): CodeIgniter\CodeIgniter->run()
10 SYSTEMPATH\Boot.php(67): CodeIgniter\Boot::runCodeIgniter(Object(CodeIgniter\CodeIgniter))
11 FCPATH\index.php(46): CodeIgniter\Boot::bootWeb(Object(Config\Paths))
DEBUG - 2025-09-10 06:02:20 --> Session: Class initialized using 'CodeIgniter\Session\Handlers\FileHandler' driver.
CRITICAL - 2025-09-10 06:02:20 --> ErrorException: Undefined array key "generic_name"
[Method: GET, Route: pharmacy/medicines/edit/19]
in APPPATH\Views\pharmacy\medicines\edit.php on line 26.
 1 APPPATH\Views\pharmacy\medicines\edit.php(26): CodeIgniter\Debug\Exceptions->errorHandler(2, 'Undefined array key "generic_name"', 'C:\\xampp\\htdocs\\hms_ram\\app\\Views\\pharmacy\\medicines\\edit.php', 26)
 2 SYSTEMPATH\View\View.php(224): include('C:\\xampp\\htdocs\\hms_ram\\app\\Views\\pharmacy\\medicines\\edit.php')
 3 SYSTEMPATH\View\View.php(227): CodeIgniter\View\View->CodeIgniter\View\{closure}()
 4 SYSTEMPATH\Common.php(1173): CodeIgniter\View\View->render('pharmacy/medicines/edit', [], true)
 5 APPPATH\Controllers\Pharmacy\Medicines.php(189): view('pharmacy/medicines/edit', [...])
 6 SYSTEMPATH\CodeIgniter.php(933): App\Controllers\Pharmacy\Medicines->edit('19')
 7 SYSTEMPATH\CodeIgniter.php(507): CodeIgniter\CodeIgniter->runController(Object(App\Controllers\Pharmacy\Medicines))
 8 SYSTEMPATH\CodeIgniter.php(354): CodeIgniter\CodeIgniter->handleRequest(null, Object(Config\Cache), false)
 9 SYSTEMPATH\Boot.php(334): CodeIgniter\CodeIgniter->run()
10 SYSTEMPATH\Boot.php(67): CodeIgniter\Boot::runCodeIgniter(Object(CodeIgniter\CodeIgniter))
11 FCPATH\index.php(46): CodeIgniter\Boot::bootWeb(Object(Config\Paths))
DEBUG - 2025-09-10 06:02:20 --> Session: Class initialized using 'CodeIgniter\Session\Handlers\FileHandler' driver.
CRITICAL - 2025-09-10 06:02:20 --> ErrorException: Undefined array key "generic_name"
[Method: GET, Route: pharmacy/medicines/edit/19]
in APPPATH\Views\pharmacy\medicines\edit.php on line 26.
 1 APPPATH\Views\pharmacy\medicines\edit.php(26): CodeIgniter\Debug\Exceptions->errorHandler(2, 'Undefined array key "generic_name"', 'C:\\xampp\\htdocs\\hms_ram\\app\\Views\\pharmacy\\medicines\\edit.php', 26)
 2 SYSTEMPATH\View\View.php(224): include('C:\\xampp\\htdocs\\hms_ram\\app\\Views\\pharmacy\\medicines\\edit.php')
 3 SYSTEMPATH\View\View.php(227): CodeIgniter\View\View->CodeIgniter\View\{closure}()
 4 SYSTEMPATH\Common.php(1173): CodeIgniter\View\View->render('pharmacy/medicines/edit', [], true)
 5 APPPATH\Controllers\Pharmacy\Medicines.php(189): view('pharmacy/medicines/edit', [...])
 6 SYSTEMPATH\CodeIgniter.php(933): App\Controllers\Pharmacy\Medicines->edit('19')
 7 SYSTEMPATH\CodeIgniter.php(507): CodeIgniter\CodeIgniter->runController(Object(App\Controllers\Pharmacy\Medicines))
 8 SYSTEMPATH\CodeIgniter.php(354): CodeIgniter\CodeIgniter->handleRequest(null, Object(Config\Cache), false)
 9 SYSTEMPATH\Boot.php(334): CodeIgniter\CodeIgniter->run()
10 SYSTEMPATH\Boot.php(67): CodeIgniter\Boot::runCodeIgniter(Object(CodeIgniter\CodeIgniter))
11 FCPATH\index.php(46): CodeIgniter\Boot::bootWeb(Object(Config\Paths))
DEBUG - 2025-09-10 06:02:20 --> Session: Class initialized using 'CodeIgniter\Session\Handlers\FileHandler' driver.
CRITICAL - 2025-09-10 06:02:20 --> ErrorException: Undefined array key "generic_name"
[Method: GET, Route: pharmacy/medicines/edit/19]
in APPPATH\Views\pharmacy\medicines\edit.php on line 26.
 1 APPPATH\Views\pharmacy\medicines\edit.php(26): CodeIgniter\Debug\Exceptions->errorHandler(2, 'Undefined array key "generic_name"', 'C:\\xampp\\htdocs\\hms_ram\\app\\Views\\pharmacy\\medicines\\edit.php', 26)
 2 SYSTEMPATH\View\View.php(224): include('C:\\xampp\\htdocs\\hms_ram\\app\\Views\\pharmacy\\medicines\\edit.php')
 3 SYSTEMPATH\View\View.php(227): CodeIgniter\View\View->CodeIgniter\View\{closure}()
 4 SYSTEMPATH\Common.php(1173): CodeIgniter\View\View->render('pharmacy/medicines/edit', [], true)
 5 APPPATH\Controllers\Pharmacy\Medicines.php(189): view('pharmacy/medicines/edit', [...])
 6 SYSTEMPATH\CodeIgniter.php(933): App\Controllers\Pharmacy\Medicines->edit('19')
 7 SYSTEMPATH\CodeIgniter.php(507): CodeIgniter\CodeIgniter->runController(Object(App\Controllers\Pharmacy\Medicines))
 8 SYSTEMPATH\CodeIgniter.php(354): CodeIgniter\CodeIgniter->handleRequest(null, Object(Config\Cache), false)
 9 SYSTEMPATH\Boot.php(334): CodeIgniter\CodeIgniter->run()
10 SYSTEMPATH\Boot.php(67): CodeIgniter\Boot::runCodeIgniter(Object(CodeIgniter\CodeIgniter))
11 FCPATH\index.php(46): CodeIgniter\Boot::bootWeb(Object(Config\Paths))
DEBUG - 2025-09-10 06:05:28 --> Session: Class initialized using 'CodeIgniter\Session\Handlers\FileHandler' driver.
CRITICAL - 2025-09-10 06:05:28 --> ErrorException: Undefined array key "generic_name"
[Method: GET, Route: pharmacy/medicines/edit/19]
in APPPATH\Views\pharmacy\medicines\edit.php on line 26.
 1 APPPATH\Views\pharmacy\medicines\edit.php(26): CodeIgniter\Debug\Exceptions->errorHandler(2, 'Undefined array key "generic_name"', 'C:\\xampp\\htdocs\\hms_ram\\app\\Views\\pharmacy\\medicines\\edit.php', 26)
 2 SYSTEMPATH\View\View.php(224): include('C:\\xampp\\htdocs\\hms_ram\\app\\Views\\pharmacy\\medicines\\edit.php')
 3 SYSTEMPATH\View\View.php(227): CodeIgniter\View\View->CodeIgniter\View\{closure}()
 4 SYSTEMPATH\Common.php(1173): CodeIgniter\View\View->render('pharmacy/medicines/edit', [], true)
 5 APPPATH\Controllers\Pharmacy\Medicines.php(189): view('pharmacy/medicines/edit', [...])
 6 SYSTEMPATH\CodeIgniter.php(933): App\Controllers\Pharmacy\Medicines->edit('19')
 7 SYSTEMPATH\CodeIgniter.php(507): CodeIgniter\CodeIgniter->runController(Object(App\Controllers\Pharmacy\Medicines))
 8 SYSTEMPATH\CodeIgniter.php(354): CodeIgniter\CodeIgniter->handleRequest(null, Object(Config\Cache), false)
 9 SYSTEMPATH\Boot.php(334): CodeIgniter\CodeIgniter->run()
10 SYSTEMPATH\Boot.php(67): CodeIgniter\Boot::runCodeIgniter(Object(CodeIgniter\CodeIgniter))
11 FCPATH\index.php(46): CodeIgniter\Boot::bootWeb(Object(Config\Paths))
DEBUG - 2025-09-10 06:05:30 --> Session: Class initialized using 'CodeIgniter\Session\Handlers\FileHandler' driver.
CRITICAL - 2025-09-10 06:05:30 --> ErrorException: Undefined array key "generic_name"
[Method: GET, Route: pharmacy/medicines/edit/19]
in APPPATH\Views\pharmacy\medicines\edit.php on line 26.
 1 APPPATH\Views\pharmacy\medicines\edit.php(26): CodeIgniter\Debug\Exceptions->errorHandler(2, 'Undefined array key "generic_name"', 'C:\\xampp\\htdocs\\hms_ram\\app\\Views\\pharmacy\\medicines\\edit.php', 26)
 2 SYSTEMPATH\View\View.php(224): include('C:\\xampp\\htdocs\\hms_ram\\app\\Views\\pharmacy\\medicines\\edit.php')
 3 SYSTEMPATH\View\View.php(227): CodeIgniter\View\View->CodeIgniter\View\{closure}()
 4 SYSTEMPATH\Common.php(1173): CodeIgniter\View\View->render('pharmacy/medicines/edit', [], true)
 5 APPPATH\Controllers\Pharmacy\Medicines.php(189): view('pharmacy/medicines/edit', [...])
 6 SYSTEMPATH\CodeIgniter.php(933): App\Controllers\Pharmacy\Medicines->edit('19')
 7 SYSTEMPATH\CodeIgniter.php(507): CodeIgniter\CodeIgniter->runController(Object(App\Controllers\Pharmacy\Medicines))
 8 SYSTEMPATH\CodeIgniter.php(354): CodeIgniter\CodeIgniter->handleRequest(null, Object(Config\Cache), false)
 9 SYSTEMPATH\Boot.php(334): CodeIgniter\CodeIgniter->run()
10 SYSTEMPATH\Boot.php(67): CodeIgniter\Boot::runCodeIgniter(Object(CodeIgniter\CodeIgniter))
11 FCPATH\index.php(46): CodeIgniter\Boot::bootWeb(Object(Config\Paths))
CRITICAL - 2025-09-10 06:13:40 --> ParseError: syntax error, unexpected token "->"
[Method: GET, Route: pharmacy/medicines/edit/19]
in APPPATH\Controllers\Pharmacy\Medicines.php on line 172.
 1 SYSTEMPATH\Autoloader\Autoloader.php(295): CodeIgniter\Autoloader\Autoloader->includeFile('C:\\xampp\\htdocs\\hms_ram\\app\\Controllers\\Pharmacy\\Medicines.php')
 2 SYSTEMPATH\Autoloader\Autoloader.php(271): CodeIgniter\Autoloader\Autoloader->loadInNamespace('App\\Controllers\\Pharmacy\\Medicines')
 3 [internal function]: CodeIgniter\Autoloader\Autoloader->loadClass('App\\Controllers\\Pharmacy\\Medicines')
 4 SYSTEMPATH\CodeIgniter.php(885): class_exists('\\App\\Controllers\\Pharmacy\\Medicines', true)
 5 SYSTEMPATH\CodeIgniter.php(494): CodeIgniter\CodeIgniter->startController()
 6 SYSTEMPATH\CodeIgniter.php(354): CodeIgniter\CodeIgniter->handleRequest(null, Object(Config\Cache), false)
 7 SYSTEMPATH\Boot.php(334): CodeIgniter\CodeIgniter->run()
 8 SYSTEMPATH\Boot.php(67): CodeIgniter\Boot::runCodeIgniter(Object(CodeIgniter\CodeIgniter))
 9 FCPATH\index.php(46): CodeIgniter\Boot::bootWeb(Object(Config\Paths))
DEBUG - 2025-09-10 06:14:12 --> Session: Class initialized using 'CodeIgniter\Session\Handlers\FileHandler' driver.
DEBUG - 2025-09-10 06:15:00 --> Session: Class initialized using 'CodeIgniter\Session\Handlers\FileHandler' driver.
DEBUG - 2025-09-10 06:15:06 --> Session: Class initialized using 'CodeIgniter\Session\Handlers\FileHandler' driver.
DEBUG - 2025-09-10 06:15:18 --> Session: Class initialized using 'CodeIgniter\Session\Handlers\FileHandler' driver.
DEBUG - 2025-09-10 06:15:19 --> Session: Class initialized using 'CodeIgniter\Session\Handlers\FileHandler' driver.
DEBUG - 2025-09-10 06:15:34 --> Session: Class initialized using 'CodeIgniter\Session\Handlers\FileHandler' driver.
DEBUG - 2025-09-10 06:15:35 --> Session: Class initialized using 'CodeIgniter\Session\Handlers\FileHandler' driver.
DEBUG - 2025-09-10 06:15:37 --> Session: Class initialized using 'CodeIgniter\Session\Handlers\FileHandler' driver.
DEBUG - 2025-09-10 06:15:38 --> Session: Class initialized using 'CodeIgniter\Session\Handlers\FileHandler' driver.
DEBUG - 2025-09-10 06:15:44 --> Session: Class initialized using 'CodeIgniter\Session\Handlers\FileHandler' driver.
DEBUG - 2025-09-10 06:15:45 --> Session: Class initialized using 'CodeIgniter\Session\Handlers\FileHandler' driver.
DEBUG - 2025-09-10 06:15:54 --> Session: Class initialized using 'CodeIgniter\Session\Handlers\FileHandler' driver.
DEBUG - 2025-09-10 06:15:54 --> Session: Class initialized using 'CodeIgniter\Session\Handlers\FileHandler' driver.
DEBUG - 2025-09-10 06:16:09 --> Session: Class initialized using 'CodeIgniter\Session\Handlers\FileHandler' driver.
DEBUG - 2025-09-10 06:16:09 --> Session: Class initialized using 'CodeIgniter\Session\Handlers\FileHandler' driver.
DEBUG - 2025-09-10 06:16:11 --> Session: Class initialized using 'CodeIgniter\Session\Handlers\FileHandler' driver.
DEBUG - 2025-09-10 06:16:11 --> Session: Class initialized using 'CodeIgniter\Session\Handlers\FileHandler' driver.
DEBUG - 2025-09-10 06:16:24 --> Session: Class initialized using 'CodeIgniter\Session\Handlers\FileHandler' driver.
DEBUG - 2025-09-10 06:16:24 --> Session: Class initialized using 'CodeIgniter\Session\Handlers\FileHandler' driver.
DEBUG - 2025-09-10 06:16:26 --> Session: Class initialized using 'CodeIgniter\Session\Handlers\FileHandler' driver.
DEBUG - 2025-09-10 06:16:26 --> Session: Class initialized using 'CodeIgniter\Session\Handlers\FileHandler' driver.
DEBUG - 2025-09-10 06:19:28 --> Session: Class initialized using 'CodeIgniter\Session\Handlers\FileHandler' driver.
DEBUG - 2025-09-10 06:19:28 --> Session: Class initialized using 'CodeIgniter\Session\Handlers\FileHandler' driver.
CRITICAL - 2025-09-10 06:19:29 --> ErrorException: unlink(C:\xampp\htdocs\hms_ram\writable\debugbar/debugbar_1757484954.464725.json): No such file or directory
[Method: GET, Route: /]
in SYSTEMPATH\Debug\Toolbar\Collectors\History.php on line 82.
 1 [internal function]: CodeIgniter\Debug\Exceptions->errorHandler(2, 'unlink(C:\\xampp\\htdocs\\hms_ram\\writable\\debugbar/debugbar_1757484954.464725.json): No such file or directory', 'C:\\xampp\\htdocs\\hms_ram\\system\\Debug\\Toolbar\\Collectors\\History.php', 82)
 2 SYSTEMPATH\Debug\Toolbar\Collectors\History.php(82): unlink('C:\\xampp\\htdocs\\hms_ram\\writable\\debugbar/debugbar_1757484954.464725.json')
 3 SYSTEMPATH\Debug\Toolbar.php(517): CodeIgniter\Debug\Toolbar\Collectors\History->setFiles('1757485168.623278', 20)
 4 SYSTEMPATH\Debug\Toolbar.php(496): CodeIgniter\Debug\Toolbar->format([...], 'html')
 5 APPPATH\Config\Events.php(47): CodeIgniter\Debug\Toolbar->respond()
 6 SYSTEMPATH\Events\Events.php(155): CodeIgniter\Events\Events::Config\{closure}()
 7 SYSTEMPATH\CodeIgniter.php(339): CodeIgniter\Events\Events::trigger('pre_system')
 8 SYSTEMPATH\Boot.php(334): CodeIgniter\CodeIgniter->run()
 9 SYSTEMPATH\Boot.php(67): CodeIgniter\Boot::runCodeIgniter(Object(CodeIgniter\CodeIgniter))
10 FCPATH\index.php(46): CodeIgniter\Boot::bootWeb(Object(Config\Paths))
DEBUG - 2025-09-10 06:19:44 --> Session: Class initialized using 'CodeIgniter\Session\Handlers\FileHandler' driver.
DEBUG - 2025-09-10 07:10:26 --> Session: Class initialized using 'CodeIgniter\Session\Handlers\FileHandler' driver.
DEBUG - 2025-09-10 07:10:29 --> Session: Class initialized using 'CodeIgniter\Session\Handlers\FileHandler' driver.
DEBUG - 2025-09-10 07:10:51 --> Session: Class initialized using 'CodeIgniter\Session\Handlers\FileHandler' driver.
DEBUG - 2025-09-10 07:10:51 --> Session: Class initialized using 'CodeIgniter\Session\Handlers\FileHandler' driver.
DEBUG - 2025-09-10 07:11:18 --> Session: Class initialized using 'CodeIgniter\Session\Handlers\FileHandler' driver.
DEBUG - 2025-09-10 07:11:18 --> Session: Class initialized using 'CodeIgniter\Session\Handlers\FileHandler' driver.
DEBUG - 2025-09-10 07:11:25 --> Session: Class initialized using 'CodeIgniter\Session\Handlers\FileHandler' driver.
DEBUG - 2025-09-10 07:11:25 --> Session: Class initialized using 'CodeIgniter\Session\Handlers\FileHandler' driver.
DEBUG - 2025-09-10 07:11:32 --> Session: Class initialized using 'CodeIgniter\Session\Handlers\FileHandler' driver.
DEBUG - 2025-09-10 07:11:36 --> Session: Class initialized using 'CodeIgniter\Session\Handlers\FileHandler' driver.
DEBUG - 2025-09-10 07:11:36 --> Session: Class initialized using 'CodeIgniter\Session\Handlers\FileHandler' driver.
DEBUG - 2025-09-10 07:11:46 --> Session: Class initialized using 'CodeIgniter\Session\Handlers\FileHandler' driver.
DEBUG - 2025-09-10 07:12:02 --> Session: Class initialized using 'CodeIgniter\Session\Handlers\FileHandler' driver.
DEBUG - 2025-09-10 07:12:03 --> Session: Class initialized using 'CodeIgniter\Session\Handlers\FileHandler' driver.
DEBUG - 2025-09-10 07:12:05 --> Session: Class initialized using 'CodeIgniter\Session\Handlers\FileHandler' driver.
DEBUG - 2025-09-10 07:12:06 --> Session: Class initialized using 'CodeIgniter\Session\Handlers\FileHandler' driver.
DEBUG - 2025-09-10 07:12:10 --> Session: Class initialized using 'CodeIgniter\Session\Handlers\FileHandler' driver.
CRITICAL - 2025-09-10 07:12:10 --> ErrorException: Undefined array key "brand_name"
[Method: GET, Route: pharmacy/medicines/batches/19]
in APPPATH\Views\pharmacy\medicines\batches.php on line 17.
 1 APPPATH\Views\pharmacy\medicines\batches.php(17): CodeIgniter\Debug\Exceptions->errorHandler(2, 'Undefined array key "brand_name"', 'C:\\xampp\\htdocs\\hms_ram\\app\\Views\\pharmacy\\medicines\\batches.php', 17)
 2 SYSTEMPATH\View\View.php(224): include('C:\\xampp\\htdocs\\hms_ram\\app\\Views\\pharmacy\\medicines\\batches.php')
 3 SYSTEMPATH\View\View.php(227): CodeIgniter\View\View->CodeIgniter\View\{closure}()
 4 SYSTEMPATH\Common.php(1173): CodeIgniter\View\View->render('pharmacy/medicines/batches', [], true)
 5 APPPATH\Controllers\Pharmacy\Medicines.php(293): view('pharmacy/medicines/batches', [...])
 6 SYSTEMPATH\CodeIgniter.php(933): App\Controllers\Pharmacy\Medicines->batches('19')
 7 SYSTEMPATH\CodeIgniter.php(507): CodeIgniter\CodeIgniter->runController(Object(App\Controllers\Pharmacy\Medicines))
 8 SYSTEMPATH\CodeIgniter.php(354): CodeIgniter\CodeIgniter->handleRequest(null, Object(Config\Cache), false)
 9 SYSTEMPATH\Boot.php(334): CodeIgniter\CodeIgniter->run()
10 SYSTEMPATH\Boot.php(67): CodeIgniter\Boot::runCodeIgniter(Object(CodeIgniter\CodeIgniter))
11 FCPATH\index.php(46): CodeIgniter\Boot::bootWeb(Object(Config\Paths))
DEBUG - 2025-09-10 07:12:35 --> Session: Class initialized using 'CodeIgniter\Session\Handlers\FileHandler' driver.
CRITICAL - 2025-09-10 07:12:35 --> ErrorException: Undefined array key "brand_name"
[Method: GET, Route: pharmacy/medicines/batches/19]
in APPPATH\Views\pharmacy\medicines\batches.php on line 17.
 1 APPPATH\Views\pharmacy\medicines\batches.php(17): CodeIgniter\Debug\Exceptions->errorHandler(2, 'Undefined array key "brand_name"', 'C:\\xampp\\htdocs\\hms_ram\\app\\Views\\pharmacy\\medicines\\batches.php', 17)
 2 SYSTEMPATH\View\View.php(224): include('C:\\xampp\\htdocs\\hms_ram\\app\\Views\\pharmacy\\medicines\\batches.php')
 3 SYSTEMPATH\View\View.php(227): CodeIgniter\View\View->CodeIgniter\View\{closure}()
 4 SYSTEMPATH\Common.php(1173): CodeIgniter\View\View->render('pharmacy/medicines/batches', [], true)
 5 APPPATH\Controllers\Pharmacy\Medicines.php(293): view('pharmacy/medicines/batches', [...])
 6 SYSTEMPATH\CodeIgniter.php(933): App\Controllers\Pharmacy\Medicines->batches('19')
 7 SYSTEMPATH\CodeIgniter.php(507): CodeIgniter\CodeIgniter->runController(Object(App\Controllers\Pharmacy\Medicines))
 8 SYSTEMPATH\CodeIgniter.php(354): CodeIgniter\CodeIgniter->handleRequest(null, Object(Config\Cache), false)
 9 SYSTEMPATH\Boot.php(334): CodeIgniter\CodeIgniter->run()
10 SYSTEMPATH\Boot.php(67): CodeIgniter\Boot::runCodeIgniter(Object(CodeIgniter\CodeIgniter))
11 FCPATH\index.php(46): CodeIgniter\Boot::bootWeb(Object(Config\Paths))
DEBUG - 2025-09-10 07:13:55 --> Session: Class initialized using 'CodeIgniter\Session\Handlers\FileHandler' driver.
DEBUG - 2025-09-10 07:14:15 --> Session: Class initialized using 'CodeIgniter\Session\Handlers\FileHandler' driver.
DEBUG - 2025-09-10 07:14:18 --> Session: Class initialized using 'CodeIgniter\Session\Handlers\FileHandler' driver.
DEBUG - 2025-09-10 07:14:25 --> Session: Class initialized using 'CodeIgniter\Session\Handlers\FileHandler' driver.
DEBUG - 2025-09-10 07:14:29 --> Session: Class initialized using 'CodeIgniter\Session\Handlers\FileHandler' driver.
DEBUG - 2025-09-10 07:14:32 --> Session: Class initialized using 'CodeIgniter\Session\Handlers\FileHandler' driver.
DEBUG - 2025-09-10 07:15:16 --> Session: Class initialized using 'CodeIgniter\Session\Handlers\FileHandler' driver.
DEBUG - 2025-09-10 07:15:20 --> Session: Class initialized using 'CodeIgniter\Session\Handlers\FileHandler' driver.
DEBUG - 2025-09-10 07:15:22 --> Session: Class initialized using 'CodeIgniter\Session\Handlers\FileHandler' driver.
DEBUG - 2025-09-10 07:15:33 --> Session: Class initialized using 'CodeIgniter\Session\Handlers\FileHandler' driver.
CRITICAL - 2025-09-10 07:15:33 --> ErrorException: Undefined array key "brand_name"
[Method: GET, Route: pharmacy/medicines/add-batch/19]
in APPPATH\Views\pharmacy\medicines\add_batch.php on line 14.
 1 APPPATH\Views\pharmacy\medicines\add_batch.php(14): CodeIgniter\Debug\Exceptions->errorHandler(2, 'Undefined array key "brand_name"', 'C:\\xampp\\htdocs\\hms_ram\\app\\Views\\pharmacy\\medicines\\add_batch.php', 14)
 2 SYSTEMPATH\View\View.php(224): include('C:\\xampp\\htdocs\\hms_ram\\app\\Views\\pharmacy\\medicines\\add_batch.php')
 3 SYSTEMPATH\View\View.php(227): CodeIgniter\View\View->CodeIgniter\View\{closure}()
 4 SYSTEMPATH\Common.php(1173): CodeIgniter\View\View->render('pharmacy/medicines/add_batch', [], true)
 5 APPPATH\Controllers\Pharmacy\Medicines.php(322): view('pharmacy/medicines/add_batch', [...])
 6 SYSTEMPATH\CodeIgniter.php(933): App\Controllers\Pharmacy\Medicines->addBatch('19')
 7 SYSTEMPATH\CodeIgniter.php(507): CodeIgniter\CodeIgniter->runController(Object(App\Controllers\Pharmacy\Medicines))
 8 SYSTEMPATH\CodeIgniter.php(354): CodeIgniter\CodeIgniter->handleRequest(null, Object(Config\Cache), false)
 9 SYSTEMPATH\Boot.php(334): CodeIgniter\CodeIgniter->run()
10 SYSTEMPATH\Boot.php(67): CodeIgniter\Boot::runCodeIgniter(Object(CodeIgniter\CodeIgniter))
11 FCPATH\index.php(46): CodeIgniter\Boot::bootWeb(Object(Config\Paths))
DEBUG - 2025-09-10 07:15:35 --> Session: Class initialized using 'CodeIgniter\Session\Handlers\FileHandler' driver.
DEBUG - 2025-09-10 07:15:36 --> Session: Class initialized using 'CodeIgniter\Session\Handlers\FileHandler' driver.
DEBUG - 2025-09-10 07:15:38 --> Session: Class initialized using 'CodeIgniter\Session\Handlers\FileHandler' driver.
DEBUG - 2025-09-10 07:15:42 --> Session: Class initialized using 'CodeIgniter\Session\Handlers\FileHandler' driver.
DEBUG - 2025-09-10 07:15:46 --> Session: Class initialized using 'CodeIgniter\Session\Handlers\FileHandler' driver.
CRITICAL - 2025-09-10 07:15:46 --> ErrorException: Undefined array key "brand_name"
[Method: GET, Route: pharmacy/medicines/add-batch/19]
in APPPATH\Views\pharmacy\medicines\add_batch.php on line 14.
 1 APPPATH\Views\pharmacy\medicines\add_batch.php(14): CodeIgniter\Debug\Exceptions->errorHandler(2, 'Undefined array key "brand_name"', 'C:\\xampp\\htdocs\\hms_ram\\app\\Views\\pharmacy\\medicines\\add_batch.php', 14)
 2 SYSTEMPATH\View\View.php(224): include('C:\\xampp\\htdocs\\hms_ram\\app\\Views\\pharmacy\\medicines\\add_batch.php')
 3 SYSTEMPATH\View\View.php(227): CodeIgniter\View\View->CodeIgniter\View\{closure}()
 4 SYSTEMPATH\Common.php(1173): CodeIgniter\View\View->render('pharmacy/medicines/add_batch', [], true)
 5 APPPATH\Controllers\Pharmacy\Medicines.php(322): view('pharmacy/medicines/add_batch', [...])
 6 SYSTEMPATH\CodeIgniter.php(933): App\Controllers\Pharmacy\Medicines->addBatch('19')
 7 SYSTEMPATH\CodeIgniter.php(507): CodeIgniter\CodeIgniter->runController(Object(App\Controllers\Pharmacy\Medicines))
 8 SYSTEMPATH\CodeIgniter.php(354): CodeIgniter\CodeIgniter->handleRequest(null, Object(Config\Cache), false)
 9 SYSTEMPATH\Boot.php(334): CodeIgniter\CodeIgniter->run()
10 SYSTEMPATH\Boot.php(67): CodeIgniter\Boot::runCodeIgniter(Object(CodeIgniter\CodeIgniter))
11 FCPATH\index.php(46): CodeIgniter\Boot::bootWeb(Object(Config\Paths))
DEBUG - 2025-09-10 07:15:59 --> Session: Class initialized using 'CodeIgniter\Session\Handlers\FileHandler' driver.
DEBUG - 2025-09-10 07:16:01 --> Session: Class initialized using 'CodeIgniter\Session\Handlers\FileHandler' driver.
CRITICAL - 2025-09-10 07:16:01 --> ErrorException: Undefined array key "brand_name"
[Method: GET, Route: pharmacy/medicines/add-batch/19]
in APPPATH\Views\pharmacy\medicines\add_batch.php on line 14.
 1 APPPATH\Views\pharmacy\medicines\add_batch.php(14): CodeIgniter\Debug\Exceptions->errorHandler(2, 'Undefined array key "brand_name"', 'C:\\xampp\\htdocs\\hms_ram\\app\\Views\\pharmacy\\medicines\\add_batch.php', 14)
 2 SYSTEMPATH\View\View.php(224): include('C:\\xampp\\htdocs\\hms_ram\\app\\Views\\pharmacy\\medicines\\add_batch.php')
 3 SYSTEMPATH\View\View.php(227): CodeIgniter\View\View->CodeIgniter\View\{closure}()
 4 SYSTEMPATH\Common.php(1173): CodeIgniter\View\View->render('pharmacy/medicines/add_batch', [], true)
 5 APPPATH\Controllers\Pharmacy\Medicines.php(322): view('pharmacy/medicines/add_batch', [...])
 6 SYSTEMPATH\CodeIgniter.php(933): App\Controllers\Pharmacy\Medicines->addBatch('19')
 7 SYSTEMPATH\CodeIgniter.php(507): CodeIgniter\CodeIgniter->runController(Object(App\Controllers\Pharmacy\Medicines))
 8 SYSTEMPATH\CodeIgniter.php(354): CodeIgniter\CodeIgniter->handleRequest(null, Object(Config\Cache), false)
 9 SYSTEMPATH\Boot.php(334): CodeIgniter\CodeIgniter->run()
10 SYSTEMPATH\Boot.php(67): CodeIgniter\Boot::runCodeIgniter(Object(CodeIgniter\CodeIgniter))
11 FCPATH\index.php(46): CodeIgniter\Boot::bootWeb(Object(Config\Paths))
DEBUG - 2025-09-10 07:18:35 --> Session: Class initialized using 'CodeIgniter\Session\Handlers\FileHandler' driver.
DEBUG - 2025-09-10 07:18:36 --> Session: Class initialized using 'CodeIgniter\Session\Handlers\FileHandler' driver.
DEBUG - 2025-09-10 07:18:47 --> Session: Class initialized using 'CodeIgniter\Session\Handlers\FileHandler' driver.
DEBUG - 2025-09-10 07:19:53 --> Session: Class initialized using 'CodeIgniter\Session\Handlers\FileHandler' driver.
DEBUG - 2025-09-10 07:19:54 --> Session: Class initialized using 'CodeIgniter\Session\Handlers\FileHandler' driver.
ERROR - 2025-09-10 07:19:54 --> mysqli_sql_exception: Unknown column 'brand_name' in 'field list' in C:\xampp\htdocs\hms_ram\system\Database\MySQLi\Connection.php:327
Stack trace:
#0 C:\xampp\htdocs\hms_ram\system\Database\MySQLi\Connection.php(327): mysqli->query('SELECT DISTINCT...', 0)
#1 C:\xampp\htdocs\hms_ram\system\Database\BaseConnection.php(738): CodeIgniter\Database\MySQLi\Connection->execute('SELECT DISTINCT...')
#2 C:\xampp\htdocs\hms_ram\system\Database\BaseConnection.php(652): CodeIgniter\Database\BaseConnection->simpleQuery('SELECT DISTINCT...')
#3 C:\xampp\htdocs\hms_ram\system\Database\BaseBuilder.php(1649): CodeIgniter\Database\BaseConnection->query('SELECT DISTINCT...', Array, false)
#4 C:\xampp\htdocs\hms_ram\system\Model.php(286): CodeIgniter\Database\BaseBuilder->get()
#5 C:\xampp\htdocs\hms_ram\system\BaseModel.php(679): CodeIgniter\Model->doFindAll(0, 0)
#6 C:\xampp\htdocs\hms_ram\app\Controllers\Pharmacy\Purchases.php(86): CodeIgniter\BaseModel->findAll()
#7 C:\xampp\htdocs\hms_ram\system\CodeIgniter.php(933): App\Controllers\Pharmacy\Purchases->create()
#8 C:\xampp\htdocs\hms_ram\system\CodeIgniter.php(507): CodeIgniter\CodeIgniter->runController(Object(App\Controllers\Pharmacy\Purchases))
#9 C:\xampp\htdocs\hms_ram\system\CodeIgniter.php(354): CodeIgniter\CodeIgniter->handleRequest(NULL, Object(Config\Cache), false)
#10 C:\xampp\htdocs\hms_ram\system\Boot.php(334): CodeIgniter\CodeIgniter->run()
#11 C:\xampp\htdocs\hms_ram\system\Boot.php(67): CodeIgniter\Boot::runCodeIgniter(Object(CodeIgniter\CodeIgniter))
#12 C:\xampp\htdocs\hms_ram\index.php(46): CodeIgniter\Boot::bootWeb(Object(Config\Paths))
#13 {main}
CRITICAL - 2025-09-10 07:19:54 --> CodeIgniter\Database\Exceptions\DatabaseException: Unknown column 'brand_name' in 'field list'
[Method: GET, Route: pharmacy/purchases/create]
in SYSTEMPATH\Database\BaseConnection.php on line 692.
 1 SYSTEMPATH\Database\BaseBuilder.php(1649): CodeIgniter\Database\BaseConnection->query('SELECT DISTINCT `brand_name`
FROM `pharmacy_medicines`
ORDER BY `brand_name`', [], false)
 2 SYSTEMPATH\Model.php(286): CodeIgniter\Database\BaseBuilder->get()
 3 SYSTEMPATH\BaseModel.php(679): CodeIgniter\Model->doFindAll(0, 0)
 4 APPPATH\Controllers\Pharmacy\Purchases.php(86): CodeIgniter\BaseModel->findAll()
 5 SYSTEMPATH\CodeIgniter.php(933): App\Controllers\Pharmacy\Purchases->create()
 6 SYSTEMPATH\CodeIgniter.php(507): CodeIgniter\CodeIgniter->runController(Object(App\Controllers\Pharmacy\Purchases))
 7 SYSTEMPATH\CodeIgniter.php(354): CodeIgniter\CodeIgniter->handleRequest(null, Object(Config\Cache), false)
 8 SYSTEMPATH\Boot.php(334): CodeIgniter\CodeIgniter->run()
 9 SYSTEMPATH\Boot.php(67): CodeIgniter\Boot::runCodeIgniter(Object(CodeIgniter\CodeIgniter))
10 FCPATH\index.php(46): CodeIgniter\Boot::bootWeb(Object(Config\Paths))
CRITICAL - 2025-09-10 07:19:54 --> [Caused by] CodeIgniter\Database\Exceptions\DatabaseException: Unknown column 'brand_name' in 'field list'
in SYSTEMPATH\Database\MySQLi\Connection.php on line 332.
 1 SYSTEMPATH\Database\BaseConnection.php(738): CodeIgniter\Database\MySQLi\Connection->execute('SELECT DISTINCT `brand_name`
FROM `pharmacy_medicines`
ORDER BY `brand_name`')
 2 SYSTEMPATH\Database\BaseConnection.php(652): CodeIgniter\Database\BaseConnection->simpleQuery('SELECT DISTINCT `brand_name`
FROM `pharmacy_medicines`
ORDER BY `brand_name`')
 3 SYSTEMPATH\Database\BaseBuilder.php(1649): CodeIgniter\Database\BaseConnection->query('SELECT DISTINCT `brand_name`
FROM `pharmacy_medicines`
ORDER BY `brand_name`', [], false)
 4 SYSTEMPATH\Model.php(286): CodeIgniter\Database\BaseBuilder->get()
 5 SYSTEMPATH\BaseModel.php(679): CodeIgniter\Model->doFindAll(0, 0)
 6 APPPATH\Controllers\Pharmacy\Purchases.php(86): CodeIgniter\BaseModel->findAll()
 7 SYSTEMPATH\CodeIgniter.php(933): App\Controllers\Pharmacy\Purchases->create()
 8 SYSTEMPATH\CodeIgniter.php(507): CodeIgniter\CodeIgniter->runController(Object(App\Controllers\Pharmacy\Purchases))
 9 SYSTEMPATH\CodeIgniter.php(354): CodeIgniter\CodeIgniter->handleRequest(null, Object(Config\Cache), false)
10 SYSTEMPATH\Boot.php(334): CodeIgniter\CodeIgniter->run()
11 SYSTEMPATH\Boot.php(67): CodeIgniter\Boot::runCodeIgniter(Object(CodeIgniter\CodeIgniter))
12 FCPATH\index.php(46): CodeIgniter\Boot::bootWeb(Object(Config\Paths))
CRITICAL - 2025-09-10 07:19:54 --> [Caused by] mysqli_sql_exception: Unknown column 'brand_name' in 'field list'
in SYSTEMPATH\Database\MySQLi\Connection.php on line 327.
 1 SYSTEMPATH\Database\MySQLi\Connection.php(327): mysqli->query('SELECT DISTINCT `brand_name`
FROM `pharmacy_medicines`
ORDER BY `brand_name`', 0)
 2 SYSTEMPATH\Database\BaseConnection.php(738): CodeIgniter\Database\MySQLi\Connection->execute('SELECT DISTINCT `brand_name`
FROM `pharmacy_medicines`
ORDER BY `brand_name`')
 3 SYSTEMPATH\Database\BaseConnection.php(652): CodeIgniter\Database\BaseConnection->simpleQuery('SELECT DISTINCT `brand_name`
FROM `pharmacy_medicines`
ORDER BY `brand_name`')
 4 SYSTEMPATH\Database\BaseBuilder.php(1649): CodeIgniter\Database\BaseConnection->query('SELECT DISTINCT `brand_name`
FROM `pharmacy_medicines`
ORDER BY `brand_name`', [], false)
 5 SYSTEMPATH\Model.php(286): CodeIgniter\Database\BaseBuilder->get()
 6 SYSTEMPATH\BaseModel.php(679): CodeIgniter\Model->doFindAll(0, 0)
 7 APPPATH\Controllers\Pharmacy\Purchases.php(86): CodeIgniter\BaseModel->findAll()
 8 SYSTEMPATH\CodeIgniter.php(933): App\Controllers\Pharmacy\Purchases->create()
 9 SYSTEMPATH\CodeIgniter.php(507): CodeIgniter\CodeIgniter->runController(Object(App\Controllers\Pharmacy\Purchases))
10 SYSTEMPATH\CodeIgniter.php(354): CodeIgniter\CodeIgniter->handleRequest(null, Object(Config\Cache), false)
11 SYSTEMPATH\Boot.php(334): CodeIgniter\CodeIgniter->run()
12 SYSTEMPATH\Boot.php(67): CodeIgniter\Boot::runCodeIgniter(Object(CodeIgniter\CodeIgniter))
13 FCPATH\index.php(46): CodeIgniter\Boot::bootWeb(Object(Config\Paths))
DEBUG - 2025-09-10 07:25:28 --> Session: Class initialized using 'CodeIgniter\Session\Handlers\FileHandler' driver.
DEBUG - 2025-09-10 07:25:35 --> Session: Class initialized using 'CodeIgniter\Session\Handlers\FileHandler' driver.
ERROR - 2025-09-10 07:25:35 --> mysqli_sql_exception: Unknown column 'brand_name' in 'field list' in C:\xampp\htdocs\hms_ram\system\Database\MySQLi\Connection.php:327
Stack trace:
#0 C:\xampp\htdocs\hms_ram\system\Database\MySQLi\Connection.php(327): mysqli->query('SELECT DISTINCT...', 0)
#1 C:\xampp\htdocs\hms_ram\system\Database\BaseConnection.php(738): CodeIgniter\Database\MySQLi\Connection->execute('SELECT DISTINCT...')
#2 C:\xampp\htdocs\hms_ram\system\Database\BaseConnection.php(652): CodeIgniter\Database\BaseConnection->simpleQuery('SELECT DISTINCT...')
#3 C:\xampp\htdocs\hms_ram\system\Database\BaseBuilder.php(1649): CodeIgniter\Database\BaseConnection->query('SELECT DISTINCT...', Array, false)
#4 C:\xampp\htdocs\hms_ram\system\Model.php(286): CodeIgniter\Database\BaseBuilder->get()
#5 C:\xampp\htdocs\hms_ram\system\BaseModel.php(679): CodeIgniter\Model->doFindAll(0, 0)
#6 C:\xampp\htdocs\hms_ram\app\Controllers\Pharmacy\Purchases.php(86): CodeIgniter\BaseModel->findAll()
#7 C:\xampp\htdocs\hms_ram\system\CodeIgniter.php(933): App\Controllers\Pharmacy\Purchases->create()
#8 C:\xampp\htdocs\hms_ram\system\CodeIgniter.php(507): CodeIgniter\CodeIgniter->runController(Object(App\Controllers\Pharmacy\Purchases))
#9 C:\xampp\htdocs\hms_ram\system\CodeIgniter.php(354): CodeIgniter\CodeIgniter->handleRequest(NULL, Object(Config\Cache), false)
#10 C:\xampp\htdocs\hms_ram\system\Boot.php(334): CodeIgniter\CodeIgniter->run()
#11 C:\xampp\htdocs\hms_ram\system\Boot.php(67): CodeIgniter\Boot::runCodeIgniter(Object(CodeIgniter\CodeIgniter))
#12 C:\xampp\htdocs\hms_ram\index.php(46): CodeIgniter\Boot::bootWeb(Object(Config\Paths))
#13 {main}
CRITICAL - 2025-09-10 07:25:35 --> CodeIgniter\Database\Exceptions\DatabaseException: Unknown column 'brand_name' in 'field list'
[Method: GET, Route: pharmacy/purchases/create]
in SYSTEMPATH\Database\BaseConnection.php on line 692.
 1 SYSTEMPATH\Database\BaseBuilder.php(1649): CodeIgniter\Database\BaseConnection->query('SELECT DISTINCT `brand_name`
FROM `pharmacy_medicines`
ORDER BY `brand_name`', [], false)
 2 SYSTEMPATH\Model.php(286): CodeIgniter\Database\BaseBuilder->get()
 3 SYSTEMPATH\BaseModel.php(679): CodeIgniter\Model->doFindAll(0, 0)
 4 APPPATH\Controllers\Pharmacy\Purchases.php(86): CodeIgniter\BaseModel->findAll()
 5 SYSTEMPATH\CodeIgniter.php(933): App\Controllers\Pharmacy\Purchases->create()
 6 SYSTEMPATH\CodeIgniter.php(507): CodeIgniter\CodeIgniter->runController(Object(App\Controllers\Pharmacy\Purchases))
 7 SYSTEMPATH\CodeIgniter.php(354): CodeIgniter\CodeIgniter->handleRequest(null, Object(Config\Cache), false)
 8 SYSTEMPATH\Boot.php(334): CodeIgniter\CodeIgniter->run()
 9 SYSTEMPATH\Boot.php(67): CodeIgniter\Boot::runCodeIgniter(Object(CodeIgniter\CodeIgniter))
10 FCPATH\index.php(46): CodeIgniter\Boot::bootWeb(Object(Config\Paths))
CRITICAL - 2025-09-10 07:25:35 --> [Caused by] CodeIgniter\Database\Exceptions\DatabaseException: Unknown column 'brand_name' in 'field list'
in SYSTEMPATH\Database\MySQLi\Connection.php on line 332.
 1 SYSTEMPATH\Database\BaseConnection.php(738): CodeIgniter\Database\MySQLi\Connection->execute('SELECT DISTINCT `brand_name`
FROM `pharmacy_medicines`
ORDER BY `brand_name`')
 2 SYSTEMPATH\Database\BaseConnection.php(652): CodeIgniter\Database\BaseConnection->simpleQuery('SELECT DISTINCT `brand_name`
FROM `pharmacy_medicines`
ORDER BY `brand_name`')
 3 SYSTEMPATH\Database\BaseBuilder.php(1649): CodeIgniter\Database\BaseConnection->query('SELECT DISTINCT `brand_name`
FROM `pharmacy_medicines`
ORDER BY `brand_name`', [], false)
 4 SYSTEMPATH\Model.php(286): CodeIgniter\Database\BaseBuilder->get()
 5 SYSTEMPATH\BaseModel.php(679): CodeIgniter\Model->doFindAll(0, 0)
 6 APPPATH\Controllers\Pharmacy\Purchases.php(86): CodeIgniter\BaseModel->findAll()
 7 SYSTEMPATH\CodeIgniter.php(933): App\Controllers\Pharmacy\Purchases->create()
 8 SYSTEMPATH\CodeIgniter.php(507): CodeIgniter\CodeIgniter->runController(Object(App\Controllers\Pharmacy\Purchases))
 9 SYSTEMPATH\CodeIgniter.php(354): CodeIgniter\CodeIgniter->handleRequest(null, Object(Config\Cache), false)
10 SYSTEMPATH\Boot.php(334): CodeIgniter\CodeIgniter->run()
11 SYSTEMPATH\Boot.php(67): CodeIgniter\Boot::runCodeIgniter(Object(CodeIgniter\CodeIgniter))
12 FCPATH\index.php(46): CodeIgniter\Boot::bootWeb(Object(Config\Paths))
CRITICAL - 2025-09-10 07:25:35 --> [Caused by] mysqli_sql_exception: Unknown column 'brand_name' in 'field list'
in SYSTEMPATH\Database\MySQLi\Connection.php on line 327.
 1 SYSTEMPATH\Database\MySQLi\Connection.php(327): mysqli->query('SELECT DISTINCT `brand_name`
FROM `pharmacy_medicines`
ORDER BY `brand_name`', 0)
 2 SYSTEMPATH\Database\BaseConnection.php(738): CodeIgniter\Database\MySQLi\Connection->execute('SELECT DISTINCT `brand_name`
FROM `pharmacy_medicines`
ORDER BY `brand_name`')
 3 SYSTEMPATH\Database\BaseConnection.php(652): CodeIgniter\Database\BaseConnection->simpleQuery('SELECT DISTINCT `brand_name`
FROM `pharmacy_medicines`
ORDER BY `brand_name`')
 4 SYSTEMPATH\Database\BaseBuilder.php(1649): CodeIgniter\Database\BaseConnection->query('SELECT DISTINCT `brand_name`
FROM `pharmacy_medicines`
ORDER BY `brand_name`', [], false)
 5 SYSTEMPATH\Model.php(286): CodeIgniter\Database\BaseBuilder->get()
 6 SYSTEMPATH\BaseModel.php(679): CodeIgniter\Model->doFindAll(0, 0)
 7 APPPATH\Controllers\Pharmacy\Purchases.php(86): CodeIgniter\BaseModel->findAll()
 8 SYSTEMPATH\CodeIgniter.php(933): App\Controllers\Pharmacy\Purchases->create()
 9 SYSTEMPATH\CodeIgniter.php(507): CodeIgniter\CodeIgniter->runController(Object(App\Controllers\Pharmacy\Purchases))
10 SYSTEMPATH\CodeIgniter.php(354): CodeIgniter\CodeIgniter->handleRequest(null, Object(Config\Cache), false)
11 SYSTEMPATH\Boot.php(334): CodeIgniter\CodeIgniter->run()
12 SYSTEMPATH\Boot.php(67): CodeIgniter\Boot::runCodeIgniter(Object(CodeIgniter\CodeIgniter))
13 FCPATH\index.php(46): CodeIgniter\Boot::bootWeb(Object(Config\Paths))
DEBUG - 2025-09-10 07:25:37 --> Session: Class initialized using 'CodeIgniter\Session\Handlers\FileHandler' driver.
ERROR - 2025-09-10 07:25:37 --> mysqli_sql_exception: Unknown column 'brand_name' in 'field list' in C:\xampp\htdocs\hms_ram\system\Database\MySQLi\Connection.php:327
Stack trace:
#0 C:\xampp\htdocs\hms_ram\system\Database\MySQLi\Connection.php(327): mysqli->query('SELECT DISTINCT...', 0)
#1 C:\xampp\htdocs\hms_ram\system\Database\BaseConnection.php(738): CodeIgniter\Database\MySQLi\Connection->execute('SELECT DISTINCT...')
#2 C:\xampp\htdocs\hms_ram\system\Database\BaseConnection.php(652): CodeIgniter\Database\BaseConnection->simpleQuery('SELECT DISTINCT...')
#3 C:\xampp\htdocs\hms_ram\system\Database\BaseBuilder.php(1649): CodeIgniter\Database\BaseConnection->query('SELECT DISTINCT...', Array, false)
#4 C:\xampp\htdocs\hms_ram\system\Model.php(286): CodeIgniter\Database\BaseBuilder->get()
#5 C:\xampp\htdocs\hms_ram\system\BaseModel.php(679): CodeIgniter\Model->doFindAll(0, 0)
#6 C:\xampp\htdocs\hms_ram\app\Controllers\Pharmacy\Purchases.php(86): CodeIgniter\BaseModel->findAll()
#7 C:\xampp\htdocs\hms_ram\system\CodeIgniter.php(933): App\Controllers\Pharmacy\Purchases->create()
#8 C:\xampp\htdocs\hms_ram\system\CodeIgniter.php(507): CodeIgniter\CodeIgniter->runController(Object(App\Controllers\Pharmacy\Purchases))
#9 C:\xampp\htdocs\hms_ram\system\CodeIgniter.php(354): CodeIgniter\CodeIgniter->handleRequest(NULL, Object(Config\Cache), false)
#10 C:\xampp\htdocs\hms_ram\system\Boot.php(334): CodeIgniter\CodeIgniter->run()
#11 C:\xampp\htdocs\hms_ram\system\Boot.php(67): CodeIgniter\Boot::runCodeIgniter(Object(CodeIgniter\CodeIgniter))
#12 C:\xampp\htdocs\hms_ram\index.php(46): CodeIgniter\Boot::bootWeb(Object(Config\Paths))
#13 {main}
CRITICAL - 2025-09-10 07:25:37 --> CodeIgniter\Database\Exceptions\DatabaseException: Unknown column 'brand_name' in 'field list'
[Method: GET, Route: pharmacy/purchases/create]
in SYSTEMPATH\Database\BaseConnection.php on line 692.
 1 SYSTEMPATH\Database\BaseBuilder.php(1649): CodeIgniter\Database\BaseConnection->query('SELECT DISTINCT `brand_name`
FROM `pharmacy_medicines`
ORDER BY `brand_name`', [], false)
 2 SYSTEMPATH\Model.php(286): CodeIgniter\Database\BaseBuilder->get()
 3 SYSTEMPATH\BaseModel.php(679): CodeIgniter\Model->doFindAll(0, 0)
 4 APPPATH\Controllers\Pharmacy\Purchases.php(86): CodeIgniter\BaseModel->findAll()
 5 SYSTEMPATH\CodeIgniter.php(933): App\Controllers\Pharmacy\Purchases->create()
 6 SYSTEMPATH\CodeIgniter.php(507): CodeIgniter\CodeIgniter->runController(Object(App\Controllers\Pharmacy\Purchases))
 7 SYSTEMPATH\CodeIgniter.php(354): CodeIgniter\CodeIgniter->handleRequest(null, Object(Config\Cache), false)
 8 SYSTEMPATH\Boot.php(334): CodeIgniter\CodeIgniter->run()
 9 SYSTEMPATH\Boot.php(67): CodeIgniter\Boot::runCodeIgniter(Object(CodeIgniter\CodeIgniter))
10 FCPATH\index.php(46): CodeIgniter\Boot::bootWeb(Object(Config\Paths))
CRITICAL - 2025-09-10 07:25:37 --> [Caused by] CodeIgniter\Database\Exceptions\DatabaseException: Unknown column 'brand_name' in 'field list'
in SYSTEMPATH\Database\MySQLi\Connection.php on line 332.
 1 SYSTEMPATH\Database\BaseConnection.php(738): CodeIgniter\Database\MySQLi\Connection->execute('SELECT DISTINCT `brand_name`
FROM `pharmacy_medicines`
ORDER BY `brand_name`')
 2 SYSTEMPATH\Database\BaseConnection.php(652): CodeIgniter\Database\BaseConnection->simpleQuery('SELECT DISTINCT `brand_name`
FROM `pharmacy_medicines`
ORDER BY `brand_name`')
 3 SYSTEMPATH\Database\BaseBuilder.php(1649): CodeIgniter\Database\BaseConnection->query('SELECT DISTINCT `brand_name`
FROM `pharmacy_medicines`
ORDER BY `brand_name`', [], false)
 4 SYSTEMPATH\Model.php(286): CodeIgniter\Database\BaseBuilder->get()
 5 SYSTEMPATH\BaseModel.php(679): CodeIgniter\Model->doFindAll(0, 0)
 6 APPPATH\Controllers\Pharmacy\Purchases.php(86): CodeIgniter\BaseModel->findAll()
 7 SYSTEMPATH\CodeIgniter.php(933): App\Controllers\Pharmacy\Purchases->create()
 8 SYSTEMPATH\CodeIgniter.php(507): CodeIgniter\CodeIgniter->runController(Object(App\Controllers\Pharmacy\Purchases))
 9 SYSTEMPATH\CodeIgniter.php(354): CodeIgniter\CodeIgniter->handleRequest(null, Object(Config\Cache), false)
10 SYSTEMPATH\Boot.php(334): CodeIgniter\CodeIgniter->run()
11 SYSTEMPATH\Boot.php(67): CodeIgniter\Boot::runCodeIgniter(Object(CodeIgniter\CodeIgniter))
12 FCPATH\index.php(46): CodeIgniter\Boot::bootWeb(Object(Config\Paths))
CRITICAL - 2025-09-10 07:25:37 --> [Caused by] mysqli_sql_exception: Unknown column 'brand_name' in 'field list'
in SYSTEMPATH\Database\MySQLi\Connection.php on line 327.
 1 SYSTEMPATH\Database\MySQLi\Connection.php(327): mysqli->query('SELECT DISTINCT `brand_name`
FROM `pharmacy_medicines`
ORDER BY `brand_name`', 0)
 2 SYSTEMPATH\Database\BaseConnection.php(738): CodeIgniter\Database\MySQLi\Connection->execute('SELECT DISTINCT `brand_name`
FROM `pharmacy_medicines`
ORDER BY `brand_name`')
 3 SYSTEMPATH\Database\BaseConnection.php(652): CodeIgniter\Database\BaseConnection->simpleQuery('SELECT DISTINCT `brand_name`
FROM `pharmacy_medicines`
ORDER BY `brand_name`')
 4 SYSTEMPATH\Database\BaseBuilder.php(1649): CodeIgniter\Database\BaseConnection->query('SELECT DISTINCT `brand_name`
FROM `pharmacy_medicines`
ORDER BY `brand_name`', [], false)
 5 SYSTEMPATH\Model.php(286): CodeIgniter\Database\BaseBuilder->get()
 6 SYSTEMPATH\BaseModel.php(679): CodeIgniter\Model->doFindAll(0, 0)
 7 APPPATH\Controllers\Pharmacy\Purchases.php(86): CodeIgniter\BaseModel->findAll()
 8 SYSTEMPATH\CodeIgniter.php(933): App\Controllers\Pharmacy\Purchases->create()
 9 SYSTEMPATH\CodeIgniter.php(507): CodeIgniter\CodeIgniter->runController(Object(App\Controllers\Pharmacy\Purchases))
10 SYSTEMPATH\CodeIgniter.php(354): CodeIgniter\CodeIgniter->handleRequest(null, Object(Config\Cache), false)
11 SYSTEMPATH\Boot.php(334): CodeIgniter\CodeIgniter->run()
12 SYSTEMPATH\Boot.php(67): CodeIgniter\Boot::runCodeIgniter(Object(CodeIgniter\CodeIgniter))
13 FCPATH\index.php(46): CodeIgniter\Boot::bootWeb(Object(Config\Paths))
DEBUG - 2025-09-10 07:25:37 --> Session: Class initialized using 'CodeIgniter\Session\Handlers\FileHandler' driver.
ERROR - 2025-09-10 07:25:37 --> mysqli_sql_exception: Unknown column 'brand_name' in 'field list' in C:\xampp\htdocs\hms_ram\system\Database\MySQLi\Connection.php:327
Stack trace:
#0 C:\xampp\htdocs\hms_ram\system\Database\MySQLi\Connection.php(327): mysqli->query('SELECT DISTINCT...', 0)
#1 C:\xampp\htdocs\hms_ram\system\Database\BaseConnection.php(738): CodeIgniter\Database\MySQLi\Connection->execute('SELECT DISTINCT...')
#2 C:\xampp\htdocs\hms_ram\system\Database\BaseConnection.php(652): CodeIgniter\Database\BaseConnection->simpleQuery('SELECT DISTINCT...')
#3 C:\xampp\htdocs\hms_ram\system\Database\BaseBuilder.php(1649): CodeIgniter\Database\BaseConnection->query('SELECT DISTINCT...', Array, false)
#4 C:\xampp\htdocs\hms_ram\system\Model.php(286): CodeIgniter\Database\BaseBuilder->get()
#5 C:\xampp\htdocs\hms_ram\system\BaseModel.php(679): CodeIgniter\Model->doFindAll(0, 0)
#6 C:\xampp\htdocs\hms_ram\app\Controllers\Pharmacy\Purchases.php(86): CodeIgniter\BaseModel->findAll()
#7 C:\xampp\htdocs\hms_ram\system\CodeIgniter.php(933): App\Controllers\Pharmacy\Purchases->create()
#8 C:\xampp\htdocs\hms_ram\system\CodeIgniter.php(507): CodeIgniter\CodeIgniter->runController(Object(App\Controllers\Pharmacy\Purchases))
#9 C:\xampp\htdocs\hms_ram\system\CodeIgniter.php(354): CodeIgniter\CodeIgniter->handleRequest(NULL, Object(Config\Cache), false)
#10 C:\xampp\htdocs\hms_ram\system\Boot.php(334): CodeIgniter\CodeIgniter->run()
#11 C:\xampp\htdocs\hms_ram\system\Boot.php(67): CodeIgniter\Boot::runCodeIgniter(Object(CodeIgniter\CodeIgniter))
#12 C:\xampp\htdocs\hms_ram\index.php(46): CodeIgniter\Boot::bootWeb(Object(Config\Paths))
#13 {main}
CRITICAL - 2025-09-10 07:25:37 --> CodeIgniter\Database\Exceptions\DatabaseException: Unknown column 'brand_name' in 'field list'
[Method: GET, Route: pharmacy/purchases/create]
in SYSTEMPATH\Database\BaseConnection.php on line 692.
 1 SYSTEMPATH\Database\BaseBuilder.php(1649): CodeIgniter\Database\BaseConnection->query('SELECT DISTINCT `brand_name`
FROM `pharmacy_medicines`
ORDER BY `brand_name`', [], false)
 2 SYSTEMPATH\Model.php(286): CodeIgniter\Database\BaseBuilder->get()
 3 SYSTEMPATH\BaseModel.php(679): CodeIgniter\Model->doFindAll(0, 0)
 4 APPPATH\Controllers\Pharmacy\Purchases.php(86): CodeIgniter\BaseModel->findAll()
 5 SYSTEMPATH\CodeIgniter.php(933): App\Controllers\Pharmacy\Purchases->create()
 6 SYSTEMPATH\CodeIgniter.php(507): CodeIgniter\CodeIgniter->runController(Object(App\Controllers\Pharmacy\Purchases))
 7 SYSTEMPATH\CodeIgniter.php(354): CodeIgniter\CodeIgniter->handleRequest(null, Object(Config\Cache), false)
 8 SYSTEMPATH\Boot.php(334): CodeIgniter\CodeIgniter->run()
 9 SYSTEMPATH\Boot.php(67): CodeIgniter\Boot::runCodeIgniter(Object(CodeIgniter\CodeIgniter))
10 FCPATH\index.php(46): CodeIgniter\Boot::bootWeb(Object(Config\Paths))
CRITICAL - 2025-09-10 07:25:37 --> [Caused by] CodeIgniter\Database\Exceptions\DatabaseException: Unknown column 'brand_name' in 'field list'
in SYSTEMPATH\Database\MySQLi\Connection.php on line 332.
 1 SYSTEMPATH\Database\BaseConnection.php(738): CodeIgniter\Database\MySQLi\Connection->execute('SELECT DISTINCT `brand_name`
FROM `pharmacy_medicines`
ORDER BY `brand_name`')
 2 SYSTEMPATH\Database\BaseConnection.php(652): CodeIgniter\Database\BaseConnection->simpleQuery('SELECT DISTINCT `brand_name`
FROM `pharmacy_medicines`
ORDER BY `brand_name`')
 3 SYSTEMPATH\Database\BaseBuilder.php(1649): CodeIgniter\Database\BaseConnection->query('SELECT DISTINCT `brand_name`
FROM `pharmacy_medicines`
ORDER BY `brand_name`', [], false)
 4 SYSTEMPATH\Model.php(286): CodeIgniter\Database\BaseBuilder->get()
 5 SYSTEMPATH\BaseModel.php(679): CodeIgniter\Model->doFindAll(0, 0)
 6 APPPATH\Controllers\Pharmacy\Purchases.php(86): CodeIgniter\BaseModel->findAll()
 7 SYSTEMPATH\CodeIgniter.php(933): App\Controllers\Pharmacy\Purchases->create()
 8 SYSTEMPATH\CodeIgniter.php(507): CodeIgniter\CodeIgniter->runController(Object(App\Controllers\Pharmacy\Purchases))
 9 SYSTEMPATH\CodeIgniter.php(354): CodeIgniter\CodeIgniter->handleRequest(null, Object(Config\Cache), false)
10 SYSTEMPATH\Boot.php(334): CodeIgniter\CodeIgniter->run()
11 SYSTEMPATH\Boot.php(67): CodeIgniter\Boot::runCodeIgniter(Object(CodeIgniter\CodeIgniter))
12 FCPATH\index.php(46): CodeIgniter\Boot::bootWeb(Object(Config\Paths))
CRITICAL - 2025-09-10 07:25:37 --> [Caused by] mysqli_sql_exception: Unknown column 'brand_name' in 'field list'
in SYSTEMPATH\Database\MySQLi\Connection.php on line 327.
 1 SYSTEMPATH\Database\MySQLi\Connection.php(327): mysqli->query('SELECT DISTINCT `brand_name`
FROM `pharmacy_medicines`
ORDER BY `brand_name`', 0)
 2 SYSTEMPATH\Database\BaseConnection.php(738): CodeIgniter\Database\MySQLi\Connection->execute('SELECT DISTINCT `brand_name`
FROM `pharmacy_medicines`
ORDER BY `brand_name`')
 3 SYSTEMPATH\Database\BaseConnection.php(652): CodeIgniter\Database\BaseConnection->simpleQuery('SELECT DISTINCT `brand_name`
FROM `pharmacy_medicines`
ORDER BY `brand_name`')
 4 SYSTEMPATH\Database\BaseBuilder.php(1649): CodeIgniter\Database\BaseConnection->query('SELECT DISTINCT `brand_name`
FROM `pharmacy_medicines`
ORDER BY `brand_name`', [], false)
 5 SYSTEMPATH\Model.php(286): CodeIgniter\Database\BaseBuilder->get()
 6 SYSTEMPATH\BaseModel.php(679): CodeIgniter\Model->doFindAll(0, 0)
 7 APPPATH\Controllers\Pharmacy\Purchases.php(86): CodeIgniter\BaseModel->findAll()
 8 SYSTEMPATH\CodeIgniter.php(933): App\Controllers\Pharmacy\Purchases->create()
 9 SYSTEMPATH\CodeIgniter.php(507): CodeIgniter\CodeIgniter->runController(Object(App\Controllers\Pharmacy\Purchases))
10 SYSTEMPATH\CodeIgniter.php(354): CodeIgniter\CodeIgniter->handleRequest(null, Object(Config\Cache), false)
11 SYSTEMPATH\Boot.php(334): CodeIgniter\CodeIgniter->run()
12 SYSTEMPATH\Boot.php(67): CodeIgniter\Boot::runCodeIgniter(Object(CodeIgniter\CodeIgniter))
13 FCPATH\index.php(46): CodeIgniter\Boot::bootWeb(Object(Config\Paths))
DEBUG - 2025-09-10 07:25:38 --> Session: Class initialized using 'CodeIgniter\Session\Handlers\FileHandler' driver.
ERROR - 2025-09-10 07:25:38 --> mysqli_sql_exception: Unknown column 'brand_name' in 'field list' in C:\xampp\htdocs\hms_ram\system\Database\MySQLi\Connection.php:327
Stack trace:
#0 C:\xampp\htdocs\hms_ram\system\Database\MySQLi\Connection.php(327): mysqli->query('SELECT DISTINCT...', 0)
#1 C:\xampp\htdocs\hms_ram\system\Database\BaseConnection.php(738): CodeIgniter\Database\MySQLi\Connection->execute('SELECT DISTINCT...')
#2 C:\xampp\htdocs\hms_ram\system\Database\BaseConnection.php(652): CodeIgniter\Database\BaseConnection->simpleQuery('SELECT DISTINCT...')
#3 C:\xampp\htdocs\hms_ram\system\Database\BaseBuilder.php(1649): CodeIgniter\Database\BaseConnection->query('SELECT DISTINCT...', Array, false)
#4 C:\xampp\htdocs\hms_ram\system\Model.php(286): CodeIgniter\Database\BaseBuilder->get()
#5 C:\xampp\htdocs\hms_ram\system\BaseModel.php(679): CodeIgniter\Model->doFindAll(0, 0)
#6 C:\xampp\htdocs\hms_ram\app\Controllers\Pharmacy\Purchases.php(86): CodeIgniter\BaseModel->findAll()
#7 C:\xampp\htdocs\hms_ram\system\CodeIgniter.php(933): App\Controllers\Pharmacy\Purchases->create()
#8 C:\xampp\htdocs\hms_ram\system\CodeIgniter.php(507): CodeIgniter\CodeIgniter->runController(Object(App\Controllers\Pharmacy\Purchases))
#9 C:\xampp\htdocs\hms_ram\system\CodeIgniter.php(354): CodeIgniter\CodeIgniter->handleRequest(NULL, Object(Config\Cache), false)
#10 C:\xampp\htdocs\hms_ram\system\Boot.php(334): CodeIgniter\CodeIgniter->run()
#11 C:\xampp\htdocs\hms_ram\system\Boot.php(67): CodeIgniter\Boot::runCodeIgniter(Object(CodeIgniter\CodeIgniter))
#12 C:\xampp\htdocs\hms_ram\index.php(46): CodeIgniter\Boot::bootWeb(Object(Config\Paths))
#13 {main}
CRITICAL - 2025-09-10 07:25:38 --> CodeIgniter\Database\Exceptions\DatabaseException: Unknown column 'brand_name' in 'field list'
[Method: GET, Route: pharmacy/purchases/create]
in SYSTEMPATH\Database\BaseConnection.php on line 692.
 1 SYSTEMPATH\Database\BaseBuilder.php(1649): CodeIgniter\Database\BaseConnection->query('SELECT DISTINCT `brand_name`
FROM `pharmacy_medicines`
ORDER BY `brand_name`', [], false)
 2 SYSTEMPATH\Model.php(286): CodeIgniter\Database\BaseBuilder->get()
 3 SYSTEMPATH\BaseModel.php(679): CodeIgniter\Model->doFindAll(0, 0)
 4 APPPATH\Controllers\Pharmacy\Purchases.php(86): CodeIgniter\BaseModel->findAll()
 5 SYSTEMPATH\CodeIgniter.php(933): App\Controllers\Pharmacy\Purchases->create()
 6 SYSTEMPATH\CodeIgniter.php(507): CodeIgniter\CodeIgniter->runController(Object(App\Controllers\Pharmacy\Purchases))
 7 SYSTEMPATH\CodeIgniter.php(354): CodeIgniter\CodeIgniter->handleRequest(null, Object(Config\Cache), false)
 8 SYSTEMPATH\Boot.php(334): CodeIgniter\CodeIgniter->run()
 9 SYSTEMPATH\Boot.php(67): CodeIgniter\Boot::runCodeIgniter(Object(CodeIgniter\CodeIgniter))
10 FCPATH\index.php(46): CodeIgniter\Boot::bootWeb(Object(Config\Paths))
CRITICAL - 2025-09-10 07:25:38 --> [Caused by] CodeIgniter\Database\Exceptions\DatabaseException: Unknown column 'brand_name' in 'field list'
in SYSTEMPATH\Database\MySQLi\Connection.php on line 332.
 1 SYSTEMPATH\Database\BaseConnection.php(738): CodeIgniter\Database\MySQLi\Connection->execute('SELECT DISTINCT `brand_name`
FROM `pharmacy_medicines`
ORDER BY `brand_name`')
 2 SYSTEMPATH\Database\BaseConnection.php(652): CodeIgniter\Database\BaseConnection->simpleQuery('SELECT DISTINCT `brand_name`
FROM `pharmacy_medicines`
ORDER BY `brand_name`')
 3 SYSTEMPATH\Database\BaseBuilder.php(1649): CodeIgniter\Database\BaseConnection->query('SELECT DISTINCT `brand_name`
FROM `pharmacy_medicines`
ORDER BY `brand_name`', [], false)
 4 SYSTEMPATH\Model.php(286): CodeIgniter\Database\BaseBuilder->get()
 5 SYSTEMPATH\BaseModel.php(679): CodeIgniter\Model->doFindAll(0, 0)
 6 APPPATH\Controllers\Pharmacy\Purchases.php(86): CodeIgniter\BaseModel->findAll()
 7 SYSTEMPATH\CodeIgniter.php(933): App\Controllers\Pharmacy\Purchases->create()
 8 SYSTEMPATH\CodeIgniter.php(507): CodeIgniter\CodeIgniter->runController(Object(App\Controllers\Pharmacy\Purchases))
 9 SYSTEMPATH\CodeIgniter.php(354): CodeIgniter\CodeIgniter->handleRequest(null, Object(Config\Cache), false)
10 SYSTEMPATH\Boot.php(334): CodeIgniter\CodeIgniter->run()
11 SYSTEMPATH\Boot.php(67): CodeIgniter\Boot::runCodeIgniter(Object(CodeIgniter\CodeIgniter))
12 FCPATH\index.php(46): CodeIgniter\Boot::bootWeb(Object(Config\Paths))
CRITICAL - 2025-09-10 07:25:38 --> [Caused by] mysqli_sql_exception: Unknown column 'brand_name' in 'field list'
in SYSTEMPATH\Database\MySQLi\Connection.php on line 327.
 1 SYSTEMPATH\Database\MySQLi\Connection.php(327): mysqli->query('SELECT DISTINCT `brand_name`
FROM `pharmacy_medicines`
ORDER BY `brand_name`', 0)
 2 SYSTEMPATH\Database\BaseConnection.php(738): CodeIgniter\Database\MySQLi\Connection->execute('SELECT DISTINCT `brand_name`
FROM `pharmacy_medicines`
ORDER BY `brand_name`')
 3 SYSTEMPATH\Database\BaseConnection.php(652): CodeIgniter\Database\BaseConnection->simpleQuery('SELECT DISTINCT `brand_name`
FROM `pharmacy_medicines`
ORDER BY `brand_name`')
 4 SYSTEMPATH\Database\BaseBuilder.php(1649): CodeIgniter\Database\BaseConnection->query('SELECT DISTINCT `brand_name`
FROM `pharmacy_medicines`
ORDER BY `brand_name`', [], false)
 5 SYSTEMPATH\Model.php(286): CodeIgniter\Database\BaseBuilder->get()
 6 SYSTEMPATH\BaseModel.php(679): CodeIgniter\Model->doFindAll(0, 0)
 7 APPPATH\Controllers\Pharmacy\Purchases.php(86): CodeIgniter\BaseModel->findAll()
 8 SYSTEMPATH\CodeIgniter.php(933): App\Controllers\Pharmacy\Purchases->create()
 9 SYSTEMPATH\CodeIgniter.php(507): CodeIgniter\CodeIgniter->runController(Object(App\Controllers\Pharmacy\Purchases))
10 SYSTEMPATH\CodeIgniter.php(354): CodeIgniter\CodeIgniter->handleRequest(null, Object(Config\Cache), false)
11 SYSTEMPATH\Boot.php(334): CodeIgniter\CodeIgniter->run()
12 SYSTEMPATH\Boot.php(67): CodeIgniter\Boot::runCodeIgniter(Object(CodeIgniter\CodeIgniter))
13 FCPATH\index.php(46): CodeIgniter\Boot::bootWeb(Object(Config\Paths))
DEBUG - 2025-09-10 07:25:38 --> Session: Class initialized using 'CodeIgniter\Session\Handlers\FileHandler' driver.
ERROR - 2025-09-10 07:25:38 --> mysqli_sql_exception: Unknown column 'brand_name' in 'field list' in C:\xampp\htdocs\hms_ram\system\Database\MySQLi\Connection.php:327
Stack trace:
#0 C:\xampp\htdocs\hms_ram\system\Database\MySQLi\Connection.php(327): mysqli->query('SELECT DISTINCT...', 0)
#1 C:\xampp\htdocs\hms_ram\system\Database\BaseConnection.php(738): CodeIgniter\Database\MySQLi\Connection->execute('SELECT DISTINCT...')
#2 C:\xampp\htdocs\hms_ram\system\Database\BaseConnection.php(652): CodeIgniter\Database\BaseConnection->simpleQuery('SELECT DISTINCT...')
#3 C:\xampp\htdocs\hms_ram\system\Database\BaseBuilder.php(1649): CodeIgniter\Database\BaseConnection->query('SELECT DISTINCT...', Array, false)
#4 C:\xampp\htdocs\hms_ram\system\Model.php(286): CodeIgniter\Database\BaseBuilder->get()
#5 C:\xampp\htdocs\hms_ram\system\BaseModel.php(679): CodeIgniter\Model->doFindAll(0, 0)
#6 C:\xampp\htdocs\hms_ram\app\Controllers\Pharmacy\Purchases.php(86): CodeIgniter\BaseModel->findAll()
#7 C:\xampp\htdocs\hms_ram\system\CodeIgniter.php(933): App\Controllers\Pharmacy\Purchases->create()
#8 C:\xampp\htdocs\hms_ram\system\CodeIgniter.php(507): CodeIgniter\CodeIgniter->runController(Object(App\Controllers\Pharmacy\Purchases))
#9 C:\xampp\htdocs\hms_ram\system\CodeIgniter.php(354): CodeIgniter\CodeIgniter->handleRequest(NULL, Object(Config\Cache), false)
#10 C:\xampp\htdocs\hms_ram\system\Boot.php(334): CodeIgniter\CodeIgniter->run()
#11 C:\xampp\htdocs\hms_ram\system\Boot.php(67): CodeIgniter\Boot::runCodeIgniter(Object(CodeIgniter\CodeIgniter))
#12 C:\xampp\htdocs\hms_ram\index.php(46): CodeIgniter\Boot::bootWeb(Object(Config\Paths))
#13 {main}
CRITICAL - 2025-09-10 07:25:38 --> CodeIgniter\Database\Exceptions\DatabaseException: Unknown column 'brand_name' in 'field list'
[Method: GET, Route: pharmacy/purchases/create]
in SYSTEMPATH\Database\BaseConnection.php on line 692.
 1 SYSTEMPATH\Database\BaseBuilder.php(1649): CodeIgniter\Database\BaseConnection->query('SELECT DISTINCT `brand_name`
FROM `pharmacy_medicines`
ORDER BY `brand_name`', [], false)
 2 SYSTEMPATH\Model.php(286): CodeIgniter\Database\BaseBuilder->get()
 3 SYSTEMPATH\BaseModel.php(679): CodeIgniter\Model->doFindAll(0, 0)
 4 APPPATH\Controllers\Pharmacy\Purchases.php(86): CodeIgniter\BaseModel->findAll()
 5 SYSTEMPATH\CodeIgniter.php(933): App\Controllers\Pharmacy\Purchases->create()
 6 SYSTEMPATH\CodeIgniter.php(507): CodeIgniter\CodeIgniter->runController(Object(App\Controllers\Pharmacy\Purchases))
 7 SYSTEMPATH\CodeIgniter.php(354): CodeIgniter\CodeIgniter->handleRequest(null, Object(Config\Cache), false)
 8 SYSTEMPATH\Boot.php(334): CodeIgniter\CodeIgniter->run()
 9 SYSTEMPATH\Boot.php(67): CodeIgniter\Boot::runCodeIgniter(Object(CodeIgniter\CodeIgniter))
10 FCPATH\index.php(46): CodeIgniter\Boot::bootWeb(Object(Config\Paths))
CRITICAL - 2025-09-10 07:25:38 --> [Caused by] CodeIgniter\Database\Exceptions\DatabaseException: Unknown column 'brand_name' in 'field list'
in SYSTEMPATH\Database\MySQLi\Connection.php on line 332.
 1 SYSTEMPATH\Database\BaseConnection.php(738): CodeIgniter\Database\MySQLi\Connection->execute('SELECT DISTINCT `brand_name`
FROM `pharmacy_medicines`
ORDER BY `brand_name`')
 2 SYSTEMPATH\Database\BaseConnection.php(652): CodeIgniter\Database\BaseConnection->simpleQuery('SELECT DISTINCT `brand_name`
FROM `pharmacy_medicines`
ORDER BY `brand_name`')
 3 SYSTEMPATH\Database\BaseBuilder.php(1649): CodeIgniter\Database\BaseConnection->query('SELECT DISTINCT `brand_name`
FROM `pharmacy_medicines`
ORDER BY `brand_name`', [], false)
 4 SYSTEMPATH\Model.php(286): CodeIgniter\Database\BaseBuilder->get()
 5 SYSTEMPATH\BaseModel.php(679): CodeIgniter\Model->doFindAll(0, 0)
 6 APPPATH\Controllers\Pharmacy\Purchases.php(86): CodeIgniter\BaseModel->findAll()
 7 SYSTEMPATH\CodeIgniter.php(933): App\Controllers\Pharmacy\Purchases->create()
 8 SYSTEMPATH\CodeIgniter.php(507): CodeIgniter\CodeIgniter->runController(Object(App\Controllers\Pharmacy\Purchases))
 9 SYSTEMPATH\CodeIgniter.php(354): CodeIgniter\CodeIgniter->handleRequest(null, Object(Config\Cache), false)
10 SYSTEMPATH\Boot.php(334): CodeIgniter\CodeIgniter->run()
11 SYSTEMPATH\Boot.php(67): CodeIgniter\Boot::runCodeIgniter(Object(CodeIgniter\CodeIgniter))
12 FCPATH\index.php(46): CodeIgniter\Boot::bootWeb(Object(Config\Paths))
CRITICAL - 2025-09-10 07:25:38 --> [Caused by] mysqli_sql_exception: Unknown column 'brand_name' in 'field list'
in SYSTEMPATH\Database\MySQLi\Connection.php on line 327.
 1 SYSTEMPATH\Database\MySQLi\Connection.php(327): mysqli->query('SELECT DISTINCT `brand_name`
FROM `pharmacy_medicines`
ORDER BY `brand_name`', 0)
 2 SYSTEMPATH\Database\BaseConnection.php(738): CodeIgniter\Database\MySQLi\Connection->execute('SELECT DISTINCT `brand_name`
FROM `pharmacy_medicines`
ORDER BY `brand_name`')
 3 SYSTEMPATH\Database\BaseConnection.php(652): CodeIgniter\Database\BaseConnection->simpleQuery('SELECT DISTINCT `brand_name`
FROM `pharmacy_medicines`
ORDER BY `brand_name`')
 4 SYSTEMPATH\Database\BaseBuilder.php(1649): CodeIgniter\Database\BaseConnection->query('SELECT DISTINCT `brand_name`
FROM `pharmacy_medicines`
ORDER BY `brand_name`', [], false)
 5 SYSTEMPATH\Model.php(286): CodeIgniter\Database\BaseBuilder->get()
 6 SYSTEMPATH\BaseModel.php(679): CodeIgniter\Model->doFindAll(0, 0)
 7 APPPATH\Controllers\Pharmacy\Purchases.php(86): CodeIgniter\BaseModel->findAll()
 8 SYSTEMPATH\CodeIgniter.php(933): App\Controllers\Pharmacy\Purchases->create()
 9 SYSTEMPATH\CodeIgniter.php(507): CodeIgniter\CodeIgniter->runController(Object(App\Controllers\Pharmacy\Purchases))
10 SYSTEMPATH\CodeIgniter.php(354): CodeIgniter\CodeIgniter->handleRequest(null, Object(Config\Cache), false)
11 SYSTEMPATH\Boot.php(334): CodeIgniter\CodeIgniter->run()
12 SYSTEMPATH\Boot.php(67): CodeIgniter\Boot::runCodeIgniter(Object(CodeIgniter\CodeIgniter))
13 FCPATH\index.php(46): CodeIgniter\Boot::bootWeb(Object(Config\Paths))
DEBUG - 2025-09-10 07:27:44 --> Session: Class initialized using 'CodeIgniter\Session\Handlers\FileHandler' driver.
DEBUG - 2025-09-10 07:27:44 --> Session: Class initialized using 'CodeIgniter\Session\Handlers\FileHandler' driver.
ERROR - 2025-09-10 07:27:45 --> mysqli_sql_exception: Unknown column 'pharmacy_medicines.generic_name' in 'field list' in C:\xampp\htdocs\hms_ram\system\Database\MySQLi\Connection.php:327
Stack trace:
#0 C:\xampp\htdocs\hms_ram\system\Database\MySQLi\Connection.php(327): mysqli->query('SELECT `pharmac...', 0)
#1 C:\xampp\htdocs\hms_ram\system\Database\BaseConnection.php(738): CodeIgniter\Database\MySQLi\Connection->execute('SELECT `pharmac...')
#2 C:\xampp\htdocs\hms_ram\system\Database\BaseConnection.php(652): CodeIgniter\Database\BaseConnection->simpleQuery('SELECT `pharmac...')
#3 C:\xampp\htdocs\hms_ram\system\Database\BaseBuilder.php(1649): CodeIgniter\Database\BaseConnection->query('SELECT `pharmac...', Array, false)
#4 C:\xampp\htdocs\hms_ram\system\Model.php(286): CodeIgniter\Database\BaseBuilder->get()
#5 C:\xampp\htdocs\hms_ram\system\BaseModel.php(679): CodeIgniter\Model->doFindAll(0, 0)
#6 C:\xampp\htdocs\hms_ram\app\Controllers\Pharmacy\Purchases.php(92): CodeIgniter\BaseModel->findAll()
#7 C:\xampp\htdocs\hms_ram\system\CodeIgniter.php(933): App\Controllers\Pharmacy\Purchases->create()
#8 C:\xampp\htdocs\hms_ram\system\CodeIgniter.php(507): CodeIgniter\CodeIgniter->runController(Object(App\Controllers\Pharmacy\Purchases))
#9 C:\xampp\htdocs\hms_ram\system\CodeIgniter.php(354): CodeIgniter\CodeIgniter->handleRequest(NULL, Object(Config\Cache), false)
#10 C:\xampp\htdocs\hms_ram\system\Boot.php(334): CodeIgniter\CodeIgniter->run()
#11 C:\xampp\htdocs\hms_ram\system\Boot.php(67): CodeIgniter\Boot::runCodeIgniter(Object(CodeIgniter\CodeIgniter))
#12 C:\xampp\htdocs\hms_ram\index.php(46): CodeIgniter\Boot::bootWeb(Object(Config\Paths))
#13 {main}
CRITICAL - 2025-09-10 07:27:45 --> CodeIgniter\Database\Exceptions\DatabaseException: Unknown column 'pharmacy_medicines.generic_name' in 'field list'
[Method: GET, Route: pharmacy/purchases/create]
in SYSTEMPATH\Database\BaseConnection.php on line 692.
 1 SYSTEMPATH\Database\BaseBuilder.php(1649): CodeIgniter\Database\BaseConnection->query('SELECT `pharmacy_medicines`.`id`, `pharmacy_medicines`.`generic_name`, `pharmacy_medicines`.`brand_id`
FROM `pharmacy_medicines`
ORDER BY `pharmacy_medicines`.`brand_id`, `pharmacy_medicines`.`generic_name`', [], false)
 2 SYSTEMPATH\Model.php(286): CodeIgniter\Database\BaseBuilder->get()
 3 SYSTEMPATH\BaseModel.php(679): CodeIgniter\Model->doFindAll(0, 0)
 4 APPPATH\Controllers\Pharmacy\Purchases.php(92): CodeIgniter\BaseModel->findAll()
 5 SYSTEMPATH\CodeIgniter.php(933): App\Controllers\Pharmacy\Purchases->create()
 6 SYSTEMPATH\CodeIgniter.php(507): CodeIgniter\CodeIgniter->runController(Object(App\Controllers\Pharmacy\Purchases))
 7 SYSTEMPATH\CodeIgniter.php(354): CodeIgniter\CodeIgniter->handleRequest(null, Object(Config\Cache), false)
 8 SYSTEMPATH\Boot.php(334): CodeIgniter\CodeIgniter->run()
 9 SYSTEMPATH\Boot.php(67): CodeIgniter\Boot::runCodeIgniter(Object(CodeIgniter\CodeIgniter))
10 FCPATH\index.php(46): CodeIgniter\Boot::bootWeb(Object(Config\Paths))
CRITICAL - 2025-09-10 07:27:45 --> [Caused by] CodeIgniter\Database\Exceptions\DatabaseException: Unknown column 'pharmacy_medicines.generic_name' in 'field list'
in SYSTEMPATH\Database\MySQLi\Connection.php on line 332.
 1 SYSTEMPATH\Database\BaseConnection.php(738): CodeIgniter\Database\MySQLi\Connection->execute('SELECT `pharmacy_medicines`.`id`, `pharmacy_medicines`.`generic_name`, `pharmacy_medicines`.`brand_id`
FROM `pharmacy_medicines`
ORDER BY `pharmacy_medicines`.`brand_id`, `pharmacy_medicines`.`generic_name`')
 2 SYSTEMPATH\Database\BaseConnection.php(652): CodeIgniter\Database\BaseConnection->simpleQuery('SELECT `pharmacy_medicines`.`id`, `pharmacy_medicines`.`generic_name`, `pharmacy_medicines`.`brand_id`
FROM `pharmacy_medicines`
ORDER BY `pharmacy_medicines`.`brand_id`, `pharmacy_medicines`.`generic_name`')
 3 SYSTEMPATH\Database\BaseBuilder.php(1649): CodeIgniter\Database\BaseConnection->query('SELECT `pharmacy_medicines`.`id`, `pharmacy_medicines`.`generic_name`, `pharmacy_medicines`.`brand_id`
FROM `pharmacy_medicines`
ORDER BY `pharmacy_medicines`.`brand_id`, `pharmacy_medicines`.`generic_name`', [], false)
 4 SYSTEMPATH\Model.php(286): CodeIgniter\Database\BaseBuilder->get()
 5 SYSTEMPATH\BaseModel.php(679): CodeIgniter\Model->doFindAll(0, 0)
 6 APPPATH\Controllers\Pharmacy\Purchases.php(92): CodeIgniter\BaseModel->findAll()
 7 SYSTEMPATH\CodeIgniter.php(933): App\Controllers\Pharmacy\Purchases->create()
 8 SYSTEMPATH\CodeIgniter.php(507): CodeIgniter\CodeIgniter->runController(Object(App\Controllers\Pharmacy\Purchases))
 9 SYSTEMPATH\CodeIgniter.php(354): CodeIgniter\CodeIgniter->handleRequest(null, Object(Config\Cache), false)
10 SYSTEMPATH\Boot.php(334): CodeIgniter\CodeIgniter->run()
11 SYSTEMPATH\Boot.php(67): CodeIgniter\Boot::runCodeIgniter(Object(CodeIgniter\CodeIgniter))
12 FCPATH\index.php(46): CodeIgniter\Boot::bootWeb(Object(Config\Paths))
CRITICAL - 2025-09-10 07:27:45 --> [Caused by] mysqli_sql_exception: Unknown column 'pharmacy_medicines.generic_name' in 'field list'
in SYSTEMPATH\Database\MySQLi\Connection.php on line 327.
 1 SYSTEMPATH\Database\MySQLi\Connection.php(327): mysqli->query('SELECT `pharmacy_medicines`.`id`, `pharmacy_medicines`.`generic_name`, `pharmacy_medicines`.`brand_id`
FROM `pharmacy_medicines`
ORDER BY `pharmacy_medicines`.`brand_id`, `pharmacy_medicines`.`generic_name`', 0)
 2 SYSTEMPATH\Database\BaseConnection.php(738): CodeIgniter\Database\MySQLi\Connection->execute('SELECT `pharmacy_medicines`.`id`, `pharmacy_medicines`.`generic_name`, `pharmacy_medicines`.`brand_id`
FROM `pharmacy_medicines`
ORDER BY `pharmacy_medicines`.`brand_id`, `pharmacy_medicines`.`generic_name`')
 3 SYSTEMPATH\Database\BaseConnection.php(652): CodeIgniter\Database\BaseConnection->simpleQuery('SELECT `pharmacy_medicines`.`id`, `pharmacy_medicines`.`generic_name`, `pharmacy_medicines`.`brand_id`
FROM `pharmacy_medicines`
ORDER BY `pharmacy_medicines`.`brand_id`, `pharmacy_medicines`.`generic_name`')
 4 SYSTEMPATH\Database\BaseBuilder.php(1649): CodeIgniter\Database\BaseConnection->query('SELECT `pharmacy_medicines`.`id`, `pharmacy_medicines`.`generic_name`, `pharmacy_medicines`.`brand_id`
FROM `pharmacy_medicines`
ORDER BY `pharmacy_medicines`.`brand_id`, `pharmacy_medicines`.`generic_name`', [], false)
 5 SYSTEMPATH\Model.php(286): CodeIgniter\Database\BaseBuilder->get()
 6 SYSTEMPATH\BaseModel.php(679): CodeIgniter\Model->doFindAll(0, 0)
 7 APPPATH\Controllers\Pharmacy\Purchases.php(92): CodeIgniter\BaseModel->findAll()
 8 SYSTEMPATH\CodeIgniter.php(933): App\Controllers\Pharmacy\Purchases->create()
 9 SYSTEMPATH\CodeIgniter.php(507): CodeIgniter\CodeIgniter->runController(Object(App\Controllers\Pharmacy\Purchases))
10 SYSTEMPATH\CodeIgniter.php(354): CodeIgniter\CodeIgniter->handleRequest(null, Object(Config\Cache), false)
11 SYSTEMPATH\Boot.php(334): CodeIgniter\CodeIgniter->run()
12 SYSTEMPATH\Boot.php(67): CodeIgniter\Boot::runCodeIgniter(Object(CodeIgniter\CodeIgniter))
13 FCPATH\index.php(46): CodeIgniter\Boot::bootWeb(Object(Config\Paths))
DEBUG - 2025-09-10 07:27:46 --> Session: Class initialized using 'CodeIgniter\Session\Handlers\FileHandler' driver.
ERROR - 2025-09-10 07:27:46 --> mysqli_sql_exception: Unknown column 'pharmacy_medicines.generic_name' in 'field list' in C:\xampp\htdocs\hms_ram\system\Database\MySQLi\Connection.php:327
Stack trace:
#0 C:\xampp\htdocs\hms_ram\system\Database\MySQLi\Connection.php(327): mysqli->query('SELECT `pharmac...', 0)
#1 C:\xampp\htdocs\hms_ram\system\Database\BaseConnection.php(738): CodeIgniter\Database\MySQLi\Connection->execute('SELECT `pharmac...')
#2 C:\xampp\htdocs\hms_ram\system\Database\BaseConnection.php(652): CodeIgniter\Database\BaseConnection->simpleQuery('SELECT `pharmac...')
#3 C:\xampp\htdocs\hms_ram\system\Database\BaseBuilder.php(1649): CodeIgniter\Database\BaseConnection->query('SELECT `pharmac...', Array, false)
#4 C:\xampp\htdocs\hms_ram\system\Model.php(286): CodeIgniter\Database\BaseBuilder->get()
#5 C:\xampp\htdocs\hms_ram\system\BaseModel.php(679): CodeIgniter\Model->doFindAll(0, 0)
#6 C:\xampp\htdocs\hms_ram\app\Controllers\Pharmacy\Purchases.php(92): CodeIgniter\BaseModel->findAll()
#7 C:\xampp\htdocs\hms_ram\system\CodeIgniter.php(933): App\Controllers\Pharmacy\Purchases->create()
#8 C:\xampp\htdocs\hms_ram\system\CodeIgniter.php(507): CodeIgniter\CodeIgniter->runController(Object(App\Controllers\Pharmacy\Purchases))
#9 C:\xampp\htdocs\hms_ram\system\CodeIgniter.php(354): CodeIgniter\CodeIgniter->handleRequest(NULL, Object(Config\Cache), false)
#10 C:\xampp\htdocs\hms_ram\system\Boot.php(334): CodeIgniter\CodeIgniter->run()
#11 C:\xampp\htdocs\hms_ram\system\Boot.php(67): CodeIgniter\Boot::runCodeIgniter(Object(CodeIgniter\CodeIgniter))
#12 C:\xampp\htdocs\hms_ram\index.php(46): CodeIgniter\Boot::bootWeb(Object(Config\Paths))
#13 {main}
CRITICAL - 2025-09-10 07:27:46 --> CodeIgniter\Database\Exceptions\DatabaseException: Unknown column 'pharmacy_medicines.generic_name' in 'field list'
[Method: GET, Route: pharmacy/purchases/create]
in SYSTEMPATH\Database\BaseConnection.php on line 692.
 1 SYSTEMPATH\Database\BaseBuilder.php(1649): CodeIgniter\Database\BaseConnection->query('SELECT `pharmacy_medicines`.`id`, `pharmacy_medicines`.`generic_name`, `pharmacy_medicines`.`brand_id`
FROM `pharmacy_medicines`
ORDER BY `pharmacy_medicines`.`brand_id`, `pharmacy_medicines`.`generic_name`', [], false)
 2 SYSTEMPATH\Model.php(286): CodeIgniter\Database\BaseBuilder->get()
 3 SYSTEMPATH\BaseModel.php(679): CodeIgniter\Model->doFindAll(0, 0)
 4 APPPATH\Controllers\Pharmacy\Purchases.php(92): CodeIgniter\BaseModel->findAll()
 5 SYSTEMPATH\CodeIgniter.php(933): App\Controllers\Pharmacy\Purchases->create()
 6 SYSTEMPATH\CodeIgniter.php(507): CodeIgniter\CodeIgniter->runController(Object(App\Controllers\Pharmacy\Purchases))
 7 SYSTEMPATH\CodeIgniter.php(354): CodeIgniter\CodeIgniter->handleRequest(null, Object(Config\Cache), false)
 8 SYSTEMPATH\Boot.php(334): CodeIgniter\CodeIgniter->run()
 9 SYSTEMPATH\Boot.php(67): CodeIgniter\Boot::runCodeIgniter(Object(CodeIgniter\CodeIgniter))
10 FCPATH\index.php(46): CodeIgniter\Boot::bootWeb(Object(Config\Paths))
CRITICAL - 2025-09-10 07:27:46 --> [Caused by] CodeIgniter\Database\Exceptions\DatabaseException: Unknown column 'pharmacy_medicines.generic_name' in 'field list'
in SYSTEMPATH\Database\MySQLi\Connection.php on line 332.
 1 SYSTEMPATH\Database\BaseConnection.php(738): CodeIgniter\Database\MySQLi\Connection->execute('SELECT `pharmacy_medicines`.`id`, `pharmacy_medicines`.`generic_name`, `pharmacy_medicines`.`brand_id`
FROM `pharmacy_medicines`
ORDER BY `pharmacy_medicines`.`brand_id`, `pharmacy_medicines`.`generic_name`')
 2 SYSTEMPATH\Database\BaseConnection.php(652): CodeIgniter\Database\BaseConnection->simpleQuery('SELECT `pharmacy_medicines`.`id`, `pharmacy_medicines`.`generic_name`, `pharmacy_medicines`.`brand_id`
FROM `pharmacy_medicines`
ORDER BY `pharmacy_medicines`.`brand_id`, `pharmacy_medicines`.`generic_name`')
 3 SYSTEMPATH\Database\BaseBuilder.php(1649): CodeIgniter\Database\BaseConnection->query('SELECT `pharmacy_medicines`.`id`, `pharmacy_medicines`.`generic_name`, `pharmacy_medicines`.`brand_id`
FROM `pharmacy_medicines`
ORDER BY `pharmacy_medicines`.`brand_id`, `pharmacy_medicines`.`generic_name`', [], false)
 4 SYSTEMPATH\Model.php(286): CodeIgniter\Database\BaseBuilder->get()
 5 SYSTEMPATH\BaseModel.php(679): CodeIgniter\Model->doFindAll(0, 0)
 6 APPPATH\Controllers\Pharmacy\Purchases.php(92): CodeIgniter\BaseModel->findAll()
 7 SYSTEMPATH\CodeIgniter.php(933): App\Controllers\Pharmacy\Purchases->create()
 8 SYSTEMPATH\CodeIgniter.php(507): CodeIgniter\CodeIgniter->runController(Object(App\Controllers\Pharmacy\Purchases))
 9 SYSTEMPATH\CodeIgniter.php(354): CodeIgniter\CodeIgniter->handleRequest(null, Object(Config\Cache), false)
10 SYSTEMPATH\Boot.php(334): CodeIgniter\CodeIgniter->run()
11 SYSTEMPATH\Boot.php(67): CodeIgniter\Boot::runCodeIgniter(Object(CodeIgniter\CodeIgniter))
12 FCPATH\index.php(46): CodeIgniter\Boot::bootWeb(Object(Config\Paths))
CRITICAL - 2025-09-10 07:27:46 --> [Caused by] mysqli_sql_exception: Unknown column 'pharmacy_medicines.generic_name' in 'field list'
in SYSTEMPATH\Database\MySQLi\Connection.php on line 327.
 1 SYSTEMPATH\Database\MySQLi\Connection.php(327): mysqli->query('SELECT `pharmacy_medicines`.`id`, `pharmacy_medicines`.`generic_name`, `pharmacy_medicines`.`brand_id`
FROM `pharmacy_medicines`
ORDER BY `pharmacy_medicines`.`brand_id`, `pharmacy_medicines`.`generic_name`', 0)
 2 SYSTEMPATH\Database\BaseConnection.php(738): CodeIgniter\Database\MySQLi\Connection->execute('SELECT `pharmacy_medicines`.`id`, `pharmacy_medicines`.`generic_name`, `pharmacy_medicines`.`brand_id`
FROM `pharmacy_medicines`
ORDER BY `pharmacy_medicines`.`brand_id`, `pharmacy_medicines`.`generic_name`')
 3 SYSTEMPATH\Database\BaseConnection.php(652): CodeIgniter\Database\BaseConnection->simpleQuery('SELECT `pharmacy_medicines`.`id`, `pharmacy_medicines`.`generic_name`, `pharmacy_medicines`.`brand_id`
FROM `pharmacy_medicines`
ORDER BY `pharmacy_medicines`.`brand_id`, `pharmacy_medicines`.`generic_name`')
 4 SYSTEMPATH\Database\BaseBuilder.php(1649): CodeIgniter\Database\BaseConnection->query('SELECT `pharmacy_medicines`.`id`, `pharmacy_medicines`.`generic_name`, `pharmacy_medicines`.`brand_id`
FROM `pharmacy_medicines`
ORDER BY `pharmacy_medicines`.`brand_id`, `pharmacy_medicines`.`generic_name`', [], false)
 5 SYSTEMPATH\Model.php(286): CodeIgniter\Database\BaseBuilder->get()
 6 SYSTEMPATH\BaseModel.php(679): CodeIgniter\Model->doFindAll(0, 0)
 7 APPPATH\Controllers\Pharmacy\Purchases.php(92): CodeIgniter\BaseModel->findAll()
 8 SYSTEMPATH\CodeIgniter.php(933): App\Controllers\Pharmacy\Purchases->create()
 9 SYSTEMPATH\CodeIgniter.php(507): CodeIgniter\CodeIgniter->runController(Object(App\Controllers\Pharmacy\Purchases))
10 SYSTEMPATH\CodeIgniter.php(354): CodeIgniter\CodeIgniter->handleRequest(null, Object(Config\Cache), false)
11 SYSTEMPATH\Boot.php(334): CodeIgniter\CodeIgniter->run()
12 SYSTEMPATH\Boot.php(67): CodeIgniter\Boot::runCodeIgniter(Object(CodeIgniter\CodeIgniter))
13 FCPATH\index.php(46): CodeIgniter\Boot::bootWeb(Object(Config\Paths))
DEBUG - 2025-09-10 07:27:47 --> Session: Class initialized using 'CodeIgniter\Session\Handlers\FileHandler' driver.
ERROR - 2025-09-10 07:27:47 --> mysqli_sql_exception: Unknown column 'pharmacy_medicines.generic_name' in 'field list' in C:\xampp\htdocs\hms_ram\system\Database\MySQLi\Connection.php:327
Stack trace:
#0 C:\xampp\htdocs\hms_ram\system\Database\MySQLi\Connection.php(327): mysqli->query('SELECT `pharmac...', 0)
#1 C:\xampp\htdocs\hms_ram\system\Database\BaseConnection.php(738): CodeIgniter\Database\MySQLi\Connection->execute('SELECT `pharmac...')
#2 C:\xampp\htdocs\hms_ram\system\Database\BaseConnection.php(652): CodeIgniter\Database\BaseConnection->simpleQuery('SELECT `pharmac...')
#3 C:\xampp\htdocs\hms_ram\system\Database\BaseBuilder.php(1649): CodeIgniter\Database\BaseConnection->query('SELECT `pharmac...', Array, false)
#4 C:\xampp\htdocs\hms_ram\system\Model.php(286): CodeIgniter\Database\BaseBuilder->get()
#5 C:\xampp\htdocs\hms_ram\system\BaseModel.php(679): CodeIgniter\Model->doFindAll(0, 0)
#6 C:\xampp\htdocs\hms_ram\app\Controllers\Pharmacy\Purchases.php(92): CodeIgniter\BaseModel->findAll()
#7 C:\xampp\htdocs\hms_ram\system\CodeIgniter.php(933): App\Controllers\Pharmacy\Purchases->create()
#8 C:\xampp\htdocs\hms_ram\system\CodeIgniter.php(507): CodeIgniter\CodeIgniter->runController(Object(App\Controllers\Pharmacy\Purchases))
#9 C:\xampp\htdocs\hms_ram\system\CodeIgniter.php(354): CodeIgniter\CodeIgniter->handleRequest(NULL, Object(Config\Cache), false)
#10 C:\xampp\htdocs\hms_ram\system\Boot.php(334): CodeIgniter\CodeIgniter->run()
#11 C:\xampp\htdocs\hms_ram\system\Boot.php(67): CodeIgniter\Boot::runCodeIgniter(Object(CodeIgniter\CodeIgniter))
#12 C:\xampp\htdocs\hms_ram\index.php(46): CodeIgniter\Boot::bootWeb(Object(Config\Paths))
#13 {main}
CRITICAL - 2025-09-10 07:27:47 --> CodeIgniter\Database\Exceptions\DatabaseException: Unknown column 'pharmacy_medicines.generic_name' in 'field list'
[Method: GET, Route: pharmacy/purchases/create]
in SYSTEMPATH\Database\BaseConnection.php on line 692.
 1 SYSTEMPATH\Database\BaseBuilder.php(1649): CodeIgniter\Database\BaseConnection->query('SELECT `pharmacy_medicines`.`id`, `pharmacy_medicines`.`generic_name`, `pharmacy_medicines`.`brand_id`
FROM `pharmacy_medicines`
ORDER BY `pharmacy_medicines`.`brand_id`, `pharmacy_medicines`.`generic_name`', [], false)
 2 SYSTEMPATH\Model.php(286): CodeIgniter\Database\BaseBuilder->get()
 3 SYSTEMPATH\BaseModel.php(679): CodeIgniter\Model->doFindAll(0, 0)
 4 APPPATH\Controllers\Pharmacy\Purchases.php(92): CodeIgniter\BaseModel->findAll()
 5 SYSTEMPATH\CodeIgniter.php(933): App\Controllers\Pharmacy\Purchases->create()
 6 SYSTEMPATH\CodeIgniter.php(507): CodeIgniter\CodeIgniter->runController(Object(App\Controllers\Pharmacy\Purchases))
 7 SYSTEMPATH\CodeIgniter.php(354): CodeIgniter\CodeIgniter->handleRequest(null, Object(Config\Cache), false)
 8 SYSTEMPATH\Boot.php(334): CodeIgniter\CodeIgniter->run()
 9 SYSTEMPATH\Boot.php(67): CodeIgniter\Boot::runCodeIgniter(Object(CodeIgniter\CodeIgniter))
10 FCPATH\index.php(46): CodeIgniter\Boot::bootWeb(Object(Config\Paths))
CRITICAL - 2025-09-10 07:27:47 --> [Caused by] CodeIgniter\Database\Exceptions\DatabaseException: Unknown column 'pharmacy_medicines.generic_name' in 'field list'
in SYSTEMPATH\Database\MySQLi\Connection.php on line 332.
 1 SYSTEMPATH\Database\BaseConnection.php(738): CodeIgniter\Database\MySQLi\Connection->execute('SELECT `pharmacy_medicines`.`id`, `pharmacy_medicines`.`generic_name`, `pharmacy_medicines`.`brand_id`
FROM `pharmacy_medicines`
ORDER BY `pharmacy_medicines`.`brand_id`, `pharmacy_medicines`.`generic_name`')
 2 SYSTEMPATH\Database\BaseConnection.php(652): CodeIgniter\Database\BaseConnection->simpleQuery('SELECT `pharmacy_medicines`.`id`, `pharmacy_medicines`.`generic_name`, `pharmacy_medicines`.`brand_id`
FROM `pharmacy_medicines`
ORDER BY `pharmacy_medicines`.`brand_id`, `pharmacy_medicines`.`generic_name`')
 3 SYSTEMPATH\Database\BaseBuilder.php(1649): CodeIgniter\Database\BaseConnection->query('SELECT `pharmacy_medicines`.`id`, `pharmacy_medicines`.`generic_name`, `pharmacy_medicines`.`brand_id`
FROM `pharmacy_medicines`
ORDER BY `pharmacy_medicines`.`brand_id`, `pharmacy_medicines`.`generic_name`', [], false)
 4 SYSTEMPATH\Model.php(286): CodeIgniter\Database\BaseBuilder->get()
 5 SYSTEMPATH\BaseModel.php(679): CodeIgniter\Model->doFindAll(0, 0)
 6 APPPATH\Controllers\Pharmacy\Purchases.php(92): CodeIgniter\BaseModel->findAll()
 7 SYSTEMPATH\CodeIgniter.php(933): App\Controllers\Pharmacy\Purchases->create()
 8 SYSTEMPATH\CodeIgniter.php(507): CodeIgniter\CodeIgniter->runController(Object(App\Controllers\Pharmacy\Purchases))
 9 SYSTEMPATH\CodeIgniter.php(354): CodeIgniter\CodeIgniter->handleRequest(null, Object(Config\Cache), false)
10 SYSTEMPATH\Boot.php(334): CodeIgniter\CodeIgniter->run()
11 SYSTEMPATH\Boot.php(67): CodeIgniter\Boot::runCodeIgniter(Object(CodeIgniter\CodeIgniter))
12 FCPATH\index.php(46): CodeIgniter\Boot::bootWeb(Object(Config\Paths))
CRITICAL - 2025-09-10 07:27:47 --> [Caused by] mysqli_sql_exception: Unknown column 'pharmacy_medicines.generic_name' in 'field list'
in SYSTEMPATH\Database\MySQLi\Connection.php on line 327.
 1 SYSTEMPATH\Database\MySQLi\Connection.php(327): mysqli->query('SELECT `pharmacy_medicines`.`id`, `pharmacy_medicines`.`generic_name`, `pharmacy_medicines`.`brand_id`
FROM `pharmacy_medicines`
ORDER BY `pharmacy_medicines`.`brand_id`, `pharmacy_medicines`.`generic_name`', 0)
 2 SYSTEMPATH\Database\BaseConnection.php(738): CodeIgniter\Database\MySQLi\Connection->execute('SELECT `pharmacy_medicines`.`id`, `pharmacy_medicines`.`generic_name`, `pharmacy_medicines`.`brand_id`
FROM `pharmacy_medicines`
ORDER BY `pharmacy_medicines`.`brand_id`, `pharmacy_medicines`.`generic_name`')
 3 SYSTEMPATH\Database\BaseConnection.php(652): CodeIgniter\Database\BaseConnection->simpleQuery('SELECT `pharmacy_medicines`.`id`, `pharmacy_medicines`.`generic_name`, `pharmacy_medicines`.`brand_id`
FROM `pharmacy_medicines`
ORDER BY `pharmacy_medicines`.`brand_id`, `pharmacy_medicines`.`generic_name`')
 4 SYSTEMPATH\Database\BaseBuilder.php(1649): CodeIgniter\Database\BaseConnection->query('SELECT `pharmacy_medicines`.`id`, `pharmacy_medicines`.`generic_name`, `pharmacy_medicines`.`brand_id`
FROM `pharmacy_medicines`
ORDER BY `pharmacy_medicines`.`brand_id`, `pharmacy_medicines`.`generic_name`', [], false)
 5 SYSTEMPATH\Model.php(286): CodeIgniter\Database\BaseBuilder->get()
 6 SYSTEMPATH\BaseModel.php(679): CodeIgniter\Model->doFindAll(0, 0)
 7 APPPATH\Controllers\Pharmacy\Purchases.php(92): CodeIgniter\BaseModel->findAll()
 8 SYSTEMPATH\CodeIgniter.php(933): App\Controllers\Pharmacy\Purchases->create()
 9 SYSTEMPATH\CodeIgniter.php(507): CodeIgniter\CodeIgniter->runController(Object(App\Controllers\Pharmacy\Purchases))
10 SYSTEMPATH\CodeIgniter.php(354): CodeIgniter\CodeIgniter->handleRequest(null, Object(Config\Cache), false)
11 SYSTEMPATH\Boot.php(334): CodeIgniter\CodeIgniter->run()
12 SYSTEMPATH\Boot.php(67): CodeIgniter\Boot::runCodeIgniter(Object(CodeIgniter\CodeIgniter))
13 FCPATH\index.php(46): CodeIgniter\Boot::bootWeb(Object(Config\Paths))
DEBUG - 2025-09-10 07:28:51 --> Session: Class initialized using 'CodeIgniter\Session\Handlers\FileHandler' driver.
DEBUG - 2025-09-10 07:28:52 --> Session: Class initialized using 'CodeIgniter\Session\Handlers\FileHandler' driver.
ERROR - 2025-09-10 07:28:52 --> mysqli_sql_exception: Unknown column 'pharmacy_medicines.generic_name' in 'field list' in C:\xampp\htdocs\hms_ram\system\Database\MySQLi\Connection.php:327
Stack trace:
#0 C:\xampp\htdocs\hms_ram\system\Database\MySQLi\Connection.php(327): mysqli->query('SELECT `pharmac...', 0)
#1 C:\xampp\htdocs\hms_ram\system\Database\BaseConnection.php(738): CodeIgniter\Database\MySQLi\Connection->execute('SELECT `pharmac...')
#2 C:\xampp\htdocs\hms_ram\system\Database\BaseConnection.php(652): CodeIgniter\Database\BaseConnection->simpleQuery('SELECT `pharmac...')
#3 C:\xampp\htdocs\hms_ram\system\Database\BaseBuilder.php(1649): CodeIgniter\Database\BaseConnection->query('SELECT `pharmac...', Array, false)
#4 C:\xampp\htdocs\hms_ram\system\Model.php(286): CodeIgniter\Database\BaseBuilder->get()
#5 C:\xampp\htdocs\hms_ram\system\BaseModel.php(679): CodeIgniter\Model->doFindAll(0, 0)
#6 C:\xampp\htdocs\hms_ram\app\Controllers\Pharmacy\Purchases.php(92): CodeIgniter\BaseModel->findAll()
#7 C:\xampp\htdocs\hms_ram\system\CodeIgniter.php(933): App\Controllers\Pharmacy\Purchases->create()
#8 C:\xampp\htdocs\hms_ram\system\CodeIgniter.php(507): CodeIgniter\CodeIgniter->runController(Object(App\Controllers\Pharmacy\Purchases))
#9 C:\xampp\htdocs\hms_ram\system\CodeIgniter.php(354): CodeIgniter\CodeIgniter->handleRequest(NULL, Object(Config\Cache), false)
#10 C:\xampp\htdocs\hms_ram\system\Boot.php(334): CodeIgniter\CodeIgniter->run()
#11 C:\xampp\htdocs\hms_ram\system\Boot.php(67): CodeIgniter\Boot::runCodeIgniter(Object(CodeIgniter\CodeIgniter))
#12 C:\xampp\htdocs\hms_ram\index.php(46): CodeIgniter\Boot::bootWeb(Object(Config\Paths))
#13 {main}
CRITICAL - 2025-09-10 07:28:52 --> CodeIgniter\Database\Exceptions\DatabaseException: Unknown column 'pharmacy_medicines.generic_name' in 'field list'
[Method: GET, Route: pharmacy/purchases/create]
in SYSTEMPATH\Database\BaseConnection.php on line 692.
 1 SYSTEMPATH\Database\BaseBuilder.php(1649): CodeIgniter\Database\BaseConnection->query('SELECT `pharmacy_medicines`.`id`, `pharmacy_medicines`.`generic_name`, `pharmacy_medicines`.`brand_id`
FROM `pharmacy_medicines`
ORDER BY `pharmacy_medicines`.`brand_id`, `pharmacy_medicines`.`generic_name`', [], false)
 2 SYSTEMPATH\Model.php(286): CodeIgniter\Database\BaseBuilder->get()
 3 SYSTEMPATH\BaseModel.php(679): CodeIgniter\Model->doFindAll(0, 0)
 4 APPPATH\Controllers\Pharmacy\Purchases.php(92): CodeIgniter\BaseModel->findAll()
 5 SYSTEMPATH\CodeIgniter.php(933): App\Controllers\Pharmacy\Purchases->create()
 6 SYSTEMPATH\CodeIgniter.php(507): CodeIgniter\CodeIgniter->runController(Object(App\Controllers\Pharmacy\Purchases))
 7 SYSTEMPATH\CodeIgniter.php(354): CodeIgniter\CodeIgniter->handleRequest(null, Object(Config\Cache), false)
 8 SYSTEMPATH\Boot.php(334): CodeIgniter\CodeIgniter->run()
 9 SYSTEMPATH\Boot.php(67): CodeIgniter\Boot::runCodeIgniter(Object(CodeIgniter\CodeIgniter))
10 FCPATH\index.php(46): CodeIgniter\Boot::bootWeb(Object(Config\Paths))
CRITICAL - 2025-09-10 07:28:52 --> [Caused by] CodeIgniter\Database\Exceptions\DatabaseException: Unknown column 'pharmacy_medicines.generic_name' in 'field list'
in SYSTEMPATH\Database\MySQLi\Connection.php on line 332.
 1 SYSTEMPATH\Database\BaseConnection.php(738): CodeIgniter\Database\MySQLi\Connection->execute('SELECT `pharmacy_medicines`.`id`, `pharmacy_medicines`.`generic_name`, `pharmacy_medicines`.`brand_id`
FROM `pharmacy_medicines`
ORDER BY `pharmacy_medicines`.`brand_id`, `pharmacy_medicines`.`generic_name`')
 2 SYSTEMPATH\Database\BaseConnection.php(652): CodeIgniter\Database\BaseConnection->simpleQuery('SELECT `pharmacy_medicines`.`id`, `pharmacy_medicines`.`generic_name`, `pharmacy_medicines`.`brand_id`
FROM `pharmacy_medicines`
ORDER BY `pharmacy_medicines`.`brand_id`, `pharmacy_medicines`.`generic_name`')
 3 SYSTEMPATH\Database\BaseBuilder.php(1649): CodeIgniter\Database\BaseConnection->query('SELECT `pharmacy_medicines`.`id`, `pharmacy_medicines`.`generic_name`, `pharmacy_medicines`.`brand_id`
FROM `pharmacy_medicines`
ORDER BY `pharmacy_medicines`.`brand_id`, `pharmacy_medicines`.`generic_name`', [], false)
 4 SYSTEMPATH\Model.php(286): CodeIgniter\Database\BaseBuilder->get()
 5 SYSTEMPATH\BaseModel.php(679): CodeIgniter\Model->doFindAll(0, 0)
 6 APPPATH\Controllers\Pharmacy\Purchases.php(92): CodeIgniter\BaseModel->findAll()
 7 SYSTEMPATH\CodeIgniter.php(933): App\Controllers\Pharmacy\Purchases->create()
 8 SYSTEMPATH\CodeIgniter.php(507): CodeIgniter\CodeIgniter->runController(Object(App\Controllers\Pharmacy\Purchases))
 9 SYSTEMPATH\CodeIgniter.php(354): CodeIgniter\CodeIgniter->handleRequest(null, Object(Config\Cache), false)
10 SYSTEMPATH\Boot.php(334): CodeIgniter\CodeIgniter->run()
11 SYSTEMPATH\Boot.php(67): CodeIgniter\Boot::runCodeIgniter(Object(CodeIgniter\CodeIgniter))
12 FCPATH\index.php(46): CodeIgniter\Boot::bootWeb(Object(Config\Paths))
CRITICAL - 2025-09-10 07:28:52 --> [Caused by] mysqli_sql_exception: Unknown column 'pharmacy_medicines.generic_name' in 'field list'
in SYSTEMPATH\Database\MySQLi\Connection.php on line 327.
 1 SYSTEMPATH\Database\MySQLi\Connection.php(327): mysqli->query('SELECT `pharmacy_medicines`.`id`, `pharmacy_medicines`.`generic_name`, `pharmacy_medicines`.`brand_id`
FROM `pharmacy_medicines`
ORDER BY `pharmacy_medicines`.`brand_id`, `pharmacy_medicines`.`generic_name`', 0)
 2 SYSTEMPATH\Database\BaseConnection.php(738): CodeIgniter\Database\MySQLi\Connection->execute('SELECT `pharmacy_medicines`.`id`, `pharmacy_medicines`.`generic_name`, `pharmacy_medicines`.`brand_id`
FROM `pharmacy_medicines`
ORDER BY `pharmacy_medicines`.`brand_id`, `pharmacy_medicines`.`generic_name`')
 3 SYSTEMPATH\Database\BaseConnection.php(652): CodeIgniter\Database\BaseConnection->simpleQuery('SELECT `pharmacy_medicines`.`id`, `pharmacy_medicines`.`generic_name`, `pharmacy_medicines`.`brand_id`
FROM `pharmacy_medicines`
ORDER BY `pharmacy_medicines`.`brand_id`, `pharmacy_medicines`.`generic_name`')
 4 SYSTEMPATH\Database\BaseBuilder.php(1649): CodeIgniter\Database\BaseConnection->query('SELECT `pharmacy_medicines`.`id`, `pharmacy_medicines`.`generic_name`, `pharmacy_medicines`.`brand_id`
FROM `pharmacy_medicines`
ORDER BY `pharmacy_medicines`.`brand_id`, `pharmacy_medicines`.`generic_name`', [], false)
 5 SYSTEMPATH\Model.php(286): CodeIgniter\Database\BaseBuilder->get()
 6 SYSTEMPATH\BaseModel.php(679): CodeIgniter\Model->doFindAll(0, 0)
 7 APPPATH\Controllers\Pharmacy\Purchases.php(92): CodeIgniter\BaseModel->findAll()
 8 SYSTEMPATH\CodeIgniter.php(933): App\Controllers\Pharmacy\Purchases->create()
 9 SYSTEMPATH\CodeIgniter.php(507): CodeIgniter\CodeIgniter->runController(Object(App\Controllers\Pharmacy\Purchases))
10 SYSTEMPATH\CodeIgniter.php(354): CodeIgniter\CodeIgniter->handleRequest(null, Object(Config\Cache), false)
11 SYSTEMPATH\Boot.php(334): CodeIgniter\CodeIgniter->run()
12 SYSTEMPATH\Boot.php(67): CodeIgniter\Boot::runCodeIgniter(Object(CodeIgniter\CodeIgniter))
13 FCPATH\index.php(46): CodeIgniter\Boot::bootWeb(Object(Config\Paths))
DEBUG - 2025-09-10 07:28:53 --> Session: Class initialized using 'CodeIgniter\Session\Handlers\FileHandler' driver.
ERROR - 2025-09-10 07:28:53 --> mysqli_sql_exception: Unknown column 'pharmacy_medicines.generic_name' in 'field list' in C:\xampp\htdocs\hms_ram\system\Database\MySQLi\Connection.php:327
Stack trace:
#0 C:\xampp\htdocs\hms_ram\system\Database\MySQLi\Connection.php(327): mysqli->query('SELECT `pharmac...', 0)
#1 C:\xampp\htdocs\hms_ram\system\Database\BaseConnection.php(738): CodeIgniter\Database\MySQLi\Connection->execute('SELECT `pharmac...')
#2 C:\xampp\htdocs\hms_ram\system\Database\BaseConnection.php(652): CodeIgniter\Database\BaseConnection->simpleQuery('SELECT `pharmac...')
#3 C:\xampp\htdocs\hms_ram\system\Database\BaseBuilder.php(1649): CodeIgniter\Database\BaseConnection->query('SELECT `pharmac...', Array, false)
#4 C:\xampp\htdocs\hms_ram\system\Model.php(286): CodeIgniter\Database\BaseBuilder->get()
#5 C:\xampp\htdocs\hms_ram\system\BaseModel.php(679): CodeIgniter\Model->doFindAll(0, 0)
#6 C:\xampp\htdocs\hms_ram\app\Controllers\Pharmacy\Purchases.php(92): CodeIgniter\BaseModel->findAll()
#7 C:\xampp\htdocs\hms_ram\system\CodeIgniter.php(933): App\Controllers\Pharmacy\Purchases->create()
#8 C:\xampp\htdocs\hms_ram\system\CodeIgniter.php(507): CodeIgniter\CodeIgniter->runController(Object(App\Controllers\Pharmacy\Purchases))
#9 C:\xampp\htdocs\hms_ram\system\CodeIgniter.php(354): CodeIgniter\CodeIgniter->handleRequest(NULL, Object(Config\Cache), false)
#10 C:\xampp\htdocs\hms_ram\system\Boot.php(334): CodeIgniter\CodeIgniter->run()
#11 C:\xampp\htdocs\hms_ram\system\Boot.php(67): CodeIgniter\Boot::runCodeIgniter(Object(CodeIgniter\CodeIgniter))
#12 C:\xampp\htdocs\hms_ram\index.php(46): CodeIgniter\Boot::bootWeb(Object(Config\Paths))
#13 {main}
CRITICAL - 2025-09-10 07:28:53 --> CodeIgniter\Database\Exceptions\DatabaseException: Unknown column 'pharmacy_medicines.generic_name' in 'field list'
[Method: GET, Route: pharmacy/purchases/create]
in SYSTEMPATH\Database\BaseConnection.php on line 692.
 1 SYSTEMPATH\Database\BaseBuilder.php(1649): CodeIgniter\Database\BaseConnection->query('SELECT `pharmacy_medicines`.`id`, `pharmacy_medicines`.`generic_name`, `pharmacy_medicines`.`brand_id`
FROM `pharmacy_medicines`
ORDER BY `pharmacy_medicines`.`brand_id`, `pharmacy_medicines`.`generic_name`', [], false)
 2 SYSTEMPATH\Model.php(286): CodeIgniter\Database\BaseBuilder->get()
 3 SYSTEMPATH\BaseModel.php(679): CodeIgniter\Model->doFindAll(0, 0)
 4 APPPATH\Controllers\Pharmacy\Purchases.php(92): CodeIgniter\BaseModel->findAll()
 5 SYSTEMPATH\CodeIgniter.php(933): App\Controllers\Pharmacy\Purchases->create()
 6 SYSTEMPATH\CodeIgniter.php(507): CodeIgniter\CodeIgniter->runController(Object(App\Controllers\Pharmacy\Purchases))
 7 SYSTEMPATH\CodeIgniter.php(354): CodeIgniter\CodeIgniter->handleRequest(null, Object(Config\Cache), false)
 8 SYSTEMPATH\Boot.php(334): CodeIgniter\CodeIgniter->run()
 9 SYSTEMPATH\Boot.php(67): CodeIgniter\Boot::runCodeIgniter(Object(CodeIgniter\CodeIgniter))
10 FCPATH\index.php(46): CodeIgniter\Boot::bootWeb(Object(Config\Paths))
CRITICAL - 2025-09-10 07:28:53 --> [Caused by] CodeIgniter\Database\Exceptions\DatabaseException: Unknown column 'pharmacy_medicines.generic_name' in 'field list'
in SYSTEMPATH\Database\MySQLi\Connection.php on line 332.
 1 SYSTEMPATH\Database\BaseConnection.php(738): CodeIgniter\Database\MySQLi\Connection->execute('SELECT `pharmacy_medicines`.`id`, `pharmacy_medicines`.`generic_name`, `pharmacy_medicines`.`brand_id`
FROM `pharmacy_medicines`
ORDER BY `pharmacy_medicines`.`brand_id`, `pharmacy_medicines`.`generic_name`')
 2 SYSTEMPATH\Database\BaseConnection.php(652): CodeIgniter\Database\BaseConnection->simpleQuery('SELECT `pharmacy_medicines`.`id`, `pharmacy_medicines`.`generic_name`, `pharmacy_medicines`.`brand_id`
FROM `pharmacy_medicines`
ORDER BY `pharmacy_medicines`.`brand_id`, `pharmacy_medicines`.`generic_name`')
 3 SYSTEMPATH\Database\BaseBuilder.php(1649): CodeIgniter\Database\BaseConnection->query('SELECT `pharmacy_medicines`.`id`, `pharmacy_medicines`.`generic_name`, `pharmacy_medicines`.`brand_id`
FROM `pharmacy_medicines`
ORDER BY `pharmacy_medicines`.`brand_id`, `pharmacy_medicines`.`generic_name`', [], false)
 4 SYSTEMPATH\Model.php(286): CodeIgniter\Database\BaseBuilder->get()
 5 SYSTEMPATH\BaseModel.php(679): CodeIgniter\Model->doFindAll(0, 0)
 6 APPPATH\Controllers\Pharmacy\Purchases.php(92): CodeIgniter\BaseModel->findAll()
 7 SYSTEMPATH\CodeIgniter.php(933): App\Controllers\Pharmacy\Purchases->create()
 8 SYSTEMPATH\CodeIgniter.php(507): CodeIgniter\CodeIgniter->runController(Object(App\Controllers\Pharmacy\Purchases))
 9 SYSTEMPATH\CodeIgniter.php(354): CodeIgniter\CodeIgniter->handleRequest(null, Object(Config\Cache), false)
10 SYSTEMPATH\Boot.php(334): CodeIgniter\CodeIgniter->run()
11 SYSTEMPATH\Boot.php(67): CodeIgniter\Boot::runCodeIgniter(Object(CodeIgniter\CodeIgniter))
12 FCPATH\index.php(46): CodeIgniter\Boot::bootWeb(Object(Config\Paths))
CRITICAL - 2025-09-10 07:28:53 --> [Caused by] mysqli_sql_exception: Unknown column 'pharmacy_medicines.generic_name' in 'field list'
in SYSTEMPATH\Database\MySQLi\Connection.php on line 327.
 1 SYSTEMPATH\Database\MySQLi\Connection.php(327): mysqli->query('SELECT `pharmacy_medicines`.`id`, `pharmacy_medicines`.`generic_name`, `pharmacy_medicines`.`brand_id`
FROM `pharmacy_medicines`
ORDER BY `pharmacy_medicines`.`brand_id`, `pharmacy_medicines`.`generic_name`', 0)
 2 SYSTEMPATH\Database\BaseConnection.php(738): CodeIgniter\Database\MySQLi\Connection->execute('SELECT `pharmacy_medicines`.`id`, `pharmacy_medicines`.`generic_name`, `pharmacy_medicines`.`brand_id`
FROM `pharmacy_medicines`
ORDER BY `pharmacy_medicines`.`brand_id`, `pharmacy_medicines`.`generic_name`')
 3 SYSTEMPATH\Database\BaseConnection.php(652): CodeIgniter\Database\BaseConnection->simpleQuery('SELECT `pharmacy_medicines`.`id`, `pharmacy_medicines`.`generic_name`, `pharmacy_medicines`.`brand_id`
FROM `pharmacy_medicines`
ORDER BY `pharmacy_medicines`.`brand_id`, `pharmacy_medicines`.`generic_name`')
 4 SYSTEMPATH\Database\BaseBuilder.php(1649): CodeIgniter\Database\BaseConnection->query('SELECT `pharmacy_medicines`.`id`, `pharmacy_medicines`.`generic_name`, `pharmacy_medicines`.`brand_id`
FROM `pharmacy_medicines`
ORDER BY `pharmacy_medicines`.`brand_id`, `pharmacy_medicines`.`generic_name`', [], false)
 5 SYSTEMPATH\Model.php(286): CodeIgniter\Database\BaseBuilder->get()
 6 SYSTEMPATH\BaseModel.php(679): CodeIgniter\Model->doFindAll(0, 0)
 7 APPPATH\Controllers\Pharmacy\Purchases.php(92): CodeIgniter\BaseModel->findAll()
 8 SYSTEMPATH\CodeIgniter.php(933): App\Controllers\Pharmacy\Purchases->create()
 9 SYSTEMPATH\CodeIgniter.php(507): CodeIgniter\CodeIgniter->runController(Object(App\Controllers\Pharmacy\Purchases))
10 SYSTEMPATH\CodeIgniter.php(354): CodeIgniter\CodeIgniter->handleRequest(null, Object(Config\Cache), false)
11 SYSTEMPATH\Boot.php(334): CodeIgniter\CodeIgniter->run()
12 SYSTEMPATH\Boot.php(67): CodeIgniter\Boot::runCodeIgniter(Object(CodeIgniter\CodeIgniter))
13 FCPATH\index.php(46): CodeIgniter\Boot::bootWeb(Object(Config\Paths))
DEBUG - 2025-09-10 07:29:00 --> Session: Class initialized using 'CodeIgniter\Session\Handlers\FileHandler' driver.
DEBUG - 2025-09-10 07:29:36 --> Session: Class initialized using 'CodeIgniter\Session\Handlers\FileHandler' driver.
DEBUG - 2025-09-10 07:29:50 --> Session: Class initialized using 'CodeIgniter\Session\Handlers\FileHandler' driver.
DEBUG - 2025-09-10 07:29:52 --> Session: Class initialized using 'CodeIgniter\Session\Handlers\FileHandler' driver.
DEBUG - 2025-09-10 07:30:02 --> Session: Class initialized using 'CodeIgniter\Session\Handlers\FileHandler' driver.
DEBUG - 2025-09-10 07:30:17 --> Session: Class initialized using 'CodeIgniter\Session\Handlers\FileHandler' driver.
ERROR - 2025-09-10 07:30:17 --> mysqli_sql_exception: Unknown column 'pharmacy_medicines.generic_name' in 'field list' in C:\xampp\htdocs\hms_ram\system\Database\MySQLi\Connection.php:327
Stack trace:
#0 C:\xampp\htdocs\hms_ram\system\Database\MySQLi\Connection.php(327): mysqli->query('SELECT `pharmac...', 0)
#1 C:\xampp\htdocs\hms_ram\system\Database\BaseConnection.php(738): CodeIgniter\Database\MySQLi\Connection->execute('SELECT `pharmac...')
#2 C:\xampp\htdocs\hms_ram\system\Database\BaseConnection.php(652): CodeIgniter\Database\BaseConnection->simpleQuery('SELECT `pharmac...')
#3 C:\xampp\htdocs\hms_ram\system\Database\BaseBuilder.php(1649): CodeIgniter\Database\BaseConnection->query('SELECT `pharmac...', Array, false)
#4 C:\xampp\htdocs\hms_ram\system\Model.php(286): CodeIgniter\Database\BaseBuilder->get()
#5 C:\xampp\htdocs\hms_ram\system\BaseModel.php(679): CodeIgniter\Model->doFindAll(0, 0)
#6 C:\xampp\htdocs\hms_ram\app\Controllers\Pharmacy\Purchases.php(98): CodeIgniter\BaseModel->findAll()
#7 C:\xampp\htdocs\hms_ram\system\CodeIgniter.php(933): App\Controllers\Pharmacy\Purchases->create()
#8 C:\xampp\htdocs\hms_ram\system\CodeIgniter.php(507): CodeIgniter\CodeIgniter->runController(Object(App\Controllers\Pharmacy\Purchases))
#9 C:\xampp\htdocs\hms_ram\system\CodeIgniter.php(354): CodeIgniter\CodeIgniter->handleRequest(NULL, Object(Config\Cache), false)
#10 C:\xampp\htdocs\hms_ram\system\Boot.php(334): CodeIgniter\CodeIgniter->run()
#11 C:\xampp\htdocs\hms_ram\system\Boot.php(67): CodeIgniter\Boot::runCodeIgniter(Object(CodeIgniter\CodeIgniter))
#12 C:\xampp\htdocs\hms_ram\index.php(46): CodeIgniter\Boot::bootWeb(Object(Config\Paths))
#13 {main}
CRITICAL - 2025-09-10 07:30:17 --> CodeIgniter\Database\Exceptions\DatabaseException: Unknown column 'pharmacy_medicines.generic_name' in 'field list'
[Method: GET, Route: pharmacy/purchases/create]
in SYSTEMPATH\Database\BaseConnection.php on line 692.
 1 SYSTEMPATH\Database\BaseBuilder.php(1649): CodeIgniter\Database\BaseConnection->query('SELECT `pharmacy_medicines`.`id`, `pharmacy_medicines`.`generic_name`, `pharmacy_medicines`.`brand_id`
FROM `pharmacy_medicines`
ORDER BY `pharmacy_medicines`.`brand_id`, `pharmacy_medicines`.`generic_name`', [], false)
 2 SYSTEMPATH\Model.php(286): CodeIgniter\Database\BaseBuilder->get()
 3 SYSTEMPATH\BaseModel.php(679): CodeIgniter\Model->doFindAll(0, 0)
 4 APPPATH\Controllers\Pharmacy\Purchases.php(98): CodeIgniter\BaseModel->findAll()
 5 SYSTEMPATH\CodeIgniter.php(933): App\Controllers\Pharmacy\Purchases->create()
 6 SYSTEMPATH\CodeIgniter.php(507): CodeIgniter\CodeIgniter->runController(Object(App\Controllers\Pharmacy\Purchases))
 7 SYSTEMPATH\CodeIgniter.php(354): CodeIgniter\CodeIgniter->handleRequest(null, Object(Config\Cache), false)
 8 SYSTEMPATH\Boot.php(334): CodeIgniter\CodeIgniter->run()
 9 SYSTEMPATH\Boot.php(67): CodeIgniter\Boot::runCodeIgniter(Object(CodeIgniter\CodeIgniter))
10 FCPATH\index.php(46): CodeIgniter\Boot::bootWeb(Object(Config\Paths))
CRITICAL - 2025-09-10 07:30:17 --> [Caused by] CodeIgniter\Database\Exceptions\DatabaseException: Unknown column 'pharmacy_medicines.generic_name' in 'field list'
in SYSTEMPATH\Database\MySQLi\Connection.php on line 332.
 1 SYSTEMPATH\Database\BaseConnection.php(738): CodeIgniter\Database\MySQLi\Connection->execute('SELECT `pharmacy_medicines`.`id`, `pharmacy_medicines`.`generic_name`, `pharmacy_medicines`.`brand_id`
FROM `pharmacy_medicines`
ORDER BY `pharmacy_medicines`.`brand_id`, `pharmacy_medicines`.`generic_name`')
 2 SYSTEMPATH\Database\BaseConnection.php(652): CodeIgniter\Database\BaseConnection->simpleQuery('SELECT `pharmacy_medicines`.`id`, `pharmacy_medicines`.`generic_name`, `pharmacy_medicines`.`brand_id`
FROM `pharmacy_medicines`
ORDER BY `pharmacy_medicines`.`brand_id`, `pharmacy_medicines`.`generic_name`')
 3 SYSTEMPATH\Database\BaseBuilder.php(1649): CodeIgniter\Database\BaseConnection->query('SELECT `pharmacy_medicines`.`id`, `pharmacy_medicines`.`generic_name`, `pharmacy_medicines`.`brand_id`
FROM `pharmacy_medicines`
ORDER BY `pharmacy_medicines`.`brand_id`, `pharmacy_medicines`.`generic_name`', [], false)
 4 SYSTEMPATH\Model.php(286): CodeIgniter\Database\BaseBuilder->get()
 5 SYSTEMPATH\BaseModel.php(679): CodeIgniter\Model->doFindAll(0, 0)
 6 APPPATH\Controllers\Pharmacy\Purchases.php(98): CodeIgniter\BaseModel->findAll()
 7 SYSTEMPATH\CodeIgniter.php(933): App\Controllers\Pharmacy\Purchases->create()
 8 SYSTEMPATH\CodeIgniter.php(507): CodeIgniter\CodeIgniter->runController(Object(App\Controllers\Pharmacy\Purchases))
 9 SYSTEMPATH\CodeIgniter.php(354): CodeIgniter\CodeIgniter->handleRequest(null, Object(Config\Cache), false)
10 SYSTEMPATH\Boot.php(334): CodeIgniter\CodeIgniter->run()
11 SYSTEMPATH\Boot.php(67): CodeIgniter\Boot::runCodeIgniter(Object(CodeIgniter\CodeIgniter))
12 FCPATH\index.php(46): CodeIgniter\Boot::bootWeb(Object(Config\Paths))
CRITICAL - 2025-09-10 07:30:17 --> [Caused by] mysqli_sql_exception: Unknown column 'pharmacy_medicines.generic_name' in 'field list'
in SYSTEMPATH\Database\MySQLi\Connection.php on line 327.
 1 SYSTEMPATH\Database\MySQLi\Connection.php(327): mysqli->query('SELECT `pharmacy_medicines`.`id`, `pharmacy_medicines`.`generic_name`, `pharmacy_medicines`.`brand_id`
FROM `pharmacy_medicines`
ORDER BY `pharmacy_medicines`.`brand_id`, `pharmacy_medicines`.`generic_name`', 0)
 2 SYSTEMPATH\Database\BaseConnection.php(738): CodeIgniter\Database\MySQLi\Connection->execute('SELECT `pharmacy_medicines`.`id`, `pharmacy_medicines`.`generic_name`, `pharmacy_medicines`.`brand_id`
FROM `pharmacy_medicines`
ORDER BY `pharmacy_medicines`.`brand_id`, `pharmacy_medicines`.`generic_name`')
 3 SYSTEMPATH\Database\BaseConnection.php(652): CodeIgniter\Database\BaseConnection->simpleQuery('SELECT `pharmacy_medicines`.`id`, `pharmacy_medicines`.`generic_name`, `pharmacy_medicines`.`brand_id`
FROM `pharmacy_medicines`
ORDER BY `pharmacy_medicines`.`brand_id`, `pharmacy_medicines`.`generic_name`')
 4 SYSTEMPATH\Database\BaseBuilder.php(1649): CodeIgniter\Database\BaseConnection->query('SELECT `pharmacy_medicines`.`id`, `pharmacy_medicines`.`generic_name`, `pharmacy_medicines`.`brand_id`
FROM `pharmacy_medicines`
ORDER BY `pharmacy_medicines`.`brand_id`, `pharmacy_medicines`.`generic_name`', [], false)
 5 SYSTEMPATH\Model.php(286): CodeIgniter\Database\BaseBuilder->get()
 6 SYSTEMPATH\BaseModel.php(679): CodeIgniter\Model->doFindAll(0, 0)
 7 APPPATH\Controllers\Pharmacy\Purchases.php(98): CodeIgniter\BaseModel->findAll()
 8 SYSTEMPATH\CodeIgniter.php(933): App\Controllers\Pharmacy\Purchases->create()
 9 SYSTEMPATH\CodeIgniter.php(507): CodeIgniter\CodeIgniter->runController(Object(App\Controllers\Pharmacy\Purchases))
10 SYSTEMPATH\CodeIgniter.php(354): CodeIgniter\CodeIgniter->handleRequest(null, Object(Config\Cache), false)
11 SYSTEMPATH\Boot.php(334): CodeIgniter\CodeIgniter->run()
12 SYSTEMPATH\Boot.php(67): CodeIgniter\Boot::runCodeIgniter(Object(CodeIgniter\CodeIgniter))
13 FCPATH\index.php(46): CodeIgniter\Boot::bootWeb(Object(Config\Paths))
DEBUG - 2025-09-10 07:30:18 --> Session: Class initialized using 'CodeIgniter\Session\Handlers\FileHandler' driver.
ERROR - 2025-09-10 07:30:18 --> mysqli_sql_exception: Unknown column 'pharmacy_medicines.generic_name' in 'field list' in C:\xampp\htdocs\hms_ram\system\Database\MySQLi\Connection.php:327
Stack trace:
#0 C:\xampp\htdocs\hms_ram\system\Database\MySQLi\Connection.php(327): mysqli->query('SELECT `pharmac...', 0)
#1 C:\xampp\htdocs\hms_ram\system\Database\BaseConnection.php(738): CodeIgniter\Database\MySQLi\Connection->execute('SELECT `pharmac...')
#2 C:\xampp\htdocs\hms_ram\system\Database\BaseConnection.php(652): CodeIgniter\Database\BaseConnection->simpleQuery('SELECT `pharmac...')
#3 C:\xampp\htdocs\hms_ram\system\Database\BaseBuilder.php(1649): CodeIgniter\Database\BaseConnection->query('SELECT `pharmac...', Array, false)
#4 C:\xampp\htdocs\hms_ram\system\Model.php(286): CodeIgniter\Database\BaseBuilder->get()
#5 C:\xampp\htdocs\hms_ram\system\BaseModel.php(679): CodeIgniter\Model->doFindAll(0, 0)
#6 C:\xampp\htdocs\hms_ram\app\Controllers\Pharmacy\Purchases.php(98): CodeIgniter\BaseModel->findAll()
#7 C:\xampp\htdocs\hms_ram\system\CodeIgniter.php(933): App\Controllers\Pharmacy\Purchases->create()
#8 C:\xampp\htdocs\hms_ram\system\CodeIgniter.php(507): CodeIgniter\CodeIgniter->runController(Object(App\Controllers\Pharmacy\Purchases))
#9 C:\xampp\htdocs\hms_ram\system\CodeIgniter.php(354): CodeIgniter\CodeIgniter->handleRequest(NULL, Object(Config\Cache), false)
#10 C:\xampp\htdocs\hms_ram\system\Boot.php(334): CodeIgniter\CodeIgniter->run()
#11 C:\xampp\htdocs\hms_ram\system\Boot.php(67): CodeIgniter\Boot::runCodeIgniter(Object(CodeIgniter\CodeIgniter))
#12 C:\xampp\htdocs\hms_ram\index.php(46): CodeIgniter\Boot::bootWeb(Object(Config\Paths))
#13 {main}
CRITICAL - 2025-09-10 07:30:18 --> CodeIgniter\Database\Exceptions\DatabaseException: Unknown column 'pharmacy_medicines.generic_name' in 'field list'
[Method: GET, Route: pharmacy/purchases/create]
in SYSTEMPATH\Database\BaseConnection.php on line 692.
 1 SYSTEMPATH\Database\BaseBuilder.php(1649): CodeIgniter\Database\BaseConnection->query('SELECT `pharmacy_medicines`.`id`, `pharmacy_medicines`.`generic_name`, `pharmacy_medicines`.`brand_id`
FROM `pharmacy_medicines`
ORDER BY `pharmacy_medicines`.`brand_id`, `pharmacy_medicines`.`generic_name`', [], false)
 2 SYSTEMPATH\Model.php(286): CodeIgniter\Database\BaseBuilder->get()
 3 SYSTEMPATH\BaseModel.php(679): CodeIgniter\Model->doFindAll(0, 0)
 4 APPPATH\Controllers\Pharmacy\Purchases.php(98): CodeIgniter\BaseModel->findAll()
 5 SYSTEMPATH\CodeIgniter.php(933): App\Controllers\Pharmacy\Purchases->create()
 6 SYSTEMPATH\CodeIgniter.php(507): CodeIgniter\CodeIgniter->runController(Object(App\Controllers\Pharmacy\Purchases))
 7 SYSTEMPATH\CodeIgniter.php(354): CodeIgniter\CodeIgniter->handleRequest(null, Object(Config\Cache), false)
 8 SYSTEMPATH\Boot.php(334): CodeIgniter\CodeIgniter->run()
 9 SYSTEMPATH\Boot.php(67): CodeIgniter\Boot::runCodeIgniter(Object(CodeIgniter\CodeIgniter))
10 FCPATH\index.php(46): CodeIgniter\Boot::bootWeb(Object(Config\Paths))
CRITICAL - 2025-09-10 07:30:18 --> [Caused by] CodeIgniter\Database\Exceptions\DatabaseException: Unknown column 'pharmacy_medicines.generic_name' in 'field list'
in SYSTEMPATH\Database\MySQLi\Connection.php on line 332.
 1 SYSTEMPATH\Database\BaseConnection.php(738): CodeIgniter\Database\MySQLi\Connection->execute('SELECT `pharmacy_medicines`.`id`, `pharmacy_medicines`.`generic_name`, `pharmacy_medicines`.`brand_id`
FROM `pharmacy_medicines`
ORDER BY `pharmacy_medicines`.`brand_id`, `pharmacy_medicines`.`generic_name`')
 2 SYSTEMPATH\Database\BaseConnection.php(652): CodeIgniter\Database\BaseConnection->simpleQuery('SELECT `pharmacy_medicines`.`id`, `pharmacy_medicines`.`generic_name`, `pharmacy_medicines`.`brand_id`
FROM `pharmacy_medicines`
ORDER BY `pharmacy_medicines`.`brand_id`, `pharmacy_medicines`.`generic_name`')
 3 SYSTEMPATH\Database\BaseBuilder.php(1649): CodeIgniter\Database\BaseConnection->query('SELECT `pharmacy_medicines`.`id`, `pharmacy_medicines`.`generic_name`, `pharmacy_medicines`.`brand_id`
FROM `pharmacy_medicines`
ORDER BY `pharmacy_medicines`.`brand_id`, `pharmacy_medicines`.`generic_name`', [], false)
 4 SYSTEMPATH\Model.php(286): CodeIgniter\Database\BaseBuilder->get()
 5 SYSTEMPATH\BaseModel.php(679): CodeIgniter\Model->doFindAll(0, 0)
 6 APPPATH\Controllers\Pharmacy\Purchases.php(98): CodeIgniter\BaseModel->findAll()
 7 SYSTEMPATH\CodeIgniter.php(933): App\Controllers\Pharmacy\Purchases->create()
 8 SYSTEMPATH\CodeIgniter.php(507): CodeIgniter\CodeIgniter->runController(Object(App\Controllers\Pharmacy\Purchases))
 9 SYSTEMPATH\CodeIgniter.php(354): CodeIgniter\CodeIgniter->handleRequest(null, Object(Config\Cache), false)
10 SYSTEMPATH\Boot.php(334): CodeIgniter\CodeIgniter->run()
11 SYSTEMPATH\Boot.php(67): CodeIgniter\Boot::runCodeIgniter(Object(CodeIgniter\CodeIgniter))
12 FCPATH\index.php(46): CodeIgniter\Boot::bootWeb(Object(Config\Paths))
CRITICAL - 2025-09-10 07:30:18 --> [Caused by] mysqli_sql_exception: Unknown column 'pharmacy_medicines.generic_name' in 'field list'
in SYSTEMPATH\Database\MySQLi\Connection.php on line 327.
 1 SYSTEMPATH\Database\MySQLi\Connection.php(327): mysqli->query('SELECT `pharmacy_medicines`.`id`, `pharmacy_medicines`.`generic_name`, `pharmacy_medicines`.`brand_id`
FROM `pharmacy_medicines`
ORDER BY `pharmacy_medicines`.`brand_id`, `pharmacy_medicines`.`generic_name`', 0)
 2 SYSTEMPATH\Database\BaseConnection.php(738): CodeIgniter\Database\MySQLi\Connection->execute('SELECT `pharmacy_medicines`.`id`, `pharmacy_medicines`.`generic_name`, `pharmacy_medicines`.`brand_id`
FROM `pharmacy_medicines`
ORDER BY `pharmacy_medicines`.`brand_id`, `pharmacy_medicines`.`generic_name`')
 3 SYSTEMPATH\Database\BaseConnection.php(652): CodeIgniter\Database\BaseConnection->simpleQuery('SELECT `pharmacy_medicines`.`id`, `pharmacy_medicines`.`generic_name`, `pharmacy_medicines`.`brand_id`
FROM `pharmacy_medicines`
ORDER BY `pharmacy_medicines`.`brand_id`, `pharmacy_medicines`.`generic_name`')
 4 SYSTEMPATH\Database\BaseBuilder.php(1649): CodeIgniter\Database\BaseConnection->query('SELECT `pharmacy_medicines`.`id`, `pharmacy_medicines`.`generic_name`, `pharmacy_medicines`.`brand_id`
FROM `pharmacy_medicines`
ORDER BY `pharmacy_medicines`.`brand_id`, `pharmacy_medicines`.`generic_name`', [], false)
 5 SYSTEMPATH\Model.php(286): CodeIgniter\Database\BaseBuilder->get()
 6 SYSTEMPATH\BaseModel.php(679): CodeIgniter\Model->doFindAll(0, 0)
 7 APPPATH\Controllers\Pharmacy\Purchases.php(98): CodeIgniter\BaseModel->findAll()
 8 SYSTEMPATH\CodeIgniter.php(933): App\Controllers\Pharmacy\Purchases->create()
 9 SYSTEMPATH\CodeIgniter.php(507): CodeIgniter\CodeIgniter->runController(Object(App\Controllers\Pharmacy\Purchases))
10 SYSTEMPATH\CodeIgniter.php(354): CodeIgniter\CodeIgniter->handleRequest(null, Object(Config\Cache), false)
11 SYSTEMPATH\Boot.php(334): CodeIgniter\CodeIgniter->run()
12 SYSTEMPATH\Boot.php(67): CodeIgniter\Boot::runCodeIgniter(Object(CodeIgniter\CodeIgniter))
13 FCPATH\index.php(46): CodeIgniter\Boot::bootWeb(Object(Config\Paths))
DEBUG - 2025-09-10 07:33:35 --> Session: Class initialized using 'CodeIgniter\Session\Handlers\FileHandler' driver.
DEBUG - 2025-09-10 07:33:38 --> Session: Class initialized using 'CodeIgniter\Session\Handlers\FileHandler' driver.
DEBUG - 2025-09-10 07:33:40 --> Session: Class initialized using 'CodeIgniter\Session\Handlers\FileHandler' driver.
DEBUG - 2025-09-10 07:43:26 --> Session: Class initialized using 'CodeIgniter\Session\Handlers\FileHandler' driver.
DEBUG - 2025-09-10 07:43:27 --> Session: Class initialized using 'CodeIgniter\Session\Handlers\FileHandler' driver.
DEBUG - 2025-09-10 07:43:32 --> Session: Class initialized using 'CodeIgniter\Session\Handlers\FileHandler' driver.
DEBUG - 2025-09-10 07:45:12 --> Session: Class initialized using 'CodeIgniter\Session\Handlers\FileHandler' driver.
DEBUG - 2025-09-10 07:45:15 --> Session: Class initialized using 'CodeIgniter\Session\Handlers\FileHandler' driver.
DEBUG - 2025-09-10 07:47:46 --> Session: Class initialized using 'CodeIgniter\Session\Handlers\FileHandler' driver.
DEBUG - 2025-09-10 07:56:43 --> Session: Class initialized using 'CodeIgniter\Session\Handlers\FileHandler' driver.
DEBUG - 2025-09-10 07:57:05 --> Session: Class initialized using 'CodeIgniter\Session\Handlers\FileHandler' driver.
DEBUG - 2025-09-10 07:57:15 --> Session: Class initialized using 'CodeIgniter\Session\Handlers\FileHandler' driver.
DEBUG - 2025-09-10 07:57:21 --> Session: Class initialized using 'CodeIgniter\Session\Handlers\FileHandler' driver.
DEBUG - 2025-09-10 07:58:38 --> Session: Class initialized using 'CodeIgniter\Session\Handlers\FileHandler' driver.
DEBUG - 2025-09-10 07:58:39 --> Session: Class initialized using 'CodeIgniter\Session\Handlers\FileHandler' driver.
DEBUG - 2025-09-10 07:59:07 --> Session: Class initialized using 'CodeIgniter\Session\Handlers\FileHandler' driver.
DEBUG - 2025-09-10 09:45:19 --> Session: Class initialized using 'CodeIgniter\Session\Handlers\FileHandler' driver.
DEBUG - 2025-09-10 09:45:34 --> Session: Class initialized using 'CodeIgniter\Session\Handlers\FileHandler' driver.
DEBUG - 2025-09-10 09:51:57 --> Session: Class initialized using 'CodeIgniter\Session\Handlers\FileHandler' driver.
DEBUG - 2025-09-10 09:51:58 --> Session: Class initialized using 'CodeIgniter\Session\Handlers\FileHandler' driver.
DEBUG - 2025-09-10 09:51:59 --> Session: Class initialized using 'CodeIgniter\Session\Handlers\FileHandler' driver.
DEBUG - 2025-09-10 09:52:13 --> Session: Class initialized using 'CodeIgniter\Session\Handlers\FileHandler' driver.
DEBUG - 2025-09-10 09:52:55 --> Session: Class initialized using 'CodeIgniter\Session\Handlers\FileHandler' driver.
DEBUG - 2025-09-10 09:53:16 --> Session: Class initialized using 'CodeIgniter\Session\Handlers\FileHandler' driver.
DEBUG - 2025-09-10 09:53:19 --> Session: Class initialized using 'CodeIgniter\Session\Handlers\FileHandler' driver.
DEBUG - 2025-09-10 09:55:12 --> Session: Class initialized using 'CodeIgniter\Session\Handlers\FileHandler' driver.
DEBUG - 2025-09-10 09:55:13 --> Session: Class initialized using 'CodeIgniter\Session\Handlers\FileHandler' driver.
DEBUG - 2025-09-10 09:55:13 --> Session: Class initialized using 'CodeIgniter\Session\Handlers\FileHandler' driver.
DEBUG - 2025-09-10 09:55:13 --> Session: Class initialized using 'CodeIgniter\Session\Handlers\FileHandler' driver.
DEBUG - 2025-09-10 09:55:13 --> Session: Class initialized using 'CodeIgniter\Session\Handlers\FileHandler' driver.
DEBUG - 2025-09-10 09:55:16 --> Session: Class initialized using 'CodeIgniter\Session\Handlers\FileHandler' driver.
DEBUG - 2025-09-10 09:55:17 --> Session: Class initialized using 'CodeIgniter\Session\Handlers\FileHandler' driver.
DEBUG - 2025-09-10 09:55:17 --> Session: Class initialized using 'CodeIgniter\Session\Handlers\FileHandler' driver.
DEBUG - 2025-09-10 09:55:17 --> Session: Class initialized using 'CodeIgniter\Session\Handlers\FileHandler' driver.
DEBUG - 2025-09-10 09:55:17 --> Session: Class initialized using 'CodeIgniter\Session\Handlers\FileHandler' driver.
DEBUG - 2025-09-10 09:55:28 --> Session: Class initialized using 'CodeIgniter\Session\Handlers\FileHandler' driver.
DEBUG - 2025-09-10 09:55:28 --> Session: Class initialized using 'CodeIgniter\Session\Handlers\FileHandler' driver.
DEBUG - 2025-09-10 09:55:28 --> Session: Class initialized using 'CodeIgniter\Session\Handlers\FileHandler' driver.
DEBUG - 2025-09-10 09:55:28 --> Session: Class initialized using 'CodeIgniter\Session\Handlers\FileHandler' driver.
DEBUG - 2025-09-10 09:55:28 --> Session: Class initialized using 'CodeIgniter\Session\Handlers\FileHandler' driver.
DEBUG - 2025-09-10 09:55:47 --> Session: Class initialized using 'CodeIgniter\Session\Handlers\FileHandler' driver.
DEBUG - 2025-09-10 09:56:16 --> Session: Class initialized using 'CodeIgniter\Session\Handlers\FileHandler' driver.
DEBUG - 2025-09-10 09:56:16 --> Session: Class initialized using 'CodeIgniter\Session\Handlers\FileHandler' driver.
DEBUG - 2025-09-10 09:56:16 --> Session: Class initialized using 'CodeIgniter\Session\Handlers\FileHandler' driver.
DEBUG - 2025-09-10 09:56:16 --> Session: Class initialized using 'CodeIgniter\Session\Handlers\FileHandler' driver.
DEBUG - 2025-09-10 09:56:16 --> Session: Class initialized using 'CodeIgniter\Session\Handlers\FileHandler' driver.
DEBUG - 2025-09-10 09:56:23 --> Session: Class initialized using 'CodeIgniter\Session\Handlers\FileHandler' driver.
DEBUG - 2025-09-10 09:56:43 --> Session: Class initialized using 'CodeIgniter\Session\Handlers\FileHandler' driver.
DEBUG - 2025-09-10 09:56:43 --> Session: Class initialized using 'CodeIgniter\Session\Handlers\FileHandler' driver.
DEBUG - 2025-09-10 09:56:44 --> Session: Class initialized using 'CodeIgniter\Session\Handlers\FileHandler' driver.
DEBUG - 2025-09-10 09:56:44 --> Session: Class initialized using 'CodeIgniter\Session\Handlers\FileHandler' driver.
DEBUG - 2025-09-10 09:56:44 --> Session: Class initialized using 'CodeIgniter\Session\Handlers\FileHandler' driver.
CRITICAL - 2025-09-10 09:56:44 --> ErrorException: unlink(C:\xampp\htdocs\hms_ram\writable\debugbar/debugbar_1757498147.360792.json): No such file or directory
[Method: GET, Route: /]
in SYSTEMPATH\Debug\Toolbar\Collectors\History.php on line 82.
 1 [internal function]: CodeIgniter\Debug\Exceptions->errorHandler(2, 'unlink(C:\\xampp\\htdocs\\hms_ram\\writable\\debugbar/debugbar_1757498147.360792.json): No such file or directory', 'C:\\xampp\\htdocs\\hms_ram\\system\\Debug\\Toolbar\\Collectors\\History.php', 82)
 2 SYSTEMPATH\Debug\Toolbar\Collectors\History.php(82): unlink('C:\\xampp\\htdocs\\hms_ram\\writable\\debugbar/debugbar_1757498147.360792.json')
 3 SYSTEMPATH\Debug\Toolbar.php(517): CodeIgniter\Debug\Toolbar\Collectors\History->setFiles('1757498204.302086', 20)
 4 SYSTEMPATH\Debug\Toolbar.php(496): CodeIgniter\Debug\Toolbar->format([...], 'html')
 5 APPPATH\Config\Events.php(47): CodeIgniter\Debug\Toolbar->respond()
 6 SYSTEMPATH\Events\Events.php(155): CodeIgniter\Events\Events::Config\{closure}()
 7 SYSTEMPATH\CodeIgniter.php(339): CodeIgniter\Events\Events::trigger('pre_system')
 8 SYSTEMPATH\Boot.php(334): CodeIgniter\CodeIgniter->run()
 9 SYSTEMPATH\Boot.php(67): CodeIgniter\Boot::runCodeIgniter(Object(CodeIgniter\CodeIgniter))
10 FCPATH\index.php(46): CodeIgniter\Boot::bootWeb(Object(Config\Paths))
DEBUG - 2025-09-10 09:56:55 --> Session: Class initialized using 'CodeIgniter\Session\Handlers\FileHandler' driver.
DEBUG - 2025-09-10 09:56:55 --> Session: Class initialized using 'CodeIgniter\Session\Handlers\FileHandler' driver.
DEBUG - 2025-09-10 09:56:55 --> Session: Class initialized using 'CodeIgniter\Session\Handlers\FileHandler' driver.
DEBUG - 2025-09-10 09:56:55 --> Session: Class initialized using 'CodeIgniter\Session\Handlers\FileHandler' driver.
CRITICAL - 2025-09-10 09:56:56 --> ErrorException: unlink(C:\xampp\htdocs\hms_ram\writable\debugbar/debugbar_1757498176.949237.json): No such file or directory
[Method: GET, Route: /]
in SYSTEMPATH\Debug\Toolbar\Collectors\History.php on line 82.
 1 [internal function]: CodeIgniter\Debug\Exceptions->errorHandler(2, 'unlink(C:\\xampp\\htdocs\\hms_ram\\writable\\debugbar/debugbar_1757498176.949237.json): No such file or directory', 'C:\\xampp\\htdocs\\hms_ram\\system\\Debug\\Toolbar\\Collectors\\History.php', 82)
 2 SYSTEMPATH\Debug\Toolbar\Collectors\History.php(82): unlink('C:\\xampp\\htdocs\\hms_ram\\writable\\debugbar/debugbar_1757498176.949237.json')
 3 SYSTEMPATH\Debug\Toolbar.php(517): CodeIgniter\Debug\Toolbar\Collectors\History->setFiles('1757498215.691444', 20)
 4 SYSTEMPATH\Debug\Toolbar.php(496): CodeIgniter\Debug\Toolbar->format([...], 'html')
 5 APPPATH\Config\Events.php(47): CodeIgniter\Debug\Toolbar->respond()
 6 SYSTEMPATH\Events\Events.php(155): CodeIgniter\Events\Events::Config\{closure}()
 7 SYSTEMPATH\CodeIgniter.php(339): CodeIgniter\Events\Events::trigger('pre_system')
 8 SYSTEMPATH\Boot.php(334): CodeIgniter\CodeIgniter->run()
 9 SYSTEMPATH\Boot.php(67): CodeIgniter\Boot::runCodeIgniter(Object(CodeIgniter\CodeIgniter))
10 FCPATH\index.php(46): CodeIgniter\Boot::bootWeb(Object(Config\Paths))
DEBUG - 2025-09-10 09:57:07 --> Session: Class initialized using 'CodeIgniter\Session\Handlers\FileHandler' driver.
DEBUG - 2025-09-10 09:57:48 --> Session: Class initialized using 'CodeIgniter\Session\Handlers\FileHandler' driver.
DEBUG - 2025-09-10 09:57:49 --> Session: Class initialized using 'CodeIgniter\Session\Handlers\FileHandler' driver.
DEBUG - 2025-09-10 09:58:17 --> Session: Class initialized using 'CodeIgniter\Session\Handlers\FileHandler' driver.
DEBUG - 2025-09-10 09:58:18 --> Session: Class initialized using 'CodeIgniter\Session\Handlers\FileHandler' driver.
DEBUG - 2025-09-10 09:58:27 --> Session: Class initialized using 'CodeIgniter\Session\Handlers\FileHandler' driver.
DEBUG - 2025-09-10 09:58:51 --> Session: Class initialized using 'CodeIgniter\Session\Handlers\FileHandler' driver.
DEBUG - 2025-09-10 09:58:51 --> Session: Class initialized using 'CodeIgniter\Session\Handlers\FileHandler' driver.
DEBUG - 2025-09-10 09:59:02 --> Session: Class initialized using 'CodeIgniter\Session\Handlers\FileHandler' driver.
DEBUG - 2025-09-10 09:59:13 --> Session: Class initialized using 'CodeIgniter\Session\Handlers\FileHandler' driver.
DEBUG - 2025-09-10 09:59:15 --> Session: Class initialized using 'CodeIgniter\Session\Handlers\FileHandler' driver.
CRITICAL - 2025-09-10 09:59:15 --> ErrorException: Undefined array key "brand_name"
[Method: GET, Route: pharmacy/medicines/edit-batch/20]
in APPPATH\Views\pharmacy\medicines\edit_batch.php on line 14.
 1 APPPATH\Views\pharmacy\medicines\edit_batch.php(14): CodeIgniter\Debug\Exceptions->errorHandler(2, 'Undefined array key "brand_name"', 'C:\\xampp\\htdocs\\hms_ram\\app\\Views\\pharmacy\\medicines\\edit_batch.php', 14)
 2 SYSTEMPATH\View\View.php(224): include('C:\\xampp\\htdocs\\hms_ram\\app\\Views\\pharmacy\\medicines\\edit_batch.php')
 3 SYSTEMPATH\View\View.php(227): CodeIgniter\View\View->CodeIgniter\View\{closure}()
 4 SYSTEMPATH\Common.php(1173): CodeIgniter\View\View->render('pharmacy/medicines/edit_batch', [], true)
 5 APPPATH\Controllers\Pharmacy\Medicines.php(442): view('pharmacy/medicines/edit_batch', [...])
 6 SYSTEMPATH\CodeIgniter.php(933): App\Controllers\Pharmacy\Medicines->editBatch('20')
 7 SYSTEMPATH\CodeIgniter.php(507): CodeIgniter\CodeIgniter->runController(Object(App\Controllers\Pharmacy\Medicines))
 8 SYSTEMPATH\CodeIgniter.php(354): CodeIgniter\CodeIgniter->handleRequest(null, Object(Config\Cache), false)
 9 SYSTEMPATH\Boot.php(334): CodeIgniter\CodeIgniter->run()
10 SYSTEMPATH\Boot.php(67): CodeIgniter\Boot::runCodeIgniter(Object(CodeIgniter\CodeIgniter))
11 FCPATH\index.php(46): CodeIgniter\Boot::bootWeb(Object(Config\Paths))
DEBUG - 2025-09-10 10:02:24 --> Session: Class initialized using 'CodeIgniter\Session\Handlers\FileHandler' driver.
DEBUG - 2025-09-10 10:02:24 --> Session: Class initialized using 'CodeIgniter\Session\Handlers\FileHandler' driver.
DEBUG - 2025-09-10 10:02:24 --> Session: Class initialized using 'CodeIgniter\Session\Handlers\FileHandler' driver.
DEBUG - 2025-09-10 10:02:24 --> Session: Class initialized using 'CodeIgniter\Session\Handlers\FileHandler' driver.
CRITICAL - 2025-09-10 10:02:25 --> ErrorException: unlink(C:\xampp\htdocs\hms_ram\writable\debugbar/debugbar_1757498215.691444.json): No such file or directory
[Method: GET, Route: /]
in SYSTEMPATH\Debug\Toolbar\Collectors\History.php on line 82.
 1 [internal function]: CodeIgniter\Debug\Exceptions->errorHandler(2, 'unlink(C:\\xampp\\htdocs\\hms_ram\\writable\\debugbar/debugbar_1757498215.691444.json): No such file or directory', 'C:\\xampp\\htdocs\\hms_ram\\system\\Debug\\Toolbar\\Collectors\\History.php', 82)
 2 SYSTEMPATH\Debug\Toolbar\Collectors\History.php(82): unlink('C:\\xampp\\htdocs\\hms_ram\\writable\\debugbar/debugbar_1757498215.691444.json')
 3 SYSTEMPATH\Debug\Toolbar.php(517): CodeIgniter\Debug\Toolbar\Collectors\History->setFiles('1757498544.198194', 20)
 4 SYSTEMPATH\Debug\Toolbar.php(496): CodeIgniter\Debug\Toolbar->format([...], 'html')
 5 APPPATH\Config\Events.php(47): CodeIgniter\Debug\Toolbar->respond()
 6 SYSTEMPATH\Events\Events.php(155): CodeIgniter\Events\Events::Config\{closure}()
 7 SYSTEMPATH\CodeIgniter.php(339): CodeIgniter\Events\Events::trigger('pre_system')
 8 SYSTEMPATH\Boot.php(334): CodeIgniter\CodeIgniter->run()
 9 SYSTEMPATH\Boot.php(67): CodeIgniter\Boot::runCodeIgniter(Object(CodeIgniter\CodeIgniter))
10 FCPATH\index.php(46): CodeIgniter\Boot::bootWeb(Object(Config\Paths))
DEBUG - 2025-09-10 10:02:27 --> Session: Class initialized using 'CodeIgniter\Session\Handlers\FileHandler' driver.
DEBUG - 2025-09-10 10:02:50 --> Session: Class initialized using 'CodeIgniter\Session\Handlers\FileHandler' driver.
DEBUG - 2025-09-10 10:02:50 --> Session: Class initialized using 'CodeIgniter\Session\Handlers\FileHandler' driver.
DEBUG - 2025-09-10 10:03:04 --> Session: Class initialized using 'CodeIgniter\Session\Handlers\FileHandler' driver.
DEBUG - 2025-09-10 10:03:04 --> Session: Class initialized using 'CodeIgniter\Session\Handlers\FileHandler' driver.
DEBUG - 2025-09-10 10:03:20 --> Session: Class initialized using 'CodeIgniter\Session\Handlers\FileHandler' driver.
DEBUG - 2025-09-10 10:03:25 --> Session: Class initialized using 'CodeIgniter\Session\Handlers\FileHandler' driver.
DEBUG - 2025-09-10 10:03:27 --> Session: Class initialized using 'CodeIgniter\Session\Handlers\FileHandler' driver.
DEBUG - 2025-09-10 10:03:35 --> Session: Class initialized using 'CodeIgniter\Session\Handlers\FileHandler' driver.
DEBUG - 2025-09-10 10:03:36 --> Session: Class initialized using 'CodeIgniter\Session\Handlers\FileHandler' driver.
DEBUG - 2025-09-10 10:03:36 --> Session: Class initialized using 'CodeIgniter\Session\Handlers\FileHandler' driver.
DEBUG - 2025-09-10 10:03:37 --> Session: Class initialized using 'CodeIgniter\Session\Handlers\FileHandler' driver.
DEBUG - 2025-09-10 10:03:38 --> Session: Class initialized using 'CodeIgniter\Session\Handlers\FileHandler' driver.
DEBUG - 2025-09-10 10:03:52 --> Session: Class initialized using 'CodeIgniter\Session\Handlers\FileHandler' driver.
DEBUG - 2025-09-10 10:03:53 --> Session: Class initialized using 'CodeIgniter\Session\Handlers\FileHandler' driver.
DEBUG - 2025-09-10 10:04:34 --> Session: Class initialized using 'CodeIgniter\Session\Handlers\FileHandler' driver.
DEBUG - 2025-09-10 10:04:50 --> Session: Class initialized using 'CodeIgniter\Session\Handlers\FileHandler' driver.
DEBUG - 2025-09-10 10:04:53 --> Session: Class initialized using 'CodeIgniter\Session\Handlers\FileHandler' driver.
DEBUG - 2025-09-10 10:05:16 --> Session: Class initialized using 'CodeIgniter\Session\Handlers\FileHandler' driver.
DEBUG - 2025-09-10 10:05:16 --> Session: Class initialized using 'CodeIgniter\Session\Handlers\FileHandler' driver.
DEBUG - 2025-09-10 10:06:08 --> Session: Class initialized using 'CodeIgniter\Session\Handlers\FileHandler' driver.
DEBUG - 2025-09-10 10:06:12 --> Session: Class initialized using 'CodeIgniter\Session\Handlers\FileHandler' driver.
DEBUG - 2025-09-10 10:07:03 --> Session: Class initialized using 'CodeIgniter\Session\Handlers\FileHandler' driver.
DEBUG - 2025-09-10 10:07:03 --> Session: Class initialized using 'CodeIgniter\Session\Handlers\FileHandler' driver.
DEBUG - 2025-09-10 10:07:07 --> Session: Class initialized using 'CodeIgniter\Session\Handlers\FileHandler' driver.
DEBUG - 2025-09-10 10:07:39 --> Session: Class initialized using 'CodeIgniter\Session\Handlers\FileHandler' driver.
DEBUG - 2025-09-10 10:07:39 --> Session: Class initialized using 'CodeIgniter\Session\Handlers\FileHandler' driver.
DEBUG - 2025-09-10 10:07:54 --> Session: Class initialized using 'CodeIgniter\Session\Handlers\FileHandler' driver.
DEBUG - 2025-09-10 10:13:46 --> Session: Class initialized using 'CodeIgniter\Session\Handlers\FileHandler' driver.
DEBUG - 2025-09-10 10:14:06 --> Session: Class initialized using 'CodeIgniter\Session\Handlers\FileHandler' driver.
DEBUG - 2025-09-10 10:14:06 --> Session: Class initialized using 'CodeIgniter\Session\Handlers\FileHandler' driver.
DEBUG - 2025-09-10 10:14:09 --> Session: Class initialized using 'CodeIgniter\Session\Handlers\FileHandler' driver.
DEBUG - 2025-09-10 10:14:10 --> Session: Class initialized using 'CodeIgniter\Session\Handlers\FileHandler' driver.
DEBUG - 2025-09-10 10:14:33 --> Session: Class initialized using 'CodeIgniter\Session\Handlers\FileHandler' driver.
DEBUG - 2025-09-10 10:14:33 --> Session: Class initialized using 'CodeIgniter\Session\Handlers\FileHandler' driver.
DEBUG - 2025-09-10 10:15:35 --> Session: Class initialized using 'CodeIgniter\Session\Handlers\FileHandler' driver.
DEBUG - 2025-09-10 10:15:42 --> Session: Class initialized using 'CodeIgniter\Session\Handlers\FileHandler' driver.
DEBUG - 2025-09-10 10:15:42 --> Session: Class initialized using 'CodeIgniter\Session\Handlers\FileHandler' driver.
DEBUG - 2025-09-10 10:15:46 --> Session: Class initialized using 'CodeIgniter\Session\Handlers\FileHandler' driver.
DEBUG - 2025-09-10 10:16:05 --> Session: Class initialized using 'CodeIgniter\Session\Handlers\FileHandler' driver.
DEBUG - 2025-09-10 10:16:09 --> Session: Class initialized using 'CodeIgniter\Session\Handlers\FileHandler' driver.
DEBUG - 2025-09-10 10:16:10 --> Session: Class initialized using 'CodeIgniter\Session\Handlers\FileHandler' driver.
DEBUG - 2025-09-10 10:16:14 --> Session: Class initialized using 'CodeIgniter\Session\Handlers\FileHandler' driver.
DEBUG - 2025-09-10 10:16:31 --> Session: Class initialized using 'CodeIgniter\Session\Handlers\FileHandler' driver.
DEBUG - 2025-09-10 10:17:09 --> Session: Class initialized using 'CodeIgniter\Session\Handlers\FileHandler' driver.
DEBUG - 2025-09-10 10:17:42 --> Session: Class initialized using 'CodeIgniter\Session\Handlers\FileHandler' driver.
DEBUG - 2025-09-10 10:18:14 --> Session: Class initialized using 'CodeIgniter\Session\Handlers\FileHandler' driver.
DEBUG - 2025-09-10 10:18:44 --> Session: Class initialized using 'CodeIgniter\Session\Handlers\FileHandler' driver.
DEBUG - 2025-09-10 10:18:50 --> Session: Class initialized using 'CodeIgniter\Session\Handlers\FileHandler' driver.
DEBUG - 2025-09-10 10:30:47 --> Session: Class initialized using 'CodeIgniter\Session\Handlers\FileHandler' driver.
DEBUG - 2025-09-10 10:30:47 --> Session: Class initialized using 'CodeIgniter\Session\Handlers\FileHandler' driver.
DEBUG - 2025-09-10 10:30:47 --> Session: Class initialized using 'CodeIgniter\Session\Handlers\FileHandler' driver.
DEBUG - 2025-09-10 10:30:47 --> Session: Class initialized using 'CodeIgniter\Session\Handlers\FileHandler' driver.
DEBUG - 2025-09-10 10:30:47 --> Session: Class initialized using 'CodeIgniter\Session\Handlers\FileHandler' driver.
CRITICAL - 2025-09-10 10:30:49 --> ErrorException: unlink(C:\xampp\htdocs\hms_ram\writable\debugbar/debugbar_1757499346.138592.json): No such file or directory
[Method: GET, Route: /]
in SYSTEMPATH\Debug\Toolbar\Collectors\History.php on line 82.
 1 [internal function]: CodeIgniter\Debug\Exceptions->errorHandler(2, 'unlink(C:\\xampp\\htdocs\\hms_ram\\writable\\debugbar/debugbar_1757499346.138592.json): No such file or directory', 'C:\\xampp\\htdocs\\hms_ram\\system\\Debug\\Toolbar\\Collectors\\History.php', 82)
 2 SYSTEMPATH\Debug\Toolbar\Collectors\History.php(82): unlink('C:\\xampp\\htdocs\\hms_ram\\writable\\debugbar/debugbar_1757499346.138592.json')
 3 SYSTEMPATH\Debug\Toolbar.php(517): CodeIgniter\Debug\Toolbar\Collectors\History->setFiles('1757500247.514332', 20)
 4 SYSTEMPATH\Debug\Toolbar.php(496): CodeIgniter\Debug\Toolbar->format([...], 'html')
 5 APPPATH\Config\Events.php(47): CodeIgniter\Debug\Toolbar->respond()
 6 SYSTEMPATH\Events\Events.php(155): CodeIgniter\Events\Events::Config\{closure}()
 7 SYSTEMPATH\CodeIgniter.php(339): CodeIgniter\Events\Events::trigger('pre_system')
 8 SYSTEMPATH\Boot.php(334): CodeIgniter\CodeIgniter->run()
 9 SYSTEMPATH\Boot.php(67): CodeIgniter\Boot::runCodeIgniter(Object(CodeIgniter\CodeIgniter))
10 FCPATH\index.php(46): CodeIgniter\Boot::bootWeb(Object(Config\Paths))
DEBUG - 2025-09-10 10:32:50 --> Session: Class initialized using 'CodeIgniter\Session\Handlers\FileHandler' driver.
DEBUG - 2025-09-10 10:32:50 --> Session: Class initialized using 'CodeIgniter\Session\Handlers\FileHandler' driver.
DEBUG - 2025-09-10 10:32:50 --> Session: Class initialized using 'CodeIgniter\Session\Handlers\FileHandler' driver.
DEBUG - 2025-09-10 10:32:50 --> Session: Class initialized using 'CodeIgniter\Session\Handlers\FileHandler' driver.
CRITICAL - 2025-09-10 10:32:51 --> ErrorException: unlink(C:\xampp\htdocs\hms_ram\writable\debugbar/debugbar_1757499462.076641.json): No such file or directory
[Method: GET, Route: /]
in SYSTEMPATH\Debug\Toolbar\Collectors\History.php on line 82.
 1 [internal function]: CodeIgniter\Debug\Exceptions->errorHandler(2, 'unlink(C:\\xampp\\htdocs\\hms_ram\\writable\\debugbar/debugbar_1757499462.076641.json): No such file or directory', 'C:\\xampp\\htdocs\\hms_ram\\system\\Debug\\Toolbar\\Collectors\\History.php', 82)
 2 SYSTEMPATH\Debug\Toolbar\Collectors\History.php(82): unlink('C:\\xampp\\htdocs\\hms_ram\\writable\\debugbar/debugbar_1757499462.076641.json')
 3 SYSTEMPATH\Debug\Toolbar.php(517): CodeIgniter\Debug\Toolbar\Collectors\History->setFiles('1757500370.287247', 20)
 4 SYSTEMPATH\Debug\Toolbar.php(496): CodeIgniter\Debug\Toolbar->format([...], 'html')
 5 APPPATH\Config\Events.php(47): CodeIgniter\Debug\Toolbar->respond()
 6 SYSTEMPATH\Events\Events.php(155): CodeIgniter\Events\Events::Config\{closure}()
 7 SYSTEMPATH\CodeIgniter.php(339): CodeIgniter\Events\Events::trigger('pre_system')
 8 SYSTEMPATH\Boot.php(334): CodeIgniter\CodeIgniter->run()
 9 SYSTEMPATH\Boot.php(67): CodeIgniter\Boot::runCodeIgniter(Object(CodeIgniter\CodeIgniter))
10 FCPATH\index.php(46): CodeIgniter\Boot::bootWeb(Object(Config\Paths))
DEBUG - 2025-09-10 10:32:54 --> Session: Class initialized using 'CodeIgniter\Session\Handlers\FileHandler' driver.
DEBUG - 2025-09-10 10:32:54 --> Session: Class initialized using 'CodeIgniter\Session\Handlers\FileHandler' driver.
DEBUG - 2025-09-10 10:32:54 --> Session: Class initialized using 'CodeIgniter\Session\Handlers\FileHandler' driver.
DEBUG - 2025-09-10 10:33:06 --> Session: Class initialized using 'CodeIgniter\Session\Handlers\FileHandler' driver.
DEBUG - 2025-09-10 10:33:06 --> Session: Class initialized using 'CodeIgniter\Session\Handlers\FileHandler' driver.
DEBUG - 2025-09-10 10:33:06 --> Session: Class initialized using 'CodeIgniter\Session\Handlers\FileHandler' driver.
DEBUG - 2025-09-10 10:33:09 --> Session: Class initialized using 'CodeIgniter\Session\Handlers\FileHandler' driver.
DEBUG - 2025-09-10 10:41:16 --> Session: Class initialized using 'CodeIgniter\Session\Handlers\FileHandler' driver.
DEBUG - 2025-09-10 10:41:16 --> Session: Class initialized using 'CodeIgniter\Session\Handlers\FileHandler' driver.
DEBUG - 2025-09-10 10:41:16 --> Session: Class initialized using 'CodeIgniter\Session\Handlers\FileHandler' driver.
DEBUG - 2025-09-10 10:43:26 --> Session: Class initialized using 'CodeIgniter\Session\Handlers\FileHandler' driver.
CRITICAL - 2025-09-10 10:43:26 --> ErrorException: Undefined array key "total_amount"
[Method: GET, Route: pharmacy/purchases]
in APPPATH\Views\pharmacy\purchases\index.php on line 45.
 1 APPPATH\Views\pharmacy\purchases\index.php(45): CodeIgniter\Debug\Exceptions->errorHandler(2, 'Undefined array key "total_amount"', 'C:\\xampp\\htdocs\\hms_ram\\app\\Views\\pharmacy\\purchases\\index.php', 45)
 2 SYSTEMPATH\View\View.php(224): include('C:\\xampp\\htdocs\\hms_ram\\app\\Views\\pharmacy\\purchases\\index.php')
 3 SYSTEMPATH\View\View.php(227): CodeIgniter\View\View->CodeIgniter\View\{closure}()
 4 SYSTEMPATH\Common.php(1173): CodeIgniter\View\View->render('pharmacy/purchases/index', [], true)
 5 APPPATH\Controllers\Pharmacy\Purchases.php(60): view('pharmacy/purchases/index', [...])
 6 SYSTEMPATH\CodeIgniter.php(933): App\Controllers\Pharmacy\Purchases->index()
 7 SYSTEMPATH\CodeIgniter.php(507): CodeIgniter\CodeIgniter->runController(Object(App\Controllers\Pharmacy\Purchases))
 8 SYSTEMPATH\CodeIgniter.php(354): CodeIgniter\CodeIgniter->handleRequest(null, Object(Config\Cache), false)
 9 SYSTEMPATH\Boot.php(334): CodeIgniter\CodeIgniter->run()
10 SYSTEMPATH\Boot.php(67): CodeIgniter\Boot::runCodeIgniter(Object(CodeIgniter\CodeIgniter))
11 FCPATH\index.php(46): CodeIgniter\Boot::bootWeb(Object(Config\Paths))
DEBUG - 2025-09-10 10:43:27 --> Session: Class initialized using 'CodeIgniter\Session\Handlers\FileHandler' driver.
DEBUG - 2025-09-10 10:43:27 --> Session: Class initialized using 'CodeIgniter\Session\Handlers\FileHandler' driver.
DEBUG - 2025-09-10 10:43:29 --> Session: Class initialized using 'CodeIgniter\Session\Handlers\FileHandler' driver.
CRITICAL - 2025-09-10 10:43:29 --> ErrorException: Undefined array key "total_amount"
[Method: GET, Route: pharmacy/purchases]
in APPPATH\Views\pharmacy\purchases\index.php on line 45.
 1 APPPATH\Views\pharmacy\purchases\index.php(45): CodeIgniter\Debug\Exceptions->errorHandler(2, 'Undefined array key "total_amount"', 'C:\\xampp\\htdocs\\hms_ram\\app\\Views\\pharmacy\\purchases\\index.php', 45)
 2 SYSTEMPATH\View\View.php(224): include('C:\\xampp\\htdocs\\hms_ram\\app\\Views\\pharmacy\\purchases\\index.php')
 3 SYSTEMPATH\View\View.php(227): CodeIgniter\View\View->CodeIgniter\View\{closure}()
 4 SYSTEMPATH\Common.php(1173): CodeIgniter\View\View->render('pharmacy/purchases/index', [], true)
 5 APPPATH\Controllers\Pharmacy\Purchases.php(60): view('pharmacy/purchases/index', [...])
 6 SYSTEMPATH\CodeIgniter.php(933): App\Controllers\Pharmacy\Purchases->index()
 7 SYSTEMPATH\CodeIgniter.php(507): CodeIgniter\CodeIgniter->runController(Object(App\Controllers\Pharmacy\Purchases))
 8 SYSTEMPATH\CodeIgniter.php(354): CodeIgniter\CodeIgniter->handleRequest(null, Object(Config\Cache), false)
 9 SYSTEMPATH\Boot.php(334): CodeIgniter\CodeIgniter->run()
10 SYSTEMPATH\Boot.php(67): CodeIgniter\Boot::runCodeIgniter(Object(CodeIgniter\CodeIgniter))
11 FCPATH\index.php(46): CodeIgniter\Boot::bootWeb(Object(Config\Paths))
DEBUG - 2025-09-10 10:44:11 --> Session: Class initialized using 'CodeIgniter\Session\Handlers\FileHandler' driver.
DEBUG - 2025-09-10 10:44:11 --> Session: Class initialized using 'CodeIgniter\Session\Handlers\FileHandler' driver.
DEBUG - 2025-09-10 10:44:13 --> Session: Class initialized using 'CodeIgniter\Session\Handlers\FileHandler' driver.
DEBUG - 2025-09-10 10:55:05 --> Session: Class initialized using 'CodeIgniter\Session\Handlers\FileHandler' driver.
DEBUG - 2025-09-10 10:55:05 --> Session: Class initialized using 'CodeIgniter\Session\Handlers\FileHandler' driver.
DEBUG - 2025-09-10 10:55:06 --> Session: Class initialized using 'CodeIgniter\Session\Handlers\FileHandler' driver.
DEBUG - 2025-09-10 10:55:09 --> Session: Class initialized using 'CodeIgniter\Session\Handlers\FileHandler' driver.
DEBUG - 2025-09-10 10:55:31 --> Session: Class initialized using 'CodeIgniter\Session\Handlers\FileHandler' driver.
DEBUG - 2025-09-10 10:55:56 --> Session: Class initialized using 'CodeIgniter\Session\Handlers\FileHandler' driver.
DEBUG - 2025-09-10 10:55:56 --> Session: Class initialized using 'CodeIgniter\Session\Handlers\FileHandler' driver.
DEBUG - 2025-09-10 10:55:56 --> Session: Class initialized using 'CodeIgniter\Session\Handlers\FileHandler' driver.
DEBUG - 2025-09-10 10:56:05 --> Session: Class initialized using 'CodeIgniter\Session\Handlers\FileHandler' driver.
DEBUG - 2025-09-10 10:56:05 --> Session: Class initialized using 'CodeIgniter\Session\Handlers\FileHandler' driver.
DEBUG - 2025-09-10 10:56:05 --> Session: Class initialized using 'CodeIgniter\Session\Handlers\FileHandler' driver.
DEBUG - 2025-09-10 10:56:15 --> Session: Class initialized using 'CodeIgniter\Session\Handlers\FileHandler' driver.
DEBUG - 2025-09-10 10:56:15 --> Session: Class initialized using 'CodeIgniter\Session\Handlers\FileHandler' driver.
DEBUG - 2025-09-10 10:56:15 --> Session: Class initialized using 'CodeIgniter\Session\Handlers\FileHandler' driver.
DEBUG - 2025-09-10 10:56:18 --> Session: Class initialized using 'CodeIgniter\Session\Handlers\FileHandler' driver.
DEBUG - 2025-09-10 10:56:18 --> Session: Class initialized using 'CodeIgniter\Session\Handlers\FileHandler' driver.
DEBUG - 2025-09-10 10:56:18 --> Session: Class initialized using 'CodeIgniter\Session\Handlers\FileHandler' driver.
DEBUG - 2025-09-10 10:56:40 --> Session: Class initialized using 'CodeIgniter\Session\Handlers\FileHandler' driver.
DEBUG - 2025-09-10 10:56:40 --> Session: Class initialized using 'CodeIgniter\Session\Handlers\FileHandler' driver.
DEBUG - 2025-09-10 10:56:41 --> Session: Class initialized using 'CodeIgniter\Session\Handlers\FileHandler' driver.
DEBUG - 2025-09-10 10:56:48 --> Session: Class initialized using 'CodeIgniter\Session\Handlers\FileHandler' driver.
DEBUG - 2025-09-10 10:56:49 --> Session: Class initialized using 'CodeIgniter\Session\Handlers\FileHandler' driver.
DEBUG - 2025-09-10 10:56:49 --> Session: Class initialized using 'CodeIgniter\Session\Handlers\FileHandler' driver.
DEBUG - 2025-09-10 10:56:51 --> Session: Class initialized using 'CodeIgniter\Session\Handlers\FileHandler' driver.
DEBUG - 2025-09-10 10:56:55 --> Session: Class initialized using 'CodeIgniter\Session\Handlers\FileHandler' driver.
DEBUG - 2025-09-10 10:56:57 --> Session: Class initialized using 'CodeIgniter\Session\Handlers\FileHandler' driver.
DEBUG - 2025-09-10 10:57:20 --> Session: Class initialized using 'CodeIgniter\Session\Handlers\FileHandler' driver.
DEBUG - 2025-09-10 10:57:21 --> Session: Class initialized using 'CodeIgniter\Session\Handlers\FileHandler' driver.
DEBUG - 2025-09-10 10:57:22 --> Session: Class initialized using 'CodeIgniter\Session\Handlers\FileHandler' driver.
DEBUG - 2025-09-10 10:57:23 --> Session: Class initialized using 'CodeIgniter\Session\Handlers\FileHandler' driver.
DEBUG - 2025-09-10 10:57:27 --> Session: Class initialized using 'CodeIgniter\Session\Handlers\FileHandler' driver.
DEBUG - 2025-09-10 10:57:34 --> Session: Class initialized using 'CodeIgniter\Session\Handlers\FileHandler' driver.
DEBUG - 2025-09-10 10:57:41 --> Session: Class initialized using 'CodeIgniter\Session\Handlers\FileHandler' driver.
DEBUG - 2025-09-10 10:58:37 --> Session: Class initialized using 'CodeIgniter\Session\Handlers\FileHandler' driver.
DEBUG - 2025-09-10 10:58:37 --> Session: Class initialized using 'CodeIgniter\Session\Handlers\FileHandler' driver.
DEBUG - 2025-09-10 10:58:40 --> Session: Class initialized using 'CodeIgniter\Session\Handlers\FileHandler' driver.
DEBUG - 2025-09-10 10:58:41 --> Session: Class initialized using 'CodeIgniter\Session\Handlers\FileHandler' driver.
DEBUG - 2025-09-10 10:58:49 --> Session: Class initialized using 'CodeIgniter\Session\Handlers\FileHandler' driver.
DEBUG - 2025-09-10 10:58:50 --> Session: Class initialized using 'CodeIgniter\Session\Handlers\FileHandler' driver.
DEBUG - 2025-09-10 10:58:52 --> Session: Class initialized using 'CodeIgniter\Session\Handlers\FileHandler' driver.
DEBUG - 2025-09-10 10:58:52 --> Session: Class initialized using 'CodeIgniter\Session\Handlers\FileHandler' driver.
DEBUG - 2025-09-10 10:58:53 --> Session: Class initialized using 'CodeIgniter\Session\Handlers\FileHandler' driver.
DEBUG - 2025-09-10 10:58:54 --> Session: Class initialized using 'CodeIgniter\Session\Handlers\FileHandler' driver.
DEBUG - 2025-09-10 11:01:15 --> Session: Class initialized using 'CodeIgniter\Session\Handlers\FileHandler' driver.
DEBUG - 2025-09-10 11:01:15 --> Session: Class initialized using 'CodeIgniter\Session\Handlers\FileHandler' driver.
DEBUG - 2025-09-10 11:01:45 --> Session: Class initialized using 'CodeIgniter\Session\Handlers\FileHandler' driver.
DEBUG - 2025-09-10 11:01:45 --> Session: Class initialized using 'CodeIgniter\Session\Handlers\FileHandler' driver.
DEBUG - 2025-09-10 11:01:46 --> Session: Class initialized using 'CodeIgniter\Session\Handlers\FileHandler' driver.
DEBUG - 2025-09-10 11:01:47 --> Session: Class initialized using 'CodeIgniter\Session\Handlers\FileHandler' driver.
DEBUG - 2025-09-10 11:02:48 --> Session: Class initialized using 'CodeIgniter\Session\Handlers\FileHandler' driver.
DEBUG - 2025-09-10 11:02:48 --> Session: Class initialized using 'CodeIgniter\Session\Handlers\FileHandler' driver.
CRITICAL - 2025-09-10 11:02:49 --> ErrorException: unlink(C:\xampp\htdocs\hms_ram\writable\debugbar/debugbar_1757501932.835628.json): No such file or directory
[Method: GET, Route: /]
in SYSTEMPATH\Debug\Toolbar\Collectors\History.php on line 82.
 1 [internal function]: CodeIgniter\Debug\Exceptions->errorHandler(2, 'unlink(C:\\xampp\\htdocs\\hms_ram\\writable\\debugbar/debugbar_1757501932.835628.json): No such file or directory', 'C:\\xampp\\htdocs\\hms_ram\\system\\Debug\\Toolbar\\Collectors\\History.php', 82)
 2 SYSTEMPATH\Debug\Toolbar\Collectors\History.php(82): unlink('C:\\xampp\\htdocs\\hms_ram\\writable\\debugbar/debugbar_1757501932.835628.json')
 3 SYSTEMPATH\Debug\Toolbar.php(517): CodeIgniter\Debug\Toolbar\Collectors\History->setFiles('1757502168.276831', 20)
 4 SYSTEMPATH\Debug\Toolbar.php(496): CodeIgniter\Debug\Toolbar->format([...], 'html')
 5 APPPATH\Config\Events.php(47): CodeIgniter\Debug\Toolbar->respond()
 6 SYSTEMPATH\Events\Events.php(155): CodeIgniter\Events\Events::Config\{closure}()
 7 SYSTEMPATH\CodeIgniter.php(339): CodeIgniter\Events\Events::trigger('pre_system')
 8 SYSTEMPATH\Boot.php(334): CodeIgniter\CodeIgniter->run()
 9 SYSTEMPATH\Boot.php(67): CodeIgniter\Boot::runCodeIgniter(Object(CodeIgniter\CodeIgniter))
10 FCPATH\index.php(46): CodeIgniter\Boot::bootWeb(Object(Config\Paths))
DEBUG - 2025-09-10 11:02:52 --> Session: Class initialized using 'CodeIgniter\Session\Handlers\FileHandler' driver.
DEBUG - 2025-09-10 11:03:34 --> Session: Class initialized using 'CodeIgniter\Session\Handlers\FileHandler' driver.
DEBUG - 2025-09-10 11:03:36 --> Session: Class initialized using 'CodeIgniter\Session\Handlers\FileHandler' driver.
DEBUG - 2025-09-10 11:03:41 --> Session: Class initialized using 'CodeIgniter\Session\Handlers\FileHandler' driver.
DEBUG - 2025-09-10 11:04:31 --> Session: Class initialized using 'CodeIgniter\Session\Handlers\FileHandler' driver.
DEBUG - 2025-09-10 11:04:35 --> Session: Class initialized using 'CodeIgniter\Session\Handlers\FileHandler' driver.
DEBUG - 2025-09-10 11:11:13 --> Session: Class initialized using 'CodeIgniter\Session\Handlers\FileHandler' driver.
DEBUG - 2025-09-10 11:11:14 --> Session: Class initialized using 'CodeIgniter\Session\Handlers\FileHandler' driver.
ERROR - 2025-09-10 11:11:14 --> mysqli_sql_exception: Unknown column 'df.dosage_form_name' in 'field list' in C:\xampp\htdocs\hms_ram\system\Database\MySQLi\Connection.php:327
Stack trace:
#0 C:\xampp\htdocs\hms_ram\system\Database\MySQLi\Connection.php(327): mysqli->query('SELECT `pharmac...', 0)
#1 C:\xampp\htdocs\hms_ram\system\Database\BaseConnection.php(738): CodeIgniter\Database\MySQLi\Connection->execute('SELECT `pharmac...')
#2 C:\xampp\htdocs\hms_ram\system\Database\BaseConnection.php(652): CodeIgniter\Database\BaseConnection->simpleQuery('SELECT `pharmac...')
#3 C:\xampp\htdocs\hms_ram\system\Database\BaseBuilder.php(1649): CodeIgniter\Database\BaseConnection->query('SELECT `pharmac...', Array, false)
#4 C:\xampp\htdocs\hms_ram\system\Model.php(286): CodeIgniter\Database\BaseBuilder->get()
#5 C:\xampp\htdocs\hms_ram\system\BaseModel.php(679): CodeIgniter\Model->doFindAll(0, 0)
#6 C:\xampp\htdocs\hms_ram\app\Controllers\Pharmacy\Purchases.php(87): CodeIgniter\BaseModel->findAll()
#7 C:\xampp\htdocs\hms_ram\system\CodeIgniter.php(933): App\Controllers\Pharmacy\Purchases->bySupplier('5')
#8 C:\xampp\htdocs\hms_ram\system\CodeIgniter.php(507): CodeIgniter\CodeIgniter->runController(Object(App\Controllers\Pharmacy\Purchases))
#9 C:\xampp\htdocs\hms_ram\system\CodeIgniter.php(354): CodeIgniter\CodeIgniter->handleRequest(NULL, Object(Config\Cache), false)
#10 C:\xampp\htdocs\hms_ram\system\Boot.php(334): CodeIgniter\CodeIgniter->run()
#11 C:\xampp\htdocs\hms_ram\system\Boot.php(67): CodeIgniter\Boot::runCodeIgniter(Object(CodeIgniter\CodeIgniter))
#12 C:\xampp\htdocs\hms_ram\index.php(46): CodeIgniter\Boot::bootWeb(Object(Config\Paths))
#13 {main}
CRITICAL - 2025-09-10 11:11:14 --> CodeIgniter\Database\Exceptions\DatabaseException: Unknown column 'df.dosage_form_name' in 'field list'
[Method: GET, Route: pharmacy/purchases/bySupplier/5]
in SYSTEMPATH\Database\BaseConnection.php on line 692.
 1 SYSTEMPATH\Database\BaseBuilder.php(1649): CodeIgniter\Database\BaseConnection->query('SELECT `pharmacy_batches`.*, `pm`.`generic_id`, `pm`.`brand_id`, `pm`.`strength`, `pm`.`dosage_form_id`, `pm`.`category_id`, `pm`.`manufacturer_id`, `pb`.`brand_name`, `pg`.`generic_name`, `df`.`dosage_form_name`, `cat`.`category_name`, `man`.`manufacturer_name`, (pharmacy_batches.initial_quantity) AS total_purchased_qty, (pharmacy_batches.current_stock) AS remaining_qty
FROM `pharmacy_batches`
JOIN `pharmacy_medicines` `pm` ON `pm`.`id` = `pharmacy_batches`.`medicine_id`
JOIN `pharmacy_brands` `pb` ON `pb`.`id` = `pm`.`brand_id`
JOIN `pharmacy_generics` `pg` ON `pg`.`id` = `pm`.`generic_id`
LEFT JOIN `pharmacy_dosage_forms` `df` ON `df`.`id` = `pm`.`dosage_form_id`
LEFT JOIN `pharmacy_categories` `cat` ON `cat`.`id` = `pm`.`category_id`
LEFT JOIN `pharmacy_manufacturers` `man` ON `man`.`id` = `pm`.`manufacturer_id`
WHERE `pharmacy_batches`.`supplier_id` = :pharmacy_batches.supplier_id:
ORDER BY `pharmacy_batches`.`expiry_date` ASC', [...], false)
 2 SYSTEMPATH\Model.php(286): CodeIgniter\Database\BaseBuilder->get()
 3 SYSTEMPATH\BaseModel.php(679): CodeIgniter\Model->doFindAll(0, 0)
 4 APPPATH\Controllers\Pharmacy\Purchases.php(87): CodeIgniter\BaseModel->findAll()
 5 SYSTEMPATH\CodeIgniter.php(933): App\Controllers\Pharmacy\Purchases->bySupplier('5')
 6 SYSTEMPATH\CodeIgniter.php(507): CodeIgniter\CodeIgniter->runController(Object(App\Controllers\Pharmacy\Purchases))
 7 SYSTEMPATH\CodeIgniter.php(354): CodeIgniter\CodeIgniter->handleRequest(null, Object(Config\Cache), false)
 8 SYSTEMPATH\Boot.php(334): CodeIgniter\CodeIgniter->run()
 9 SYSTEMPATH\Boot.php(67): CodeIgniter\Boot::runCodeIgniter(Object(CodeIgniter\CodeIgniter))
10 FCPATH\index.php(46): CodeIgniter\Boot::bootWeb(Object(Config\Paths))
CRITICAL - 2025-09-10 11:11:14 --> [Caused by] CodeIgniter\Database\Exceptions\DatabaseException: Unknown column 'df.dosage_form_name' in 'field list'
in SYSTEMPATH\Database\MySQLi\Connection.php on line 332.
 1 SYSTEMPATH\Database\BaseConnection.php(738): CodeIgniter\Database\MySQLi\Connection->execute('SELECT `pharmacy_batches`.*, `pm`.`generic_id`, `pm`.`brand_id`, `pm`.`strength`, `pm`.`dosage_form_id`, `pm`.`category_id`, `pm`.`manufacturer_id`, `pb`.`brand_name`, `pg`.`generic_name`, `df`.`dosage_form_name`, `cat`.`category_name`, `man`.`manufacturer_name`, (pharmacy_batches.initial_quantity) AS total_purchased_qty, (pharmacy_batches.current_stock) AS remaining_qty
FROM `pharmacy_batches`
JOIN `pharmacy_medicines` `pm` ON `pm`.`id` = `pharmacy_batches`.`medicine_id`
JOIN `pharmacy_brands` `pb` ON `pb`.`id` = `pm`.`brand_id`
JOIN `pharmacy_generics` `pg` ON `pg`.`id` = `pm`.`generic_id`
LEFT JOIN `pharmacy_dosage_forms` `df` ON `df`.`id` = `pm`.`dosage_form_id`
LEFT JOIN `pharmacy_categories` `cat` ON `cat`.`id` = `pm`.`category_id`
LEFT JOIN `pharmacy_manufacturers` `man` ON `man`.`id` = `pm`.`manufacturer_id`
WHERE `pharmacy_batches`.`supplier_id` = \'5\'
ORDER BY `pharmacy_batches`.`expiry_date` ASC')
 2 SYSTEMPATH\Database\BaseConnection.php(652): CodeIgniter\Database\BaseConnection->simpleQuery('SELECT `pharmacy_batches`.*, `pm`.`generic_id`, `pm`.`brand_id`, `pm`.`strength`, `pm`.`dosage_form_id`, `pm`.`category_id`, `pm`.`manufacturer_id`, `pb`.`brand_name`, `pg`.`generic_name`, `df`.`dosage_form_name`, `cat`.`category_name`, `man`.`manufacturer_name`, (pharmacy_batches.initial_quantity) AS total_purchased_qty, (pharmacy_batches.current_stock) AS remaining_qty
FROM `pharmacy_batches`
JOIN `pharmacy_medicines` `pm` ON `pm`.`id` = `pharmacy_batches`.`medicine_id`
JOIN `pharmacy_brands` `pb` ON `pb`.`id` = `pm`.`brand_id`
JOIN `pharmacy_generics` `pg` ON `pg`.`id` = `pm`.`generic_id`
LEFT JOIN `pharmacy_dosage_forms` `df` ON `df`.`id` = `pm`.`dosage_form_id`
LEFT JOIN `pharmacy_categories` `cat` ON `cat`.`id` = `pm`.`category_id`
LEFT JOIN `pharmacy_manufacturers` `man` ON `man`.`id` = `pm`.`manufacturer_id`
WHERE `pharmacy_batches`.`supplier_id` = \'5\'
ORDER BY `pharmacy_batches`.`expiry_date` ASC')
 3 SYSTEMPATH\Database\BaseBuilder.php(1649): CodeIgniter\Database\BaseConnection->query('SELECT `pharmacy_batches`.*, `pm`.`generic_id`, `pm`.`brand_id`, `pm`.`strength`, `pm`.`dosage_form_id`, `pm`.`category_id`, `pm`.`manufacturer_id`, `pb`.`brand_name`, `pg`.`generic_name`, `df`.`dosage_form_name`, `cat`.`category_name`, `man`.`manufacturer_name`, (pharmacy_batches.initial_quantity) AS total_purchased_qty, (pharmacy_batches.current_stock) AS remaining_qty
FROM `pharmacy_batches`
JOIN `pharmacy_medicines` `pm` ON `pm`.`id` = `pharmacy_batches`.`medicine_id`
JOIN `pharmacy_brands` `pb` ON `pb`.`id` = `pm`.`brand_id`
JOIN `pharmacy_generics` `pg` ON `pg`.`id` = `pm`.`generic_id`
LEFT JOIN `pharmacy_dosage_forms` `df` ON `df`.`id` = `pm`.`dosage_form_id`
LEFT JOIN `pharmacy_categories` `cat` ON `cat`.`id` = `pm`.`category_id`
LEFT JOIN `pharmacy_manufacturers` `man` ON `man`.`id` = `pm`.`manufacturer_id`
WHERE `pharmacy_batches`.`supplier_id` = :pharmacy_batches.supplier_id:
ORDER BY `pharmacy_batches`.`expiry_date` ASC', [...], false)
 4 SYSTEMPATH\Model.php(286): CodeIgniter\Database\BaseBuilder->get()
 5 SYSTEMPATH\BaseModel.php(679): CodeIgniter\Model->doFindAll(0, 0)
 6 APPPATH\Controllers\Pharmacy\Purchases.php(87): CodeIgniter\BaseModel->findAll()
 7 SYSTEMPATH\CodeIgniter.php(933): App\Controllers\Pharmacy\Purchases->bySupplier('5')
 8 SYSTEMPATH\CodeIgniter.php(507): CodeIgniter\CodeIgniter->runController(Object(App\Controllers\Pharmacy\Purchases))
 9 SYSTEMPATH\CodeIgniter.php(354): CodeIgniter\CodeIgniter->handleRequest(null, Object(Config\Cache), false)
10 SYSTEMPATH\Boot.php(334): CodeIgniter\CodeIgniter->run()
11 SYSTEMPATH\Boot.php(67): CodeIgniter\Boot::runCodeIgniter(Object(CodeIgniter\CodeIgniter))
12 FCPATH\index.php(46): CodeIgniter\Boot::bootWeb(Object(Config\Paths))
CRITICAL - 2025-09-10 11:11:14 --> [Caused by] mysqli_sql_exception: Unknown column 'df.dosage_form_name' in 'field list'
in SYSTEMPATH\Database\MySQLi\Connection.php on line 327.
 1 SYSTEMPATH\Database\MySQLi\Connection.php(327): mysqli->query('SELECT `pharmacy_batches`.*, `pm`.`generic_id`, `pm`.`brand_id`, `pm`.`strength`, `pm`.`dosage_form_id`, `pm`.`category_id`, `pm`.`manufacturer_id`, `pb`.`brand_name`, `pg`.`generic_name`, `df`.`dosage_form_name`, `cat`.`category_name`, `man`.`manufacturer_name`, (pharmacy_batches.initial_quantity) AS total_purchased_qty, (pharmacy_batches.current_stock) AS remaining_qty
FROM `pharmacy_batches`
JOIN `pharmacy_medicines` `pm` ON `pm`.`id` = `pharmacy_batches`.`medicine_id`
JOIN `pharmacy_brands` `pb` ON `pb`.`id` = `pm`.`brand_id`
JOIN `pharmacy_generics` `pg` ON `pg`.`id` = `pm`.`generic_id`
LEFT JOIN `pharmacy_dosage_forms` `df` ON `df`.`id` = `pm`.`dosage_form_id`
LEFT JOIN `pharmacy_categories` `cat` ON `cat`.`id` = `pm`.`category_id`
LEFT JOIN `pharmacy_manufacturers` `man` ON `man`.`id` = `pm`.`manufacturer_id`
WHERE `pharmacy_batches`.`supplier_id` = \'5\'
ORDER BY `pharmacy_batches`.`expiry_date` ASC', 0)
 2 SYSTEMPATH\Database\BaseConnection.php(738): CodeIgniter\Database\MySQLi\Connection->execute('SELECT `pharmacy_batches`.*, `pm`.`generic_id`, `pm`.`brand_id`, `pm`.`strength`, `pm`.`dosage_form_id`, `pm`.`category_id`, `pm`.`manufacturer_id`, `pb`.`brand_name`, `pg`.`generic_name`, `df`.`dosage_form_name`, `cat`.`category_name`, `man`.`manufacturer_name`, (pharmacy_batches.initial_quantity) AS total_purchased_qty, (pharmacy_batches.current_stock) AS remaining_qty
FROM `pharmacy_batches`
JOIN `pharmacy_medicines` `pm` ON `pm`.`id` = `pharmacy_batches`.`medicine_id`
JOIN `pharmacy_brands` `pb` ON `pb`.`id` = `pm`.`brand_id`
JOIN `pharmacy_generics` `pg` ON `pg`.`id` = `pm`.`generic_id`
LEFT JOIN `pharmacy_dosage_forms` `df` ON `df`.`id` = `pm`.`dosage_form_id`
LEFT JOIN `pharmacy_categories` `cat` ON `cat`.`id` = `pm`.`category_id`
LEFT JOIN `pharmacy_manufacturers` `man` ON `man`.`id` = `pm`.`manufacturer_id`
WHERE `pharmacy_batches`.`supplier_id` = \'5\'
ORDER BY `pharmacy_batches`.`expiry_date` ASC')
 3 SYSTEMPATH\Database\BaseConnection.php(652): CodeIgniter\Database\BaseConnection->simpleQuery('SELECT `pharmacy_batches`.*, `pm`.`generic_id`, `pm`.`brand_id`, `pm`.`strength`, `pm`.`dosage_form_id`, `pm`.`category_id`, `pm`.`manufacturer_id`, `pb`.`brand_name`, `pg`.`generic_name`, `df`.`dosage_form_name`, `cat`.`category_name`, `man`.`manufacturer_name`, (pharmacy_batches.initial_quantity) AS total_purchased_qty, (pharmacy_batches.current_stock) AS remaining_qty
FROM `pharmacy_batches`
JOIN `pharmacy_medicines` `pm` ON `pm`.`id` = `pharmacy_batches`.`medicine_id`
JOIN `pharmacy_brands` `pb` ON `pb`.`id` = `pm`.`brand_id`
JOIN `pharmacy_generics` `pg` ON `pg`.`id` = `pm`.`generic_id`
LEFT JOIN `pharmacy_dosage_forms` `df` ON `df`.`id` = `pm`.`dosage_form_id`
LEFT JOIN `pharmacy_categories` `cat` ON `cat`.`id` = `pm`.`category_id`
LEFT JOIN `pharmacy_manufacturers` `man` ON `man`.`id` = `pm`.`manufacturer_id`
WHERE `pharmacy_batches`.`supplier_id` = \'5\'
ORDER BY `pharmacy_batches`.`expiry_date` ASC')
 4 SYSTEMPATH\Database\BaseBuilder.php(1649): CodeIgniter\Database\BaseConnection->query('SELECT `pharmacy_batches`.*, `pm`.`generic_id`, `pm`.`brand_id`, `pm`.`strength`, `pm`.`dosage_form_id`, `pm`.`category_id`, `pm`.`manufacturer_id`, `pb`.`brand_name`, `pg`.`generic_name`, `df`.`dosage_form_name`, `cat`.`category_name`, `man`.`manufacturer_name`, (pharmacy_batches.initial_quantity) AS total_purchased_qty, (pharmacy_batches.current_stock) AS remaining_qty
FROM `pharmacy_batches`
JOIN `pharmacy_medicines` `pm` ON `pm`.`id` = `pharmacy_batches`.`medicine_id`
JOIN `pharmacy_brands` `pb` ON `pb`.`id` = `pm`.`brand_id`
JOIN `pharmacy_generics` `pg` ON `pg`.`id` = `pm`.`generic_id`
LEFT JOIN `pharmacy_dosage_forms` `df` ON `df`.`id` = `pm`.`dosage_form_id`
LEFT JOIN `pharmacy_categories` `cat` ON `cat`.`id` = `pm`.`category_id`
LEFT JOIN `pharmacy_manufacturers` `man` ON `man`.`id` = `pm`.`manufacturer_id`
WHERE `pharmacy_batches`.`supplier_id` = :pharmacy_batches.supplier_id:
ORDER BY `pharmacy_batches`.`expiry_date` ASC', [...], false)
 5 SYSTEMPATH\Model.php(286): CodeIgniter\Database\BaseBuilder->get()
 6 SYSTEMPATH\BaseModel.php(679): CodeIgniter\Model->doFindAll(0, 0)
 7 APPPATH\Controllers\Pharmacy\Purchases.php(87): CodeIgniter\BaseModel->findAll()
 8 SYSTEMPATH\CodeIgniter.php(933): App\Controllers\Pharmacy\Purchases->bySupplier('5')
 9 SYSTEMPATH\CodeIgniter.php(507): CodeIgniter\CodeIgniter->runController(Object(App\Controllers\Pharmacy\Purchases))
10 SYSTEMPATH\CodeIgniter.php(354): CodeIgniter\CodeIgniter->handleRequest(null, Object(Config\Cache), false)
11 SYSTEMPATH\Boot.php(334): CodeIgniter\CodeIgniter->run()
12 SYSTEMPATH\Boot.php(67): CodeIgniter\Boot::runCodeIgniter(Object(CodeIgniter\CodeIgniter))
13 FCPATH\index.php(46): CodeIgniter\Boot::bootWeb(Object(Config\Paths))
DEBUG - 2025-09-10 11:11:26 --> Session: Class initialized using 'CodeIgniter\Session\Handlers\FileHandler' driver.
DEBUG - 2025-09-10 11:11:27 --> Session: Class initialized using 'CodeIgniter\Session\Handlers\FileHandler' driver.
ERROR - 2025-09-10 11:11:27 --> mysqli_sql_exception: Unknown column 'df.dosage_form_name' in 'field list' in C:\xampp\htdocs\hms_ram\system\Database\MySQLi\Connection.php:327
Stack trace:
#0 C:\xampp\htdocs\hms_ram\system\Database\MySQLi\Connection.php(327): mysqli->query('SELECT `pharmac...', 0)
#1 C:\xampp\htdocs\hms_ram\system\Database\BaseConnection.php(738): CodeIgniter\Database\MySQLi\Connection->execute('SELECT `pharmac...')
#2 C:\xampp\htdocs\hms_ram\system\Database\BaseConnection.php(652): CodeIgniter\Database\BaseConnection->simpleQuery('SELECT `pharmac...')
#3 C:\xampp\htdocs\hms_ram\system\Database\BaseBuilder.php(1649): CodeIgniter\Database\BaseConnection->query('SELECT `pharmac...', Array, false)
#4 C:\xampp\htdocs\hms_ram\system\Model.php(286): CodeIgniter\Database\BaseBuilder->get()
#5 C:\xampp\htdocs\hms_ram\system\BaseModel.php(679): CodeIgniter\Model->doFindAll(0, 0)
#6 C:\xampp\htdocs\hms_ram\app\Controllers\Pharmacy\Purchases.php(87): CodeIgniter\BaseModel->findAll()
#7 C:\xampp\htdocs\hms_ram\system\CodeIgniter.php(933): App\Controllers\Pharmacy\Purchases->bySupplier('5')
#8 C:\xampp\htdocs\hms_ram\system\CodeIgniter.php(507): CodeIgniter\CodeIgniter->runController(Object(App\Controllers\Pharmacy\Purchases))
#9 C:\xampp\htdocs\hms_ram\system\CodeIgniter.php(354): CodeIgniter\CodeIgniter->handleRequest(NULL, Object(Config\Cache), false)
#10 C:\xampp\htdocs\hms_ram\system\Boot.php(334): CodeIgniter\CodeIgniter->run()
#11 C:\xampp\htdocs\hms_ram\system\Boot.php(67): CodeIgniter\Boot::runCodeIgniter(Object(CodeIgniter\CodeIgniter))
#12 C:\xampp\htdocs\hms_ram\index.php(46): CodeIgniter\Boot::bootWeb(Object(Config\Paths))
#13 {main}
CRITICAL - 2025-09-10 11:11:27 --> CodeIgniter\Database\Exceptions\DatabaseException: Unknown column 'df.dosage_form_name' in 'field list'
[Method: GET, Route: pharmacy/purchases/bySupplier/5]
in SYSTEMPATH\Database\BaseConnection.php on line 692.
 1 SYSTEMPATH\Database\BaseBuilder.php(1649): CodeIgniter\Database\BaseConnection->query('SELECT `pharmacy_batches`.*, `pm`.`generic_id`, `pm`.`brand_id`, `pm`.`strength`, `pm`.`dosage_form_id`, `pm`.`category_id`, `pm`.`manufacturer_id`, `pb`.`brand_name`, `pg`.`generic_name`, `df`.`dosage_form_name`, `cat`.`category_name`, `man`.`manufacturer_name`, (pharmacy_batches.initial_quantity) AS total_purchased_qty, (pharmacy_batches.current_stock) AS remaining_qty
FROM `pharmacy_batches`
JOIN `pharmacy_medicines` `pm` ON `pm`.`id` = `pharmacy_batches`.`medicine_id`
JOIN `pharmacy_brands` `pb` ON `pb`.`id` = `pm`.`brand_id`
JOIN `pharmacy_generics` `pg` ON `pg`.`id` = `pm`.`generic_id`
LEFT JOIN `pharmacy_dosage_forms` `df` ON `df`.`id` = `pm`.`dosage_form_id`
LEFT JOIN `pharmacy_categories` `cat` ON `cat`.`id` = `pm`.`category_id`
LEFT JOIN `pharmacy_manufacturers` `man` ON `man`.`id` = `pm`.`manufacturer_id`
WHERE `pharmacy_batches`.`supplier_id` = :pharmacy_batches.supplier_id:
ORDER BY `pharmacy_batches`.`expiry_date` ASC', [...], false)
 2 SYSTEMPATH\Model.php(286): CodeIgniter\Database\BaseBuilder->get()
 3 SYSTEMPATH\BaseModel.php(679): CodeIgniter\Model->doFindAll(0, 0)
 4 APPPATH\Controllers\Pharmacy\Purchases.php(87): CodeIgniter\BaseModel->findAll()
 5 SYSTEMPATH\CodeIgniter.php(933): App\Controllers\Pharmacy\Purchases->bySupplier('5')
 6 SYSTEMPATH\CodeIgniter.php(507): CodeIgniter\CodeIgniter->runController(Object(App\Controllers\Pharmacy\Purchases))
 7 SYSTEMPATH\CodeIgniter.php(354): CodeIgniter\CodeIgniter->handleRequest(null, Object(Config\Cache), false)
 8 SYSTEMPATH\Boot.php(334): CodeIgniter\CodeIgniter->run()
 9 SYSTEMPATH\Boot.php(67): CodeIgniter\Boot::runCodeIgniter(Object(CodeIgniter\CodeIgniter))
10 FCPATH\index.php(46): CodeIgniter\Boot::bootWeb(Object(Config\Paths))
CRITICAL - 2025-09-10 11:11:27 --> [Caused by] CodeIgniter\Database\Exceptions\DatabaseException: Unknown column 'df.dosage_form_name' in 'field list'
in SYSTEMPATH\Database\MySQLi\Connection.php on line 332.
 1 SYSTEMPATH\Database\BaseConnection.php(738): CodeIgniter\Database\MySQLi\Connection->execute('SELECT `pharmacy_batches`.*, `pm`.`generic_id`, `pm`.`brand_id`, `pm`.`strength`, `pm`.`dosage_form_id`, `pm`.`category_id`, `pm`.`manufacturer_id`, `pb`.`brand_name`, `pg`.`generic_name`, `df`.`dosage_form_name`, `cat`.`category_name`, `man`.`manufacturer_name`, (pharmacy_batches.initial_quantity) AS total_purchased_qty, (pharmacy_batches.current_stock) AS remaining_qty
FROM `pharmacy_batches`
JOIN `pharmacy_medicines` `pm` ON `pm`.`id` = `pharmacy_batches`.`medicine_id`
JOIN `pharmacy_brands` `pb` ON `pb`.`id` = `pm`.`brand_id`
JOIN `pharmacy_generics` `pg` ON `pg`.`id` = `pm`.`generic_id`
LEFT JOIN `pharmacy_dosage_forms` `df` ON `df`.`id` = `pm`.`dosage_form_id`
LEFT JOIN `pharmacy_categories` `cat` ON `cat`.`id` = `pm`.`category_id`
LEFT JOIN `pharmacy_manufacturers` `man` ON `man`.`id` = `pm`.`manufacturer_id`
WHERE `pharmacy_batches`.`supplier_id` = \'5\'
ORDER BY `pharmacy_batches`.`expiry_date` ASC')
 2 SYSTEMPATH\Database\BaseConnection.php(652): CodeIgniter\Database\BaseConnection->simpleQuery('SELECT `pharmacy_batches`.*, `pm`.`generic_id`, `pm`.`brand_id`, `pm`.`strength`, `pm`.`dosage_form_id`, `pm`.`category_id`, `pm`.`manufacturer_id`, `pb`.`brand_name`, `pg`.`generic_name`, `df`.`dosage_form_name`, `cat`.`category_name`, `man`.`manufacturer_name`, (pharmacy_batches.initial_quantity) AS total_purchased_qty, (pharmacy_batches.current_stock) AS remaining_qty
FROM `pharmacy_batches`
JOIN `pharmacy_medicines` `pm` ON `pm`.`id` = `pharmacy_batches`.`medicine_id`
JOIN `pharmacy_brands` `pb` ON `pb`.`id` = `pm`.`brand_id`
JOIN `pharmacy_generics` `pg` ON `pg`.`id` = `pm`.`generic_id`
LEFT JOIN `pharmacy_dosage_forms` `df` ON `df`.`id` = `pm`.`dosage_form_id`
LEFT JOIN `pharmacy_categories` `cat` ON `cat`.`id` = `pm`.`category_id`
LEFT JOIN `pharmacy_manufacturers` `man` ON `man`.`id` = `pm`.`manufacturer_id`
WHERE `pharmacy_batches`.`supplier_id` = \'5\'
ORDER BY `pharmacy_batches`.`expiry_date` ASC')
 3 SYSTEMPATH\Database\BaseBuilder.php(1649): CodeIgniter\Database\BaseConnection->query('SELECT `pharmacy_batches`.*, `pm`.`generic_id`, `pm`.`brand_id`, `pm`.`strength`, `pm`.`dosage_form_id`, `pm`.`category_id`, `pm`.`manufacturer_id`, `pb`.`brand_name`, `pg`.`generic_name`, `df`.`dosage_form_name`, `cat`.`category_name`, `man`.`manufacturer_name`, (pharmacy_batches.initial_quantity) AS total_purchased_qty, (pharmacy_batches.current_stock) AS remaining_qty
FROM `pharmacy_batches`
JOIN `pharmacy_medicines` `pm` ON `pm`.`id` = `pharmacy_batches`.`medicine_id`
JOIN `pharmacy_brands` `pb` ON `pb`.`id` = `pm`.`brand_id`
JOIN `pharmacy_generics` `pg` ON `pg`.`id` = `pm`.`generic_id`
LEFT JOIN `pharmacy_dosage_forms` `df` ON `df`.`id` = `pm`.`dosage_form_id`
LEFT JOIN `pharmacy_categories` `cat` ON `cat`.`id` = `pm`.`category_id`
LEFT JOIN `pharmacy_manufacturers` `man` ON `man`.`id` = `pm`.`manufacturer_id`
WHERE `pharmacy_batches`.`supplier_id` = :pharmacy_batches.supplier_id:
ORDER BY `pharmacy_batches`.`expiry_date` ASC', [...], false)
 4 SYSTEMPATH\Model.php(286): CodeIgniter\Database\BaseBuilder->get()
 5 SYSTEMPATH\BaseModel.php(679): CodeIgniter\Model->doFindAll(0, 0)
 6 APPPATH\Controllers\Pharmacy\Purchases.php(87): CodeIgniter\BaseModel->findAll()
 7 SYSTEMPATH\CodeIgniter.php(933): App\Controllers\Pharmacy\Purchases->bySupplier('5')
 8 SYSTEMPATH\CodeIgniter.php(507): CodeIgniter\CodeIgniter->runController(Object(App\Controllers\Pharmacy\Purchases))
 9 SYSTEMPATH\CodeIgniter.php(354): CodeIgniter\CodeIgniter->handleRequest(null, Object(Config\Cache), false)
10 SYSTEMPATH\Boot.php(334): CodeIgniter\CodeIgniter->run()
11 SYSTEMPATH\Boot.php(67): CodeIgniter\Boot::runCodeIgniter(Object(CodeIgniter\CodeIgniter))
12 FCPATH\index.php(46): CodeIgniter\Boot::bootWeb(Object(Config\Paths))
CRITICAL - 2025-09-10 11:11:27 --> [Caused by] mysqli_sql_exception: Unknown column 'df.dosage_form_name' in 'field list'
in SYSTEMPATH\Database\MySQLi\Connection.php on line 327.
 1 SYSTEMPATH\Database\MySQLi\Connection.php(327): mysqli->query('SELECT `pharmacy_batches`.*, `pm`.`generic_id`, `pm`.`brand_id`, `pm`.`strength`, `pm`.`dosage_form_id`, `pm`.`category_id`, `pm`.`manufacturer_id`, `pb`.`brand_name`, `pg`.`generic_name`, `df`.`dosage_form_name`, `cat`.`category_name`, `man`.`manufacturer_name`, (pharmacy_batches.initial_quantity) AS total_purchased_qty, (pharmacy_batches.current_stock) AS remaining_qty
FROM `pharmacy_batches`
JOIN `pharmacy_medicines` `pm` ON `pm`.`id` = `pharmacy_batches`.`medicine_id`
JOIN `pharmacy_brands` `pb` ON `pb`.`id` = `pm`.`brand_id`
JOIN `pharmacy_generics` `pg` ON `pg`.`id` = `pm`.`generic_id`
LEFT JOIN `pharmacy_dosage_forms` `df` ON `df`.`id` = `pm`.`dosage_form_id`
LEFT JOIN `pharmacy_categories` `cat` ON `cat`.`id` = `pm`.`category_id`
LEFT JOIN `pharmacy_manufacturers` `man` ON `man`.`id` = `pm`.`manufacturer_id`
WHERE `pharmacy_batches`.`supplier_id` = \'5\'
ORDER BY `pharmacy_batches`.`expiry_date` ASC', 0)
 2 SYSTEMPATH\Database\BaseConnection.php(738): CodeIgniter\Database\MySQLi\Connection->execute('SELECT `pharmacy_batches`.*, `pm`.`generic_id`, `pm`.`brand_id`, `pm`.`strength`, `pm`.`dosage_form_id`, `pm`.`category_id`, `pm`.`manufacturer_id`, `pb`.`brand_name`, `pg`.`generic_name`, `df`.`dosage_form_name`, `cat`.`category_name`, `man`.`manufacturer_name`, (pharmacy_batches.initial_quantity) AS total_purchased_qty, (pharmacy_batches.current_stock) AS remaining_qty
FROM `pharmacy_batches`
JOIN `pharmacy_medicines` `pm` ON `pm`.`id` = `pharmacy_batches`.`medicine_id`
JOIN `pharmacy_brands` `pb` ON `pb`.`id` = `pm`.`brand_id`
JOIN `pharmacy_generics` `pg` ON `pg`.`id` = `pm`.`generic_id`
LEFT JOIN `pharmacy_dosage_forms` `df` ON `df`.`id` = `pm`.`dosage_form_id`
LEFT JOIN `pharmacy_categories` `cat` ON `cat`.`id` = `pm`.`category_id`
LEFT JOIN `pharmacy_manufacturers` `man` ON `man`.`id` = `pm`.`manufacturer_id`
WHERE `pharmacy_batches`.`supplier_id` = \'5\'
ORDER BY `pharmacy_batches`.`expiry_date` ASC')
 3 SYSTEMPATH\Database\BaseConnection.php(652): CodeIgniter\Database\BaseConnection->simpleQuery('SELECT `pharmacy_batches`.*, `pm`.`generic_id`, `pm`.`brand_id`, `pm`.`strength`, `pm`.`dosage_form_id`, `pm`.`category_id`, `pm`.`manufacturer_id`, `pb`.`brand_name`, `pg`.`generic_name`, `df`.`dosage_form_name`, `cat`.`category_name`, `man`.`manufacturer_name`, (pharmacy_batches.initial_quantity) AS total_purchased_qty, (pharmacy_batches.current_stock) AS remaining_qty
FROM `pharmacy_batches`
JOIN `pharmacy_medicines` `pm` ON `pm`.`id` = `pharmacy_batches`.`medicine_id`
JOIN `pharmacy_brands` `pb` ON `pb`.`id` = `pm`.`brand_id`
JOIN `pharmacy_generics` `pg` ON `pg`.`id` = `pm`.`generic_id`
LEFT JOIN `pharmacy_dosage_forms` `df` ON `df`.`id` = `pm`.`dosage_form_id`
LEFT JOIN `pharmacy_categories` `cat` ON `cat`.`id` = `pm`.`category_id`
LEFT JOIN `pharmacy_manufacturers` `man` ON `man`.`id` = `pm`.`manufacturer_id`
WHERE `pharmacy_batches`.`supplier_id` = \'5\'
ORDER BY `pharmacy_batches`.`expiry_date` ASC')
 4 SYSTEMPATH\Database\BaseBuilder.php(1649): CodeIgniter\Database\BaseConnection->query('SELECT `pharmacy_batches`.*, `pm`.`generic_id`, `pm`.`brand_id`, `pm`.`strength`, `pm`.`dosage_form_id`, `pm`.`category_id`, `pm`.`manufacturer_id`, `pb`.`brand_name`, `pg`.`generic_name`, `df`.`dosage_form_name`, `cat`.`category_name`, `man`.`manufacturer_name`, (pharmacy_batches.initial_quantity) AS total_purchased_qty, (pharmacy_batches.current_stock) AS remaining_qty
FROM `pharmacy_batches`
JOIN `pharmacy_medicines` `pm` ON `pm`.`id` = `pharmacy_batches`.`medicine_id`
JOIN `pharmacy_brands` `pb` ON `pb`.`id` = `pm`.`brand_id`
JOIN `pharmacy_generics` `pg` ON `pg`.`id` = `pm`.`generic_id`
LEFT JOIN `pharmacy_dosage_forms` `df` ON `df`.`id` = `pm`.`dosage_form_id`
LEFT JOIN `pharmacy_categories` `cat` ON `cat`.`id` = `pm`.`category_id`
LEFT JOIN `pharmacy_manufacturers` `man` ON `man`.`id` = `pm`.`manufacturer_id`
WHERE `pharmacy_batches`.`supplier_id` = :pharmacy_batches.supplier_id:
ORDER BY `pharmacy_batches`.`expiry_date` ASC', [...], false)
 5 SYSTEMPATH\Model.php(286): CodeIgniter\Database\BaseBuilder->get()
 6 SYSTEMPATH\BaseModel.php(679): CodeIgniter\Model->doFindAll(0, 0)
 7 APPPATH\Controllers\Pharmacy\Purchases.php(87): CodeIgniter\BaseModel->findAll()
 8 SYSTEMPATH\CodeIgniter.php(933): App\Controllers\Pharmacy\Purchases->bySupplier('5')
 9 SYSTEMPATH\CodeIgniter.php(507): CodeIgniter\CodeIgniter->runController(Object(App\Controllers\Pharmacy\Purchases))
10 SYSTEMPATH\CodeIgniter.php(354): CodeIgniter\CodeIgniter->handleRequest(null, Object(Config\Cache), false)
11 SYSTEMPATH\Boot.php(334): CodeIgniter\CodeIgniter->run()
12 SYSTEMPATH\Boot.php(67): CodeIgniter\Boot::runCodeIgniter(Object(CodeIgniter\CodeIgniter))
13 FCPATH\index.php(46): CodeIgniter\Boot::bootWeb(Object(Config\Paths))
DEBUG - 2025-09-10 11:11:28 --> Session: Class initialized using 'CodeIgniter\Session\Handlers\FileHandler' driver.
ERROR - 2025-09-10 11:11:28 --> mysqli_sql_exception: Unknown column 'df.dosage_form_name' in 'field list' in C:\xampp\htdocs\hms_ram\system\Database\MySQLi\Connection.php:327
Stack trace:
#0 C:\xampp\htdocs\hms_ram\system\Database\MySQLi\Connection.php(327): mysqli->query('SELECT `pharmac...', 0)
#1 C:\xampp\htdocs\hms_ram\system\Database\BaseConnection.php(738): CodeIgniter\Database\MySQLi\Connection->execute('SELECT `pharmac...')
#2 C:\xampp\htdocs\hms_ram\system\Database\BaseConnection.php(652): CodeIgniter\Database\BaseConnection->simpleQuery('SELECT `pharmac...')
#3 C:\xampp\htdocs\hms_ram\system\Database\BaseBuilder.php(1649): CodeIgniter\Database\BaseConnection->query('SELECT `pharmac...', Array, false)
#4 C:\xampp\htdocs\hms_ram\system\Model.php(286): CodeIgniter\Database\BaseBuilder->get()
#5 C:\xampp\htdocs\hms_ram\system\BaseModel.php(679): CodeIgniter\Model->doFindAll(0, 0)
#6 C:\xampp\htdocs\hms_ram\app\Controllers\Pharmacy\Purchases.php(87): CodeIgniter\BaseModel->findAll()
#7 C:\xampp\htdocs\hms_ram\system\CodeIgniter.php(933): App\Controllers\Pharmacy\Purchases->bySupplier('5')
#8 C:\xampp\htdocs\hms_ram\system\CodeIgniter.php(507): CodeIgniter\CodeIgniter->runController(Object(App\Controllers\Pharmacy\Purchases))
#9 C:\xampp\htdocs\hms_ram\system\CodeIgniter.php(354): CodeIgniter\CodeIgniter->handleRequest(NULL, Object(Config\Cache), false)
#10 C:\xampp\htdocs\hms_ram\system\Boot.php(334): CodeIgniter\CodeIgniter->run()
#11 C:\xampp\htdocs\hms_ram\system\Boot.php(67): CodeIgniter\Boot::runCodeIgniter(Object(CodeIgniter\CodeIgniter))
#12 C:\xampp\htdocs\hms_ram\index.php(46): CodeIgniter\Boot::bootWeb(Object(Config\Paths))
#13 {main}
CRITICAL - 2025-09-10 11:11:28 --> CodeIgniter\Database\Exceptions\DatabaseException: Unknown column 'df.dosage_form_name' in 'field list'
[Method: GET, Route: pharmacy/purchases/bySupplier/5]
in SYSTEMPATH\Database\BaseConnection.php on line 692.
 1 SYSTEMPATH\Database\BaseBuilder.php(1649): CodeIgniter\Database\BaseConnection->query('SELECT `pharmacy_batches`.*, `pm`.`generic_id`, `pm`.`brand_id`, `pm`.`strength`, `pm`.`dosage_form_id`, `pm`.`category_id`, `pm`.`manufacturer_id`, `pb`.`brand_name`, `pg`.`generic_name`, `df`.`dosage_form_name`, `cat`.`category_name`, `man`.`manufacturer_name`, (pharmacy_batches.initial_quantity) AS total_purchased_qty, (pharmacy_batches.current_stock) AS remaining_qty
FROM `pharmacy_batches`
JOIN `pharmacy_medicines` `pm` ON `pm`.`id` = `pharmacy_batches`.`medicine_id`
JOIN `pharmacy_brands` `pb` ON `pb`.`id` = `pm`.`brand_id`
JOIN `pharmacy_generics` `pg` ON `pg`.`id` = `pm`.`generic_id`
LEFT JOIN `pharmacy_dosage_forms` `df` ON `df`.`id` = `pm`.`dosage_form_id`
LEFT JOIN `pharmacy_categories` `cat` ON `cat`.`id` = `pm`.`category_id`
LEFT JOIN `pharmacy_manufacturers` `man` ON `man`.`id` = `pm`.`manufacturer_id`
WHERE `pharmacy_batches`.`supplier_id` = :pharmacy_batches.supplier_id:
ORDER BY `pharmacy_batches`.`expiry_date` ASC', [...], false)
 2 SYSTEMPATH\Model.php(286): CodeIgniter\Database\BaseBuilder->get()
 3 SYSTEMPATH\BaseModel.php(679): CodeIgniter\Model->doFindAll(0, 0)
 4 APPPATH\Controllers\Pharmacy\Purchases.php(87): CodeIgniter\BaseModel->findAll()
 5 SYSTEMPATH\CodeIgniter.php(933): App\Controllers\Pharmacy\Purchases->bySupplier('5')
 6 SYSTEMPATH\CodeIgniter.php(507): CodeIgniter\CodeIgniter->runController(Object(App\Controllers\Pharmacy\Purchases))
 7 SYSTEMPATH\CodeIgniter.php(354): CodeIgniter\CodeIgniter->handleRequest(null, Object(Config\Cache), false)
 8 SYSTEMPATH\Boot.php(334): CodeIgniter\CodeIgniter->run()
 9 SYSTEMPATH\Boot.php(67): CodeIgniter\Boot::runCodeIgniter(Object(CodeIgniter\CodeIgniter))
10 FCPATH\index.php(46): CodeIgniter\Boot::bootWeb(Object(Config\Paths))
CRITICAL - 2025-09-10 11:11:28 --> [Caused by] CodeIgniter\Database\Exceptions\DatabaseException: Unknown column 'df.dosage_form_name' in 'field list'
in SYSTEMPATH\Database\MySQLi\Connection.php on line 332.
 1 SYSTEMPATH\Database\BaseConnection.php(738): CodeIgniter\Database\MySQLi\Connection->execute('SELECT `pharmacy_batches`.*, `pm`.`generic_id`, `pm`.`brand_id`, `pm`.`strength`, `pm`.`dosage_form_id`, `pm`.`category_id`, `pm`.`manufacturer_id`, `pb`.`brand_name`, `pg`.`generic_name`, `df`.`dosage_form_name`, `cat`.`category_name`, `man`.`manufacturer_name`, (pharmacy_batches.initial_quantity) AS total_purchased_qty, (pharmacy_batches.current_stock) AS remaining_qty
FROM `pharmacy_batches`
JOIN `pharmacy_medicines` `pm` ON `pm`.`id` = `pharmacy_batches`.`medicine_id`
JOIN `pharmacy_brands` `pb` ON `pb`.`id` = `pm`.`brand_id`
JOIN `pharmacy_generics` `pg` ON `pg`.`id` = `pm`.`generic_id`
LEFT JOIN `pharmacy_dosage_forms` `df` ON `df`.`id` = `pm`.`dosage_form_id`
LEFT JOIN `pharmacy_categories` `cat` ON `cat`.`id` = `pm`.`category_id`
LEFT JOIN `pharmacy_manufacturers` `man` ON `man`.`id` = `pm`.`manufacturer_id`
WHERE `pharmacy_batches`.`supplier_id` = \'5\'
ORDER BY `pharmacy_batches`.`expiry_date` ASC')
 2 SYSTEMPATH\Database\BaseConnection.php(652): CodeIgniter\Database\BaseConnection->simpleQuery('SELECT `pharmacy_batches`.*, `pm`.`generic_id`, `pm`.`brand_id`, `pm`.`strength`, `pm`.`dosage_form_id`, `pm`.`category_id`, `pm`.`manufacturer_id`, `pb`.`brand_name`, `pg`.`generic_name`, `df`.`dosage_form_name`, `cat`.`category_name`, `man`.`manufacturer_name`, (pharmacy_batches.initial_quantity) AS total_purchased_qty, (pharmacy_batches.current_stock) AS remaining_qty
FROM `pharmacy_batches`
JOIN `pharmacy_medicines` `pm` ON `pm`.`id` = `pharmacy_batches`.`medicine_id`
JOIN `pharmacy_brands` `pb` ON `pb`.`id` = `pm`.`brand_id`
JOIN `pharmacy_generics` `pg` ON `pg`.`id` = `pm`.`generic_id`
LEFT JOIN `pharmacy_dosage_forms` `df` ON `df`.`id` = `pm`.`dosage_form_id`
LEFT JOIN `pharmacy_categories` `cat` ON `cat`.`id` = `pm`.`category_id`
LEFT JOIN `pharmacy_manufacturers` `man` ON `man`.`id` = `pm`.`manufacturer_id`
WHERE `pharmacy_batches`.`supplier_id` = \'5\'
ORDER BY `pharmacy_batches`.`expiry_date` ASC')
 3 SYSTEMPATH\Database\BaseBuilder.php(1649): CodeIgniter\Database\BaseConnection->query('SELECT `pharmacy_batches`.*, `pm`.`generic_id`, `pm`.`brand_id`, `pm`.`strength`, `pm`.`dosage_form_id`, `pm`.`category_id`, `pm`.`manufacturer_id`, `pb`.`brand_name`, `pg`.`generic_name`, `df`.`dosage_form_name`, `cat`.`category_name`, `man`.`manufacturer_name`, (pharmacy_batches.initial_quantity) AS total_purchased_qty, (pharmacy_batches.current_stock) AS remaining_qty
FROM `pharmacy_batches`
JOIN `pharmacy_medicines` `pm` ON `pm`.`id` = `pharmacy_batches`.`medicine_id`
JOIN `pharmacy_brands` `pb` ON `pb`.`id` = `pm`.`brand_id`
JOIN `pharmacy_generics` `pg` ON `pg`.`id` = `pm`.`generic_id`
LEFT JOIN `pharmacy_dosage_forms` `df` ON `df`.`id` = `pm`.`dosage_form_id`
LEFT JOIN `pharmacy_categories` `cat` ON `cat`.`id` = `pm`.`category_id`
LEFT JOIN `pharmacy_manufacturers` `man` ON `man`.`id` = `pm`.`manufacturer_id`
WHERE `pharmacy_batches`.`supplier_id` = :pharmacy_batches.supplier_id:
ORDER BY `pharmacy_batches`.`expiry_date` ASC', [...], false)
 4 SYSTEMPATH\Model.php(286): CodeIgniter\Database\BaseBuilder->get()
 5 SYSTEMPATH\BaseModel.php(679): CodeIgniter\Model->doFindAll(0, 0)
 6 APPPATH\Controllers\Pharmacy\Purchases.php(87): CodeIgniter\BaseModel->findAll()
 7 SYSTEMPATH\CodeIgniter.php(933): App\Controllers\Pharmacy\Purchases->bySupplier('5')
 8 SYSTEMPATH\CodeIgniter.php(507): CodeIgniter\CodeIgniter->runController(Object(App\Controllers\Pharmacy\Purchases))
 9 SYSTEMPATH\CodeIgniter.php(354): CodeIgniter\CodeIgniter->handleRequest(null, Object(Config\Cache), false)
10 SYSTEMPATH\Boot.php(334): CodeIgniter\CodeIgniter->run()
11 SYSTEMPATH\Boot.php(67): CodeIgniter\Boot::runCodeIgniter(Object(CodeIgniter\CodeIgniter))
12 FCPATH\index.php(46): CodeIgniter\Boot::bootWeb(Object(Config\Paths))
CRITICAL - 2025-09-10 11:11:28 --> [Caused by] mysqli_sql_exception: Unknown column 'df.dosage_form_name' in 'field list'
in SYSTEMPATH\Database\MySQLi\Connection.php on line 327.
 1 SYSTEMPATH\Database\MySQLi\Connection.php(327): mysqli->query('SELECT `pharmacy_batches`.*, `pm`.`generic_id`, `pm`.`brand_id`, `pm`.`strength`, `pm`.`dosage_form_id`, `pm`.`category_id`, `pm`.`manufacturer_id`, `pb`.`brand_name`, `pg`.`generic_name`, `df`.`dosage_form_name`, `cat`.`category_name`, `man`.`manufacturer_name`, (pharmacy_batches.initial_quantity) AS total_purchased_qty, (pharmacy_batches.current_stock) AS remaining_qty
FROM `pharmacy_batches`
JOIN `pharmacy_medicines` `pm` ON `pm`.`id` = `pharmacy_batches`.`medicine_id`
JOIN `pharmacy_brands` `pb` ON `pb`.`id` = `pm`.`brand_id`
JOIN `pharmacy_generics` `pg` ON `pg`.`id` = `pm`.`generic_id`
LEFT JOIN `pharmacy_dosage_forms` `df` ON `df`.`id` = `pm`.`dosage_form_id`
LEFT JOIN `pharmacy_categories` `cat` ON `cat`.`id` = `pm`.`category_id`
LEFT JOIN `pharmacy_manufacturers` `man` ON `man`.`id` = `pm`.`manufacturer_id`
WHERE `pharmacy_batches`.`supplier_id` = \'5\'
ORDER BY `pharmacy_batches`.`expiry_date` ASC', 0)
 2 SYSTEMPATH\Database\BaseConnection.php(738): CodeIgniter\Database\MySQLi\Connection->execute('SELECT `pharmacy_batches`.*, `pm`.`generic_id`, `pm`.`brand_id`, `pm`.`strength`, `pm`.`dosage_form_id`, `pm`.`category_id`, `pm`.`manufacturer_id`, `pb`.`brand_name`, `pg`.`generic_name`, `df`.`dosage_form_name`, `cat`.`category_name`, `man`.`manufacturer_name`, (pharmacy_batches.initial_quantity) AS total_purchased_qty, (pharmacy_batches.current_stock) AS remaining_qty
FROM `pharmacy_batches`
JOIN `pharmacy_medicines` `pm` ON `pm`.`id` = `pharmacy_batches`.`medicine_id`
JOIN `pharmacy_brands` `pb` ON `pb`.`id` = `pm`.`brand_id`
JOIN `pharmacy_generics` `pg` ON `pg`.`id` = `pm`.`generic_id`
LEFT JOIN `pharmacy_dosage_forms` `df` ON `df`.`id` = `pm`.`dosage_form_id`
LEFT JOIN `pharmacy_categories` `cat` ON `cat`.`id` = `pm`.`category_id`
LEFT JOIN `pharmacy_manufacturers` `man` ON `man`.`id` = `pm`.`manufacturer_id`
WHERE `pharmacy_batches`.`supplier_id` = \'5\'
ORDER BY `pharmacy_batches`.`expiry_date` ASC')
 3 SYSTEMPATH\Database\BaseConnection.php(652): CodeIgniter\Database\BaseConnection->simpleQuery('SELECT `pharmacy_batches`.*, `pm`.`generic_id`, `pm`.`brand_id`, `pm`.`strength`, `pm`.`dosage_form_id`, `pm`.`category_id`, `pm`.`manufacturer_id`, `pb`.`brand_name`, `pg`.`generic_name`, `df`.`dosage_form_name`, `cat`.`category_name`, `man`.`manufacturer_name`, (pharmacy_batches.initial_quantity) AS total_purchased_qty, (pharmacy_batches.current_stock) AS remaining_qty
FROM `pharmacy_batches`
JOIN `pharmacy_medicines` `pm` ON `pm`.`id` = `pharmacy_batches`.`medicine_id`
JOIN `pharmacy_brands` `pb` ON `pb`.`id` = `pm`.`brand_id`
JOIN `pharmacy_generics` `pg` ON `pg`.`id` = `pm`.`generic_id`
LEFT JOIN `pharmacy_dosage_forms` `df` ON `df`.`id` = `pm`.`dosage_form_id`
LEFT JOIN `pharmacy_categories` `cat` ON `cat`.`id` = `pm`.`category_id`
LEFT JOIN `pharmacy_manufacturers` `man` ON `man`.`id` = `pm`.`manufacturer_id`
WHERE `pharmacy_batches`.`supplier_id` = \'5\'
ORDER BY `pharmacy_batches`.`expiry_date` ASC')
 4 SYSTEMPATH\Database\BaseBuilder.php(1649): CodeIgniter\Database\BaseConnection->query('SELECT `pharmacy_batches`.*, `pm`.`generic_id`, `pm`.`brand_id`, `pm`.`strength`, `pm`.`dosage_form_id`, `pm`.`category_id`, `pm`.`manufacturer_id`, `pb`.`brand_name`, `pg`.`generic_name`, `df`.`dosage_form_name`, `cat`.`category_name`, `man`.`manufacturer_name`, (pharmacy_batches.initial_quantity) AS total_purchased_qty, (pharmacy_batches.current_stock) AS remaining_qty
FROM `pharmacy_batches`
JOIN `pharmacy_medicines` `pm` ON `pm`.`id` = `pharmacy_batches`.`medicine_id`
JOIN `pharmacy_brands` `pb` ON `pb`.`id` = `pm`.`brand_id`
JOIN `pharmacy_generics` `pg` ON `pg`.`id` = `pm`.`generic_id`
LEFT JOIN `pharmacy_dosage_forms` `df` ON `df`.`id` = `pm`.`dosage_form_id`
LEFT JOIN `pharmacy_categories` `cat` ON `cat`.`id` = `pm`.`category_id`
LEFT JOIN `pharmacy_manufacturers` `man` ON `man`.`id` = `pm`.`manufacturer_id`
WHERE `pharmacy_batches`.`supplier_id` = :pharmacy_batches.supplier_id:
ORDER BY `pharmacy_batches`.`expiry_date` ASC', [...], false)
 5 SYSTEMPATH\Model.php(286): CodeIgniter\Database\BaseBuilder->get()
 6 SYSTEMPATH\BaseModel.php(679): CodeIgniter\Model->doFindAll(0, 0)
 7 APPPATH\Controllers\Pharmacy\Purchases.php(87): CodeIgniter\BaseModel->findAll()
 8 SYSTEMPATH\CodeIgniter.php(933): App\Controllers\Pharmacy\Purchases->bySupplier('5')
 9 SYSTEMPATH\CodeIgniter.php(507): CodeIgniter\CodeIgniter->runController(Object(App\Controllers\Pharmacy\Purchases))
10 SYSTEMPATH\CodeIgniter.php(354): CodeIgniter\CodeIgniter->handleRequest(null, Object(Config\Cache), false)
11 SYSTEMPATH\Boot.php(334): CodeIgniter\CodeIgniter->run()
12 SYSTEMPATH\Boot.php(67): CodeIgniter\Boot::runCodeIgniter(Object(CodeIgniter\CodeIgniter))
13 FCPATH\index.php(46): CodeIgniter\Boot::bootWeb(Object(Config\Paths))
DEBUG - 2025-09-10 11:11:29 --> Session: Class initialized using 'CodeIgniter\Session\Handlers\FileHandler' driver.
ERROR - 2025-09-10 11:11:29 --> mysqli_sql_exception: Unknown column 'df.dosage_form_name' in 'field list' in C:\xampp\htdocs\hms_ram\system\Database\MySQLi\Connection.php:327
Stack trace:
#0 C:\xampp\htdocs\hms_ram\system\Database\MySQLi\Connection.php(327): mysqli->query('SELECT `pharmac...', 0)
#1 C:\xampp\htdocs\hms_ram\system\Database\BaseConnection.php(738): CodeIgniter\Database\MySQLi\Connection->execute('SELECT `pharmac...')
#2 C:\xampp\htdocs\hms_ram\system\Database\BaseConnection.php(652): CodeIgniter\Database\BaseConnection->simpleQuery('SELECT `pharmac...')
#3 C:\xampp\htdocs\hms_ram\system\Database\BaseBuilder.php(1649): CodeIgniter\Database\BaseConnection->query('SELECT `pharmac...', Array, false)
#4 C:\xampp\htdocs\hms_ram\system\Model.php(286): CodeIgniter\Database\BaseBuilder->get()
#5 C:\xampp\htdocs\hms_ram\system\BaseModel.php(679): CodeIgniter\Model->doFindAll(0, 0)
#6 C:\xampp\htdocs\hms_ram\app\Controllers\Pharmacy\Purchases.php(87): CodeIgniter\BaseModel->findAll()
#7 C:\xampp\htdocs\hms_ram\system\CodeIgniter.php(933): App\Controllers\Pharmacy\Purchases->bySupplier('5')
#8 C:\xampp\htdocs\hms_ram\system\CodeIgniter.php(507): CodeIgniter\CodeIgniter->runController(Object(App\Controllers\Pharmacy\Purchases))
#9 C:\xampp\htdocs\hms_ram\system\CodeIgniter.php(354): CodeIgniter\CodeIgniter->handleRequest(NULL, Object(Config\Cache), false)
#10 C:\xampp\htdocs\hms_ram\system\Boot.php(334): CodeIgniter\CodeIgniter->run()
#11 C:\xampp\htdocs\hms_ram\system\Boot.php(67): CodeIgniter\Boot::runCodeIgniter(Object(CodeIgniter\CodeIgniter))
#12 C:\xampp\htdocs\hms_ram\index.php(46): CodeIgniter\Boot::bootWeb(Object(Config\Paths))
#13 {main}
CRITICAL - 2025-09-10 11:11:29 --> CodeIgniter\Database\Exceptions\DatabaseException: Unknown column 'df.dosage_form_name' in 'field list'
[Method: GET, Route: pharmacy/purchases/bySupplier/5]
in SYSTEMPATH\Database\BaseConnection.php on line 692.
 1 SYSTEMPATH\Database\BaseBuilder.php(1649): CodeIgniter\Database\BaseConnection->query('SELECT `pharmacy_batches`.*, `pm`.`generic_id`, `pm`.`brand_id`, `pm`.`strength`, `pm`.`dosage_form_id`, `pm`.`category_id`, `pm`.`manufacturer_id`, `pb`.`brand_name`, `pg`.`generic_name`, `df`.`dosage_form_name`, `cat`.`category_name`, `man`.`manufacturer_name`, (pharmacy_batches.initial_quantity) AS total_purchased_qty, (pharmacy_batches.current_stock) AS remaining_qty
FROM `pharmacy_batches`
JOIN `pharmacy_medicines` `pm` ON `pm`.`id` = `pharmacy_batches`.`medicine_id`
JOIN `pharmacy_brands` `pb` ON `pb`.`id` = `pm`.`brand_id`
JOIN `pharmacy_generics` `pg` ON `pg`.`id` = `pm`.`generic_id`
LEFT JOIN `pharmacy_dosage_forms` `df` ON `df`.`id` = `pm`.`dosage_form_id`
LEFT JOIN `pharmacy_categories` `cat` ON `cat`.`id` = `pm`.`category_id`
LEFT JOIN `pharmacy_manufacturers` `man` ON `man`.`id` = `pm`.`manufacturer_id`
WHERE `pharmacy_batches`.`supplier_id` = :pharmacy_batches.supplier_id:
ORDER BY `pharmacy_batches`.`expiry_date` ASC', [...], false)
 2 SYSTEMPATH\Model.php(286): CodeIgniter\Database\BaseBuilder->get()
 3 SYSTEMPATH\BaseModel.php(679): CodeIgniter\Model->doFindAll(0, 0)
 4 APPPATH\Controllers\Pharmacy\Purchases.php(87): CodeIgniter\BaseModel->findAll()
 5 SYSTEMPATH\CodeIgniter.php(933): App\Controllers\Pharmacy\Purchases->bySupplier('5')
 6 SYSTEMPATH\CodeIgniter.php(507): CodeIgniter\CodeIgniter->runController(Object(App\Controllers\Pharmacy\Purchases))
 7 SYSTEMPATH\CodeIgniter.php(354): CodeIgniter\CodeIgniter->handleRequest(null, Object(Config\Cache), false)
 8 SYSTEMPATH\Boot.php(334): CodeIgniter\CodeIgniter->run()
 9 SYSTEMPATH\Boot.php(67): CodeIgniter\Boot::runCodeIgniter(Object(CodeIgniter\CodeIgniter))
10 FCPATH\index.php(46): CodeIgniter\Boot::bootWeb(Object(Config\Paths))
CRITICAL - 2025-09-10 11:11:29 --> [Caused by] CodeIgniter\Database\Exceptions\DatabaseException: Unknown column 'df.dosage_form_name' in 'field list'
in SYSTEMPATH\Database\MySQLi\Connection.php on line 332.
 1 SYSTEMPATH\Database\BaseConnection.php(738): CodeIgniter\Database\MySQLi\Connection->execute('SELECT `pharmacy_batches`.*, `pm`.`generic_id`, `pm`.`brand_id`, `pm`.`strength`, `pm`.`dosage_form_id`, `pm`.`category_id`, `pm`.`manufacturer_id`, `pb`.`brand_name`, `pg`.`generic_name`, `df`.`dosage_form_name`, `cat`.`category_name`, `man`.`manufacturer_name`, (pharmacy_batches.initial_quantity) AS total_purchased_qty, (pharmacy_batches.current_stock) AS remaining_qty
FROM `pharmacy_batches`
JOIN `pharmacy_medicines` `pm` ON `pm`.`id` = `pharmacy_batches`.`medicine_id`
JOIN `pharmacy_brands` `pb` ON `pb`.`id` = `pm`.`brand_id`
JOIN `pharmacy_generics` `pg` ON `pg`.`id` = `pm`.`generic_id`
LEFT JOIN `pharmacy_dosage_forms` `df` ON `df`.`id` = `pm`.`dosage_form_id`
LEFT JOIN `pharmacy_categories` `cat` ON `cat`.`id` = `pm`.`category_id`
LEFT JOIN `pharmacy_manufacturers` `man` ON `man`.`id` = `pm`.`manufacturer_id`
WHERE `pharmacy_batches`.`supplier_id` = \'5\'
ORDER BY `pharmacy_batches`.`expiry_date` ASC')
 2 SYSTEMPATH\Database\BaseConnection.php(652): CodeIgniter\Database\BaseConnection->simpleQuery('SELECT `pharmacy_batches`.*, `pm`.`generic_id`, `pm`.`brand_id`, `pm`.`strength`, `pm`.`dosage_form_id`, `pm`.`category_id`, `pm`.`manufacturer_id`, `pb`.`brand_name`, `pg`.`generic_name`, `df`.`dosage_form_name`, `cat`.`category_name`, `man`.`manufacturer_name`, (pharmacy_batches.initial_quantity) AS total_purchased_qty, (pharmacy_batches.current_stock) AS remaining_qty
FROM `pharmacy_batches`
JOIN `pharmacy_medicines` `pm` ON `pm`.`id` = `pharmacy_batches`.`medicine_id`
JOIN `pharmacy_brands` `pb` ON `pb`.`id` = `pm`.`brand_id`
JOIN `pharmacy_generics` `pg` ON `pg`.`id` = `pm`.`generic_id`
LEFT JOIN `pharmacy_dosage_forms` `df` ON `df`.`id` = `pm`.`dosage_form_id`
LEFT JOIN `pharmacy_categories` `cat` ON `cat`.`id` = `pm`.`category_id`
LEFT JOIN `pharmacy_manufacturers` `man` ON `man`.`id` = `pm`.`manufacturer_id`
WHERE `pharmacy_batches`.`supplier_id` = \'5\'
ORDER BY `pharmacy_batches`.`expiry_date` ASC')
 3 SYSTEMPATH\Database\BaseBuilder.php(1649): CodeIgniter\Database\BaseConnection->query('SELECT `pharmacy_batches`.*, `pm`.`generic_id`, `pm`.`brand_id`, `pm`.`strength`, `pm`.`dosage_form_id`, `pm`.`category_id`, `pm`.`manufacturer_id`, `pb`.`brand_name`, `pg`.`generic_name`, `df`.`dosage_form_name`, `cat`.`category_name`, `man`.`manufacturer_name`, (pharmacy_batches.initial_quantity) AS total_purchased_qty, (pharmacy_batches.current_stock) AS remaining_qty
FROM `pharmacy_batches`
JOIN `pharmacy_medicines` `pm` ON `pm`.`id` = `pharmacy_batches`.`medicine_id`
JOIN `pharmacy_brands` `pb` ON `pb`.`id` = `pm`.`brand_id`
JOIN `pharmacy_generics` `pg` ON `pg`.`id` = `pm`.`generic_id`
LEFT JOIN `pharmacy_dosage_forms` `df` ON `df`.`id` = `pm`.`dosage_form_id`
LEFT JOIN `pharmacy_categories` `cat` ON `cat`.`id` = `pm`.`category_id`
LEFT JOIN `pharmacy_manufacturers` `man` ON `man`.`id` = `pm`.`manufacturer_id`
WHERE `pharmacy_batches`.`supplier_id` = :pharmacy_batches.supplier_id:
ORDER BY `pharmacy_batches`.`expiry_date` ASC', [...], false)
 4 SYSTEMPATH\Model.php(286): CodeIgniter\Database\BaseBuilder->get()
 5 SYSTEMPATH\BaseModel.php(679): CodeIgniter\Model->doFindAll(0, 0)
 6 APPPATH\Controllers\Pharmacy\Purchases.php(87): CodeIgniter\BaseModel->findAll()
 7 SYSTEMPATH\CodeIgniter.php(933): App\Controllers\Pharmacy\Purchases->bySupplier('5')
 8 SYSTEMPATH\CodeIgniter.php(507): CodeIgniter\CodeIgniter->runController(Object(App\Controllers\Pharmacy\Purchases))
 9 SYSTEMPATH\CodeIgniter.php(354): CodeIgniter\CodeIgniter->handleRequest(null, Object(Config\Cache), false)
10 SYSTEMPATH\Boot.php(334): CodeIgniter\CodeIgniter->run()
11 SYSTEMPATH\Boot.php(67): CodeIgniter\Boot::runCodeIgniter(Object(CodeIgniter\CodeIgniter))
12 FCPATH\index.php(46): CodeIgniter\Boot::bootWeb(Object(Config\Paths))
CRITICAL - 2025-09-10 11:11:29 --> [Caused by] mysqli_sql_exception: Unknown column 'df.dosage_form_name' in 'field list'
in SYSTEMPATH\Database\MySQLi\Connection.php on line 327.
 1 SYSTEMPATH\Database\MySQLi\Connection.php(327): mysqli->query('SELECT `pharmacy_batches`.*, `pm`.`generic_id`, `pm`.`brand_id`, `pm`.`strength`, `pm`.`dosage_form_id`, `pm`.`category_id`, `pm`.`manufacturer_id`, `pb`.`brand_name`, `pg`.`generic_name`, `df`.`dosage_form_name`, `cat`.`category_name`, `man`.`manufacturer_name`, (pharmacy_batches.initial_quantity) AS total_purchased_qty, (pharmacy_batches.current_stock) AS remaining_qty
FROM `pharmacy_batches`
JOIN `pharmacy_medicines` `pm` ON `pm`.`id` = `pharmacy_batches`.`medicine_id`
JOIN `pharmacy_brands` `pb` ON `pb`.`id` = `pm`.`brand_id`
JOIN `pharmacy_generics` `pg` ON `pg`.`id` = `pm`.`generic_id`
LEFT JOIN `pharmacy_dosage_forms` `df` ON `df`.`id` = `pm`.`dosage_form_id`
LEFT JOIN `pharmacy_categories` `cat` ON `cat`.`id` = `pm`.`category_id`
LEFT JOIN `pharmacy_manufacturers` `man` ON `man`.`id` = `pm`.`manufacturer_id`
WHERE `pharmacy_batches`.`supplier_id` = \'5\'
ORDER BY `pharmacy_batches`.`expiry_date` ASC', 0)
 2 SYSTEMPATH\Database\BaseConnection.php(738): CodeIgniter\Database\MySQLi\Connection->execute('SELECT `pharmacy_batches`.*, `pm`.`generic_id`, `pm`.`brand_id`, `pm`.`strength`, `pm`.`dosage_form_id`, `pm`.`category_id`, `pm`.`manufacturer_id`, `pb`.`brand_name`, `pg`.`generic_name`, `df`.`dosage_form_name`, `cat`.`category_name`, `man`.`manufacturer_name`, (pharmacy_batches.initial_quantity) AS total_purchased_qty, (pharmacy_batches.current_stock) AS remaining_qty
FROM `pharmacy_batches`
JOIN `pharmacy_medicines` `pm` ON `pm`.`id` = `pharmacy_batches`.`medicine_id`
JOIN `pharmacy_brands` `pb` ON `pb`.`id` = `pm`.`brand_id`
JOIN `pharmacy_generics` `pg` ON `pg`.`id` = `pm`.`generic_id`
LEFT JOIN `pharmacy_dosage_forms` `df` ON `df`.`id` = `pm`.`dosage_form_id`
LEFT JOIN `pharmacy_categories` `cat` ON `cat`.`id` = `pm`.`category_id`
LEFT JOIN `pharmacy_manufacturers` `man` ON `man`.`id` = `pm`.`manufacturer_id`
WHERE `pharmacy_batches`.`supplier_id` = \'5\'
ORDER BY `pharmacy_batches`.`expiry_date` ASC')
 3 SYSTEMPATH\Database\BaseConnection.php(652): CodeIgniter\Database\BaseConnection->simpleQuery('SELECT `pharmacy_batches`.*, `pm`.`generic_id`, `pm`.`brand_id`, `pm`.`strength`, `pm`.`dosage_form_id`, `pm`.`category_id`, `pm`.`manufacturer_id`, `pb`.`brand_name`, `pg`.`generic_name`, `df`.`dosage_form_name`, `cat`.`category_name`, `man`.`manufacturer_name`, (pharmacy_batches.initial_quantity) AS total_purchased_qty, (pharmacy_batches.current_stock) AS remaining_qty
FROM `pharmacy_batches`
JOIN `pharmacy_medicines` `pm` ON `pm`.`id` = `pharmacy_batches`.`medicine_id`
JOIN `pharmacy_brands` `pb` ON `pb`.`id` = `pm`.`brand_id`
JOIN `pharmacy_generics` `pg` ON `pg`.`id` = `pm`.`generic_id`
LEFT JOIN `pharmacy_dosage_forms` `df` ON `df`.`id` = `pm`.`dosage_form_id`
LEFT JOIN `pharmacy_categories` `cat` ON `cat`.`id` = `pm`.`category_id`
LEFT JOIN `pharmacy_manufacturers` `man` ON `man`.`id` = `pm`.`manufacturer_id`
WHERE `pharmacy_batches`.`supplier_id` = \'5\'
ORDER BY `pharmacy_batches`.`expiry_date` ASC')
 4 SYSTEMPATH\Database\BaseBuilder.php(1649): CodeIgniter\Database\BaseConnection->query('SELECT `pharmacy_batches`.*, `pm`.`generic_id`, `pm`.`brand_id`, `pm`.`strength`, `pm`.`dosage_form_id`, `pm`.`category_id`, `pm`.`manufacturer_id`, `pb`.`brand_name`, `pg`.`generic_name`, `df`.`dosage_form_name`, `cat`.`category_name`, `man`.`manufacturer_name`, (pharmacy_batches.initial_quantity) AS total_purchased_qty, (pharmacy_batches.current_stock) AS remaining_qty
FROM `pharmacy_batches`
JOIN `pharmacy_medicines` `pm` ON `pm`.`id` = `pharmacy_batches`.`medicine_id`
JOIN `pharmacy_brands` `pb` ON `pb`.`id` = `pm`.`brand_id`
JOIN `pharmacy_generics` `pg` ON `pg`.`id` = `pm`.`generic_id`
LEFT JOIN `pharmacy_dosage_forms` `df` ON `df`.`id` = `pm`.`dosage_form_id`
LEFT JOIN `pharmacy_categories` `cat` ON `cat`.`id` = `pm`.`category_id`
LEFT JOIN `pharmacy_manufacturers` `man` ON `man`.`id` = `pm`.`manufacturer_id`
WHERE `pharmacy_batches`.`supplier_id` = :pharmacy_batches.supplier_id:
ORDER BY `pharmacy_batches`.`expiry_date` ASC', [...], false)
 5 SYSTEMPATH\Model.php(286): CodeIgniter\Database\BaseBuilder->get()
 6 SYSTEMPATH\BaseModel.php(679): CodeIgniter\Model->doFindAll(0, 0)
 7 APPPATH\Controllers\Pharmacy\Purchases.php(87): CodeIgniter\BaseModel->findAll()
 8 SYSTEMPATH\CodeIgniter.php(933): App\Controllers\Pharmacy\Purchases->bySupplier('5')
 9 SYSTEMPATH\CodeIgniter.php(507): CodeIgniter\CodeIgniter->runController(Object(App\Controllers\Pharmacy\Purchases))
10 SYSTEMPATH\CodeIgniter.php(354): CodeIgniter\CodeIgniter->handleRequest(null, Object(Config\Cache), false)
11 SYSTEMPATH\Boot.php(334): CodeIgniter\CodeIgniter->run()
12 SYSTEMPATH\Boot.php(67): CodeIgniter\Boot::runCodeIgniter(Object(CodeIgniter\CodeIgniter))
13 FCPATH\index.php(46): CodeIgniter\Boot::bootWeb(Object(Config\Paths))
DEBUG - 2025-09-10 11:12:52 --> Session: Class initialized using 'CodeIgniter\Session\Handlers\FileHandler' driver.
DEBUG - 2025-09-10 11:12:54 --> Session: Class initialized using 'CodeIgniter\Session\Handlers\FileHandler' driver.
ERROR - 2025-09-10 11:12:54 --> mysqli_sql_exception: Unknown column 'cat.category_name' in 'field list' in C:\xampp\htdocs\hms_ram\system\Database\MySQLi\Connection.php:327
Stack trace:
#0 C:\xampp\htdocs\hms_ram\system\Database\MySQLi\Connection.php(327): mysqli->query('SELECT `pharmac...', 0)
#1 C:\xampp\htdocs\hms_ram\system\Database\BaseConnection.php(738): CodeIgniter\Database\MySQLi\Connection->execute('SELECT `pharmac...')
#2 C:\xampp\htdocs\hms_ram\system\Database\BaseConnection.php(652): CodeIgniter\Database\BaseConnection->simpleQuery('SELECT `pharmac...')
#3 C:\xampp\htdocs\hms_ram\system\Database\BaseBuilder.php(1649): CodeIgniter\Database\BaseConnection->query('SELECT `pharmac...', Array, false)
#4 C:\xampp\htdocs\hms_ram\system\Model.php(286): CodeIgniter\Database\BaseBuilder->get()
#5 C:\xampp\htdocs\hms_ram\system\BaseModel.php(679): CodeIgniter\Model->doFindAll(0, 0)
#6 C:\xampp\htdocs\hms_ram\app\Controllers\Pharmacy\Purchases.php(88): CodeIgniter\BaseModel->findAll()
#7 C:\xampp\htdocs\hms_ram\system\CodeIgniter.php(933): App\Controllers\Pharmacy\Purchases->bySupplier('5')
#8 C:\xampp\htdocs\hms_ram\system\CodeIgniter.php(507): CodeIgniter\CodeIgniter->runController(Object(App\Controllers\Pharmacy\Purchases))
#9 C:\xampp\htdocs\hms_ram\system\CodeIgniter.php(354): CodeIgniter\CodeIgniter->handleRequest(NULL, Object(Config\Cache), false)
#10 C:\xampp\htdocs\hms_ram\system\Boot.php(334): CodeIgniter\CodeIgniter->run()
#11 C:\xampp\htdocs\hms_ram\system\Boot.php(67): CodeIgniter\Boot::runCodeIgniter(Object(CodeIgniter\CodeIgniter))
#12 C:\xampp\htdocs\hms_ram\index.php(46): CodeIgniter\Boot::bootWeb(Object(Config\Paths))
#13 {main}
CRITICAL - 2025-09-10 11:12:54 --> CodeIgniter\Database\Exceptions\DatabaseException: Unknown column 'cat.category_name' in 'field list'
[Method: GET, Route: pharmacy/purchases/bySupplier/5]
in SYSTEMPATH\Database\BaseConnection.php on line 692.
 1 SYSTEMPATH\Database\BaseBuilder.php(1649): CodeIgniter\Database\BaseConnection->query('SELECT `pharmacy_batches`.*, `pm`.`generic_id`, `pm`.`brand_id`, `pm`.`strength`, `pm`.`dosage_form_id`, `pm`.`category_id`, `pm`.`manufacturer_id`, `pb`.`brand_name`, `pg`.`generic_name`, `df`.`name` AS `dosage_form_name`, `cat`.`category_name`, `man`.`manufacturer_name`, (pharmacy_batches.initial_quantity) AS total_purchased_qty, (pharmacy_batches.current_stock) AS remaining_qty
FROM `pharmacy_batches`
JOIN `pharmacy_medicines` `pm` ON `pm`.`id` = `pharmacy_batches`.`medicine_id`
JOIN `pharmacy_brands` `pb` ON `pb`.`id` = `pm`.`brand_id`
JOIN `pharmacy_generics` `pg` ON `pg`.`id` = `pm`.`generic_id`
LEFT JOIN `pharmacy_dosage_forms` `df` ON `df`.`id` = `pm`.`dosage_form_id`
LEFT JOIN `pharmacy_categories` `cat` ON `cat`.`id` = `pm`.`category_id`
LEFT JOIN `pharmacy_manufacturers` `man` ON `man`.`id` = `pm`.`manufacturer_id`
WHERE `pharmacy_batches`.`supplier_id` = :pharmacy_batches.supplier_id:
ORDER BY `pharmacy_batches`.`expiry_date` ASC', [...], false)
 2 SYSTEMPATH\Model.php(286): CodeIgniter\Database\BaseBuilder->get()
 3 SYSTEMPATH\BaseModel.php(679): CodeIgniter\Model->doFindAll(0, 0)
 4 APPPATH\Controllers\Pharmacy\Purchases.php(88): CodeIgniter\BaseModel->findAll()
 5 SYSTEMPATH\CodeIgniter.php(933): App\Controllers\Pharmacy\Purchases->bySupplier('5')
 6 SYSTEMPATH\CodeIgniter.php(507): CodeIgniter\CodeIgniter->runController(Object(App\Controllers\Pharmacy\Purchases))
 7 SYSTEMPATH\CodeIgniter.php(354): CodeIgniter\CodeIgniter->handleRequest(null, Object(Config\Cache), false)
 8 SYSTEMPATH\Boot.php(334): CodeIgniter\CodeIgniter->run()
 9 SYSTEMPATH\Boot.php(67): CodeIgniter\Boot::runCodeIgniter(Object(CodeIgniter\CodeIgniter))
10 FCPATH\index.php(46): CodeIgniter\Boot::bootWeb(Object(Config\Paths))
CRITICAL - 2025-09-10 11:12:54 --> [Caused by] CodeIgniter\Database\Exceptions\DatabaseException: Unknown column 'cat.category_name' in 'field list'
in SYSTEMPATH\Database\MySQLi\Connection.php on line 332.
 1 SYSTEMPATH\Database\BaseConnection.php(738): CodeIgniter\Database\MySQLi\Connection->execute('SELECT `pharmacy_batches`.*, `pm`.`generic_id`, `pm`.`brand_id`, `pm`.`strength`, `pm`.`dosage_form_id`, `pm`.`category_id`, `pm`.`manufacturer_id`, `pb`.`brand_name`, `pg`.`generic_name`, `df`.`name` AS `dosage_form_name`, `cat`.`category_name`, `man`.`manufacturer_name`, (pharmacy_batches.initial_quantity) AS total_purchased_qty, (pharmacy_batches.current_stock) AS remaining_qty
FROM `pharmacy_batches`
JOIN `pharmacy_medicines` `pm` ON `pm`.`id` = `pharmacy_batches`.`medicine_id`
JOIN `pharmacy_brands` `pb` ON `pb`.`id` = `pm`.`brand_id`
JOIN `pharmacy_generics` `pg` ON `pg`.`id` = `pm`.`generic_id`
LEFT JOIN `pharmacy_dosage_forms` `df` ON `df`.`id` = `pm`.`dosage_form_id`
LEFT JOIN `pharmacy_categories` `cat` ON `cat`.`id` = `pm`.`category_id`
LEFT JOIN `pharmacy_manufacturers` `man` ON `man`.`id` = `pm`.`manufacturer_id`
WHERE `pharmacy_batches`.`supplier_id` = \'5\'
ORDER BY `pharmacy_batches`.`expiry_date` ASC')
 2 SYSTEMPATH\Database\BaseConnection.php(652): CodeIgniter\Database\BaseConnection->simpleQuery('SELECT `pharmacy_batches`.*, `pm`.`generic_id`, `pm`.`brand_id`, `pm`.`strength`, `pm`.`dosage_form_id`, `pm`.`category_id`, `pm`.`manufacturer_id`, `pb`.`brand_name`, `pg`.`generic_name`, `df`.`name` AS `dosage_form_name`, `cat`.`category_name`, `man`.`manufacturer_name`, (pharmacy_batches.initial_quantity) AS total_purchased_qty, (pharmacy_batches.current_stock) AS remaining_qty
FROM `pharmacy_batches`
JOIN `pharmacy_medicines` `pm` ON `pm`.`id` = `pharmacy_batches`.`medicine_id`
JOIN `pharmacy_brands` `pb` ON `pb`.`id` = `pm`.`brand_id`
JOIN `pharmacy_generics` `pg` ON `pg`.`id` = `pm`.`generic_id`
LEFT JOIN `pharmacy_dosage_forms` `df` ON `df`.`id` = `pm`.`dosage_form_id`
LEFT JOIN `pharmacy_categories` `cat` ON `cat`.`id` = `pm`.`category_id`
LEFT JOIN `pharmacy_manufacturers` `man` ON `man`.`id` = `pm`.`manufacturer_id`
WHERE `pharmacy_batches`.`supplier_id` = \'5\'
ORDER BY `pharmacy_batches`.`expiry_date` ASC')
 3 SYSTEMPATH\Database\BaseBuilder.php(1649): CodeIgniter\Database\BaseConnection->query('SELECT `pharmacy_batches`.*, `pm`.`generic_id`, `pm`.`brand_id`, `pm`.`strength`, `pm`.`dosage_form_id`, `pm`.`category_id`, `pm`.`manufacturer_id`, `pb`.`brand_name`, `pg`.`generic_name`, `df`.`name` AS `dosage_form_name`, `cat`.`category_name`, `man`.`manufacturer_name`, (pharmacy_batches.initial_quantity) AS total_purchased_qty, (pharmacy_batches.current_stock) AS remaining_qty
FROM `pharmacy_batches`
JOIN `pharmacy_medicines` `pm` ON `pm`.`id` = `pharmacy_batches`.`medicine_id`
JOIN `pharmacy_brands` `pb` ON `pb`.`id` = `pm`.`brand_id`
JOIN `pharmacy_generics` `pg` ON `pg`.`id` = `pm`.`generic_id`
LEFT JOIN `pharmacy_dosage_forms` `df` ON `df`.`id` = `pm`.`dosage_form_id`
LEFT JOIN `pharmacy_categories` `cat` ON `cat`.`id` = `pm`.`category_id`
LEFT JOIN `pharmacy_manufacturers` `man` ON `man`.`id` = `pm`.`manufacturer_id`
WHERE `pharmacy_batches`.`supplier_id` = :pharmacy_batches.supplier_id:
ORDER BY `pharmacy_batches`.`expiry_date` ASC', [...], false)
 4 SYSTEMPATH\Model.php(286): CodeIgniter\Database\BaseBuilder->get()
 5 SYSTEMPATH\BaseModel.php(679): CodeIgniter\Model->doFindAll(0, 0)
 6 APPPATH\Controllers\Pharmacy\Purchases.php(88): CodeIgniter\BaseModel->findAll()
 7 SYSTEMPATH\CodeIgniter.php(933): App\Controllers\Pharmacy\Purchases->bySupplier('5')
 8 SYSTEMPATH\CodeIgniter.php(507): CodeIgniter\CodeIgniter->runController(Object(App\Controllers\Pharmacy\Purchases))
 9 SYSTEMPATH\CodeIgniter.php(354): CodeIgniter\CodeIgniter->handleRequest(null, Object(Config\Cache), false)
10 SYSTEMPATH\Boot.php(334): CodeIgniter\CodeIgniter->run()
11 SYSTEMPATH\Boot.php(67): CodeIgniter\Boot::runCodeIgniter(Object(CodeIgniter\CodeIgniter))
12 FCPATH\index.php(46): CodeIgniter\Boot::bootWeb(Object(Config\Paths))
CRITICAL - 2025-09-10 11:12:54 --> [Caused by] mysqli_sql_exception: Unknown column 'cat.category_name' in 'field list'
in SYSTEMPATH\Database\MySQLi\Connection.php on line 327.
 1 SYSTEMPATH\Database\MySQLi\Connection.php(327): mysqli->query('SELECT `pharmacy_batches`.*, `pm`.`generic_id`, `pm`.`brand_id`, `pm`.`strength`, `pm`.`dosage_form_id`, `pm`.`category_id`, `pm`.`manufacturer_id`, `pb`.`brand_name`, `pg`.`generic_name`, `df`.`name` AS `dosage_form_name`, `cat`.`category_name`, `man`.`manufacturer_name`, (pharmacy_batches.initial_quantity) AS total_purchased_qty, (pharmacy_batches.current_stock) AS remaining_qty
FROM `pharmacy_batches`
JOIN `pharmacy_medicines` `pm` ON `pm`.`id` = `pharmacy_batches`.`medicine_id`
JOIN `pharmacy_brands` `pb` ON `pb`.`id` = `pm`.`brand_id`
JOIN `pharmacy_generics` `pg` ON `pg`.`id` = `pm`.`generic_id`
LEFT JOIN `pharmacy_dosage_forms` `df` ON `df`.`id` = `pm`.`dosage_form_id`
LEFT JOIN `pharmacy_categories` `cat` ON `cat`.`id` = `pm`.`category_id`
LEFT JOIN `pharmacy_manufacturers` `man` ON `man`.`id` = `pm`.`manufacturer_id`
WHERE `pharmacy_batches`.`supplier_id` = \'5\'
ORDER BY `pharmacy_batches`.`expiry_date` ASC', 0)
 2 SYSTEMPATH\Database\BaseConnection.php(738): CodeIgniter\Database\MySQLi\Connection->execute('SELECT `pharmacy_batches`.*, `pm`.`generic_id`, `pm`.`brand_id`, `pm`.`strength`, `pm`.`dosage_form_id`, `pm`.`category_id`, `pm`.`manufacturer_id`, `pb`.`brand_name`, `pg`.`generic_name`, `df`.`name` AS `dosage_form_name`, `cat`.`category_name`, `man`.`manufacturer_name`, (pharmacy_batches.initial_quantity) AS total_purchased_qty, (pharmacy_batches.current_stock) AS remaining_qty
FROM `pharmacy_batches`
JOIN `pharmacy_medicines` `pm` ON `pm`.`id` = `pharmacy_batches`.`medicine_id`
JOIN `pharmacy_brands` `pb` ON `pb`.`id` = `pm`.`brand_id`
JOIN `pharmacy_generics` `pg` ON `pg`.`id` = `pm`.`generic_id`
LEFT JOIN `pharmacy_dosage_forms` `df` ON `df`.`id` = `pm`.`dosage_form_id`
LEFT JOIN `pharmacy_categories` `cat` ON `cat`.`id` = `pm`.`category_id`
LEFT JOIN `pharmacy_manufacturers` `man` ON `man`.`id` = `pm`.`manufacturer_id`
WHERE `pharmacy_batches`.`supplier_id` = \'5\'
ORDER BY `pharmacy_batches`.`expiry_date` ASC')
 3 SYSTEMPATH\Database\BaseConnection.php(652): CodeIgniter\Database\BaseConnection->simpleQuery('SELECT `pharmacy_batches`.*, `pm`.`generic_id`, `pm`.`brand_id`, `pm`.`strength`, `pm`.`dosage_form_id`, `pm`.`category_id`, `pm`.`manufacturer_id`, `pb`.`brand_name`, `pg`.`generic_name`, `df`.`name` AS `dosage_form_name`, `cat`.`category_name`, `man`.`manufacturer_name`, (pharmacy_batches.initial_quantity) AS total_purchased_qty, (pharmacy_batches.current_stock) AS remaining_qty
FROM `pharmacy_batches`
JOIN `pharmacy_medicines` `pm` ON `pm`.`id` = `pharmacy_batches`.`medicine_id`
JOIN `pharmacy_brands` `pb` ON `pb`.`id` = `pm`.`brand_id`
JOIN `pharmacy_generics` `pg` ON `pg`.`id` = `pm`.`generic_id`
LEFT JOIN `pharmacy_dosage_forms` `df` ON `df`.`id` = `pm`.`dosage_form_id`
LEFT JOIN `pharmacy_categories` `cat` ON `cat`.`id` = `pm`.`category_id`
LEFT JOIN `pharmacy_manufacturers` `man` ON `man`.`id` = `pm`.`manufacturer_id`
WHERE `pharmacy_batches`.`supplier_id` = \'5\'
ORDER BY `pharmacy_batches`.`expiry_date` ASC')
 4 SYSTEMPATH\Database\BaseBuilder.php(1649): CodeIgniter\Database\BaseConnection->query('SELECT `pharmacy_batches`.*, `pm`.`generic_id`, `pm`.`brand_id`, `pm`.`strength`, `pm`.`dosage_form_id`, `pm`.`category_id`, `pm`.`manufacturer_id`, `pb`.`brand_name`, `pg`.`generic_name`, `df`.`name` AS `dosage_form_name`, `cat`.`category_name`, `man`.`manufacturer_name`, (pharmacy_batches.initial_quantity) AS total_purchased_qty, (pharmacy_batches.current_stock) AS remaining_qty
FROM `pharmacy_batches`
JOIN `pharmacy_medicines` `pm` ON `pm`.`id` = `pharmacy_batches`.`medicine_id`
JOIN `pharmacy_brands` `pb` ON `pb`.`id` = `pm`.`brand_id`
JOIN `pharmacy_generics` `pg` ON `pg`.`id` = `pm`.`generic_id`
LEFT JOIN `pharmacy_dosage_forms` `df` ON `df`.`id` = `pm`.`dosage_form_id`
LEFT JOIN `pharmacy_categories` `cat` ON `cat`.`id` = `pm`.`category_id`
LEFT JOIN `pharmacy_manufacturers` `man` ON `man`.`id` = `pm`.`manufacturer_id`
WHERE `pharmacy_batches`.`supplier_id` = :pharmacy_batches.supplier_id:
ORDER BY `pharmacy_batches`.`expiry_date` ASC', [...], false)
 5 SYSTEMPATH\Model.php(286): CodeIgniter\Database\BaseBuilder->get()
 6 SYSTEMPATH\BaseModel.php(679): CodeIgniter\Model->doFindAll(0, 0)
 7 APPPATH\Controllers\Pharmacy\Purchases.php(88): CodeIgniter\BaseModel->findAll()
 8 SYSTEMPATH\CodeIgniter.php(933): App\Controllers\Pharmacy\Purchases->bySupplier('5')
 9 SYSTEMPATH\CodeIgniter.php(507): CodeIgniter\CodeIgniter->runController(Object(App\Controllers\Pharmacy\Purchases))
10 SYSTEMPATH\CodeIgniter.php(354): CodeIgniter\CodeIgniter->handleRequest(null, Object(Config\Cache), false)
11 SYSTEMPATH\Boot.php(334): CodeIgniter\CodeIgniter->run()
12 SYSTEMPATH\Boot.php(67): CodeIgniter\Boot::runCodeIgniter(Object(CodeIgniter\CodeIgniter))
13 FCPATH\index.php(46): CodeIgniter\Boot::bootWeb(Object(Config\Paths))
DEBUG - 2025-09-10 11:12:55 --> Session: Class initialized using 'CodeIgniter\Session\Handlers\FileHandler' driver.
ERROR - 2025-09-10 11:12:55 --> mysqli_sql_exception: Unknown column 'cat.category_name' in 'field list' in C:\xampp\htdocs\hms_ram\system\Database\MySQLi\Connection.php:327
Stack trace:
#0 C:\xampp\htdocs\hms_ram\system\Database\MySQLi\Connection.php(327): mysqli->query('SELECT `pharmac...', 0)
#1 C:\xampp\htdocs\hms_ram\system\Database\BaseConnection.php(738): CodeIgniter\Database\MySQLi\Connection->execute('SELECT `pharmac...')
#2 C:\xampp\htdocs\hms_ram\system\Database\BaseConnection.php(652): CodeIgniter\Database\BaseConnection->simpleQuery('SELECT `pharmac...')
#3 C:\xampp\htdocs\hms_ram\system\Database\BaseBuilder.php(1649): CodeIgniter\Database\BaseConnection->query('SELECT `pharmac...', Array, false)
#4 C:\xampp\htdocs\hms_ram\system\Model.php(286): CodeIgniter\Database\BaseBuilder->get()
#5 C:\xampp\htdocs\hms_ram\system\BaseModel.php(679): CodeIgniter\Model->doFindAll(0, 0)
#6 C:\xampp\htdocs\hms_ram\app\Controllers\Pharmacy\Purchases.php(88): CodeIgniter\BaseModel->findAll()
#7 C:\xampp\htdocs\hms_ram\system\CodeIgniter.php(933): App\Controllers\Pharmacy\Purchases->bySupplier('5')
#8 C:\xampp\htdocs\hms_ram\system\CodeIgniter.php(507): CodeIgniter\CodeIgniter->runController(Object(App\Controllers\Pharmacy\Purchases))
#9 C:\xampp\htdocs\hms_ram\system\CodeIgniter.php(354): CodeIgniter\CodeIgniter->handleRequest(NULL, Object(Config\Cache), false)
#10 C:\xampp\htdocs\hms_ram\system\Boot.php(334): CodeIgniter\CodeIgniter->run()
#11 C:\xampp\htdocs\hms_ram\system\Boot.php(67): CodeIgniter\Boot::runCodeIgniter(Object(CodeIgniter\CodeIgniter))
#12 C:\xampp\htdocs\hms_ram\index.php(46): CodeIgniter\Boot::bootWeb(Object(Config\Paths))
#13 {main}
CRITICAL - 2025-09-10 11:12:55 --> CodeIgniter\Database\Exceptions\DatabaseException: Unknown column 'cat.category_name' in 'field list'
[Method: GET, Route: pharmacy/purchases/bySupplier/5]
in SYSTEMPATH\Database\BaseConnection.php on line 692.
 1 SYSTEMPATH\Database\BaseBuilder.php(1649): CodeIgniter\Database\BaseConnection->query('SELECT `pharmacy_batches`.*, `pm`.`generic_id`, `pm`.`brand_id`, `pm`.`strength`, `pm`.`dosage_form_id`, `pm`.`category_id`, `pm`.`manufacturer_id`, `pb`.`brand_name`, `pg`.`generic_name`, `df`.`name` AS `dosage_form_name`, `cat`.`category_name`, `man`.`manufacturer_name`, (pharmacy_batches.initial_quantity) AS total_purchased_qty, (pharmacy_batches.current_stock) AS remaining_qty
FROM `pharmacy_batches`
JOIN `pharmacy_medicines` `pm` ON `pm`.`id` = `pharmacy_batches`.`medicine_id`
JOIN `pharmacy_brands` `pb` ON `pb`.`id` = `pm`.`brand_id`
JOIN `pharmacy_generics` `pg` ON `pg`.`id` = `pm`.`generic_id`
LEFT JOIN `pharmacy_dosage_forms` `df` ON `df`.`id` = `pm`.`dosage_form_id`
LEFT JOIN `pharmacy_categories` `cat` ON `cat`.`id` = `pm`.`category_id`
LEFT JOIN `pharmacy_manufacturers` `man` ON `man`.`id` = `pm`.`manufacturer_id`
WHERE `pharmacy_batches`.`supplier_id` = :pharmacy_batches.supplier_id:
ORDER BY `pharmacy_batches`.`expiry_date` ASC', [...], false)
 2 SYSTEMPATH\Model.php(286): CodeIgniter\Database\BaseBuilder->get()
 3 SYSTEMPATH\BaseModel.php(679): CodeIgniter\Model->doFindAll(0, 0)
 4 APPPATH\Controllers\Pharmacy\Purchases.php(88): CodeIgniter\BaseModel->findAll()
 5 SYSTEMPATH\CodeIgniter.php(933): App\Controllers\Pharmacy\Purchases->bySupplier('5')
 6 SYSTEMPATH\CodeIgniter.php(507): CodeIgniter\CodeIgniter->runController(Object(App\Controllers\Pharmacy\Purchases))
 7 SYSTEMPATH\CodeIgniter.php(354): CodeIgniter\CodeIgniter->handleRequest(null, Object(Config\Cache), false)
 8 SYSTEMPATH\Boot.php(334): CodeIgniter\CodeIgniter->run()
 9 SYSTEMPATH\Boot.php(67): CodeIgniter\Boot::runCodeIgniter(Object(CodeIgniter\CodeIgniter))
10 FCPATH\index.php(46): CodeIgniter\Boot::bootWeb(Object(Config\Paths))
CRITICAL - 2025-09-10 11:12:55 --> [Caused by] CodeIgniter\Database\Exceptions\DatabaseException: Unknown column 'cat.category_name' in 'field list'
in SYSTEMPATH\Database\MySQLi\Connection.php on line 332.
 1 SYSTEMPATH\Database\BaseConnection.php(738): CodeIgniter\Database\MySQLi\Connection->execute('SELECT `pharmacy_batches`.*, `pm`.`generic_id`, `pm`.`brand_id`, `pm`.`strength`, `pm`.`dosage_form_id`, `pm`.`category_id`, `pm`.`manufacturer_id`, `pb`.`brand_name`, `pg`.`generic_name`, `df`.`name` AS `dosage_form_name`, `cat`.`category_name`, `man`.`manufacturer_name`, (pharmacy_batches.initial_quantity) AS total_purchased_qty, (pharmacy_batches.current_stock) AS remaining_qty
FROM `pharmacy_batches`
JOIN `pharmacy_medicines` `pm` ON `pm`.`id` = `pharmacy_batches`.`medicine_id`
JOIN `pharmacy_brands` `pb` ON `pb`.`id` = `pm`.`brand_id`
JOIN `pharmacy_generics` `pg` ON `pg`.`id` = `pm`.`generic_id`
LEFT JOIN `pharmacy_dosage_forms` `df` ON `df`.`id` = `pm`.`dosage_form_id`
LEFT JOIN `pharmacy_categories` `cat` ON `cat`.`id` = `pm`.`category_id`
LEFT JOIN `pharmacy_manufacturers` `man` ON `man`.`id` = `pm`.`manufacturer_id`
WHERE `pharmacy_batches`.`supplier_id` = \'5\'
ORDER BY `pharmacy_batches`.`expiry_date` ASC')
 2 SYSTEMPATH\Database\BaseConnection.php(652): CodeIgniter\Database\BaseConnection->simpleQuery('SELECT `pharmacy_batches`.*, `pm`.`generic_id`, `pm`.`brand_id`, `pm`.`strength`, `pm`.`dosage_form_id`, `pm`.`category_id`, `pm`.`manufacturer_id`, `pb`.`brand_name`, `pg`.`generic_name`, `df`.`name` AS `dosage_form_name`, `cat`.`category_name`, `man`.`manufacturer_name`, (pharmacy_batches.initial_quantity) AS total_purchased_qty, (pharmacy_batches.current_stock) AS remaining_qty
FROM `pharmacy_batches`
JOIN `pharmacy_medicines` `pm` ON `pm`.`id` = `pharmacy_batches`.`medicine_id`
JOIN `pharmacy_brands` `pb` ON `pb`.`id` = `pm`.`brand_id`
JOIN `pharmacy_generics` `pg` ON `pg`.`id` = `pm`.`generic_id`
LEFT JOIN `pharmacy_dosage_forms` `df` ON `df`.`id` = `pm`.`dosage_form_id`
LEFT JOIN `pharmacy_categories` `cat` ON `cat`.`id` = `pm`.`category_id`
LEFT JOIN `pharmacy_manufacturers` `man` ON `man`.`id` = `pm`.`manufacturer_id`
WHERE `pharmacy_batches`.`supplier_id` = \'5\'
ORDER BY `pharmacy_batches`.`expiry_date` ASC')
 3 SYSTEMPATH\Database\BaseBuilder.php(1649): CodeIgniter\Database\BaseConnection->query('SELECT `pharmacy_batches`.*, `pm`.`generic_id`, `pm`.`brand_id`, `pm`.`strength`, `pm`.`dosage_form_id`, `pm`.`category_id`, `pm`.`manufacturer_id`, `pb`.`brand_name`, `pg`.`generic_name`, `df`.`name` AS `dosage_form_name`, `cat`.`category_name`, `man`.`manufacturer_name`, (pharmacy_batches.initial_quantity) AS total_purchased_qty, (pharmacy_batches.current_stock) AS remaining_qty
FROM `pharmacy_batches`
JOIN `pharmacy_medicines` `pm` ON `pm`.`id` = `pharmacy_batches`.`medicine_id`
JOIN `pharmacy_brands` `pb` ON `pb`.`id` = `pm`.`brand_id`
JOIN `pharmacy_generics` `pg` ON `pg`.`id` = `pm`.`generic_id`
LEFT JOIN `pharmacy_dosage_forms` `df` ON `df`.`id` = `pm`.`dosage_form_id`
LEFT JOIN `pharmacy_categories` `cat` ON `cat`.`id` = `pm`.`category_id`
LEFT JOIN `pharmacy_manufacturers` `man` ON `man`.`id` = `pm`.`manufacturer_id`
WHERE `pharmacy_batches`.`supplier_id` = :pharmacy_batches.supplier_id:
ORDER BY `pharmacy_batches`.`expiry_date` ASC', [...], false)
 4 SYSTEMPATH\Model.php(286): CodeIgniter\Database\BaseBuilder->get()
 5 SYSTEMPATH\BaseModel.php(679): CodeIgniter\Model->doFindAll(0, 0)
 6 APPPATH\Controllers\Pharmacy\Purchases.php(88): CodeIgniter\BaseModel->findAll()
 7 SYSTEMPATH\CodeIgniter.php(933): App\Controllers\Pharmacy\Purchases->bySupplier('5')
 8 SYSTEMPATH\CodeIgniter.php(507): CodeIgniter\CodeIgniter->runController(Object(App\Controllers\Pharmacy\Purchases))
 9 SYSTEMPATH\CodeIgniter.php(354): CodeIgniter\CodeIgniter->handleRequest(null, Object(Config\Cache), false)
10 SYSTEMPATH\Boot.php(334): CodeIgniter\CodeIgniter->run()
11 SYSTEMPATH\Boot.php(67): CodeIgniter\Boot::runCodeIgniter(Object(CodeIgniter\CodeIgniter))
12 FCPATH\index.php(46): CodeIgniter\Boot::bootWeb(Object(Config\Paths))
CRITICAL - 2025-09-10 11:12:55 --> [Caused by] mysqli_sql_exception: Unknown column 'cat.category_name' in 'field list'
in SYSTEMPATH\Database\MySQLi\Connection.php on line 327.
 1 SYSTEMPATH\Database\MySQLi\Connection.php(327): mysqli->query('SELECT `pharmacy_batches`.*, `pm`.`generic_id`, `pm`.`brand_id`, `pm`.`strength`, `pm`.`dosage_form_id`, `pm`.`category_id`, `pm`.`manufacturer_id`, `pb`.`brand_name`, `pg`.`generic_name`, `df`.`name` AS `dosage_form_name`, `cat`.`category_name`, `man`.`manufacturer_name`, (pharmacy_batches.initial_quantity) AS total_purchased_qty, (pharmacy_batches.current_stock) AS remaining_qty
FROM `pharmacy_batches`
JOIN `pharmacy_medicines` `pm` ON `pm`.`id` = `pharmacy_batches`.`medicine_id`
JOIN `pharmacy_brands` `pb` ON `pb`.`id` = `pm`.`brand_id`
JOIN `pharmacy_generics` `pg` ON `pg`.`id` = `pm`.`generic_id`
LEFT JOIN `pharmacy_dosage_forms` `df` ON `df`.`id` = `pm`.`dosage_form_id`
LEFT JOIN `pharmacy_categories` `cat` ON `cat`.`id` = `pm`.`category_id`
LEFT JOIN `pharmacy_manufacturers` `man` ON `man`.`id` = `pm`.`manufacturer_id`
WHERE `pharmacy_batches`.`supplier_id` = \'5\'
ORDER BY `pharmacy_batches`.`expiry_date` ASC', 0)
 2 SYSTEMPATH\Database\BaseConnection.php(738): CodeIgniter\Database\MySQLi\Connection->execute('SELECT `pharmacy_batches`.*, `pm`.`generic_id`, `pm`.`brand_id`, `pm`.`strength`, `pm`.`dosage_form_id`, `pm`.`category_id`, `pm`.`manufacturer_id`, `pb`.`brand_name`, `pg`.`generic_name`, `df`.`name` AS `dosage_form_name`, `cat`.`category_name`, `man`.`manufacturer_name`, (pharmacy_batches.initial_quantity) AS total_purchased_qty, (pharmacy_batches.current_stock) AS remaining_qty
FROM `pharmacy_batches`
JOIN `pharmacy_medicines` `pm` ON `pm`.`id` = `pharmacy_batches`.`medicine_id`
JOIN `pharmacy_brands` `pb` ON `pb`.`id` = `pm`.`brand_id`
JOIN `pharmacy_generics` `pg` ON `pg`.`id` = `pm`.`generic_id`
LEFT JOIN `pharmacy_dosage_forms` `df` ON `df`.`id` = `pm`.`dosage_form_id`
LEFT JOIN `pharmacy_categories` `cat` ON `cat`.`id` = `pm`.`category_id`
LEFT JOIN `pharmacy_manufacturers` `man` ON `man`.`id` = `pm`.`manufacturer_id`
WHERE `pharmacy_batches`.`supplier_id` = \'5\'
ORDER BY `pharmacy_batches`.`expiry_date` ASC')
 3 SYSTEMPATH\Database\BaseConnection.php(652): CodeIgniter\Database\BaseConnection->simpleQuery('SELECT `pharmacy_batches`.*, `pm`.`generic_id`, `pm`.`brand_id`, `pm`.`strength`, `pm`.`dosage_form_id`, `pm`.`category_id`, `pm`.`manufacturer_id`, `pb`.`brand_name`, `pg`.`generic_name`, `df`.`name` AS `dosage_form_name`, `cat`.`category_name`, `man`.`manufacturer_name`, (pharmacy_batches.initial_quantity) AS total_purchased_qty, (pharmacy_batches.current_stock) AS remaining_qty
FROM `pharmacy_batches`
JOIN `pharmacy_medicines` `pm` ON `pm`.`id` = `pharmacy_batches`.`medicine_id`
JOIN `pharmacy_brands` `pb` ON `pb`.`id` = `pm`.`brand_id`
JOIN `pharmacy_generics` `pg` ON `pg`.`id` = `pm`.`generic_id`
LEFT JOIN `pharmacy_dosage_forms` `df` ON `df`.`id` = `pm`.`dosage_form_id`
LEFT JOIN `pharmacy_categories` `cat` ON `cat`.`id` = `pm`.`category_id`
LEFT JOIN `pharmacy_manufacturers` `man` ON `man`.`id` = `pm`.`manufacturer_id`
WHERE `pharmacy_batches`.`supplier_id` = \'5\'
ORDER BY `pharmacy_batches`.`expiry_date` ASC')
 4 SYSTEMPATH\Database\BaseBuilder.php(1649): CodeIgniter\Database\BaseConnection->query('SELECT `pharmacy_batches`.*, `pm`.`generic_id`, `pm`.`brand_id`, `pm`.`strength`, `pm`.`dosage_form_id`, `pm`.`category_id`, `pm`.`manufacturer_id`, `pb`.`brand_name`, `pg`.`generic_name`, `df`.`name` AS `dosage_form_name`, `cat`.`category_name`, `man`.`manufacturer_name`, (pharmacy_batches.initial_quantity) AS total_purchased_qty, (pharmacy_batches.current_stock) AS remaining_qty
FROM `pharmacy_batches`
JOIN `pharmacy_medicines` `pm` ON `pm`.`id` = `pharmacy_batches`.`medicine_id`
JOIN `pharmacy_brands` `pb` ON `pb`.`id` = `pm`.`brand_id`
JOIN `pharmacy_generics` `pg` ON `pg`.`id` = `pm`.`generic_id`
LEFT JOIN `pharmacy_dosage_forms` `df` ON `df`.`id` = `pm`.`dosage_form_id`
LEFT JOIN `pharmacy_categories` `cat` ON `cat`.`id` = `pm`.`category_id`
LEFT JOIN `pharmacy_manufacturers` `man` ON `man`.`id` = `pm`.`manufacturer_id`
WHERE `pharmacy_batches`.`supplier_id` = :pharmacy_batches.supplier_id:
ORDER BY `pharmacy_batches`.`expiry_date` ASC', [...], false)
 5 SYSTEMPATH\Model.php(286): CodeIgniter\Database\BaseBuilder->get()
 6 SYSTEMPATH\BaseModel.php(679): CodeIgniter\Model->doFindAll(0, 0)
 7 APPPATH\Controllers\Pharmacy\Purchases.php(88): CodeIgniter\BaseModel->findAll()
 8 SYSTEMPATH\CodeIgniter.php(933): App\Controllers\Pharmacy\Purchases->bySupplier('5')
 9 SYSTEMPATH\CodeIgniter.php(507): CodeIgniter\CodeIgniter->runController(Object(App\Controllers\Pharmacy\Purchases))
10 SYSTEMPATH\CodeIgniter.php(354): CodeIgniter\CodeIgniter->handleRequest(null, Object(Config\Cache), false)
11 SYSTEMPATH\Boot.php(334): CodeIgniter\CodeIgniter->run()
12 SYSTEMPATH\Boot.php(67): CodeIgniter\Boot::runCodeIgniter(Object(CodeIgniter\CodeIgniter))
13 FCPATH\index.php(46): CodeIgniter\Boot::bootWeb(Object(Config\Paths))
DEBUG - 2025-09-10 11:13:30 --> Session: Class initialized using 'CodeIgniter\Session\Handlers\FileHandler' driver.
DEBUG - 2025-09-10 11:13:31 --> Session: Class initialized using 'CodeIgniter\Session\Handlers\FileHandler' driver.
ERROR - 2025-09-10 11:13:31 --> mysqli_sql_exception: Unknown column 'man.manufacturer_name' in 'field list' in C:\xampp\htdocs\hms_ram\system\Database\MySQLi\Connection.php:327
Stack trace:
#0 C:\xampp\htdocs\hms_ram\system\Database\MySQLi\Connection.php(327): mysqli->query('SELECT `pharmac...', 0)
#1 C:\xampp\htdocs\hms_ram\system\Database\BaseConnection.php(738): CodeIgniter\Database\MySQLi\Connection->execute('SELECT `pharmac...')
#2 C:\xampp\htdocs\hms_ram\system\Database\BaseConnection.php(652): CodeIgniter\Database\BaseConnection->simpleQuery('SELECT `pharmac...')
#3 C:\xampp\htdocs\hms_ram\system\Database\BaseBuilder.php(1649): CodeIgniter\Database\BaseConnection->query('SELECT `pharmac...', Array, false)
#4 C:\xampp\htdocs\hms_ram\system\Model.php(286): CodeIgniter\Database\BaseBuilder->get()
#5 C:\xampp\htdocs\hms_ram\system\BaseModel.php(679): CodeIgniter\Model->doFindAll(0, 0)
#6 C:\xampp\htdocs\hms_ram\app\Controllers\Pharmacy\Purchases.php(89): CodeIgniter\BaseModel->findAll()
#7 C:\xampp\htdocs\hms_ram\system\CodeIgniter.php(933): App\Controllers\Pharmacy\Purchases->bySupplier('5')
#8 C:\xampp\htdocs\hms_ram\system\CodeIgniter.php(507): CodeIgniter\CodeIgniter->runController(Object(App\Controllers\Pharmacy\Purchases))
#9 C:\xampp\htdocs\hms_ram\system\CodeIgniter.php(354): CodeIgniter\CodeIgniter->handleRequest(NULL, Object(Config\Cache), false)
#10 C:\xampp\htdocs\hms_ram\system\Boot.php(334): CodeIgniter\CodeIgniter->run()
#11 C:\xampp\htdocs\hms_ram\system\Boot.php(67): CodeIgniter\Boot::runCodeIgniter(Object(CodeIgniter\CodeIgniter))
#12 C:\xampp\htdocs\hms_ram\index.php(46): CodeIgniter\Boot::bootWeb(Object(Config\Paths))
#13 {main}
CRITICAL - 2025-09-10 11:13:31 --> CodeIgniter\Database\Exceptions\DatabaseException: Unknown column 'man.manufacturer_name' in 'field list'
[Method: GET, Route: pharmacy/purchases/bySupplier/5]
in SYSTEMPATH\Database\BaseConnection.php on line 692.
 1 SYSTEMPATH\Database\BaseBuilder.php(1649): CodeIgniter\Database\BaseConnection->query('SELECT `pharmacy_batches`.*, `pm`.`generic_id`, `pm`.`brand_id`, `pm`.`strength`, `pm`.`dosage_form_id`, `pm`.`category_id`, `pm`.`manufacturer_id`, `pb`.`brand_name`, `pg`.`generic_name`, `df`.`name` AS `dosage_form_name`, `cat`.`name` AS `category_name`, `man`.`manufacturer_name`, (pharmacy_batches.initial_quantity) AS total_purchased_qty, (pharmacy_batches.current_stock) AS remaining_qty
FROM `pharmacy_batches`
JOIN `pharmacy_medicines` `pm` ON `pm`.`id` = `pharmacy_batches`.`medicine_id`
JOIN `pharmacy_brands` `pb` ON `pb`.`id` = `pm`.`brand_id`
JOIN `pharmacy_generics` `pg` ON `pg`.`id` = `pm`.`generic_id`
LEFT JOIN `pharmacy_dosage_forms` `df` ON `df`.`id` = `pm`.`dosage_form_id`
LEFT JOIN `pharmacy_categories` `cat` ON `cat`.`id` = `pm`.`category_id`
LEFT JOIN `pharmacy_manufacturers` `man` ON `man`.`id` = `pm`.`manufacturer_id`
WHERE `pharmacy_batches`.`supplier_id` = :pharmacy_batches.supplier_id:
ORDER BY `pharmacy_batches`.`expiry_date` ASC', [...], false)
 2 SYSTEMPATH\Model.php(286): CodeIgniter\Database\BaseBuilder->get()
 3 SYSTEMPATH\BaseModel.php(679): CodeIgniter\Model->doFindAll(0, 0)
 4 APPPATH\Controllers\Pharmacy\Purchases.php(89): CodeIgniter\BaseModel->findAll()
 5 SYSTEMPATH\CodeIgniter.php(933): App\Controllers\Pharmacy\Purchases->bySupplier('5')
 6 SYSTEMPATH\CodeIgniter.php(507): CodeIgniter\CodeIgniter->runController(Object(App\Controllers\Pharmacy\Purchases))
 7 SYSTEMPATH\CodeIgniter.php(354): CodeIgniter\CodeIgniter->handleRequest(null, Object(Config\Cache), false)
 8 SYSTEMPATH\Boot.php(334): CodeIgniter\CodeIgniter->run()
 9 SYSTEMPATH\Boot.php(67): CodeIgniter\Boot::runCodeIgniter(Object(CodeIgniter\CodeIgniter))
10 FCPATH\index.php(46): CodeIgniter\Boot::bootWeb(Object(Config\Paths))
CRITICAL - 2025-09-10 11:13:31 --> [Caused by] CodeIgniter\Database\Exceptions\DatabaseException: Unknown column 'man.manufacturer_name' in 'field list'
in SYSTEMPATH\Database\MySQLi\Connection.php on line 332.
 1 SYSTEMPATH\Database\BaseConnection.php(738): CodeIgniter\Database\MySQLi\Connection->execute('SELECT `pharmacy_batches`.*, `pm`.`generic_id`, `pm`.`brand_id`, `pm`.`strength`, `pm`.`dosage_form_id`, `pm`.`category_id`, `pm`.`manufacturer_id`, `pb`.`brand_name`, `pg`.`generic_name`, `df`.`name` AS `dosage_form_name`, `cat`.`name` AS `category_name`, `man`.`manufacturer_name`, (pharmacy_batches.initial_quantity) AS total_purchased_qty, (pharmacy_batches.current_stock) AS remaining_qty
FROM `pharmacy_batches`
JOIN `pharmacy_medicines` `pm` ON `pm`.`id` = `pharmacy_batches`.`medicine_id`
JOIN `pharmacy_brands` `pb` ON `pb`.`id` = `pm`.`brand_id`
JOIN `pharmacy_generics` `pg` ON `pg`.`id` = `pm`.`generic_id`
LEFT JOIN `pharmacy_dosage_forms` `df` ON `df`.`id` = `pm`.`dosage_form_id`
LEFT JOIN `pharmacy_categories` `cat` ON `cat`.`id` = `pm`.`category_id`
LEFT JOIN `pharmacy_manufacturers` `man` ON `man`.`id` = `pm`.`manufacturer_id`
WHERE `pharmacy_batches`.`supplier_id` = \'5\'
ORDER BY `pharmacy_batches`.`expiry_date` ASC')
 2 SYSTEMPATH\Database\BaseConnection.php(652): CodeIgniter\Database\BaseConnection->simpleQuery('SELECT `pharmacy_batches`.*, `pm`.`generic_id`, `pm`.`brand_id`, `pm`.`strength`, `pm`.`dosage_form_id`, `pm`.`category_id`, `pm`.`manufacturer_id`, `pb`.`brand_name`, `pg`.`generic_name`, `df`.`name` AS `dosage_form_name`, `cat`.`name` AS `category_name`, `man`.`manufacturer_name`, (pharmacy_batches.initial_quantity) AS total_purchased_qty, (pharmacy_batches.current_stock) AS remaining_qty
FROM `pharmacy_batches`
JOIN `pharmacy_medicines` `pm` ON `pm`.`id` = `pharmacy_batches`.`medicine_id`
JOIN `pharmacy_brands` `pb` ON `pb`.`id` = `pm`.`brand_id`
JOIN `pharmacy_generics` `pg` ON `pg`.`id` = `pm`.`generic_id`
LEFT JOIN `pharmacy_dosage_forms` `df` ON `df`.`id` = `pm`.`dosage_form_id`
LEFT JOIN `pharmacy_categories` `cat` ON `cat`.`id` = `pm`.`category_id`
LEFT JOIN `pharmacy_manufacturers` `man` ON `man`.`id` = `pm`.`manufacturer_id`
WHERE `pharmacy_batches`.`supplier_id` = \'5\'
ORDER BY `pharmacy_batches`.`expiry_date` ASC')
 3 SYSTEMPATH\Database\BaseBuilder.php(1649): CodeIgniter\Database\BaseConnection->query('SELECT `pharmacy_batches`.*, `pm`.`generic_id`, `pm`.`brand_id`, `pm`.`strength`, `pm`.`dosage_form_id`, `pm`.`category_id`, `pm`.`manufacturer_id`, `pb`.`brand_name`, `pg`.`generic_name`, `df`.`name` AS `dosage_form_name`, `cat`.`name` AS `category_name`, `man`.`manufacturer_name`, (pharmacy_batches.initial_quantity) AS total_purchased_qty, (pharmacy_batches.current_stock) AS remaining_qty
FROM `pharmacy_batches`
JOIN `pharmacy_medicines` `pm` ON `pm`.`id` = `pharmacy_batches`.`medicine_id`
JOIN `pharmacy_brands` `pb` ON `pb`.`id` = `pm`.`brand_id`
JOIN `pharmacy_generics` `pg` ON `pg`.`id` = `pm`.`generic_id`
LEFT JOIN `pharmacy_dosage_forms` `df` ON `df`.`id` = `pm`.`dosage_form_id`
LEFT JOIN `pharmacy_categories` `cat` ON `cat`.`id` = `pm`.`category_id`
LEFT JOIN `pharmacy_manufacturers` `man` ON `man`.`id` = `pm`.`manufacturer_id`
WHERE `pharmacy_batches`.`supplier_id` = :pharmacy_batches.supplier_id:
ORDER BY `pharmacy_batches`.`expiry_date` ASC', [...], false)
 4 SYSTEMPATH\Model.php(286): CodeIgniter\Database\BaseBuilder->get()
 5 SYSTEMPATH\BaseModel.php(679): CodeIgniter\Model->doFindAll(0, 0)
 6 APPPATH\Controllers\Pharmacy\Purchases.php(89): CodeIgniter\BaseModel->findAll()
 7 SYSTEMPATH\CodeIgniter.php(933): App\Controllers\Pharmacy\Purchases->bySupplier('5')
 8 SYSTEMPATH\CodeIgniter.php(507): CodeIgniter\CodeIgniter->runController(Object(App\Controllers\Pharmacy\Purchases))
 9 SYSTEMPATH\CodeIgniter.php(354): CodeIgniter\CodeIgniter->handleRequest(null, Object(Config\Cache), false)
10 SYSTEMPATH\Boot.php(334): CodeIgniter\CodeIgniter->run()
11 SYSTEMPATH\Boot.php(67): CodeIgniter\Boot::runCodeIgniter(Object(CodeIgniter\CodeIgniter))
12 FCPATH\index.php(46): CodeIgniter\Boot::bootWeb(Object(Config\Paths))
CRITICAL - 2025-09-10 11:13:31 --> [Caused by] mysqli_sql_exception: Unknown column 'man.manufacturer_name' in 'field list'
in SYSTEMPATH\Database\MySQLi\Connection.php on line 327.
 1 SYSTEMPATH\Database\MySQLi\Connection.php(327): mysqli->query('SELECT `pharmacy_batches`.*, `pm`.`generic_id`, `pm`.`brand_id`, `pm`.`strength`, `pm`.`dosage_form_id`, `pm`.`category_id`, `pm`.`manufacturer_id`, `pb`.`brand_name`, `pg`.`generic_name`, `df`.`name` AS `dosage_form_name`, `cat`.`name` AS `category_name`, `man`.`manufacturer_name`, (pharmacy_batches.initial_quantity) AS total_purchased_qty, (pharmacy_batches.current_stock) AS remaining_qty
FROM `pharmacy_batches`
JOIN `pharmacy_medicines` `pm` ON `pm`.`id` = `pharmacy_batches`.`medicine_id`
JOIN `pharmacy_brands` `pb` ON `pb`.`id` = `pm`.`brand_id`
JOIN `pharmacy_generics` `pg` ON `pg`.`id` = `pm`.`generic_id`
LEFT JOIN `pharmacy_dosage_forms` `df` ON `df`.`id` = `pm`.`dosage_form_id`
LEFT JOIN `pharmacy_categories` `cat` ON `cat`.`id` = `pm`.`category_id`
LEFT JOIN `pharmacy_manufacturers` `man` ON `man`.`id` = `pm`.`manufacturer_id`
WHERE `pharmacy_batches`.`supplier_id` = \'5\'
ORDER BY `pharmacy_batches`.`expiry_date` ASC', 0)
 2 SYSTEMPATH\Database\BaseConnection.php(738): CodeIgniter\Database\MySQLi\Connection->execute('SELECT `pharmacy_batches`.*, `pm`.`generic_id`, `pm`.`brand_id`, `pm`.`strength`, `pm`.`dosage_form_id`, `pm`.`category_id`, `pm`.`manufacturer_id`, `pb`.`brand_name`, `pg`.`generic_name`, `df`.`name` AS `dosage_form_name`, `cat`.`name` AS `category_name`, `man`.`manufacturer_name`, (pharmacy_batches.initial_quantity) AS total_purchased_qty, (pharmacy_batches.current_stock) AS remaining_qty
FROM `pharmacy_batches`
JOIN `pharmacy_medicines` `pm` ON `pm`.`id` = `pharmacy_batches`.`medicine_id`
JOIN `pharmacy_brands` `pb` ON `pb`.`id` = `pm`.`brand_id`
JOIN `pharmacy_generics` `pg` ON `pg`.`id` = `pm`.`generic_id`
LEFT JOIN `pharmacy_dosage_forms` `df` ON `df`.`id` = `pm`.`dosage_form_id`
LEFT JOIN `pharmacy_categories` `cat` ON `cat`.`id` = `pm`.`category_id`
LEFT JOIN `pharmacy_manufacturers` `man` ON `man`.`id` = `pm`.`manufacturer_id`
WHERE `pharmacy_batches`.`supplier_id` = \'5\'
ORDER BY `pharmacy_batches`.`expiry_date` ASC')
 3 SYSTEMPATH\Database\BaseConnection.php(652): CodeIgniter\Database\BaseConnection->simpleQuery('SELECT `pharmacy_batches`.*, `pm`.`generic_id`, `pm`.`brand_id`, `pm`.`strength`, `pm`.`dosage_form_id`, `pm`.`category_id`, `pm`.`manufacturer_id`, `pb`.`brand_name`, `pg`.`generic_name`, `df`.`name` AS `dosage_form_name`, `cat`.`name` AS `category_name`, `man`.`manufacturer_name`, (pharmacy_batches.initial_quantity) AS total_purchased_qty, (pharmacy_batches.current_stock) AS remaining_qty
FROM `pharmacy_batches`
JOIN `pharmacy_medicines` `pm` ON `pm`.`id` = `pharmacy_batches`.`medicine_id`
JOIN `pharmacy_brands` `pb` ON `pb`.`id` = `pm`.`brand_id`
JOIN `pharmacy_generics` `pg` ON `pg`.`id` = `pm`.`generic_id`
LEFT JOIN `pharmacy_dosage_forms` `df` ON `df`.`id` = `pm`.`dosage_form_id`
LEFT JOIN `pharmacy_categories` `cat` ON `cat`.`id` = `pm`.`category_id`
LEFT JOIN `pharmacy_manufacturers` `man` ON `man`.`id` = `pm`.`manufacturer_id`
WHERE `pharmacy_batches`.`supplier_id` = \'5\'
ORDER BY `pharmacy_batches`.`expiry_date` ASC')
 4 SYSTEMPATH\Database\BaseBuilder.php(1649): CodeIgniter\Database\BaseConnection->query('SELECT `pharmacy_batches`.*, `pm`.`generic_id`, `pm`.`brand_id`, `pm`.`strength`, `pm`.`dosage_form_id`, `pm`.`category_id`, `pm`.`manufacturer_id`, `pb`.`brand_name`, `pg`.`generic_name`, `df`.`name` AS `dosage_form_name`, `cat`.`name` AS `category_name`, `man`.`manufacturer_name`, (pharmacy_batches.initial_quantity) AS total_purchased_qty, (pharmacy_batches.current_stock) AS remaining_qty
FROM `pharmacy_batches`
JOIN `pharmacy_medicines` `pm` ON `pm`.`id` = `pharmacy_batches`.`medicine_id`
JOIN `pharmacy_brands` `pb` ON `pb`.`id` = `pm`.`brand_id`
JOIN `pharmacy_generics` `pg` ON `pg`.`id` = `pm`.`generic_id`
LEFT JOIN `pharmacy_dosage_forms` `df` ON `df`.`id` = `pm`.`dosage_form_id`
LEFT JOIN `pharmacy_categories` `cat` ON `cat`.`id` = `pm`.`category_id`
LEFT JOIN `pharmacy_manufacturers` `man` ON `man`.`id` = `pm`.`manufacturer_id`
WHERE `pharmacy_batches`.`supplier_id` = :pharmacy_batches.supplier_id:
ORDER BY `pharmacy_batches`.`expiry_date` ASC', [...], false)
 5 SYSTEMPATH\Model.php(286): CodeIgniter\Database\BaseBuilder->get()
 6 SYSTEMPATH\BaseModel.php(679): CodeIgniter\Model->doFindAll(0, 0)
 7 APPPATH\Controllers\Pharmacy\Purchases.php(89): CodeIgniter\BaseModel->findAll()
 8 SYSTEMPATH\CodeIgniter.php(933): App\Controllers\Pharmacy\Purchases->bySupplier('5')
 9 SYSTEMPATH\CodeIgniter.php(507): CodeIgniter\CodeIgniter->runController(Object(App\Controllers\Pharmacy\Purchases))
10 SYSTEMPATH\CodeIgniter.php(354): CodeIgniter\CodeIgniter->handleRequest(null, Object(Config\Cache), false)
11 SYSTEMPATH\Boot.php(334): CodeIgniter\CodeIgniter->run()
12 SYSTEMPATH\Boot.php(67): CodeIgniter\Boot::runCodeIgniter(Object(CodeIgniter\CodeIgniter))
13 FCPATH\index.php(46): CodeIgniter\Boot::bootWeb(Object(Config\Paths))
DEBUG - 2025-09-10 11:14:48 --> Session: Class initialized using 'CodeIgniter\Session\Handlers\FileHandler' driver.
DEBUG - 2025-09-10 11:14:49 --> Session: Class initialized using 'CodeIgniter\Session\Handlers\FileHandler' driver.
DEBUG - 2025-09-10 11:15:05 --> Session: Class initialized using 'CodeIgniter\Session\Handlers\FileHandler' driver.
DEBUG - 2025-09-10 11:15:53 --> Session: Class initialized using 'CodeIgniter\Session\Handlers\FileHandler' driver.
DEBUG - 2025-09-10 11:15:53 --> Session: Class initialized using 'CodeIgniter\Session\Handlers\FileHandler' driver.
CRITICAL - 2025-09-10 11:15:54 --> ErrorException: unlink(C:\xampp\htdocs\hms_ram\writable\debugbar/debugbar_1757502216.920322.json): No such file or directory
[Method: GET, Route: /]
in SYSTEMPATH\Debug\Toolbar\Collectors\History.php on line 82.
 1 [internal function]: CodeIgniter\Debug\Exceptions->errorHandler(2, 'unlink(C:\\xampp\\htdocs\\hms_ram\\writable\\debugbar/debugbar_1757502216.920322.json): No such file or directory', 'C:\\xampp\\htdocs\\hms_ram\\system\\Debug\\Toolbar\\Collectors\\History.php', 82)
 2 SYSTEMPATH\Debug\Toolbar\Collectors\History.php(82): unlink('C:\\xampp\\htdocs\\hms_ram\\writable\\debugbar/debugbar_1757502216.920322.json')
 3 SYSTEMPATH\Debug\Toolbar.php(517): CodeIgniter\Debug\Toolbar\Collectors\History->setFiles('1757502953.164081', 20)
 4 SYSTEMPATH\Debug\Toolbar.php(496): CodeIgniter\Debug\Toolbar->format([...], 'html')
 5 APPPATH\Config\Events.php(47): CodeIgniter\Debug\Toolbar->respond()
 6 SYSTEMPATH\Events\Events.php(155): CodeIgniter\Events\Events::Config\{closure}()
 7 SYSTEMPATH\CodeIgniter.php(339): CodeIgniter\Events\Events::trigger('pre_system')
 8 SYSTEMPATH\Boot.php(334): CodeIgniter\CodeIgniter->run()
 9 SYSTEMPATH\Boot.php(67): CodeIgniter\Boot::runCodeIgniter(Object(CodeIgniter\CodeIgniter))
10 FCPATH\index.php(46): CodeIgniter\Boot::bootWeb(Object(Config\Paths))
DEBUG - 2025-09-10 11:17:04 --> Session: Class initialized using 'CodeIgniter\Session\Handlers\FileHandler' driver.
DEBUG - 2025-09-10 11:17:10 --> Session: Class initialized using 'CodeIgniter\Session\Handlers\FileHandler' driver.
DEBUG - 2025-09-10 11:17:15 --> Session: Class initialized using 'CodeIgniter\Session\Handlers\FileHandler' driver.
DEBUG - 2025-09-10 11:17:17 --> Session: Class initialized using 'CodeIgniter\Session\Handlers\FileHandler' driver.
DEBUG - 2025-09-10 11:17:18 --> Session: Class initialized using 'CodeIgniter\Session\Handlers\FileHandler' driver.
DEBUG - 2025-09-10 11:18:57 --> Session: Class initialized using 'CodeIgniter\Session\Handlers\FileHandler' driver.
DEBUG - 2025-09-10 11:18:59 --> Session: Class initialized using 'CodeIgniter\Session\Handlers\FileHandler' driver.
DEBUG - 2025-09-10 11:20:56 --> Session: Class initialized using 'CodeIgniter\Session\Handlers\FileHandler' driver.
DEBUG - 2025-09-10 11:21:58 --> Session: Class initialized using 'CodeIgniter\Session\Handlers\FileHandler' driver.
DEBUG - 2025-09-10 11:22:06 --> Session: Class initialized using 'CodeIgniter\Session\Handlers\FileHandler' driver.
DEBUG - 2025-09-10 11:22:30 --> Session: Class initialized using 'CodeIgniter\Session\Handlers\FileHandler' driver.
DEBUG - 2025-09-10 11:22:45 --> Session: Class initialized using 'CodeIgniter\Session\Handlers\FileHandler' driver.
DEBUG - 2025-09-10 11:22:49 --> Session: Class initialized using 'CodeIgniter\Session\Handlers\FileHandler' driver.
DEBUG - 2025-09-10 11:22:52 --> Session: Class initialized using 'CodeIgniter\Session\Handlers\FileHandler' driver.
DEBUG - 2025-09-10 11:23:16 --> Session: Class initialized using 'CodeIgniter\Session\Handlers\FileHandler' driver.
DEBUG - 2025-09-10 11:23:19 --> Session: Class initialized using 'CodeIgniter\Session\Handlers\FileHandler' driver.
DEBUG - 2025-09-10 11:23:21 --> Session: Class initialized using 'CodeIgniter\Session\Handlers\FileHandler' driver.
DEBUG - 2025-09-10 11:23:28 --> Session: Class initialized using 'CodeIgniter\Session\Handlers\FileHandler' driver.
DEBUG - 2025-09-10 11:23:56 --> Session: Class initialized using 'CodeIgniter\Session\Handlers\FileHandler' driver.
DEBUG - 2025-09-10 11:24:28 --> Session: Class initialized using 'CodeIgniter\Session\Handlers\FileHandler' driver.
DEBUG - 2025-09-10 11:24:31 --> Session: Class initialized using 'CodeIgniter\Session\Handlers\FileHandler' driver.
DEBUG - 2025-09-10 11:24:32 --> Session: Class initialized using 'CodeIgniter\Session\Handlers\FileHandler' driver.
DEBUG - 2025-09-10 11:25:11 --> Session: Class initialized using 'CodeIgniter\Session\Handlers\FileHandler' driver.
DEBUG - 2025-09-10 11:25:59 --> Session: Class initialized using 'CodeIgniter\Session\Handlers\FileHandler' driver.
DEBUG - 2025-09-10 11:26:00 --> Session: Class initialized using 'CodeIgniter\Session\Handlers\FileHandler' driver.
DEBUG - 2025-09-10 11:26:01 --> Session: Class initialized using 'CodeIgniter\Session\Handlers\FileHandler' driver.
DEBUG - 2025-09-10 11:26:05 --> Session: Class initialized using 'CodeIgniter\Session\Handlers\FileHandler' driver.
DEBUG - 2025-09-10 11:26:08 --> Session: Class initialized using 'CodeIgniter\Session\Handlers\FileHandler' driver.
DEBUG - 2025-09-10 11:26:10 --> Session: Class initialized using 'CodeIgniter\Session\Handlers\FileHandler' driver.
DEBUG - 2025-09-10 11:26:31 --> Session: Class initialized using 'CodeIgniter\Session\Handlers\FileHandler' driver.
DEBUG - 2025-09-10 11:26:34 --> Session: Class initialized using 'CodeIgniter\Session\Handlers\FileHandler' driver.
DEBUG - 2025-09-10 11:26:35 --> Session: Class initialized using 'CodeIgniter\Session\Handlers\FileHandler' driver.
DEBUG - 2025-09-10 11:26:38 --> Session: Class initialized using 'CodeIgniter\Session\Handlers\FileHandler' driver.
DEBUG - 2025-09-10 11:26:40 --> Session: Class initialized using 'CodeIgniter\Session\Handlers\FileHandler' driver.
CRITICAL - 2025-09-10 11:26:40 --> CodeIgniter\View\Exceptions\ViewException: Invalid file: "pharmacy/purchases/view_batch.php"
[Method: GET, Route: pharmacy/purchases/viewBatch/20]
in SYSTEMPATH\Exceptions\FrameworkException.php on line 39.
 1 SYSTEMPATH\View\View.php(212): CodeIgniter\Exceptions\FrameworkException::forInvalidFile('pharmacy/purchases/view_batch.php')
 2 SYSTEMPATH\Common.php(1173): CodeIgniter\View\View->render('pharmacy/purchases/view_batch', [], true)
 3 APPPATH\Controllers\Pharmacy\Purchases.php(123): view('pharmacy/purchases/view_batch', [...])
 4 SYSTEMPATH\CodeIgniter.php(933): App\Controllers\Pharmacy\Purchases->viewBatch('20')
 5 SYSTEMPATH\CodeIgniter.php(507): CodeIgniter\CodeIgniter->runController(Object(App\Controllers\Pharmacy\Purchases))
 6 SYSTEMPATH\CodeIgniter.php(354): CodeIgniter\CodeIgniter->handleRequest(null, Object(Config\Cache), false)
 7 SYSTEMPATH\Boot.php(334): CodeIgniter\CodeIgniter->run()
 8 SYSTEMPATH\Boot.php(67): CodeIgniter\Boot::runCodeIgniter(Object(CodeIgniter\CodeIgniter))
 9 FCPATH\index.php(46): CodeIgniter\Boot::bootWeb(Object(Config\Paths))
DEBUG - 2025-09-10 11:28:30 --> Session: Class initialized using 'CodeIgniter\Session\Handlers\FileHandler' driver.
DEBUG - 2025-09-10 11:28:45 --> Session: Class initialized using 'CodeIgniter\Session\Handlers\FileHandler' driver.
DEBUG - 2025-09-10 11:28:49 --> Session: Class initialized using 'CodeIgniter\Session\Handlers\FileHandler' driver.
CRITICAL - 2025-09-10 11:28:49 --> ErrorException: Undefined array key "strength"
[Method: GET, Route: pharmacy/purchases/byGeneric/2]
in APPPATH\Views\pharmacy\purchases\by_generic.php on line 35.
 1 APPPATH\Views\pharmacy\purchases\by_generic.php(35): CodeIgniter\Debug\Exceptions->errorHandler(2, 'Undefined array key "strength"', 'C:\\xampp\\htdocs\\hms_ram\\app\\Views\\pharmacy\\purchases\\by_generic.php', 35)
 2 SYSTEMPATH\View\View.php(224): include('C:\\xampp\\htdocs\\hms_ram\\app\\Views\\pharmacy\\purchases\\by_generic.php')
 3 SYSTEMPATH\View\View.php(227): CodeIgniter\View\View->CodeIgniter\View\{closure}()
 4 SYSTEMPATH\Common.php(1173): CodeIgniter\View\View->render('pharmacy/purchases/by_generic', [], true)
 5 APPPATH\Controllers\Pharmacy\Purchases.php(164): view('pharmacy/purchases/by_generic', [...])
 6 SYSTEMPATH\CodeIgniter.php(933): App\Controllers\Pharmacy\Purchases->byGeneric('2')
 7 SYSTEMPATH\CodeIgniter.php(507): CodeIgniter\CodeIgniter->runController(Object(App\Controllers\Pharmacy\Purchases))
 8 SYSTEMPATH\CodeIgniter.php(354): CodeIgniter\CodeIgniter->handleRequest(null, Object(Config\Cache), false)
 9 SYSTEMPATH\Boot.php(334): CodeIgniter\CodeIgniter->run()
10 SYSTEMPATH\Boot.php(67): CodeIgniter\Boot::runCodeIgniter(Object(CodeIgniter\CodeIgniter))
11 FCPATH\index.php(46): CodeIgniter\Boot::bootWeb(Object(Config\Paths))
DEBUG - 2025-09-10 11:29:02 --> Session: Class initialized using 'CodeIgniter\Session\Handlers\FileHandler' driver.
DEBUG - 2025-09-10 11:29:24 --> Session: Class initialized using 'CodeIgniter\Session\Handlers\FileHandler' driver.
DEBUG - 2025-09-10 11:30:02 --> Session: Class initialized using 'CodeIgniter\Session\Handlers\FileHandler' driver.
DEBUG - 2025-09-10 11:30:04 --> Session: Class initialized using 'CodeIgniter\Session\Handlers\FileHandler' driver.
DEBUG - 2025-09-10 11:30:15 --> Session: Class initialized using 'CodeIgniter\Session\Handlers\FileHandler' driver.
CRITICAL - 2025-09-10 11:30:15 --> ErrorException: Undefined array key "brand_name"
[Method: GET, Route: pharmacy/purchases/byGeneric/2]
in APPPATH\Views\pharmacy\purchases\by_generic.php on line 31.
 1 APPPATH\Views\pharmacy\purchases\by_generic.php(31): CodeIgniter\Debug\Exceptions->errorHandler(2, 'Undefined array key "brand_name"', 'C:\\xampp\\htdocs\\hms_ram\\app\\Views\\pharmacy\\purchases\\by_generic.php', 31)
 2 SYSTEMPATH\View\View.php(224): include('C:\\xampp\\htdocs\\hms_ram\\app\\Views\\pharmacy\\purchases\\by_generic.php')
 3 SYSTEMPATH\View\View.php(227): CodeIgniter\View\View->CodeIgniter\View\{closure}()
 4 SYSTEMPATH\Common.php(1173): CodeIgniter\View\View->render('pharmacy/purchases/by_generic', [], true)
 5 APPPATH\Controllers\Pharmacy\Purchases.php(168): view('pharmacy/purchases/by_generic', [...])
 6 SYSTEMPATH\CodeIgniter.php(933): App\Controllers\Pharmacy\Purchases->byGeneric('2')
 7 SYSTEMPATH\CodeIgniter.php(507): CodeIgniter\CodeIgniter->runController(Object(App\Controllers\Pharmacy\Purchases))
 8 SYSTEMPATH\CodeIgniter.php(354): CodeIgniter\CodeIgniter->handleRequest(null, Object(Config\Cache), false)
 9 SYSTEMPATH\Boot.php(334): CodeIgniter\CodeIgniter->run()
10 SYSTEMPATH\Boot.php(67): CodeIgniter\Boot::runCodeIgniter(Object(CodeIgniter\CodeIgniter))
11 FCPATH\index.php(46): CodeIgniter\Boot::bootWeb(Object(Config\Paths))
DEBUG - 2025-09-10 11:30:44 --> Session: Class initialized using 'CodeIgniter\Session\Handlers\FileHandler' driver.
CRITICAL - 2025-09-10 11:30:44 --> ErrorException: Undefined array key "brand_name"
[Method: GET, Route: pharmacy/purchases/byGeneric/2]
in APPPATH\Views\pharmacy\purchases\by_generic.php on line 31.
 1 APPPATH\Views\pharmacy\purchases\by_generic.php(31): CodeIgniter\Debug\Exceptions->errorHandler(2, 'Undefined array key "brand_name"', 'C:\\xampp\\htdocs\\hms_ram\\app\\Views\\pharmacy\\purchases\\by_generic.php', 31)
 2 SYSTEMPATH\View\View.php(224): include('C:\\xampp\\htdocs\\hms_ram\\app\\Views\\pharmacy\\purchases\\by_generic.php')
 3 SYSTEMPATH\View\View.php(227): CodeIgniter\View\View->CodeIgniter\View\{closure}()
 4 SYSTEMPATH\Common.php(1173): CodeIgniter\View\View->render('pharmacy/purchases/by_generic', [], true)
 5 APPPATH\Controllers\Pharmacy\Purchases.php(171): view('pharmacy/purchases/by_generic', [...])
 6 SYSTEMPATH\CodeIgniter.php(933): App\Controllers\Pharmacy\Purchases->byGeneric('2')
 7 SYSTEMPATH\CodeIgniter.php(507): CodeIgniter\CodeIgniter->runController(Object(App\Controllers\Pharmacy\Purchases))
 8 SYSTEMPATH\CodeIgniter.php(354): CodeIgniter\CodeIgniter->handleRequest(null, Object(Config\Cache), false)
 9 SYSTEMPATH\Boot.php(334): CodeIgniter\CodeIgniter->run()
10 SYSTEMPATH\Boot.php(67): CodeIgniter\Boot::runCodeIgniter(Object(CodeIgniter\CodeIgniter))
11 FCPATH\index.php(46): CodeIgniter\Boot::bootWeb(Object(Config\Paths))
DEBUG - 2025-09-10 11:30:47 --> Session: Class initialized using 'CodeIgniter\Session\Handlers\FileHandler' driver.
CRITICAL - 2025-09-10 11:30:47 --> ErrorException: Undefined array key "brand_name"
[Method: GET, Route: pharmacy/purchases/byGeneric/2]
in APPPATH\Views\pharmacy\purchases\by_generic.php on line 31.
 1 APPPATH\Views\pharmacy\purchases\by_generic.php(31): CodeIgniter\Debug\Exceptions->errorHandler(2, 'Undefined array key "brand_name"', 'C:\\xampp\\htdocs\\hms_ram\\app\\Views\\pharmacy\\purchases\\by_generic.php', 31)
 2 SYSTEMPATH\View\View.php(224): include('C:\\xampp\\htdocs\\hms_ram\\app\\Views\\pharmacy\\purchases\\by_generic.php')
 3 SYSTEMPATH\View\View.php(227): CodeIgniter\View\View->CodeIgniter\View\{closure}()
 4 SYSTEMPATH\Common.php(1173): CodeIgniter\View\View->render('pharmacy/purchases/by_generic', [], true)
 5 APPPATH\Controllers\Pharmacy\Purchases.php(171): view('pharmacy/purchases/by_generic', [...])
 6 SYSTEMPATH\CodeIgniter.php(933): App\Controllers\Pharmacy\Purchases->byGeneric('2')
 7 SYSTEMPATH\CodeIgniter.php(507): CodeIgniter\CodeIgniter->runController(Object(App\Controllers\Pharmacy\Purchases))
 8 SYSTEMPATH\CodeIgniter.php(354): CodeIgniter\CodeIgniter->handleRequest(null, Object(Config\Cache), false)
 9 SYSTEMPATH\Boot.php(334): CodeIgniter\CodeIgniter->run()
10 SYSTEMPATH\Boot.php(67): CodeIgniter\Boot::runCodeIgniter(Object(CodeIgniter\CodeIgniter))
11 FCPATH\index.php(46): CodeIgniter\Boot::bootWeb(Object(Config\Paths))
DEBUG - 2025-09-10 11:31:21 --> Session: Class initialized using 'CodeIgniter\Session\Handlers\FileHandler' driver.
DEBUG - 2025-09-10 11:31:24 --> Session: Class initialized using 'CodeIgniter\Session\Handlers\FileHandler' driver.
DEBUG - 2025-09-10 11:31:34 --> Session: Class initialized using 'CodeIgniter\Session\Handlers\FileHandler' driver.
DEBUG - 2025-09-10 11:31:47 --> Session: Class initialized using 'CodeIgniter\Session\Handlers\FileHandler' driver.
DEBUG - 2025-09-10 11:31:52 --> Session: Class initialized using 'CodeIgniter\Session\Handlers\FileHandler' driver.
DEBUG - 2025-09-10 11:31:53 --> Session: Class initialized using 'CodeIgniter\Session\Handlers\FileHandler' driver.
DEBUG - 2025-09-10 11:31:54 --> Session: Class initialized using 'CodeIgniter\Session\Handlers\FileHandler' driver.
DEBUG - 2025-09-10 11:31:56 --> Session: Class initialized using 'CodeIgniter\Session\Handlers\FileHandler' driver.
DEBUG - 2025-09-10 11:32:02 --> Session: Class initialized using 'CodeIgniter\Session\Handlers\FileHandler' driver.
CRITICAL - 2025-09-10 11:32:02 --> ErrorException: Undefined array key "brand_name"
[Method: GET, Route: pharmacy/purchases/byGeneric/2]
in APPPATH\Views\pharmacy\purchases\by_generic.php on line 31.
 1 APPPATH\Views\pharmacy\purchases\by_generic.php(31): CodeIgniter\Debug\Exceptions->errorHandler(2, 'Undefined array key "brand_name"', 'C:\\xampp\\htdocs\\hms_ram\\app\\Views\\pharmacy\\purchases\\by_generic.php', 31)
 2 SYSTEMPATH\View\View.php(224): include('C:\\xampp\\htdocs\\hms_ram\\app\\Views\\pharmacy\\purchases\\by_generic.php')
 3 SYSTEMPATH\View\View.php(227): CodeIgniter\View\View->CodeIgniter\View\{closure}()
 4 SYSTEMPATH\Common.php(1173): CodeIgniter\View\View->render('pharmacy/purchases/by_generic', [], true)
 5 APPPATH\Controllers\Pharmacy\Purchases.php(171): view('pharmacy/purchases/by_generic', [...])
 6 SYSTEMPATH\CodeIgniter.php(933): App\Controllers\Pharmacy\Purchases->byGeneric('2')
 7 SYSTEMPATH\CodeIgniter.php(507): CodeIgniter\CodeIgniter->runController(Object(App\Controllers\Pharmacy\Purchases))
 8 SYSTEMPATH\CodeIgniter.php(354): CodeIgniter\CodeIgniter->handleRequest(null, Object(Config\Cache), false)
 9 SYSTEMPATH\Boot.php(334): CodeIgniter\CodeIgniter->run()
10 SYSTEMPATH\Boot.php(67): CodeIgniter\Boot::runCodeIgniter(Object(CodeIgniter\CodeIgniter))
11 FCPATH\index.php(46): CodeIgniter\Boot::bootWeb(Object(Config\Paths))
DEBUG - 2025-09-10 11:33:38 --> Session: Class initialized using 'CodeIgniter\Session\Handlers\FileHandler' driver.
DEBUG - 2025-09-10 11:33:39 --> Session: Class initialized using 'CodeIgniter\Session\Handlers\FileHandler' driver.
CRITICAL - 2025-09-10 11:33:39 --> ErrorException: Undefined array key "brand_name"
[Method: GET, Route: pharmacy/purchases/byGeneric/2]
in APPPATH\Views\pharmacy\purchases\by_generic.php on line 31.
 1 APPPATH\Views\pharmacy\purchases\by_generic.php(31): CodeIgniter\Debug\Exceptions->errorHandler(2, 'Undefined array key "brand_name"', 'C:\\xampp\\htdocs\\hms_ram\\app\\Views\\pharmacy\\purchases\\by_generic.php', 31)
 2 SYSTEMPATH\View\View.php(224): include('C:\\xampp\\htdocs\\hms_ram\\app\\Views\\pharmacy\\purchases\\by_generic.php')
 3 SYSTEMPATH\View\View.php(227): CodeIgniter\View\View->CodeIgniter\View\{closure}()
 4 SYSTEMPATH\Common.php(1173): CodeIgniter\View\View->render('pharmacy/purchases/by_generic', [], true)
 5 APPPATH\Controllers\Pharmacy\Purchases.php(174): view('pharmacy/purchases/by_generic', [...])
 6 SYSTEMPATH\CodeIgniter.php(933): App\Controllers\Pharmacy\Purchases->byGeneric('2')
 7 SYSTEMPATH\CodeIgniter.php(507): CodeIgniter\CodeIgniter->runController(Object(App\Controllers\Pharmacy\Purchases))
 8 SYSTEMPATH\CodeIgniter.php(354): CodeIgniter\CodeIgniter->handleRequest(null, Object(Config\Cache), false)
 9 SYSTEMPATH\Boot.php(334): CodeIgniter\CodeIgniter->run()
10 SYSTEMPATH\Boot.php(67): CodeIgniter\Boot::runCodeIgniter(Object(CodeIgniter\CodeIgniter))
11 FCPATH\index.php(46): CodeIgniter\Boot::bootWeb(Object(Config\Paths))
DEBUG - 2025-09-10 11:33:41 --> Session: Class initialized using 'CodeIgniter\Session\Handlers\FileHandler' driver.
CRITICAL - 2025-09-10 11:33:41 --> ErrorException: Undefined array key "brand_name"
[Method: GET, Route: pharmacy/purchases/byGeneric/2]
in APPPATH\Views\pharmacy\purchases\by_generic.php on line 31.
 1 APPPATH\Views\pharmacy\purchases\by_generic.php(31): CodeIgniter\Debug\Exceptions->errorHandler(2, 'Undefined array key "brand_name"', 'C:\\xampp\\htdocs\\hms_ram\\app\\Views\\pharmacy\\purchases\\by_generic.php', 31)
 2 SYSTEMPATH\View\View.php(224): include('C:\\xampp\\htdocs\\hms_ram\\app\\Views\\pharmacy\\purchases\\by_generic.php')
 3 SYSTEMPATH\View\View.php(227): CodeIgniter\View\View->CodeIgniter\View\{closure}()
 4 SYSTEMPATH\Common.php(1173): CodeIgniter\View\View->render('pharmacy/purchases/by_generic', [], true)
 5 APPPATH\Controllers\Pharmacy\Purchases.php(174): view('pharmacy/purchases/by_generic', [...])
 6 SYSTEMPATH\CodeIgniter.php(933): App\Controllers\Pharmacy\Purchases->byGeneric('2')
 7 SYSTEMPATH\CodeIgniter.php(507): CodeIgniter\CodeIgniter->runController(Object(App\Controllers\Pharmacy\Purchases))
 8 SYSTEMPATH\CodeIgniter.php(354): CodeIgniter\CodeIgniter->handleRequest(null, Object(Config\Cache), false)
 9 SYSTEMPATH\Boot.php(334): CodeIgniter\CodeIgniter->run()
10 SYSTEMPATH\Boot.php(67): CodeIgniter\Boot::runCodeIgniter(Object(CodeIgniter\CodeIgniter))
11 FCPATH\index.php(46): CodeIgniter\Boot::bootWeb(Object(Config\Paths))
DEBUG - 2025-09-10 11:41:26 --> Session: Class initialized using 'CodeIgniter\Session\Handlers\FileHandler' driver.
DEBUG - 2025-09-10 11:41:30 --> Session: Class initialized using 'CodeIgniter\Session\Handlers\FileHandler' driver.
DEBUG - 2025-09-10 11:41:43 --> Session: Class initialized using 'CodeIgniter\Session\Handlers\FileHandler' driver.
DEBUG - 2025-09-10 11:41:48 --> Session: Class initialized using 'CodeIgniter\Session\Handlers\FileHandler' driver.
DEBUG - 2025-09-10 11:41:51 --> Session: Class initialized using 'CodeIgniter\Session\Handlers\FileHandler' driver.
DEBUG - 2025-09-10 11:42:09 --> Session: Class initialized using 'CodeIgniter\Session\Handlers\FileHandler' driver.
DEBUG - 2025-09-10 11:42:12 --> Session: Class initialized using 'CodeIgniter\Session\Handlers\FileHandler' driver.
DEBUG - 2025-09-10 11:42:18 --> Session: Class initialized using 'CodeIgniter\Session\Handlers\FileHandler' driver.
DEBUG - 2025-09-10 11:42:19 --> Session: Class initialized using 'CodeIgniter\Session\Handlers\FileHandler' driver.
DEBUG - 2025-09-10 11:42:20 --> Session: Class initialized using 'CodeIgniter\Session\Handlers\FileHandler' driver.
DEBUG - 2025-09-10 11:42:21 --> Session: Class initialized using 'CodeIgniter\Session\Handlers\FileHandler' driver.
DEBUG - 2025-09-10 11:42:22 --> Session: Class initialized using 'CodeIgniter\Session\Handlers\FileHandler' driver.
DEBUG - 2025-09-10 11:42:23 --> Session: Class initialized using 'CodeIgniter\Session\Handlers\FileHandler' driver.
DEBUG - 2025-09-10 11:42:24 --> Session: Class initialized using 'CodeIgniter\Session\Handlers\FileHandler' driver.
DEBUG - 2025-09-10 11:42:25 --> Session: Class initialized using 'CodeIgniter\Session\Handlers\FileHandler' driver.
DEBUG - 2025-09-10 11:42:32 --> Session: Class initialized using 'CodeIgniter\Session\Handlers\FileHandler' driver.
DEBUG - 2025-09-10 11:42:37 --> Session: Class initialized using 'CodeIgniter\Session\Handlers\FileHandler' driver.
DEBUG - 2025-09-10 11:42:40 --> Session: Class initialized using 'CodeIgniter\Session\Handlers\FileHandler' driver.
DEBUG - 2025-09-10 11:42:41 --> Session: Class initialized using 'CodeIgniter\Session\Handlers\FileHandler' driver.
DEBUG - 2025-09-10 11:42:55 --> Session: Class initialized using 'CodeIgniter\Session\Handlers\FileHandler' driver.
DEBUG - 2025-09-10 11:42:58 --> Session: Class initialized using 'CodeIgniter\Session\Handlers\FileHandler' driver.
DEBUG - 2025-09-10 11:43:01 --> Session: Class initialized using 'CodeIgniter\Session\Handlers\FileHandler' driver.
DEBUG - 2025-09-10 11:43:23 --> Session: Class initialized using 'CodeIgniter\Session\Handlers\FileHandler' driver.
DEBUG - 2025-09-10 11:43:23 --> Session: Class initialized using 'CodeIgniter\Session\Handlers\FileHandler' driver.
DEBUG - 2025-09-10 11:43:31 --> Session: Class initialized using 'CodeIgniter\Session\Handlers\FileHandler' driver.
DEBUG - 2025-09-10 11:43:32 --> Session: Class initialized using 'CodeIgniter\Session\Handlers\FileHandler' driver.
DEBUG - 2025-09-10 11:44:08 --> Session: Class initialized using 'CodeIgniter\Session\Handlers\FileHandler' driver.
DEBUG - 2025-09-10 11:44:11 --> Session: Class initialized using 'CodeIgniter\Session\Handlers\FileHandler' driver.
DEBUG - 2025-09-10 11:44:16 --> Session: Class initialized using 'CodeIgniter\Session\Handlers\FileHandler' driver.
DEBUG - 2025-09-10 11:44:21 --> Session: Class initialized using 'CodeIgniter\Session\Handlers\FileHandler' driver.
DEBUG - 2025-09-10 11:44:36 --> Session: Class initialized using 'CodeIgniter\Session\Handlers\FileHandler' driver.
DEBUG - 2025-09-10 11:44:36 --> Session: Class initialized using 'CodeIgniter\Session\Handlers\FileHandler' driver.
DEBUG - 2025-09-10 11:44:46 --> Session: Class initialized using 'CodeIgniter\Session\Handlers\FileHandler' driver.
DEBUG - 2025-09-10 11:44:57 --> Session: Class initialized using 'CodeIgniter\Session\Handlers\FileHandler' driver.
DEBUG - 2025-09-10 11:45:18 --> Session: Class initialized using 'CodeIgniter\Session\Handlers\FileHandler' driver.
DEBUG - 2025-09-10 11:45:25 --> Session: Class initialized using 'CodeIgniter\Session\Handlers\FileHandler' driver.
DEBUG - 2025-09-10 11:45:27 --> Session: Class initialized using 'CodeIgniter\Session\Handlers\FileHandler' driver.
DEBUG - 2025-09-10 11:46:36 --> Session: Class initialized using 'CodeIgniter\Session\Handlers\FileHandler' driver.
DEBUG - 2025-09-10 11:46:43 --> Session: Class initialized using 'CodeIgniter\Session\Handlers\FileHandler' driver.
DEBUG - 2025-09-10 11:47:16 --> Session: Class initialized using 'CodeIgniter\Session\Handlers\FileHandler' driver.
DEBUG - 2025-09-10 11:47:18 --> Session: Class initialized using 'CodeIgniter\Session\Handlers\FileHandler' driver.
DEBUG - 2025-09-10 11:47:53 --> Session: Class initialized using 'CodeIgniter\Session\Handlers\FileHandler' driver.
DEBUG - 2025-09-10 11:48:11 --> Session: Class initialized using 'CodeIgniter\Session\Handlers\FileHandler' driver.
DEBUG - 2025-09-10 11:48:31 --> Session: Class initialized using 'CodeIgniter\Session\Handlers\FileHandler' driver.
DEBUG - 2025-09-10 11:49:08 --> Session: Class initialized using 'CodeIgniter\Session\Handlers\FileHandler' driver.
DEBUG - 2025-09-10 11:49:11 --> Session: Class initialized using 'CodeIgniter\Session\Handlers\FileHandler' driver.
DEBUG - 2025-09-10 11:49:13 --> Session: Class initialized using 'CodeIgniter\Session\Handlers\FileHandler' driver.
DEBUG - 2025-09-10 11:49:14 --> Session: Class initialized using 'CodeIgniter\Session\Handlers\FileHandler' driver.
DEBUG - 2025-09-10 11:49:32 --> Session: Class initialized using 'CodeIgniter\Session\Handlers\FileHandler' driver.
DEBUG - 2025-09-10 11:49:39 --> Session: Class initialized using 'CodeIgniter\Session\Handlers\FileHandler' driver.
DEBUG - 2025-09-10 11:49:43 --> Session: Class initialized using 'CodeIgniter\Session\Handlers\FileHandler' driver.
DEBUG - 2025-09-10 11:50:38 --> Session: Class initialized using 'CodeIgniter\Session\Handlers\FileHandler' driver.
DEBUG - 2025-09-10 11:50:39 --> Session: Class initialized using 'CodeIgniter\Session\Handlers\FileHandler' driver.
DEBUG - 2025-09-10 11:50:51 --> Session: Class initialized using 'CodeIgniter\Session\Handlers\FileHandler' driver.
DEBUG - 2025-09-10 11:50:53 --> Session: Class initialized using 'CodeIgniter\Session\Handlers\FileHandler' driver.
DEBUG - 2025-09-10 11:51:01 --> Session: Class initialized using 'CodeIgniter\Session\Handlers\FileHandler' driver.
DEBUG - 2025-09-10 11:51:02 --> Session: Class initialized using 'CodeIgniter\Session\Handlers\FileHandler' driver.
DEBUG - 2025-09-10 11:51:36 --> Session: Class initialized using 'CodeIgniter\Session\Handlers\FileHandler' driver.
DEBUG - 2025-09-10 11:51:36 --> Session: Class initialized using 'CodeIgniter\Session\Handlers\FileHandler' driver.
DEBUG - 2025-09-10 11:51:51 --> Session: Class initialized using 'CodeIgniter\Session\Handlers\FileHandler' driver.
DEBUG - 2025-09-10 11:51:52 --> Session: Class initialized using 'CodeIgniter\Session\Handlers\FileHandler' driver.
DEBUG - 2025-09-10 11:51:53 --> Session: Class initialized using 'CodeIgniter\Session\Handlers\FileHandler' driver.
DEBUG - 2025-09-10 11:52:06 --> Session: Class initialized using 'CodeIgniter\Session\Handlers\FileHandler' driver.
DEBUG - 2025-09-10 11:52:07 --> Session: Class initialized using 'CodeIgniter\Session\Handlers\FileHandler' driver.
DEBUG - 2025-09-10 11:52:35 --> Session: Class initialized using 'CodeIgniter\Session\Handlers\FileHandler' driver.
DEBUG - 2025-09-10 11:52:35 --> Session: Class initialized using 'CodeIgniter\Session\Handlers\FileHandler' driver.
DEBUG - 2025-09-10 11:52:38 --> Session: Class initialized using 'CodeIgniter\Session\Handlers\FileHandler' driver.
DEBUG - 2025-09-10 11:52:39 --> Session: Class initialized using 'CodeIgniter\Session\Handlers\FileHandler' driver.
DEBUG - 2025-09-10 11:52:40 --> Session: Class initialized using 'CodeIgniter\Session\Handlers\FileHandler' driver.
DEBUG - 2025-09-10 11:52:45 --> Session: Class initialized using 'CodeIgniter\Session\Handlers\FileHandler' driver.
DEBUG - 2025-09-10 11:53:36 --> Session: Class initialized using 'CodeIgniter\Session\Handlers\FileHandler' driver.
DEBUG - 2025-09-10 11:53:39 --> Session: Class initialized using 'CodeIgniter\Session\Handlers\FileHandler' driver.
DEBUG - 2025-09-10 11:53:43 --> Session: Class initialized using 'CodeIgniter\Session\Handlers\FileHandler' driver.
DEBUG - 2025-09-10 11:53:51 --> Session: Class initialized using 'CodeIgniter\Session\Handlers\FileHandler' driver.
DEBUG - 2025-09-10 11:53:53 --> Session: Class initialized using 'CodeIgniter\Session\Handlers\FileHandler' driver.
DEBUG - 2025-09-10 11:53:59 --> Session: Class initialized using 'CodeIgniter\Session\Handlers\FileHandler' driver.
DEBUG - 2025-09-10 11:54:02 --> Session: Class initialized using 'CodeIgniter\Session\Handlers\FileHandler' driver.
DEBUG - 2025-09-10 11:54:03 --> Session: Class initialized using 'CodeIgniter\Session\Handlers\FileHandler' driver.
DEBUG - 2025-09-10 11:54:44 --> Session: Class initialized using 'CodeIgniter\Session\Handlers\FileHandler' driver.
DEBUG - 2025-09-10 11:54:47 --> Session: Class initialized using 'CodeIgniter\Session\Handlers\FileHandler' driver.
DEBUG - 2025-09-10 11:54:49 --> Session: Class initialized using 'CodeIgniter\Session\Handlers\FileHandler' driver.
DEBUG - 2025-09-10 11:55:04 --> Session: Class initialized using 'CodeIgniter\Session\Handlers\FileHandler' driver.
DEBUG - 2025-09-10 11:55:10 --> Session: Class initialized using 'CodeIgniter\Session\Handlers\FileHandler' driver.
DEBUG - 2025-09-10 11:55:21 --> Session: Class initialized using 'CodeIgniter\Session\Handlers\FileHandler' driver.
DEBUG - 2025-09-10 11:55:30 --> Session: Class initialized using 'CodeIgniter\Session\Handlers\FileHandler' driver.
DEBUG - 2025-09-10 11:55:34 --> Session: Class initialized using 'CodeIgniter\Session\Handlers\FileHandler' driver.
DEBUG - 2025-09-10 11:56:35 --> Session: Class initialized using 'CodeIgniter\Session\Handlers\FileHandler' driver.
DEBUG - 2025-09-10 11:56:41 --> Session: Class initialized using 'CodeIgniter\Session\Handlers\FileHandler' driver.
DEBUG - 2025-09-10 11:56:44 --> Session: Class initialized using 'CodeIgniter\Session\Handlers\FileHandler' driver.
DEBUG - 2025-09-10 11:57:01 --> Session: Class initialized using 'CodeIgniter\Session\Handlers\FileHandler' driver.
DEBUG - 2025-09-10 11:57:07 --> Session: Class initialized using 'CodeIgniter\Session\Handlers\FileHandler' driver.
DEBUG - 2025-09-10 11:57:08 --> Session: Class initialized using 'CodeIgniter\Session\Handlers\FileHandler' driver.
DEBUG - 2025-09-10 11:57:09 --> Session: Class initialized using 'CodeIgniter\Session\Handlers\FileHandler' driver.
DEBUG - 2025-09-10 11:58:49 --> Session: Class initialized using 'CodeIgniter\Session\Handlers\FileHandler' driver.
DEBUG - 2025-09-10 11:58:52 --> Session: Class initialized using 'CodeIgniter\Session\Handlers\FileHandler' driver.
DEBUG - 2025-09-10 11:59:41 --> Session: Class initialized using 'CodeIgniter\Session\Handlers\FileHandler' driver.
DEBUG - 2025-09-10 12:00:05 --> Session: Class initialized using 'CodeIgniter\Session\Handlers\FileHandler' driver.
DEBUG - 2025-09-10 12:00:11 --> Session: Class initialized using 'CodeIgniter\Session\Handlers\FileHandler' driver.
DEBUG - 2025-09-10 12:00:20 --> Session: Class initialized using 'CodeIgniter\Session\Handlers\FileHandler' driver.
DEBUG - 2025-09-10 12:00:29 --> Session: Class initialized using 'CodeIgniter\Session\Handlers\FileHandler' driver.
DEBUG - 2025-09-10 12:00:36 --> Session: Class initialized using 'CodeIgniter\Session\Handlers\FileHandler' driver.
DEBUG - 2025-09-10 12:00:44 --> Session: Class initialized using 'CodeIgniter\Session\Handlers\FileHandler' driver.
DEBUG - 2025-09-10 12:01:05 --> Session: Class initialized using 'CodeIgniter\Session\Handlers\FileHandler' driver.
DEBUG - 2025-09-10 12:01:14 --> Session: Class initialized using 'CodeIgniter\Session\Handlers\FileHandler' driver.
DEBUG - 2025-09-10 12:01:22 --> Session: Class initialized using 'CodeIgniter\Session\Handlers\FileHandler' driver.
DEBUG - 2025-09-10 12:01:28 --> Session: Class initialized using 'CodeIgniter\Session\Handlers\FileHandler' driver.
DEBUG - 2025-09-10 12:02:41 --> Session: Class initialized using 'CodeIgniter\Session\Handlers\FileHandler' driver.
DEBUG - 2025-09-10 12:02:44 --> Session: Class initialized using 'CodeIgniter\Session\Handlers\FileHandler' driver.
DEBUG - 2025-09-10 12:04:24 --> Session: Class initialized using 'CodeIgniter\Session\Handlers\FileHandler' driver.
DEBUG - 2025-09-10 12:18:24 --> Session: Class initialized using 'CodeIgniter\Session\Handlers\FileHandler' driver.
DEBUG - 2025-09-10 12:21:25 --> Session: Class initialized using 'CodeIgniter\Session\Handlers\FileHandler' driver.
DEBUG - 2025-09-10 12:21:25 --> Session: Class initialized using 'CodeIgniter\Session\Handlers\FileHandler' driver.
DEBUG - 2025-09-10 12:21:25 --> Session: Class initialized using 'CodeIgniter\Session\Handlers\FileHandler' driver.
CRITICAL - 2025-09-10 12:21:26 --> ErrorException: unlink(C:\xampp\htdocs\hms_ram\writable\debugbar/debugbar_1757505581.487883.json): No such file or directory
[Method: GET, Route: /]
in SYSTEMPATH\Debug\Toolbar\Collectors\History.php on line 82.
 1 [internal function]: CodeIgniter\Debug\Exceptions->errorHandler(2, 'unlink(C:\\xampp\\htdocs\\hms_ram\\writable\\debugbar/debugbar_1757505581.487883.json): No such file or directory', 'C:\\xampp\\htdocs\\hms_ram\\system\\Debug\\Toolbar\\Collectors\\History.php', 82)
 2 SYSTEMPATH\Debug\Toolbar\Collectors\History.php(82): unlink('C:\\xampp\\htdocs\\hms_ram\\writable\\debugbar/debugbar_1757505581.487883.json')
 3 SYSTEMPATH\Debug\Toolbar.php(517): CodeIgniter\Debug\Toolbar\Collectors\History->setFiles('1757506885.548771', 20)
 4 SYSTEMPATH\Debug\Toolbar.php(496): CodeIgniter\Debug\Toolbar->format([...], 'html')
 5 APPPATH\Config\Events.php(47): CodeIgniter\Debug\Toolbar->respond()
 6 SYSTEMPATH\Events\Events.php(155): CodeIgniter\Events\Events::Config\{closure}()
 7 SYSTEMPATH\CodeIgniter.php(339): CodeIgniter\Events\Events::trigger('pre_system')
 8 SYSTEMPATH\Boot.php(334): CodeIgniter\CodeIgniter->run()
 9 SYSTEMPATH\Boot.php(67): CodeIgniter\Boot::runCodeIgniter(Object(CodeIgniter\CodeIgniter))
10 FCPATH\index.php(46): CodeIgniter\Boot::bootWeb(Object(Config\Paths))
DEBUG - 2025-09-10 12:21:29 --> Session: Class initialized using 'CodeIgniter\Session\Handlers\FileHandler' driver.
DEBUG - 2025-09-10 12:21:35 --> Session: Class initialized using 'CodeIgniter\Session\Handlers\FileHandler' driver.
DEBUG - 2025-09-10 12:22:08 --> Session: Class initialized using 'CodeIgniter\Session\Handlers\FileHandler' driver.
DEBUG - 2025-09-10 12:22:58 --> Session: Class initialized using 'CodeIgniter\Session\Handlers\FileHandler' driver.
DEBUG - 2025-09-10 12:23:01 --> Session: Class initialized using 'CodeIgniter\Session\Handlers\FileHandler' driver.
DEBUG - 2025-09-10 12:23:03 --> Session: Class initialized using 'CodeIgniter\Session\Handlers\FileHandler' driver.
DEBUG - 2025-09-10 12:23:12 --> Session: Class initialized using 'CodeIgniter\Session\Handlers\FileHandler' driver.
DEBUG - 2025-09-10 12:23:16 --> Session: Class initialized using 'CodeIgniter\Session\Handlers\FileHandler' driver.
DEBUG - 2025-09-10 12:23:32 --> Session: Class initialized using 'CodeIgniter\Session\Handlers\FileHandler' driver.
DEBUG - 2025-09-10 12:23:35 --> Session: Class initialized using 'CodeIgniter\Session\Handlers\FileHandler' driver.
DEBUG - 2025-09-10 12:23:37 --> Session: Class initialized using 'CodeIgniter\Session\Handlers\FileHandler' driver.
DEBUG - 2025-09-10 12:25:55 --> Session: Class initialized using 'CodeIgniter\Session\Handlers\FileHandler' driver.
DEBUG - 2025-09-10 12:26:02 --> Session: Class initialized using 'CodeIgniter\Session\Handlers\FileHandler' driver.
DEBUG - 2025-09-10 12:26:39 --> Session: Class initialized using 'CodeIgniter\Session\Handlers\FileHandler' driver.
DEBUG - 2025-09-10 12:26:43 --> Session: Class initialized using 'CodeIgniter\Session\Handlers\FileHandler' driver.
DEBUG - 2025-09-10 12:27:03 --> Session: Class initialized using 'CodeIgniter\Session\Handlers\FileHandler' driver.
DEBUG - 2025-09-10 12:32:47 --> Session: Class initialized using 'CodeIgniter\Session\Handlers\FileHandler' driver.
