DEBUG - 2025-09-16 03:52:39 --> Session: Class initialized using 'CodeIgniter\Session\Handlers\FileHandler' driver.
ERROR - 2025-09-16 03:52:41 --> mysqli_sql_exception: MySQL server has gone away in C:\xampp\htdocs\hms_ram\system\Database\MySQLi\Connection.php:327
Stack trace:
#0 C:\xampp\htdocs\hms_ram\system\Database\MySQLi\Connection.php(327): mysqli->query('\r\n        SELEC...', 0)
#1 C:\xampp\htdocs\hms_ram\system\Database\BaseConnection.php(738): CodeIgniter\Database\MySQLi\Connection->execute('\r\n        SELEC...')
#2 C:\xampp\htdocs\hms_ram\system\Database\BaseConnection.php(652): CodeIgniter\Database\BaseConnection->simpleQuery('\r\n        SELEC...')
#3 C:\xampp\htdocs\hms_ram\app\Controllers\Pharmacy\Sales.php(688): CodeIgniter\Database\BaseConnection->query('\r\n        SELEC...', Array)
#4 C:\xampp\htdocs\hms_ram\system\CodeIgniter.php(933): App\Controllers\Pharmacy\Sales->printInvoice('PHM-IP-20250913...')
#5 C:\xampp\htdocs\hms_ram\system\CodeIgniter.php(507): CodeIgniter\CodeIgniter->runController(Object(App\Controllers\Pharmacy\Sales))
#6 C:\xampp\htdocs\hms_ram\system\CodeIgniter.php(354): CodeIgniter\CodeIgniter->handleRequest(NULL, Object(Config\Cache), false)
#7 C:\xampp\htdocs\hms_ram\system\Boot.php(334): CodeIgniter\CodeIgniter->run()
#8 C:\xampp\htdocs\hms_ram\system\Boot.php(67): CodeIgniter\Boot::runCodeIgniter(Object(CodeIgniter\CodeIgniter))
#9 C:\xampp\htdocs\hms_ram\index.php(46): CodeIgniter\Boot::bootWeb(Object(Config\Paths))
#10 {main}
CRITICAL - 2025-09-16 03:52:41 --> CodeIgniter\Database\Exceptions\DatabaseException: MySQL server has gone away
[Method: GET, Route: pharmacy/sales/printInvoice/PHM-IP-20250913-00023]
in SYSTEMPATH\Database\BaseConnection.php on line 692.
 1 APPPATH\Controllers\Pharmacy\Sales.php(688): CodeIgniter\Database\BaseConnection->query('
        SELECT
            psi.*,
            pg.generic_name,
            pb.brand_name,
            pm.strength,
            pm.hsn_code,
            pm.gst_rate,
            b.batch_number,
            b.expiry_date,
            um.name AS unit_of_measure
        FROM pharmacy_sale_items psi
        JOIN pharmacy_medicines pm ON pm.id = psi.medicine_id
        JOIN pharmacy_generics pg ON pg.id = pm.generic_id
        JOIN pharmacy_brands pb ON pb.id = pm.brand_id
        JOIN pharmacy_batches b ON b.id = psi.batch_id
        LEFT JOIN pharmacy_units_of_measure um ON um.id = pm.unit_of_measure_id
        WHERE psi.billing_id = ?
    ', [...])
 2 SYSTEMPATH\CodeIgniter.php(933): App\Controllers\Pharmacy\Sales->printInvoice('PHM-IP-20250913-00023')
 3 SYSTEMPATH\CodeIgniter.php(507): CodeIgniter\CodeIgniter->runController(Object(App\Controllers\Pharmacy\Sales))
 4 SYSTEMPATH\CodeIgniter.php(354): CodeIgniter\CodeIgniter->handleRequest(null, Object(Config\Cache), false)
 5 SYSTEMPATH\Boot.php(334): CodeIgniter\CodeIgniter->run()
 6 SYSTEMPATH\Boot.php(67): CodeIgniter\Boot::runCodeIgniter(Object(CodeIgniter\CodeIgniter))
 7 FCPATH\index.php(46): CodeIgniter\Boot::bootWeb(Object(Config\Paths))
CRITICAL - 2025-09-16 03:52:41 --> [Caused by] CodeIgniter\Database\Exceptions\DatabaseException: MySQL server has gone away
in SYSTEMPATH\Database\MySQLi\Connection.php on line 332.
 1 SYSTEMPATH\Database\BaseConnection.php(738): CodeIgniter\Database\MySQLi\Connection->execute('
        SELECT
            psi.*,
            pg.generic_name,
            pb.brand_name,
            pm.strength,
            pm.hsn_code,
            pm.gst_rate,
            b.batch_number,
            b.expiry_date,
            um.name AS unit_of_measure
        FROM pharmacy_sale_items psi
        JOIN pharmacy_medicines pm ON pm.id = psi.medicine_id
        JOIN pharmacy_generics pg ON pg.id = pm.generic_id
        JOIN pharmacy_brands pb ON pb.id = pm.brand_id
        JOIN pharmacy_batches b ON b.id = psi.batch_id
        LEFT JOIN pharmacy_units_of_measure um ON um.id = pm.unit_of_measure_id
        WHERE psi.billing_id = \'24\'
    ')
 2 SYSTEMPATH\Database\BaseConnection.php(652): CodeIgniter\Database\BaseConnection->simpleQuery('
        SELECT
            psi.*,
            pg.generic_name,
            pb.brand_name,
            pm.strength,
            pm.hsn_code,
            pm.gst_rate,
            b.batch_number,
            b.expiry_date,
            um.name AS unit_of_measure
        FROM pharmacy_sale_items psi
        JOIN pharmacy_medicines pm ON pm.id = psi.medicine_id
        JOIN pharmacy_generics pg ON pg.id = pm.generic_id
        JOIN pharmacy_brands pb ON pb.id = pm.brand_id
        JOIN pharmacy_batches b ON b.id = psi.batch_id
        LEFT JOIN pharmacy_units_of_measure um ON um.id = pm.unit_of_measure_id
        WHERE psi.billing_id = \'24\'
    ')
 3 APPPATH\Controllers\Pharmacy\Sales.php(688): CodeIgniter\Database\BaseConnection->query('
        SELECT
            psi.*,
            pg.generic_name,
            pb.brand_name,
            pm.strength,
            pm.hsn_code,
            pm.gst_rate,
            b.batch_number,
            b.expiry_date,
            um.name AS unit_of_measure
        FROM pharmacy_sale_items psi
        JOIN pharmacy_medicines pm ON pm.id = psi.medicine_id
        JOIN pharmacy_generics pg ON pg.id = pm.generic_id
        JOIN pharmacy_brands pb ON pb.id = pm.brand_id
        JOIN pharmacy_batches b ON b.id = psi.batch_id
        LEFT JOIN pharmacy_units_of_measure um ON um.id = pm.unit_of_measure_id
        WHERE psi.billing_id = ?
    ', [...])
 4 SYSTEMPATH\CodeIgniter.php(933): App\Controllers\Pharmacy\Sales->printInvoice('PHM-IP-20250913-00023')
 5 SYSTEMPATH\CodeIgniter.php(507): CodeIgniter\CodeIgniter->runController(Object(App\Controllers\Pharmacy\Sales))
 6 SYSTEMPATH\CodeIgniter.php(354): CodeIgniter\CodeIgniter->handleRequest(null, Object(Config\Cache), false)
 7 SYSTEMPATH\Boot.php(334): CodeIgniter\CodeIgniter->run()
 8 SYSTEMPATH\Boot.php(67): CodeIgniter\Boot::runCodeIgniter(Object(CodeIgniter\CodeIgniter))
 9 FCPATH\index.php(46): CodeIgniter\Boot::bootWeb(Object(Config\Paths))
CRITICAL - 2025-09-16 03:52:41 --> [Caused by] mysqli_sql_exception: MySQL server has gone away
in SYSTEMPATH\Database\MySQLi\Connection.php on line 327.
 1 SYSTEMPATH\Database\MySQLi\Connection.php(327): mysqli->query('
        SELECT
            psi.*,
            pg.generic_name,
            pb.brand_name,
            pm.strength,
            pm.hsn_code,
            pm.gst_rate,
            b.batch_number,
            b.expiry_date,
            um.name AS unit_of_measure
        FROM pharmacy_sale_items psi
        JOIN pharmacy_medicines pm ON pm.id = psi.medicine_id
        JOIN pharmacy_generics pg ON pg.id = pm.generic_id
        JOIN pharmacy_brands pb ON pb.id = pm.brand_id
        JOIN pharmacy_batches b ON b.id = psi.batch_id
        LEFT JOIN pharmacy_units_of_measure um ON um.id = pm.unit_of_measure_id
        WHERE psi.billing_id = \'24\'
    ', 0)
 2 SYSTEMPATH\Database\BaseConnection.php(738): CodeIgniter\Database\MySQLi\Connection->execute('
        SELECT
            psi.*,
            pg.generic_name,
            pb.brand_name,
            pm.strength,
            pm.hsn_code,
            pm.gst_rate,
            b.batch_number,
            b.expiry_date,
            um.name AS unit_of_measure
        FROM pharmacy_sale_items psi
        JOIN pharmacy_medicines pm ON pm.id = psi.medicine_id
        JOIN pharmacy_generics pg ON pg.id = pm.generic_id
        JOIN pharmacy_brands pb ON pb.id = pm.brand_id
        JOIN pharmacy_batches b ON b.id = psi.batch_id
        LEFT JOIN pharmacy_units_of_measure um ON um.id = pm.unit_of_measure_id
        WHERE psi.billing_id = \'24\'
    ')
 3 SYSTEMPATH\Database\BaseConnection.php(652): CodeIgniter\Database\BaseConnection->simpleQuery('
        SELECT
            psi.*,
            pg.generic_name,
            pb.brand_name,
            pm.strength,
            pm.hsn_code,
            pm.gst_rate,
            b.batch_number,
            b.expiry_date,
            um.name AS unit_of_measure
        FROM pharmacy_sale_items psi
        JOIN pharmacy_medicines pm ON pm.id = psi.medicine_id
        JOIN pharmacy_generics pg ON pg.id = pm.generic_id
        JOIN pharmacy_brands pb ON pb.id = pm.brand_id
        JOIN pharmacy_batches b ON b.id = psi.batch_id
        LEFT JOIN pharmacy_units_of_measure um ON um.id = pm.unit_of_measure_id
        WHERE psi.billing_id = \'24\'
    ')
 4 APPPATH\Controllers\Pharmacy\Sales.php(688): CodeIgniter\Database\BaseConnection->query('
        SELECT
            psi.*,
            pg.generic_name,
            pb.brand_name,
            pm.strength,
            pm.hsn_code,
            pm.gst_rate,
            b.batch_number,
            b.expiry_date,
            um.name AS unit_of_measure
        FROM pharmacy_sale_items psi
        JOIN pharmacy_medicines pm ON pm.id = psi.medicine_id
        JOIN pharmacy_generics pg ON pg.id = pm.generic_id
        JOIN pharmacy_brands pb ON pb.id = pm.brand_id
        JOIN pharmacy_batches b ON b.id = psi.batch_id
        LEFT JOIN pharmacy_units_of_measure um ON um.id = pm.unit_of_measure_id
        WHERE psi.billing_id = ?
    ', [...])
 5 SYSTEMPATH\CodeIgniter.php(933): App\Controllers\Pharmacy\Sales->printInvoice('PHM-IP-20250913-00023')
 6 SYSTEMPATH\CodeIgniter.php(507): CodeIgniter\CodeIgniter->runController(Object(App\Controllers\Pharmacy\Sales))
 7 SYSTEMPATH\CodeIgniter.php(354): CodeIgniter\CodeIgniter->handleRequest(null, Object(Config\Cache), false)
 8 SYSTEMPATH\Boot.php(334): CodeIgniter\CodeIgniter->run()
 9 SYSTEMPATH\Boot.php(67): CodeIgniter\Boot::runCodeIgniter(Object(CodeIgniter\CodeIgniter))
10 FCPATH\index.php(46): CodeIgniter\Boot::bootWeb(Object(Config\Paths))
DEBUG - 2025-09-16 03:52:44 --> Session: Class initialized using 'CodeIgniter\Session\Handlers\FileHandler' driver.
ERROR - 2025-09-16 03:52:48 --> Error connecting to the database: mysqli_sql_exception: No connection could be made because the target machine actively refused it in C:\xampp\htdocs\hms_ram\system\Database\MySQLi\Connection.php:201
Stack trace:
#0 C:\xampp\htdocs\hms_ram\system\Database\MySQLi\Connection.php(201): mysqli->real_connect('localhost', 'root', Object(SensitiveParameterValue), 'hms_ram', 3306, '', 0)
#1 C:\xampp\htdocs\hms_ram\system\Database\BaseConnection.php(421): CodeIgniter\Database\MySQLi\Connection->connect(false)
#2 C:\xampp\htdocs\hms_ram\system\Database\BaseConnection.php(620): CodeIgniter\Database\BaseConnection->initialize()
#3 C:\xampp\htdocs\hms_ram\system\Database\BaseBuilder.php(1649): CodeIgniter\Database\BaseConnection->query('SELECT *\nFROM `...', Array, false)
#4 C:\xampp\htdocs\hms_ram\system\Model.php(330): CodeIgniter\Database\BaseBuilder->get()
#5 C:\xampp\htdocs\hms_ram\system\BaseModel.php(717): CodeIgniter\Model->doFirst()
#6 C:\xampp\htdocs\hms_ram\app\Controllers\Pharmacy\Sales.php(644): CodeIgniter\BaseModel->first()
#7 C:\xampp\htdocs\hms_ram\system\CodeIgniter.php(933): App\Controllers\Pharmacy\Sales->printInvoice('PHM-IP-20250913...')
#8 C:\xampp\htdocs\hms_ram\system\CodeIgniter.php(507): CodeIgniter\CodeIgniter->runController(Object(App\Controllers\Pharmacy\Sales))
#9 C:\xampp\htdocs\hms_ram\system\CodeIgniter.php(354): CodeIgniter\CodeIgniter->handleRequest(NULL, Object(Config\Cache), false)
#10 C:\xampp\htdocs\hms_ram\system\Boot.php(334): CodeIgniter\CodeIgniter->run()
#11 C:\xampp\htdocs\hms_ram\system\Boot.php(67): CodeIgniter\Boot::runCodeIgniter(Object(CodeIgniter\CodeIgniter))
#12 C:\xampp\htdocs\hms_ram\index.php(46): CodeIgniter\Boot::bootWeb(Object(Config\Paths))
#13 {main}

Next CodeIgniter\Database\Exceptions\DatabaseException: No connection could be made because the target machine actively refused it in C:\xampp\htdocs\hms_ram\system\Database\MySQLi\Connection.php:246
Stack trace:
#0 C:\xampp\htdocs\hms_ram\system\Database\BaseConnection.php(421): CodeIgniter\Database\MySQLi\Connection->connect(false)
#1 C:\xampp\htdocs\hms_ram\system\Database\BaseConnection.php(620): CodeIgniter\Database\BaseConnection->initialize()
#2 C:\xampp\htdocs\hms_ram\system\Database\BaseBuilder.php(1649): CodeIgniter\Database\BaseConnection->query('SELECT *\nFROM `...', Array, false)
#3 C:\xampp\htdocs\hms_ram\system\Model.php(330): CodeIgniter\Database\BaseBuilder->get()
#4 C:\xampp\htdocs\hms_ram\system\BaseModel.php(717): CodeIgniter\Model->doFirst()
#5 C:\xampp\htdocs\hms_ram\app\Controllers\Pharmacy\Sales.php(644): CodeIgniter\BaseModel->first()
#6 C:\xampp\htdocs\hms_ram\system\CodeIgniter.php(933): App\Controllers\Pharmacy\Sales->printInvoice('PHM-IP-20250913...')
#7 C:\xampp\htdocs\hms_ram\system\CodeIgniter.php(507): CodeIgniter\CodeIgniter->runController(Object(App\Controllers\Pharmacy\Sales))
#8 C:\xampp\htdocs\hms_ram\system\CodeIgniter.php(354): CodeIgniter\CodeIgniter->handleRequest(NULL, Object(Config\Cache), false)
#9 C:\xampp\htdocs\hms_ram\system\Boot.php(334): CodeIgniter\CodeIgniter->run()
#10 C:\xampp\htdocs\hms_ram\system\Boot.php(67): CodeIgniter\Boot::runCodeIgniter(Object(CodeIgniter\CodeIgniter))
#11 C:\xampp\htdocs\hms_ram\index.php(46): CodeIgniter\Boot::bootWeb(Object(Config\Paths))
#12 {main}
CRITICAL - 2025-09-16 03:52:48 --> CodeIgniter\Database\Exceptions\DatabaseException: Unable to connect to the database.
Main connection [MySQLi]: No connection could be made because the target machine actively refused it
[Method: GET, Route: pharmacy/sales/printInvoice/PHM-IP-20250913-00023]
in SYSTEMPATH\Database\BaseConnection.php on line 467.
 1 SYSTEMPATH\Database\BaseConnection.php(620): CodeIgniter\Database\BaseConnection->initialize()
 2 SYSTEMPATH\Database\BaseBuilder.php(1649): CodeIgniter\Database\BaseConnection->query('SELECT *
FROM `pharmacy_sales`
WHERE `invoice_number` = :invoice_number:
 LIMIT 1', [...], false)
 3 SYSTEMPATH\Model.php(330): CodeIgniter\Database\BaseBuilder->get()
 4 SYSTEMPATH\BaseModel.php(717): CodeIgniter\Model->doFirst()
 5 APPPATH\Controllers\Pharmacy\Sales.php(644): CodeIgniter\BaseModel->first()
 6 SYSTEMPATH\CodeIgniter.php(933): App\Controllers\Pharmacy\Sales->printInvoice('PHM-IP-20250913-00023')
 7 SYSTEMPATH\CodeIgniter.php(507): CodeIgniter\CodeIgniter->runController(Object(App\Controllers\Pharmacy\Sales))
 8 SYSTEMPATH\CodeIgniter.php(354): CodeIgniter\CodeIgniter->handleRequest(null, Object(Config\Cache), false)
 9 SYSTEMPATH\Boot.php(334): CodeIgniter\CodeIgniter->run()
10 SYSTEMPATH\Boot.php(67): CodeIgniter\Boot::runCodeIgniter(Object(CodeIgniter\CodeIgniter))
11 FCPATH\index.php(46): CodeIgniter\Boot::bootWeb(Object(Config\Paths))
DEBUG - 2025-09-16 03:53:00 --> Session: Class initialized using 'CodeIgniter\Session\Handlers\FileHandler' driver.
DEBUG - 2025-09-16 03:53:20 --> Session: Class initialized using 'CodeIgniter\Session\Handlers\FileHandler' driver.
DEBUG - 2025-09-16 03:53:24 --> Session: Class initialized using 'CodeIgniter\Session\Handlers\FileHandler' driver.
DEBUG - 2025-09-16 03:53:27 --> Session: Class initialized using 'CodeIgniter\Session\Handlers\FileHandler' driver.
DEBUG - 2025-09-16 03:53:31 --> Session: Class initialized using 'CodeIgniter\Session\Handlers\FileHandler' driver.
DEBUG - 2025-09-16 03:53:31 --> Session: Class initialized using 'CodeIgniter\Session\Handlers\FileHandler' driver.
DEBUG - 2025-09-16 03:53:40 --> Session: Class initialized using 'CodeIgniter\Session\Handlers\FileHandler' driver.
DEBUG - 2025-09-16 03:53:40 --> Session: Class initialized using 'CodeIgniter\Session\Handlers\FileHandler' driver.
DEBUG - 2025-09-16 03:54:50 --> Session: Class initialized using 'CodeIgniter\Session\Handlers\FileHandler' driver.
DEBUG - 2025-09-16 03:54:51 --> Session: Class initialized using 'CodeIgniter\Session\Handlers\FileHandler' driver.
DEBUG - 2025-09-16 03:54:53 --> Session: Class initialized using 'CodeIgniter\Session\Handlers\FileHandler' driver.
DEBUG - 2025-09-16 03:54:54 --> Session: Class initialized using 'CodeIgniter\Session\Handlers\FileHandler' driver.
DEBUG - 2025-09-16 03:54:55 --> Session: Class initialized using 'CodeIgniter\Session\Handlers\FileHandler' driver.
DEBUG - 2025-09-16 03:54:56 --> Session: Class initialized using 'CodeIgniter\Session\Handlers\FileHandler' driver.
DEBUG - 2025-09-16 03:54:58 --> Session: Class initialized using 'CodeIgniter\Session\Handlers\FileHandler' driver.
DEBUG - 2025-09-16 03:55:36 --> Session: Class initialized using 'CodeIgniter\Session\Handlers\FileHandler' driver.
DEBUG - 2025-09-16 03:56:15 --> Session: Class initialized using 'CodeIgniter\Session\Handlers\FileHandler' driver.
DEBUG - 2025-09-16 04:03:06 --> Session: Class initialized using 'CodeIgniter\Session\Handlers\FileHandler' driver.
DEBUG - 2025-09-16 04:03:51 --> Session: Class initialized using 'CodeIgniter\Session\Handlers\FileHandler' driver.
DEBUG - 2025-09-16 04:04:22 --> Session: Class initialized using 'CodeIgniter\Session\Handlers\FileHandler' driver.
DEBUG - 2025-09-16 04:04:51 --> Session: Class initialized using 'CodeIgniter\Session\Handlers\FileHandler' driver.
DEBUG - 2025-09-16 04:08:54 --> Session: Class initialized using 'CodeIgniter\Session\Handlers\FileHandler' driver.
DEBUG - 2025-09-16 04:08:58 --> Session: Class initialized using 'CodeIgniter\Session\Handlers\FileHandler' driver.
CRITICAL - 2025-09-16 04:08:58 --> ErrorException: Undefined variable $grandTotalInWords
[Method: GET, Route: pharmacy/sales/printInvoice/PHM-IP-20250913-00023]
in APPPATH\Views\pharmacy\sales\print_invoice.php on line 386.
 1 APPPATH\Views\pharmacy\sales\print_invoice.php(386): CodeIgniter\Debug\Exceptions->errorHandler(2, 'Undefined variable $grandTotalInWords', 'C:\\xampp\\htdocs\\hms_ram\\app\\Views\\pharmacy\\sales\\print_invoice.php', 386)
 2 SYSTEMPATH\View\View.php(224): include('C:\\xampp\\htdocs\\hms_ram\\app\\Views\\pharmacy\\sales\\print_invoice.php')
 3 SYSTEMPATH\View\View.php(227): CodeIgniter\View\View->CodeIgniter\View\{closure}()
 4 SYSTEMPATH\Common.php(1173): CodeIgniter\View\View->render('pharmacy/sales/print_invoice', [], true)
 5 APPPATH\Controllers\Pharmacy\Sales.php(839): view('pharmacy/sales/print_invoice', [...])
 6 SYSTEMPATH\CodeIgniter.php(933): App\Controllers\Pharmacy\Sales->printInvoice('PHM-IP-20250913-00023')
 7 SYSTEMPATH\CodeIgniter.php(507): CodeIgniter\CodeIgniter->runController(Object(App\Controllers\Pharmacy\Sales))
 8 SYSTEMPATH\CodeIgniter.php(354): CodeIgniter\CodeIgniter->handleRequest(null, Object(Config\Cache), false)
 9 SYSTEMPATH\Boot.php(334): CodeIgniter\CodeIgniter->run()
10 SYSTEMPATH\Boot.php(67): CodeIgniter\Boot::runCodeIgniter(Object(CodeIgniter\CodeIgniter))
11 FCPATH\index.php(46): CodeIgniter\Boot::bootWeb(Object(Config\Paths))
DEBUG - 2025-09-16 04:09:37 --> Session: Class initialized using 'CodeIgniter\Session\Handlers\FileHandler' driver.
CRITICAL - 2025-09-16 04:09:37 --> ErrorException: Undefined variable $grandTotalInWords
[Method: GET, Route: pharmacy/sales/printInvoice/PHM-IP-20250913-00023]
in APPPATH\Views\pharmacy\sales\print_invoice.php on line 386.
 1 APPPATH\Views\pharmacy\sales\print_invoice.php(386): CodeIgniter\Debug\Exceptions->errorHandler(2, 'Undefined variable $grandTotalInWords', 'C:\\xampp\\htdocs\\hms_ram\\app\\Views\\pharmacy\\sales\\print_invoice.php', 386)
 2 SYSTEMPATH\View\View.php(224): include('C:\\xampp\\htdocs\\hms_ram\\app\\Views\\pharmacy\\sales\\print_invoice.php')
 3 SYSTEMPATH\View\View.php(227): CodeIgniter\View\View->CodeIgniter\View\{closure}()
 4 SYSTEMPATH\Common.php(1173): CodeIgniter\View\View->render('pharmacy/sales/print_invoice', [], true)
 5 APPPATH\Controllers\Pharmacy\Sales.php(839): view('pharmacy/sales/print_invoice', [...])
 6 SYSTEMPATH\CodeIgniter.php(933): App\Controllers\Pharmacy\Sales->printInvoice('PHM-IP-20250913-00023')
 7 SYSTEMPATH\CodeIgniter.php(507): CodeIgniter\CodeIgniter->runController(Object(App\Controllers\Pharmacy\Sales))
 8 SYSTEMPATH\CodeIgniter.php(354): CodeIgniter\CodeIgniter->handleRequest(null, Object(Config\Cache), false)
 9 SYSTEMPATH\Boot.php(334): CodeIgniter\CodeIgniter->run()
10 SYSTEMPATH\Boot.php(67): CodeIgniter\Boot::runCodeIgniter(Object(CodeIgniter\CodeIgniter))
11 FCPATH\index.php(46): CodeIgniter\Boot::bootWeb(Object(Config\Paths))
DEBUG - 2025-09-16 04:09:52 --> Session: Class initialized using 'CodeIgniter\Session\Handlers\FileHandler' driver.
CRITICAL - 2025-09-16 04:09:52 --> ErrorException: Undefined variable $grandTotalInWords
[Method: GET, Route: pharmacy/sales/printInvoice/PHM-IP-20250913-00023]
in APPPATH\Views\pharmacy\sales\print_invoice.php on line 386.
 1 APPPATH\Views\pharmacy\sales\print_invoice.php(386): CodeIgniter\Debug\Exceptions->errorHandler(2, 'Undefined variable $grandTotalInWords', 'C:\\xampp\\htdocs\\hms_ram\\app\\Views\\pharmacy\\sales\\print_invoice.php', 386)
 2 SYSTEMPATH\View\View.php(224): include('C:\\xampp\\htdocs\\hms_ram\\app\\Views\\pharmacy\\sales\\print_invoice.php')
 3 SYSTEMPATH\View\View.php(227): CodeIgniter\View\View->CodeIgniter\View\{closure}()
 4 SYSTEMPATH\Common.php(1173): CodeIgniter\View\View->render('pharmacy/sales/print_invoice', [], true)
 5 APPPATH\Controllers\Pharmacy\Sales.php(839): view('pharmacy/sales/print_invoice', [...])
 6 SYSTEMPATH\CodeIgniter.php(933): App\Controllers\Pharmacy\Sales->printInvoice('PHM-IP-20250913-00023')
 7 SYSTEMPATH\CodeIgniter.php(507): CodeIgniter\CodeIgniter->runController(Object(App\Controllers\Pharmacy\Sales))
 8 SYSTEMPATH\CodeIgniter.php(354): CodeIgniter\CodeIgniter->handleRequest(null, Object(Config\Cache), false)
 9 SYSTEMPATH\Boot.php(334): CodeIgniter\CodeIgniter->run()
10 SYSTEMPATH\Boot.php(67): CodeIgniter\Boot::runCodeIgniter(Object(CodeIgniter\CodeIgniter))
11 FCPATH\index.php(46): CodeIgniter\Boot::bootWeb(Object(Config\Paths))
DEBUG - 2025-09-16 04:10:55 --> Session: Class initialized using 'CodeIgniter\Session\Handlers\FileHandler' driver.
DEBUG - 2025-09-16 04:11:18 --> Session: Class initialized using 'CodeIgniter\Session\Handlers\FileHandler' driver.
DEBUG - 2025-09-16 04:11:23 --> Session: Class initialized using 'CodeIgniter\Session\Handlers\FileHandler' driver.
DEBUG - 2025-09-16 04:11:27 --> Session: Class initialized using 'CodeIgniter\Session\Handlers\FileHandler' driver.
DEBUG - 2025-09-16 04:11:27 --> Session: Class initialized using 'CodeIgniter\Session\Handlers\FileHandler' driver.
DEBUG - 2025-09-16 04:12:47 --> Session: Class initialized using 'CodeIgniter\Session\Handlers\FileHandler' driver.
DEBUG - 2025-09-16 04:13:04 --> Session: Class initialized using 'CodeIgniter\Session\Handlers\FileHandler' driver.
DEBUG - 2025-09-16 04:13:39 --> Session: Class initialized using 'CodeIgniter\Session\Handlers\FileHandler' driver.
DEBUG - 2025-09-16 04:13:58 --> Session: Class initialized using 'CodeIgniter\Session\Handlers\FileHandler' driver.
DEBUG - 2025-09-16 04:14:02 --> Session: Class initialized using 'CodeIgniter\Session\Handlers\FileHandler' driver.
DEBUG - 2025-09-16 04:14:04 --> Session: Class initialized using 'CodeIgniter\Session\Handlers\FileHandler' driver.
DEBUG - 2025-09-16 04:14:13 --> Session: Class initialized using 'CodeIgniter\Session\Handlers\FileHandler' driver.
DEBUG - 2025-09-16 04:14:15 --> Session: Class initialized using 'CodeIgniter\Session\Handlers\FileHandler' driver.
DEBUG - 2025-09-16 04:14:18 --> Session: Class initialized using 'CodeIgniter\Session\Handlers\FileHandler' driver.
DEBUG - 2025-09-16 04:14:41 --> Session: Class initialized using 'CodeIgniter\Session\Handlers\FileHandler' driver.
DEBUG - 2025-09-16 04:14:42 --> Session: Class initialized using 'CodeIgniter\Session\Handlers\FileHandler' driver.
DEBUG - 2025-09-16 04:14:44 --> Session: Class initialized using 'CodeIgniter\Session\Handlers\FileHandler' driver.
DEBUG - 2025-09-16 04:14:49 --> Session: Class initialized using 'CodeIgniter\Session\Handlers\FileHandler' driver.
DEBUG - 2025-09-16 04:14:53 --> Session: Class initialized using 'CodeIgniter\Session\Handlers\FileHandler' driver.
DEBUG - 2025-09-16 04:15:04 --> Session: Class initialized using 'CodeIgniter\Session\Handlers\FileHandler' driver.
DEBUG - 2025-09-16 04:31:59 --> Session: Class initialized using 'CodeIgniter\Session\Handlers\FileHandler' driver.
DEBUG - 2025-09-16 07:53:43 --> Session: Class initialized using 'CodeIgniter\Session\Handlers\FileHandler' driver.
DEBUG - 2025-09-16 07:54:08 --> Session: Class initialized using 'CodeIgniter\Session\Handlers\FileHandler' driver.
DEBUG - 2025-09-16 07:54:08 --> Session: Class initialized using 'CodeIgniter\Session\Handlers\FileHandler' driver.
DEBUG - 2025-09-16 07:54:10 --> Session: Class initialized using 'CodeIgniter\Session\Handlers\FileHandler' driver.
DEBUG - 2025-09-16 07:54:10 --> Session: Class initialized using 'CodeIgniter\Session\Handlers\FileHandler' driver.
DEBUG - 2025-09-16 07:54:12 --> Session: Class initialized using 'CodeIgniter\Session\Handlers\FileHandler' driver.
DEBUG - 2025-09-16 07:54:12 --> Session: Class initialized using 'CodeIgniter\Session\Handlers\FileHandler' driver.
DEBUG - 2025-09-16 07:54:15 --> Session: Class initialized using 'CodeIgniter\Session\Handlers\FileHandler' driver.
DEBUG - 2025-09-16 07:54:15 --> Session: Class initialized using 'CodeIgniter\Session\Handlers\FileHandler' driver.
DEBUG - 2025-09-16 07:54:25 --> Session: Class initialized using 'CodeIgniter\Session\Handlers\FileHandler' driver.
DEBUG - 2025-09-16 07:54:26 --> Session: Class initialized using 'CodeIgniter\Session\Handlers\FileHandler' driver.
DEBUG - 2025-09-16 07:54:38 --> Session: Class initialized using 'CodeIgniter\Session\Handlers\FileHandler' driver.
DEBUG - 2025-09-16 07:54:38 --> Session: Class initialized using 'CodeIgniter\Session\Handlers\FileHandler' driver.
DEBUG - 2025-09-16 07:54:44 --> Session: Class initialized using 'CodeIgniter\Session\Handlers\FileHandler' driver.
DEBUG - 2025-09-16 07:54:45 --> Session: Class initialized using 'CodeIgniter\Session\Handlers\FileHandler' driver.
DEBUG - 2025-09-16 07:56:46 --> Session: Class initialized using 'CodeIgniter\Session\Handlers\FileHandler' driver.
DEBUG - 2025-09-16 07:56:46 --> Session: Class initialized using 'CodeIgniter\Session\Handlers\FileHandler' driver.
DEBUG - 2025-09-16 07:56:52 --> Session: Class initialized using 'CodeIgniter\Session\Handlers\FileHandler' driver.
DEBUG - 2025-09-16 07:56:52 --> Session: Class initialized using 'CodeIgniter\Session\Handlers\FileHandler' driver.
DEBUG - 2025-09-16 07:58:02 --> Session: Class initialized using 'CodeIgniter\Session\Handlers\FileHandler' driver.
DEBUG - 2025-09-16 07:58:03 --> Session: Class initialized using 'CodeIgniter\Session\Handlers\FileHandler' driver.
DEBUG - 2025-09-16 07:58:23 --> Session: Class initialized using 'CodeIgniter\Session\Handlers\FileHandler' driver.
DEBUG - 2025-09-16 07:58:23 --> Session: Class initialized using 'CodeIgniter\Session\Handlers\FileHandler' driver.
DEBUG - 2025-09-16 08:01:20 --> Session: Class initialized using 'CodeIgniter\Session\Handlers\FileHandler' driver.
DEBUG - 2025-09-16 08:01:20 --> Session: Class initialized using 'CodeIgniter\Session\Handlers\FileHandler' driver.
DEBUG - 2025-09-16 08:01:26 --> Session: Class initialized using 'CodeIgniter\Session\Handlers\FileHandler' driver.
DEBUG - 2025-09-16 08:01:27 --> Session: Class initialized using 'CodeIgniter\Session\Handlers\FileHandler' driver.
DEBUG - 2025-09-16 08:01:38 --> Session: Class initialized using 'CodeIgniter\Session\Handlers\FileHandler' driver.
DEBUG - 2025-09-16 08:01:38 --> Session: Class initialized using 'CodeIgniter\Session\Handlers\FileHandler' driver.
DEBUG - 2025-09-16 08:01:54 --> Session: Class initialized using 'CodeIgniter\Session\Handlers\FileHandler' driver.
DEBUG - 2025-09-16 08:01:54 --> Session: Class initialized using 'CodeIgniter\Session\Handlers\FileHandler' driver.
DEBUG - 2025-09-16 08:02:56 --> Session: Class initialized using 'CodeIgniter\Session\Handlers\FileHandler' driver.
DEBUG - 2025-09-16 08:02:57 --> Session: Class initialized using 'CodeIgniter\Session\Handlers\FileHandler' driver.
DEBUG - 2025-09-16 08:02:58 --> Session: Class initialized using 'CodeIgniter\Session\Handlers\FileHandler' driver.
DEBUG - 2025-09-16 08:02:59 --> Session: Class initialized using 'CodeIgniter\Session\Handlers\FileHandler' driver.
DEBUG - 2025-09-16 08:03:01 --> Session: Class initialized using 'CodeIgniter\Session\Handlers\FileHandler' driver.
DEBUG - 2025-09-16 08:03:01 --> Session: Class initialized using 'CodeIgniter\Session\Handlers\FileHandler' driver.
DEBUG - 2025-09-16 08:03:02 --> Session: Class initialized using 'CodeIgniter\Session\Handlers\FileHandler' driver.
DEBUG - 2025-09-16 08:03:03 --> Session: Class initialized using 'CodeIgniter\Session\Handlers\FileHandler' driver.
DEBUG - 2025-09-16 08:03:04 --> Session: Class initialized using 'CodeIgniter\Session\Handlers\FileHandler' driver.
DEBUG - 2025-09-16 08:03:21 --> Session: Class initialized using 'CodeIgniter\Session\Handlers\FileHandler' driver.
DEBUG - 2025-09-16 08:03:21 --> Session: Class initialized using 'CodeIgniter\Session\Handlers\FileHandler' driver.
DEBUG - 2025-09-16 08:04:08 --> Session: Class initialized using 'CodeIgniter\Session\Handlers\FileHandler' driver.
DEBUG - 2025-09-16 08:04:08 --> Session: Class initialized using 'CodeIgniter\Session\Handlers\FileHandler' driver.
DEBUG - 2025-09-16 08:04:31 --> Session: Class initialized using 'CodeIgniter\Session\Handlers\FileHandler' driver.
DEBUG - 2025-09-16 08:04:31 --> Session: Class initialized using 'CodeIgniter\Session\Handlers\FileHandler' driver.
DEBUG - 2025-09-16 08:04:40 --> Session: Class initialized using 'CodeIgniter\Session\Handlers\FileHandler' driver.
DEBUG - 2025-09-16 08:04:40 --> Session: Class initialized using 'CodeIgniter\Session\Handlers\FileHandler' driver.
DEBUG - 2025-09-16 08:05:38 --> Session: Class initialized using 'CodeIgniter\Session\Handlers\FileHandler' driver.
DEBUG - 2025-09-16 08:05:38 --> Session: Class initialized using 'CodeIgniter\Session\Handlers\FileHandler' driver.
DEBUG - 2025-09-16 09:17:54 --> Session: Class initialized using 'CodeIgniter\Session\Handlers\FileHandler' driver.
DEBUG - 2025-09-16 09:17:54 --> Session: Class initialized using 'CodeIgniter\Session\Handlers\FileHandler' driver.
DEBUG - 2025-09-16 09:17:56 --> Session: Class initialized using 'CodeIgniter\Session\Handlers\FileHandler' driver.
DEBUG - 2025-09-16 09:17:56 --> Session: Class initialized using 'CodeIgniter\Session\Handlers\FileHandler' driver.
DEBUG - 2025-09-16 09:18:02 --> Session: Class initialized using 'CodeIgniter\Session\Handlers\FileHandler' driver.
DEBUG - 2025-09-16 09:18:03 --> Session: Class initialized using 'CodeIgniter\Session\Handlers\FileHandler' driver.
DEBUG - 2025-09-16 09:18:08 --> Session: Class initialized using 'CodeIgniter\Session\Handlers\FileHandler' driver.
DEBUG - 2025-09-16 09:18:55 --> Session: Class initialized using 'CodeIgniter\Session\Handlers\FileHandler' driver.
DEBUG - 2025-09-16 09:18:57 --> Session: Class initialized using 'CodeIgniter\Session\Handlers\FileHandler' driver.
DEBUG - 2025-09-16 09:18:58 --> Session: Class initialized using 'CodeIgniter\Session\Handlers\FileHandler' driver.
DEBUG - 2025-09-16 09:19:00 --> Session: Class initialized using 'CodeIgniter\Session\Handlers\FileHandler' driver.
DEBUG - 2025-09-16 09:19:01 --> Session: Class initialized using 'CodeIgniter\Session\Handlers\FileHandler' driver.
DEBUG - 2025-09-16 09:24:42 --> Session: Class initialized using 'CodeIgniter\Session\Handlers\FileHandler' driver.
DEBUG - 2025-09-16 09:24:49 --> Session: Class initialized using 'CodeIgniter\Session\Handlers\FileHandler' driver.
DEBUG - 2025-09-16 09:24:51 --> Session: Class initialized using 'CodeIgniter\Session\Handlers\FileHandler' driver.
DEBUG - 2025-09-16 09:25:44 --> Session: Class initialized using 'CodeIgniter\Session\Handlers\FileHandler' driver.
DEBUG - 2025-09-16 09:25:50 --> Session: Class initialized using 'CodeIgniter\Session\Handlers\FileHandler' driver.
DEBUG - 2025-09-16 09:26:07 --> Session: Class initialized using 'CodeIgniter\Session\Handlers\FileHandler' driver.
DEBUG - 2025-09-16 09:26:08 --> Session: Class initialized using 'CodeIgniter\Session\Handlers\FileHandler' driver.
DEBUG - 2025-09-16 09:26:09 --> Session: Class initialized using 'CodeIgniter\Session\Handlers\FileHandler' driver.
DEBUG - 2025-09-16 09:26:09 --> Session: Class initialized using 'CodeIgniter\Session\Handlers\FileHandler' driver.
DEBUG - 2025-09-16 09:26:10 --> Session: Class initialized using 'CodeIgniter\Session\Handlers\FileHandler' driver.
DEBUG - 2025-09-16 09:26:13 --> Session: Class initialized using 'CodeIgniter\Session\Handlers\FileHandler' driver.
DEBUG - 2025-09-16 09:26:14 --> Session: Class initialized using 'CodeIgniter\Session\Handlers\FileHandler' driver.
DEBUG - 2025-09-16 09:26:15 --> Session: Class initialized using 'CodeIgniter\Session\Handlers\FileHandler' driver.
DEBUG - 2025-09-16 09:26:21 --> Session: Class initialized using 'CodeIgniter\Session\Handlers\FileHandler' driver.
DEBUG - 2025-09-16 09:28:52 --> Session: Class initialized using 'CodeIgniter\Session\Handlers\FileHandler' driver.
DEBUG - 2025-09-16 09:28:53 --> Session: Class initialized using 'CodeIgniter\Session\Handlers\FileHandler' driver.
DEBUG - 2025-09-16 09:28:53 --> Session: Class initialized using 'CodeIgniter\Session\Handlers\FileHandler' driver.
DEBUG - 2025-09-16 09:29:25 --> Session: Class initialized using 'CodeIgniter\Session\Handlers\FileHandler' driver.
DEBUG - 2025-09-16 09:29:25 --> Session: Class initialized using 'CodeIgniter\Session\Handlers\FileHandler' driver.
DEBUG - 2025-09-16 09:29:25 --> Session: Class initialized using 'CodeIgniter\Session\Handlers\FileHandler' driver.
DEBUG - 2025-09-16 09:29:35 --> Session: Class initialized using 'CodeIgniter\Session\Handlers\FileHandler' driver.
DEBUG - 2025-09-16 09:29:38 --> Session: Class initialized using 'CodeIgniter\Session\Handlers\FileHandler' driver.
DEBUG - 2025-09-16 09:29:41 --> Session: Class initialized using 'CodeIgniter\Session\Handlers\FileHandler' driver.
DEBUG - 2025-09-16 09:29:42 --> Session: Class initialized using 'CodeIgniter\Session\Handlers\FileHandler' driver.
DEBUG - 2025-09-16 09:29:43 --> Session: Class initialized using 'CodeIgniter\Session\Handlers\FileHandler' driver.
DEBUG - 2025-09-16 09:29:46 --> Session: Class initialized using 'CodeIgniter\Session\Handlers\FileHandler' driver.
DEBUG - 2025-09-16 09:29:48 --> Session: Class initialized using 'CodeIgniter\Session\Handlers\FileHandler' driver.
DEBUG - 2025-09-16 09:29:49 --> Session: Class initialized using 'CodeIgniter\Session\Handlers\FileHandler' driver.
DEBUG - 2025-09-16 09:29:51 --> Session: Class initialized using 'CodeIgniter\Session\Handlers\FileHandler' driver.
DEBUG - 2025-09-16 09:29:53 --> Session: Class initialized using 'CodeIgniter\Session\Handlers\FileHandler' driver.
DEBUG - 2025-09-16 09:31:51 --> Session: Class initialized using 'CodeIgniter\Session\Handlers\FileHandler' driver.
DEBUG - 2025-09-16 09:31:54 --> Session: Class initialized using 'CodeIgniter\Session\Handlers\FileHandler' driver.
DEBUG - 2025-09-16 09:32:00 --> Session: Class initialized using 'CodeIgniter\Session\Handlers\FileHandler' driver.
DEBUG - 2025-09-16 09:32:32 --> Session: Class initialized using 'CodeIgniter\Session\Handlers\FileHandler' driver.
DEBUG - 2025-09-16 09:32:33 --> Session: Class initialized using 'CodeIgniter\Session\Handlers\FileHandler' driver.
DEBUG - 2025-09-16 09:32:33 --> Session: Class initialized using 'CodeIgniter\Session\Handlers\FileHandler' driver.
DEBUG - 2025-09-16 09:32:43 --> Session: Class initialized using 'CodeIgniter\Session\Handlers\FileHandler' driver.
DEBUG - 2025-09-16 09:32:43 --> Session: Class initialized using 'CodeIgniter\Session\Handlers\FileHandler' driver.
DEBUG - 2025-09-16 09:32:43 --> Session: Class initialized using 'CodeIgniter\Session\Handlers\FileHandler' driver.
DEBUG - 2025-09-16 09:32:44 --> Session: Class initialized using 'CodeIgniter\Session\Handlers\FileHandler' driver.
DEBUG - 2025-09-16 09:33:12 --> Session: Class initialized using 'CodeIgniter\Session\Handlers\FileHandler' driver.
DEBUG - 2025-09-16 09:33:35 --> Session: Class initialized using 'CodeIgniter\Session\Handlers\FileHandler' driver.
DEBUG - 2025-09-16 09:33:35 --> Session: Class initialized using 'CodeIgniter\Session\Handlers\FileHandler' driver.
DEBUG - 2025-09-16 09:33:35 --> Session: Class initialized using 'CodeIgniter\Session\Handlers\FileHandler' driver.
DEBUG - 2025-09-16 09:33:37 --> Session: Class initialized using 'CodeIgniter\Session\Handlers\FileHandler' driver.
DEBUG - 2025-09-16 09:33:37 --> Session: Class initialized using 'CodeIgniter\Session\Handlers\FileHandler' driver.
DEBUG - 2025-09-16 09:33:38 --> Session: Class initialized using 'CodeIgniter\Session\Handlers\FileHandler' driver.
DEBUG - 2025-09-16 09:33:39 --> Session: Class initialized using 'CodeIgniter\Session\Handlers\FileHandler' driver.
DEBUG - 2025-09-16 09:33:40 --> Session: Class initialized using 'CodeIgniter\Session\Handlers\FileHandler' driver.
DEBUG - 2025-09-16 09:33:40 --> Session: Class initialized using 'CodeIgniter\Session\Handlers\FileHandler' driver.
DEBUG - 2025-09-16 09:33:41 --> Session: Class initialized using 'CodeIgniter\Session\Handlers\FileHandler' driver.
DEBUG - 2025-09-16 09:33:41 --> Session: Class initialized using 'CodeIgniter\Session\Handlers\FileHandler' driver.
DEBUG - 2025-09-16 09:33:42 --> Session: Class initialized using 'CodeIgniter\Session\Handlers\FileHandler' driver.
DEBUG - 2025-09-16 09:33:51 --> Session: Class initialized using 'CodeIgniter\Session\Handlers\FileHandler' driver.
DEBUG - 2025-09-16 09:33:51 --> Session: Class initialized using 'CodeIgniter\Session\Handlers\FileHandler' driver.
DEBUG - 2025-09-16 09:33:51 --> Session: Class initialized using 'CodeIgniter\Session\Handlers\FileHandler' driver.
DEBUG - 2025-09-16 09:33:53 --> Session: Class initialized using 'CodeIgniter\Session\Handlers\FileHandler' driver.
DEBUG - 2025-09-16 09:33:53 --> Session: Class initialized using 'CodeIgniter\Session\Handlers\FileHandler' driver.
DEBUG - 2025-09-16 09:33:54 --> Session: Class initialized using 'CodeIgniter\Session\Handlers\FileHandler' driver.
DEBUG - 2025-09-16 09:33:55 --> Session: Class initialized using 'CodeIgniter\Session\Handlers\FileHandler' driver.
DEBUG - 2025-09-16 09:33:55 --> Session: Class initialized using 'CodeIgniter\Session\Handlers\FileHandler' driver.
DEBUG - 2025-09-16 09:34:02 --> Session: Class initialized using 'CodeIgniter\Session\Handlers\FileHandler' driver.
DEBUG - 2025-09-16 09:34:03 --> Session: Class initialized using 'CodeIgniter\Session\Handlers\FileHandler' driver.
DEBUG - 2025-09-16 09:34:03 --> Session: Class initialized using 'CodeIgniter\Session\Handlers\FileHandler' driver.
DEBUG - 2025-09-16 09:34:08 --> Session: Class initialized using 'CodeIgniter\Session\Handlers\FileHandler' driver.
DEBUG - 2025-09-16 09:34:08 --> Session: Class initialized using 'CodeIgniter\Session\Handlers\FileHandler' driver.
DEBUG - 2025-09-16 09:34:08 --> Session: Class initialized using 'CodeIgniter\Session\Handlers\FileHandler' driver.
DEBUG - 2025-09-16 09:34:09 --> Session: Class initialized using 'CodeIgniter\Session\Handlers\FileHandler' driver.
DEBUG - 2025-09-16 09:34:15 --> Session: Class initialized using 'CodeIgniter\Session\Handlers\FileHandler' driver.
DEBUG - 2025-09-16 09:34:47 --> Session: Class initialized using 'CodeIgniter\Session\Handlers\FileHandler' driver.
DEBUG - 2025-09-16 09:34:49 --> Session: Class initialized using 'CodeIgniter\Session\Handlers\FileHandler' driver.
DEBUG - 2025-09-16 09:34:50 --> Session: Class initialized using 'CodeIgniter\Session\Handlers\FileHandler' driver.
DEBUG - 2025-09-16 09:34:53 --> Session: Class initialized using 'CodeIgniter\Session\Handlers\FileHandler' driver.
DEBUG - 2025-09-16 09:35:07 --> Session: Class initialized using 'CodeIgniter\Session\Handlers\FileHandler' driver.
DEBUG - 2025-09-16 09:35:40 --> Session: Class initialized using 'CodeIgniter\Session\Handlers\FileHandler' driver.
DEBUG - 2025-09-16 09:35:41 --> Session: Class initialized using 'CodeIgniter\Session\Handlers\FileHandler' driver.
DEBUG - 2025-09-16 09:35:41 --> Session: Class initialized using 'CodeIgniter\Session\Handlers\FileHandler' driver.
CRITICAL - 2025-09-16 09:35:42 --> ErrorException: unlink(C:\xampp\htdocs\hms_ram\writable\debugbar/debugbar_1758015243.243901.json): No such file or directory
[Method: GET, Route: /]
in SYSTEMPATH\Debug\Toolbar\Collectors\History.php on line 82.
 1 [internal function]: CodeIgniter\Debug\Exceptions->errorHandler(2, 'unlink(C:\\xampp\\htdocs\\hms_ram\\writable\\debugbar/debugbar_1758015243.243901.json): No such file or directory', 'C:\\xampp\\htdocs\\hms_ram\\system\\Debug\\Toolbar\\Collectors\\History.php', 82)
 2 SYSTEMPATH\Debug\Toolbar\Collectors\History.php(82): unlink('C:\\xampp\\htdocs\\hms_ram\\writable\\debugbar/debugbar_1758015243.243901.json')
 3 SYSTEMPATH\Debug\Toolbar.php(517): CodeIgniter\Debug\Toolbar\Collectors\History->setFiles('1758015341.156009', 20)
 4 SYSTEMPATH\Debug\Toolbar.php(496): CodeIgniter\Debug\Toolbar->format([...], 'html')
 5 APPPATH\Config\Events.php(47): CodeIgniter\Debug\Toolbar->respond()
 6 SYSTEMPATH\Events\Events.php(155): CodeIgniter\Events\Events::Config\{closure}()
 7 SYSTEMPATH\CodeIgniter.php(339): CodeIgniter\Events\Events::trigger('pre_system')
 8 SYSTEMPATH\Boot.php(334): CodeIgniter\CodeIgniter->run()
 9 SYSTEMPATH\Boot.php(67): CodeIgniter\Boot::runCodeIgniter(Object(CodeIgniter\CodeIgniter))
10 FCPATH\index.php(46): CodeIgniter\Boot::bootWeb(Object(Config\Paths))
CRITICAL - 2025-09-16 09:35:42 --> ErrorException: unlink(C:\xampp\htdocs\hms_ram\writable\debugbar/debugbar_1758015243.243901.json): No such file or directory
[Method: GET, Route: /]
in SYSTEMPATH\Debug\Toolbar\Collectors\History.php on line 82.
 1 [internal function]: CodeIgniter\Debug\Exceptions->errorHandler(2, 'unlink(C:\\xampp\\htdocs\\hms_ram\\writable\\debugbar/debugbar_1758015243.243901.json): No such file or directory', 'C:\\xampp\\htdocs\\hms_ram\\system\\Debug\\Toolbar\\Collectors\\History.php', 82)
 2 SYSTEMPATH\Debug\Toolbar\Collectors\History.php(82): unlink('C:\\xampp\\htdocs\\hms_ram\\writable\\debugbar/debugbar_1758015243.243901.json')
 3 SYSTEMPATH\Debug\Toolbar.php(517): CodeIgniter\Debug\Toolbar\Collectors\History->setFiles('1758015340.811041', 20)
 4 SYSTEMPATH\Debug\Toolbar.php(496): CodeIgniter\Debug\Toolbar->format([...], 'html')
 5 APPPATH\Config\Events.php(47): CodeIgniter\Debug\Toolbar->respond()
 6 SYSTEMPATH\Events\Events.php(155): CodeIgniter\Events\Events::Config\{closure}()
 7 SYSTEMPATH\CodeIgniter.php(339): CodeIgniter\Events\Events::trigger('pre_system')
 8 SYSTEMPATH\Boot.php(334): CodeIgniter\CodeIgniter->run()
 9 SYSTEMPATH\Boot.php(67): CodeIgniter\Boot::runCodeIgniter(Object(CodeIgniter\CodeIgniter))
10 FCPATH\index.php(46): CodeIgniter\Boot::bootWeb(Object(Config\Paths))
DEBUG - 2025-09-16 09:35:45 --> Session: Class initialized using 'CodeIgniter\Session\Handlers\FileHandler' driver.
DEBUG - 2025-09-16 09:35:49 --> Session: Class initialized using 'CodeIgniter\Session\Handlers\FileHandler' driver.
DEBUG - 2025-09-16 09:35:52 --> Session: Class initialized using 'CodeIgniter\Session\Handlers\FileHandler' driver.
DEBUG - 2025-09-16 09:36:11 --> Session: Class initialized using 'CodeIgniter\Session\Handlers\FileHandler' driver.
DEBUG - 2025-09-16 09:36:14 --> Session: Class initialized using 'CodeIgniter\Session\Handlers\FileHandler' driver.
DEBUG - 2025-09-16 09:36:15 --> Session: Class initialized using 'CodeIgniter\Session\Handlers\FileHandler' driver.
DEBUG - 2025-09-16 09:36:16 --> Session: Class initialized using 'CodeIgniter\Session\Handlers\FileHandler' driver.
DEBUG - 2025-09-16 09:36:19 --> Session: Class initialized using 'CodeIgniter\Session\Handlers\FileHandler' driver.
DEBUG - 2025-09-16 09:36:20 --> Session: Class initialized using 'CodeIgniter\Session\Handlers\FileHandler' driver.
DEBUG - 2025-09-16 09:36:21 --> Session: Class initialized using 'CodeIgniter\Session\Handlers\FileHandler' driver.
DEBUG - 2025-09-16 09:36:26 --> Session: Class initialized using 'CodeIgniter\Session\Handlers\FileHandler' driver.
DEBUG - 2025-09-16 09:36:57 --> Session: Class initialized using 'CodeIgniter\Session\Handlers\FileHandler' driver.
DEBUG - 2025-09-16 09:37:25 --> Session: Class initialized using 'CodeIgniter\Session\Handlers\FileHandler' driver.
DEBUG - 2025-09-16 09:37:27 --> Session: Class initialized using 'CodeIgniter\Session\Handlers\FileHandler' driver.
DEBUG - 2025-09-16 09:37:31 --> Session: Class initialized using 'CodeIgniter\Session\Handlers\FileHandler' driver.
DEBUG - 2025-09-16 09:37:35 --> Session: Class initialized using 'CodeIgniter\Session\Handlers\FileHandler' driver.
DEBUG - 2025-09-16 09:37:36 --> Session: Class initialized using 'CodeIgniter\Session\Handlers\FileHandler' driver.
DEBUG - 2025-09-16 09:37:36 --> Session: Class initialized using 'CodeIgniter\Session\Handlers\FileHandler' driver.
DEBUG - 2025-09-16 09:37:37 --> Session: Class initialized using 'CodeIgniter\Session\Handlers\FileHandler' driver.
DEBUG - 2025-09-16 09:37:39 --> Session: Class initialized using 'CodeIgniter\Session\Handlers\FileHandler' driver.
DEBUG - 2025-09-16 09:37:40 --> Session: Class initialized using 'CodeIgniter\Session\Handlers\FileHandler' driver.
DEBUG - 2025-09-16 09:37:41 --> Session: Class initialized using 'CodeIgniter\Session\Handlers\FileHandler' driver.
DEBUG - 2025-09-16 09:37:43 --> Session: Class initialized using 'CodeIgniter\Session\Handlers\FileHandler' driver.
DEBUG - 2025-09-16 09:37:46 --> Session: Class initialized using 'CodeIgniter\Session\Handlers\FileHandler' driver.
DEBUG - 2025-09-16 09:37:48 --> Session: Class initialized using 'CodeIgniter\Session\Handlers\FileHandler' driver.
DEBUG - 2025-09-16 09:37:49 --> Session: Class initialized using 'CodeIgniter\Session\Handlers\FileHandler' driver.
DEBUG - 2025-09-16 09:37:50 --> Session: Class initialized using 'CodeIgniter\Session\Handlers\FileHandler' driver.
DEBUG - 2025-09-16 09:37:55 --> Session: Class initialized using 'CodeIgniter\Session\Handlers\FileHandler' driver.
DEBUG - 2025-09-16 09:37:59 --> Session: Class initialized using 'CodeIgniter\Session\Handlers\FileHandler' driver.
DEBUG - 2025-09-16 09:38:12 --> Session: Class initialized using 'CodeIgniter\Session\Handlers\FileHandler' driver.
DEBUG - 2025-09-16 09:38:14 --> Session: Class initialized using 'CodeIgniter\Session\Handlers\FileHandler' driver.
DEBUG - 2025-09-16 09:38:20 --> Session: Class initialized using 'CodeIgniter\Session\Handlers\FileHandler' driver.
DEBUG - 2025-09-16 09:38:25 --> Session: Class initialized using 'CodeIgniter\Session\Handlers\FileHandler' driver.
DEBUG - 2025-09-16 09:38:29 --> Session: Class initialized using 'CodeIgniter\Session\Handlers\FileHandler' driver.
DEBUG - 2025-09-16 09:38:31 --> Session: Class initialized using 'CodeIgniter\Session\Handlers\FileHandler' driver.
DEBUG - 2025-09-16 09:38:40 --> Session: Class initialized using 'CodeIgniter\Session\Handlers\FileHandler' driver.
DEBUG - 2025-09-16 09:38:42 --> Session: Class initialized using 'CodeIgniter\Session\Handlers\FileHandler' driver.
DEBUG - 2025-09-16 09:38:46 --> Session: Class initialized using 'CodeIgniter\Session\Handlers\FileHandler' driver.
DEBUG - 2025-09-16 09:38:50 --> Session: Class initialized using 'CodeIgniter\Session\Handlers\FileHandler' driver.
DEBUG - 2025-09-16 09:39:26 --> Session: Class initialized using 'CodeIgniter\Session\Handlers\FileHandler' driver.
DEBUG - 2025-09-16 09:39:29 --> Session: Class initialized using 'CodeIgniter\Session\Handlers\FileHandler' driver.
DEBUG - 2025-09-16 09:39:33 --> Session: Class initialized using 'CodeIgniter\Session\Handlers\FileHandler' driver.
DEBUG - 2025-09-16 09:39:38 --> Session: Class initialized using 'CodeIgniter\Session\Handlers\FileHandler' driver.
DEBUG - 2025-09-16 09:39:53 --> Session: Class initialized using 'CodeIgniter\Session\Handlers\FileHandler' driver.
DEBUG - 2025-09-16 09:39:54 --> Session: Class initialized using 'CodeIgniter\Session\Handlers\FileHandler' driver.
DEBUG - 2025-09-16 09:40:02 --> Session: Class initialized using 'CodeIgniter\Session\Handlers\FileHandler' driver.
DEBUG - 2025-09-16 09:40:04 --> Session: Class initialized using 'CodeIgniter\Session\Handlers\FileHandler' driver.
ERROR - 2025-09-16 09:40:04 --> mysqli_sql_exception: Unknown column 'pharmacy_medicines.generic_name' in 'field list' in C:\xampp\htdocs\hms_ram\system\Database\MySQLi\Connection.php:327
Stack trace:
#0 C:\xampp\htdocs\hms_ram\system\Database\MySQLi\Connection.php(327): mysqli->query('SELECT `pharmac...', 0)
#1 C:\xampp\htdocs\hms_ram\system\Database\BaseConnection.php(738): CodeIgniter\Database\MySQLi\Connection->execute('SELECT `pharmac...')
#2 C:\xampp\htdocs\hms_ram\system\Database\BaseConnection.php(652): CodeIgniter\Database\BaseConnection->simpleQuery('SELECT `pharmac...')
#3 C:\xampp\htdocs\hms_ram\system\Database\BaseBuilder.php(1649): CodeIgniter\Database\BaseConnection->query('SELECT `pharmac...', Array, false)
#4 C:\xampp\htdocs\hms_ram\system\Model.php(286): CodeIgniter\Database\BaseBuilder->get()
#5 C:\xampp\htdocs\hms_ram\system\BaseModel.php(679): CodeIgniter\Model->doFindAll(0, 0)
#6 C:\xampp\htdocs\hms_ram\app\Controllers\Pharmacy\Reports.php(94): CodeIgniter\BaseModel->findAll()
#7 C:\xampp\htdocs\hms_ram\system\CodeIgniter.php(933): App\Controllers\Pharmacy\Reports->stock()
#8 C:\xampp\htdocs\hms_ram\system\CodeIgniter.php(507): CodeIgniter\CodeIgniter->runController(Object(App\Controllers\Pharmacy\Reports))
#9 C:\xampp\htdocs\hms_ram\system\CodeIgniter.php(354): CodeIgniter\CodeIgniter->handleRequest(NULL, Object(Config\Cache), false)
#10 C:\xampp\htdocs\hms_ram\system\Boot.php(334): CodeIgniter\CodeIgniter->run()
#11 C:\xampp\htdocs\hms_ram\system\Boot.php(67): CodeIgniter\Boot::runCodeIgniter(Object(CodeIgniter\CodeIgniter))
#12 C:\xampp\htdocs\hms_ram\index.php(46): CodeIgniter\Boot::bootWeb(Object(Config\Paths))
#13 {main}
CRITICAL - 2025-09-16 09:40:04 --> CodeIgniter\Database\Exceptions\DatabaseException: Unknown column 'pharmacy_medicines.generic_name' in 'field list'
[Method: GET, Route: pharmacy/reports/stock]
in SYSTEMPATH\Database\BaseConnection.php on line 692.
 1 SYSTEMPATH\Database\BaseBuilder.php(1649): CodeIgniter\Database\BaseConnection->query('SELECT `pharmacy_medicines`.`id`, `pharmacy_medicines`.`generic_name`, `pharmacy_medicines`.`brand_name`, `pharmacy_medicines`.`strength`, `pharmacy_medicines`.`reorder_level`, `pm`.`name` as `manufacturer_name`, `pc`.`name` as `category_name`, SUM(pb.current_stock) as total_stock, COUNT(pb.id) as num_batches
FROM `pharmacy_medicines`
LEFT JOIN `pharmacy_batches` `pb` ON `pb`.`medicine_id` = `pharmacy_medicines`.`id`
JOIN `pharmacy_manufacturers` `pm` ON `pm`.`id` = `pharmacy_medicines`.`manufacturer_id`
JOIN `pharmacy_categories` `pc` ON `pc`.`id` = `pharmacy_medicines`.`category_id`
GROUP BY `pharmacy_medicines`.`id`', [], false)
 2 SYSTEMPATH\Model.php(286): CodeIgniter\Database\BaseBuilder->get()
 3 SYSTEMPATH\BaseModel.php(679): CodeIgniter\Model->doFindAll(0, 0)
 4 APPPATH\Controllers\Pharmacy\Reports.php(94): CodeIgniter\BaseModel->findAll()
 5 SYSTEMPATH\CodeIgniter.php(933): App\Controllers\Pharmacy\Reports->stock()
 6 SYSTEMPATH\CodeIgniter.php(507): CodeIgniter\CodeIgniter->runController(Object(App\Controllers\Pharmacy\Reports))
 7 SYSTEMPATH\CodeIgniter.php(354): CodeIgniter\CodeIgniter->handleRequest(null, Object(Config\Cache), false)
 8 SYSTEMPATH\Boot.php(334): CodeIgniter\CodeIgniter->run()
 9 SYSTEMPATH\Boot.php(67): CodeIgniter\Boot::runCodeIgniter(Object(CodeIgniter\CodeIgniter))
10 FCPATH\index.php(46): CodeIgniter\Boot::bootWeb(Object(Config\Paths))
CRITICAL - 2025-09-16 09:40:04 --> [Caused by] CodeIgniter\Database\Exceptions\DatabaseException: Unknown column 'pharmacy_medicines.generic_name' in 'field list'
in SYSTEMPATH\Database\MySQLi\Connection.php on line 332.
 1 SYSTEMPATH\Database\BaseConnection.php(738): CodeIgniter\Database\MySQLi\Connection->execute('SELECT `pharmacy_medicines`.`id`, `pharmacy_medicines`.`generic_name`, `pharmacy_medicines`.`brand_name`, `pharmacy_medicines`.`strength`, `pharmacy_medicines`.`reorder_level`, `pm`.`name` as `manufacturer_name`, `pc`.`name` as `category_name`, SUM(pb.current_stock) as total_stock, COUNT(pb.id) as num_batches
FROM `pharmacy_medicines`
LEFT JOIN `pharmacy_batches` `pb` ON `pb`.`medicine_id` = `pharmacy_medicines`.`id`
JOIN `pharmacy_manufacturers` `pm` ON `pm`.`id` = `pharmacy_medicines`.`manufacturer_id`
JOIN `pharmacy_categories` `pc` ON `pc`.`id` = `pharmacy_medicines`.`category_id`
GROUP BY `pharmacy_medicines`.`id`')
 2 SYSTEMPATH\Database\BaseConnection.php(652): CodeIgniter\Database\BaseConnection->simpleQuery('SELECT `pharmacy_medicines`.`id`, `pharmacy_medicines`.`generic_name`, `pharmacy_medicines`.`brand_name`, `pharmacy_medicines`.`strength`, `pharmacy_medicines`.`reorder_level`, `pm`.`name` as `manufacturer_name`, `pc`.`name` as `category_name`, SUM(pb.current_stock) as total_stock, COUNT(pb.id) as num_batches
FROM `pharmacy_medicines`
LEFT JOIN `pharmacy_batches` `pb` ON `pb`.`medicine_id` = `pharmacy_medicines`.`id`
JOIN `pharmacy_manufacturers` `pm` ON `pm`.`id` = `pharmacy_medicines`.`manufacturer_id`
JOIN `pharmacy_categories` `pc` ON `pc`.`id` = `pharmacy_medicines`.`category_id`
GROUP BY `pharmacy_medicines`.`id`')
 3 SYSTEMPATH\Database\BaseBuilder.php(1649): CodeIgniter\Database\BaseConnection->query('SELECT `pharmacy_medicines`.`id`, `pharmacy_medicines`.`generic_name`, `pharmacy_medicines`.`brand_name`, `pharmacy_medicines`.`strength`, `pharmacy_medicines`.`reorder_level`, `pm`.`name` as `manufacturer_name`, `pc`.`name` as `category_name`, SUM(pb.current_stock) as total_stock, COUNT(pb.id) as num_batches
FROM `pharmacy_medicines`
LEFT JOIN `pharmacy_batches` `pb` ON `pb`.`medicine_id` = `pharmacy_medicines`.`id`
JOIN `pharmacy_manufacturers` `pm` ON `pm`.`id` = `pharmacy_medicines`.`manufacturer_id`
JOIN `pharmacy_categories` `pc` ON `pc`.`id` = `pharmacy_medicines`.`category_id`
GROUP BY `pharmacy_medicines`.`id`', [], false)
 4 SYSTEMPATH\Model.php(286): CodeIgniter\Database\BaseBuilder->get()
 5 SYSTEMPATH\BaseModel.php(679): CodeIgniter\Model->doFindAll(0, 0)
 6 APPPATH\Controllers\Pharmacy\Reports.php(94): CodeIgniter\BaseModel->findAll()
 7 SYSTEMPATH\CodeIgniter.php(933): App\Controllers\Pharmacy\Reports->stock()
 8 SYSTEMPATH\CodeIgniter.php(507): CodeIgniter\CodeIgniter->runController(Object(App\Controllers\Pharmacy\Reports))
 9 SYSTEMPATH\CodeIgniter.php(354): CodeIgniter\CodeIgniter->handleRequest(null, Object(Config\Cache), false)
10 SYSTEMPATH\Boot.php(334): CodeIgniter\CodeIgniter->run()
11 SYSTEMPATH\Boot.php(67): CodeIgniter\Boot::runCodeIgniter(Object(CodeIgniter\CodeIgniter))
12 FCPATH\index.php(46): CodeIgniter\Boot::bootWeb(Object(Config\Paths))
CRITICAL - 2025-09-16 09:40:04 --> [Caused by] mysqli_sql_exception: Unknown column 'pharmacy_medicines.generic_name' in 'field list'
in SYSTEMPATH\Database\MySQLi\Connection.php on line 327.
 1 SYSTEMPATH\Database\MySQLi\Connection.php(327): mysqli->query('SELECT `pharmacy_medicines`.`id`, `pharmacy_medicines`.`generic_name`, `pharmacy_medicines`.`brand_name`, `pharmacy_medicines`.`strength`, `pharmacy_medicines`.`reorder_level`, `pm`.`name` as `manufacturer_name`, `pc`.`name` as `category_name`, SUM(pb.current_stock) as total_stock, COUNT(pb.id) as num_batches
FROM `pharmacy_medicines`
LEFT JOIN `pharmacy_batches` `pb` ON `pb`.`medicine_id` = `pharmacy_medicines`.`id`
JOIN `pharmacy_manufacturers` `pm` ON `pm`.`id` = `pharmacy_medicines`.`manufacturer_id`
JOIN `pharmacy_categories` `pc` ON `pc`.`id` = `pharmacy_medicines`.`category_id`
GROUP BY `pharmacy_medicines`.`id`', 0)
 2 SYSTEMPATH\Database\BaseConnection.php(738): CodeIgniter\Database\MySQLi\Connection->execute('SELECT `pharmacy_medicines`.`id`, `pharmacy_medicines`.`generic_name`, `pharmacy_medicines`.`brand_name`, `pharmacy_medicines`.`strength`, `pharmacy_medicines`.`reorder_level`, `pm`.`name` as `manufacturer_name`, `pc`.`name` as `category_name`, SUM(pb.current_stock) as total_stock, COUNT(pb.id) as num_batches
FROM `pharmacy_medicines`
LEFT JOIN `pharmacy_batches` `pb` ON `pb`.`medicine_id` = `pharmacy_medicines`.`id`
JOIN `pharmacy_manufacturers` `pm` ON `pm`.`id` = `pharmacy_medicines`.`manufacturer_id`
JOIN `pharmacy_categories` `pc` ON `pc`.`id` = `pharmacy_medicines`.`category_id`
GROUP BY `pharmacy_medicines`.`id`')
 3 SYSTEMPATH\Database\BaseConnection.php(652): CodeIgniter\Database\BaseConnection->simpleQuery('SELECT `pharmacy_medicines`.`id`, `pharmacy_medicines`.`generic_name`, `pharmacy_medicines`.`brand_name`, `pharmacy_medicines`.`strength`, `pharmacy_medicines`.`reorder_level`, `pm`.`name` as `manufacturer_name`, `pc`.`name` as `category_name`, SUM(pb.current_stock) as total_stock, COUNT(pb.id) as num_batches
FROM `pharmacy_medicines`
LEFT JOIN `pharmacy_batches` `pb` ON `pb`.`medicine_id` = `pharmacy_medicines`.`id`
JOIN `pharmacy_manufacturers` `pm` ON `pm`.`id` = `pharmacy_medicines`.`manufacturer_id`
JOIN `pharmacy_categories` `pc` ON `pc`.`id` = `pharmacy_medicines`.`category_id`
GROUP BY `pharmacy_medicines`.`id`')
 4 SYSTEMPATH\Database\BaseBuilder.php(1649): CodeIgniter\Database\BaseConnection->query('SELECT `pharmacy_medicines`.`id`, `pharmacy_medicines`.`generic_name`, `pharmacy_medicines`.`brand_name`, `pharmacy_medicines`.`strength`, `pharmacy_medicines`.`reorder_level`, `pm`.`name` as `manufacturer_name`, `pc`.`name` as `category_name`, SUM(pb.current_stock) as total_stock, COUNT(pb.id) as num_batches
FROM `pharmacy_medicines`
LEFT JOIN `pharmacy_batches` `pb` ON `pb`.`medicine_id` = `pharmacy_medicines`.`id`
JOIN `pharmacy_manufacturers` `pm` ON `pm`.`id` = `pharmacy_medicines`.`manufacturer_id`
JOIN `pharmacy_categories` `pc` ON `pc`.`id` = `pharmacy_medicines`.`category_id`
GROUP BY `pharmacy_medicines`.`id`', [], false)
 5 SYSTEMPATH\Model.php(286): CodeIgniter\Database\BaseBuilder->get()
 6 SYSTEMPATH\BaseModel.php(679): CodeIgniter\Model->doFindAll(0, 0)
 7 APPPATH\Controllers\Pharmacy\Reports.php(94): CodeIgniter\BaseModel->findAll()
 8 SYSTEMPATH\CodeIgniter.php(933): App\Controllers\Pharmacy\Reports->stock()
 9 SYSTEMPATH\CodeIgniter.php(507): CodeIgniter\CodeIgniter->runController(Object(App\Controllers\Pharmacy\Reports))
10 SYSTEMPATH\CodeIgniter.php(354): CodeIgniter\CodeIgniter->handleRequest(null, Object(Config\Cache), false)
11 SYSTEMPATH\Boot.php(334): CodeIgniter\CodeIgniter->run()
12 SYSTEMPATH\Boot.php(67): CodeIgniter\Boot::runCodeIgniter(Object(CodeIgniter\CodeIgniter))
13 FCPATH\index.php(46): CodeIgniter\Boot::bootWeb(Object(Config\Paths))
DEBUG - 2025-09-16 09:40:18 --> Session: Class initialized using 'CodeIgniter\Session\Handlers\FileHandler' driver.
ERROR - 2025-09-16 09:40:18 --> mysqli_sql_exception: Unknown column 'pharmacy_medicines.generic_name' in 'field list' in C:\xampp\htdocs\hms_ram\system\Database\MySQLi\Connection.php:327
Stack trace:
#0 C:\xampp\htdocs\hms_ram\system\Database\MySQLi\Connection.php(327): mysqli->query('SELECT `pharmac...', 0)
#1 C:\xampp\htdocs\hms_ram\system\Database\BaseConnection.php(738): CodeIgniter\Database\MySQLi\Connection->execute('SELECT `pharmac...')
#2 C:\xampp\htdocs\hms_ram\system\Database\BaseConnection.php(652): CodeIgniter\Database\BaseConnection->simpleQuery('SELECT `pharmac...')
#3 C:\xampp\htdocs\hms_ram\system\Database\BaseBuilder.php(1649): CodeIgniter\Database\BaseConnection->query('SELECT `pharmac...', Array, false)
#4 C:\xampp\htdocs\hms_ram\system\Model.php(286): CodeIgniter\Database\BaseBuilder->get()
#5 C:\xampp\htdocs\hms_ram\system\BaseModel.php(679): CodeIgniter\Model->doFindAll(0, 0)
#6 C:\xampp\htdocs\hms_ram\app\Controllers\Pharmacy\Reports.php(94): CodeIgniter\BaseModel->findAll()
#7 C:\xampp\htdocs\hms_ram\system\CodeIgniter.php(933): App\Controllers\Pharmacy\Reports->stock()
#8 C:\xampp\htdocs\hms_ram\system\CodeIgniter.php(507): CodeIgniter\CodeIgniter->runController(Object(App\Controllers\Pharmacy\Reports))
#9 C:\xampp\htdocs\hms_ram\system\CodeIgniter.php(354): CodeIgniter\CodeIgniter->handleRequest(NULL, Object(Config\Cache), false)
#10 C:\xampp\htdocs\hms_ram\system\Boot.php(334): CodeIgniter\CodeIgniter->run()
#11 C:\xampp\htdocs\hms_ram\system\Boot.php(67): CodeIgniter\Boot::runCodeIgniter(Object(CodeIgniter\CodeIgniter))
#12 C:\xampp\htdocs\hms_ram\index.php(46): CodeIgniter\Boot::bootWeb(Object(Config\Paths))
#13 {main}
CRITICAL - 2025-09-16 09:40:18 --> CodeIgniter\Database\Exceptions\DatabaseException: Unknown column 'pharmacy_medicines.generic_name' in 'field list'
[Method: GET, Route: pharmacy/reports/stock]
in SYSTEMPATH\Database\BaseConnection.php on line 692.
 1 SYSTEMPATH\Database\BaseBuilder.php(1649): CodeIgniter\Database\BaseConnection->query('SELECT `pharmacy_medicines`.`id`, `pharmacy_medicines`.`generic_name`, `pharmacy_medicines`.`brand_name`, `pharmacy_medicines`.`strength`, `pharmacy_medicines`.`reorder_level`, `pm`.`name` as `manufacturer_name`, `pc`.`name` as `category_name`, SUM(pb.current_stock) as total_stock, COUNT(pb.id) as num_batches
FROM `pharmacy_medicines`
LEFT JOIN `pharmacy_batches` `pb` ON `pb`.`medicine_id` = `pharmacy_medicines`.`id`
JOIN `pharmacy_manufacturers` `pm` ON `pm`.`id` = `pharmacy_medicines`.`manufacturer_id`
JOIN `pharmacy_categories` `pc` ON `pc`.`id` = `pharmacy_medicines`.`category_id`
GROUP BY `pharmacy_medicines`.`id`', [], false)
 2 SYSTEMPATH\Model.php(286): CodeIgniter\Database\BaseBuilder->get()
 3 SYSTEMPATH\BaseModel.php(679): CodeIgniter\Model->doFindAll(0, 0)
 4 APPPATH\Controllers\Pharmacy\Reports.php(94): CodeIgniter\BaseModel->findAll()
 5 SYSTEMPATH\CodeIgniter.php(933): App\Controllers\Pharmacy\Reports->stock()
 6 SYSTEMPATH\CodeIgniter.php(507): CodeIgniter\CodeIgniter->runController(Object(App\Controllers\Pharmacy\Reports))
 7 SYSTEMPATH\CodeIgniter.php(354): CodeIgniter\CodeIgniter->handleRequest(null, Object(Config\Cache), false)
 8 SYSTEMPATH\Boot.php(334): CodeIgniter\CodeIgniter->run()
 9 SYSTEMPATH\Boot.php(67): CodeIgniter\Boot::runCodeIgniter(Object(CodeIgniter\CodeIgniter))
10 FCPATH\index.php(46): CodeIgniter\Boot::bootWeb(Object(Config\Paths))
CRITICAL - 2025-09-16 09:40:18 --> [Caused by] CodeIgniter\Database\Exceptions\DatabaseException: Unknown column 'pharmacy_medicines.generic_name' in 'field list'
in SYSTEMPATH\Database\MySQLi\Connection.php on line 332.
 1 SYSTEMPATH\Database\BaseConnection.php(738): CodeIgniter\Database\MySQLi\Connection->execute('SELECT `pharmacy_medicines`.`id`, `pharmacy_medicines`.`generic_name`, `pharmacy_medicines`.`brand_name`, `pharmacy_medicines`.`strength`, `pharmacy_medicines`.`reorder_level`, `pm`.`name` as `manufacturer_name`, `pc`.`name` as `category_name`, SUM(pb.current_stock) as total_stock, COUNT(pb.id) as num_batches
FROM `pharmacy_medicines`
LEFT JOIN `pharmacy_batches` `pb` ON `pb`.`medicine_id` = `pharmacy_medicines`.`id`
JOIN `pharmacy_manufacturers` `pm` ON `pm`.`id` = `pharmacy_medicines`.`manufacturer_id`
JOIN `pharmacy_categories` `pc` ON `pc`.`id` = `pharmacy_medicines`.`category_id`
GROUP BY `pharmacy_medicines`.`id`')
 2 SYSTEMPATH\Database\BaseConnection.php(652): CodeIgniter\Database\BaseConnection->simpleQuery('SELECT `pharmacy_medicines`.`id`, `pharmacy_medicines`.`generic_name`, `pharmacy_medicines`.`brand_name`, `pharmacy_medicines`.`strength`, `pharmacy_medicines`.`reorder_level`, `pm`.`name` as `manufacturer_name`, `pc`.`name` as `category_name`, SUM(pb.current_stock) as total_stock, COUNT(pb.id) as num_batches
FROM `pharmacy_medicines`
LEFT JOIN `pharmacy_batches` `pb` ON `pb`.`medicine_id` = `pharmacy_medicines`.`id`
JOIN `pharmacy_manufacturers` `pm` ON `pm`.`id` = `pharmacy_medicines`.`manufacturer_id`
JOIN `pharmacy_categories` `pc` ON `pc`.`id` = `pharmacy_medicines`.`category_id`
GROUP BY `pharmacy_medicines`.`id`')
 3 SYSTEMPATH\Database\BaseBuilder.php(1649): CodeIgniter\Database\BaseConnection->query('SELECT `pharmacy_medicines`.`id`, `pharmacy_medicines`.`generic_name`, `pharmacy_medicines`.`brand_name`, `pharmacy_medicines`.`strength`, `pharmacy_medicines`.`reorder_level`, `pm`.`name` as `manufacturer_name`, `pc`.`name` as `category_name`, SUM(pb.current_stock) as total_stock, COUNT(pb.id) as num_batches
FROM `pharmacy_medicines`
LEFT JOIN `pharmacy_batches` `pb` ON `pb`.`medicine_id` = `pharmacy_medicines`.`id`
JOIN `pharmacy_manufacturers` `pm` ON `pm`.`id` = `pharmacy_medicines`.`manufacturer_id`
JOIN `pharmacy_categories` `pc` ON `pc`.`id` = `pharmacy_medicines`.`category_id`
GROUP BY `pharmacy_medicines`.`id`', [], false)
 4 SYSTEMPATH\Model.php(286): CodeIgniter\Database\BaseBuilder->get()
 5 SYSTEMPATH\BaseModel.php(679): CodeIgniter\Model->doFindAll(0, 0)
 6 APPPATH\Controllers\Pharmacy\Reports.php(94): CodeIgniter\BaseModel->findAll()
 7 SYSTEMPATH\CodeIgniter.php(933): App\Controllers\Pharmacy\Reports->stock()
 8 SYSTEMPATH\CodeIgniter.php(507): CodeIgniter\CodeIgniter->runController(Object(App\Controllers\Pharmacy\Reports))
 9 SYSTEMPATH\CodeIgniter.php(354): CodeIgniter\CodeIgniter->handleRequest(null, Object(Config\Cache), false)
10 SYSTEMPATH\Boot.php(334): CodeIgniter\CodeIgniter->run()
11 SYSTEMPATH\Boot.php(67): CodeIgniter\Boot::runCodeIgniter(Object(CodeIgniter\CodeIgniter))
12 FCPATH\index.php(46): CodeIgniter\Boot::bootWeb(Object(Config\Paths))
CRITICAL - 2025-09-16 09:40:18 --> [Caused by] mysqli_sql_exception: Unknown column 'pharmacy_medicines.generic_name' in 'field list'
in SYSTEMPATH\Database\MySQLi\Connection.php on line 327.
 1 SYSTEMPATH\Database\MySQLi\Connection.php(327): mysqli->query('SELECT `pharmacy_medicines`.`id`, `pharmacy_medicines`.`generic_name`, `pharmacy_medicines`.`brand_name`, `pharmacy_medicines`.`strength`, `pharmacy_medicines`.`reorder_level`, `pm`.`name` as `manufacturer_name`, `pc`.`name` as `category_name`, SUM(pb.current_stock) as total_stock, COUNT(pb.id) as num_batches
FROM `pharmacy_medicines`
LEFT JOIN `pharmacy_batches` `pb` ON `pb`.`medicine_id` = `pharmacy_medicines`.`id`
JOIN `pharmacy_manufacturers` `pm` ON `pm`.`id` = `pharmacy_medicines`.`manufacturer_id`
JOIN `pharmacy_categories` `pc` ON `pc`.`id` = `pharmacy_medicines`.`category_id`
GROUP BY `pharmacy_medicines`.`id`', 0)
 2 SYSTEMPATH\Database\BaseConnection.php(738): CodeIgniter\Database\MySQLi\Connection->execute('SELECT `pharmacy_medicines`.`id`, `pharmacy_medicines`.`generic_name`, `pharmacy_medicines`.`brand_name`, `pharmacy_medicines`.`strength`, `pharmacy_medicines`.`reorder_level`, `pm`.`name` as `manufacturer_name`, `pc`.`name` as `category_name`, SUM(pb.current_stock) as total_stock, COUNT(pb.id) as num_batches
FROM `pharmacy_medicines`
LEFT JOIN `pharmacy_batches` `pb` ON `pb`.`medicine_id` = `pharmacy_medicines`.`id`
JOIN `pharmacy_manufacturers` `pm` ON `pm`.`id` = `pharmacy_medicines`.`manufacturer_id`
JOIN `pharmacy_categories` `pc` ON `pc`.`id` = `pharmacy_medicines`.`category_id`
GROUP BY `pharmacy_medicines`.`id`')
 3 SYSTEMPATH\Database\BaseConnection.php(652): CodeIgniter\Database\BaseConnection->simpleQuery('SELECT `pharmacy_medicines`.`id`, `pharmacy_medicines`.`generic_name`, `pharmacy_medicines`.`brand_name`, `pharmacy_medicines`.`strength`, `pharmacy_medicines`.`reorder_level`, `pm`.`name` as `manufacturer_name`, `pc`.`name` as `category_name`, SUM(pb.current_stock) as total_stock, COUNT(pb.id) as num_batches
FROM `pharmacy_medicines`
LEFT JOIN `pharmacy_batches` `pb` ON `pb`.`medicine_id` = `pharmacy_medicines`.`id`
JOIN `pharmacy_manufacturers` `pm` ON `pm`.`id` = `pharmacy_medicines`.`manufacturer_id`
JOIN `pharmacy_categories` `pc` ON `pc`.`id` = `pharmacy_medicines`.`category_id`
GROUP BY `pharmacy_medicines`.`id`')
 4 SYSTEMPATH\Database\BaseBuilder.php(1649): CodeIgniter\Database\BaseConnection->query('SELECT `pharmacy_medicines`.`id`, `pharmacy_medicines`.`generic_name`, `pharmacy_medicines`.`brand_name`, `pharmacy_medicines`.`strength`, `pharmacy_medicines`.`reorder_level`, `pm`.`name` as `manufacturer_name`, `pc`.`name` as `category_name`, SUM(pb.current_stock) as total_stock, COUNT(pb.id) as num_batches
FROM `pharmacy_medicines`
LEFT JOIN `pharmacy_batches` `pb` ON `pb`.`medicine_id` = `pharmacy_medicines`.`id`
JOIN `pharmacy_manufacturers` `pm` ON `pm`.`id` = `pharmacy_medicines`.`manufacturer_id`
JOIN `pharmacy_categories` `pc` ON `pc`.`id` = `pharmacy_medicines`.`category_id`
GROUP BY `pharmacy_medicines`.`id`', [], false)
 5 SYSTEMPATH\Model.php(286): CodeIgniter\Database\BaseBuilder->get()
 6 SYSTEMPATH\BaseModel.php(679): CodeIgniter\Model->doFindAll(0, 0)
 7 APPPATH\Controllers\Pharmacy\Reports.php(94): CodeIgniter\BaseModel->findAll()
 8 SYSTEMPATH\CodeIgniter.php(933): App\Controllers\Pharmacy\Reports->stock()
 9 SYSTEMPATH\CodeIgniter.php(507): CodeIgniter\CodeIgniter->runController(Object(App\Controllers\Pharmacy\Reports))
10 SYSTEMPATH\CodeIgniter.php(354): CodeIgniter\CodeIgniter->handleRequest(null, Object(Config\Cache), false)
11 SYSTEMPATH\Boot.php(334): CodeIgniter\CodeIgniter->run()
12 SYSTEMPATH\Boot.php(67): CodeIgniter\Boot::runCodeIgniter(Object(CodeIgniter\CodeIgniter))
13 FCPATH\index.php(46): CodeIgniter\Boot::bootWeb(Object(Config\Paths))
DEBUG - 2025-09-16 09:40:23 --> Session: Class initialized using 'CodeIgniter\Session\Handlers\FileHandler' driver.
ERROR - 2025-09-16 09:40:23 --> mysqli_sql_exception: Unknown column 'pm.generic_name' in 'field list' in C:\xampp\htdocs\hms_ram\system\Database\MySQLi\Connection.php:327
Stack trace:
#0 C:\xampp\htdocs\hms_ram\system\Database\MySQLi\Connection.php(327): mysqli->query('SELECT `pharmac...', 0)
#1 C:\xampp\htdocs\hms_ram\system\Database\BaseConnection.php(738): CodeIgniter\Database\MySQLi\Connection->execute('SELECT `pharmac...')
#2 C:\xampp\htdocs\hms_ram\system\Database\BaseConnection.php(652): CodeIgniter\Database\BaseConnection->simpleQuery('SELECT `pharmac...')
#3 C:\xampp\htdocs\hms_ram\system\Database\BaseBuilder.php(1649): CodeIgniter\Database\BaseConnection->query('SELECT `pharmac...', Array, false)
#4 C:\xampp\htdocs\hms_ram\system\Model.php(286): CodeIgniter\Database\BaseBuilder->get()
#5 C:\xampp\htdocs\hms_ram\system\BaseModel.php(679): CodeIgniter\Model->doFindAll(0, 0)
#6 C:\xampp\htdocs\hms_ram\app\Controllers\Pharmacy\Reports.php(120): CodeIgniter\BaseModel->findAll()
#7 C:\xampp\htdocs\hms_ram\system\CodeIgniter.php(933): App\Controllers\Pharmacy\Reports->expiry()
#8 C:\xampp\htdocs\hms_ram\system\CodeIgniter.php(507): CodeIgniter\CodeIgniter->runController(Object(App\Controllers\Pharmacy\Reports))
#9 C:\xampp\htdocs\hms_ram\system\CodeIgniter.php(354): CodeIgniter\CodeIgniter->handleRequest(NULL, Object(Config\Cache), false)
#10 C:\xampp\htdocs\hms_ram\system\Boot.php(334): CodeIgniter\CodeIgniter->run()
#11 C:\xampp\htdocs\hms_ram\system\Boot.php(67): CodeIgniter\Boot::runCodeIgniter(Object(CodeIgniter\CodeIgniter))
#12 C:\xampp\htdocs\hms_ram\index.php(46): CodeIgniter\Boot::bootWeb(Object(Config\Paths))
#13 {main}
CRITICAL - 2025-09-16 09:40:23 --> CodeIgniter\Database\Exceptions\DatabaseException: Unknown column 'pm.generic_name' in 'field list'
[Method: GET, Route: pharmacy/reports/expiry]
in SYSTEMPATH\Database\BaseConnection.php on line 692.
 1 SYSTEMPATH\Database\BaseBuilder.php(1649): CodeIgniter\Database\BaseConnection->query('SELECT `pharmacy_batches`.*, `pm`.`generic_name`, `pm`.`brand_name`, `pm`.`strength`, `ps`.`name` as `supplier_name`
FROM `pharmacy_batches`
JOIN `pharmacy_medicines` `pm` ON `pm`.`id` = `pharmacy_batches`.`medicine_id`
LEFT JOIN `pharmacy_suppliers` `ps` ON `ps`.`id` = `pharmacy_batches`.`supplier_id`
WHERE `expiry_date` <= :expiry_date:
AND `current_stock` > :current_stock:
ORDER BY `expiry_date` ASC', [...], false)
 2 SYSTEMPATH\Model.php(286): CodeIgniter\Database\BaseBuilder->get()
 3 SYSTEMPATH\BaseModel.php(679): CodeIgniter\Model->doFindAll(0, 0)
 4 APPPATH\Controllers\Pharmacy\Reports.php(120): CodeIgniter\BaseModel->findAll()
 5 SYSTEMPATH\CodeIgniter.php(933): App\Controllers\Pharmacy\Reports->expiry()
 6 SYSTEMPATH\CodeIgniter.php(507): CodeIgniter\CodeIgniter->runController(Object(App\Controllers\Pharmacy\Reports))
 7 SYSTEMPATH\CodeIgniter.php(354): CodeIgniter\CodeIgniter->handleRequest(null, Object(Config\Cache), false)
 8 SYSTEMPATH\Boot.php(334): CodeIgniter\CodeIgniter->run()
 9 SYSTEMPATH\Boot.php(67): CodeIgniter\Boot::runCodeIgniter(Object(CodeIgniter\CodeIgniter))
10 FCPATH\index.php(46): CodeIgniter\Boot::bootWeb(Object(Config\Paths))
CRITICAL - 2025-09-16 09:40:23 --> [Caused by] CodeIgniter\Database\Exceptions\DatabaseException: Unknown column 'pm.generic_name' in 'field list'
in SYSTEMPATH\Database\MySQLi\Connection.php on line 332.
 1 SYSTEMPATH\Database\BaseConnection.php(738): CodeIgniter\Database\MySQLi\Connection->execute('SELECT `pharmacy_batches`.*, `pm`.`generic_name`, `pm`.`brand_name`, `pm`.`strength`, `ps`.`name` as `supplier_name`
FROM `pharmacy_batches`
JOIN `pharmacy_medicines` `pm` ON `pm`.`id` = `pharmacy_batches`.`medicine_id`
LEFT JOIN `pharmacy_suppliers` `ps` ON `ps`.`id` = `pharmacy_batches`.`supplier_id`
WHERE `expiry_date` <= \'2025-12-16\'
AND `current_stock` > 0
ORDER BY `expiry_date` ASC')
 2 SYSTEMPATH\Database\BaseConnection.php(652): CodeIgniter\Database\BaseConnection->simpleQuery('SELECT `pharmacy_batches`.*, `pm`.`generic_name`, `pm`.`brand_name`, `pm`.`strength`, `ps`.`name` as `supplier_name`
FROM `pharmacy_batches`
JOIN `pharmacy_medicines` `pm` ON `pm`.`id` = `pharmacy_batches`.`medicine_id`
LEFT JOIN `pharmacy_suppliers` `ps` ON `ps`.`id` = `pharmacy_batches`.`supplier_id`
WHERE `expiry_date` <= \'2025-12-16\'
AND `current_stock` > 0
ORDER BY `expiry_date` ASC')
 3 SYSTEMPATH\Database\BaseBuilder.php(1649): CodeIgniter\Database\BaseConnection->query('SELECT `pharmacy_batches`.*, `pm`.`generic_name`, `pm`.`brand_name`, `pm`.`strength`, `ps`.`name` as `supplier_name`
FROM `pharmacy_batches`
JOIN `pharmacy_medicines` `pm` ON `pm`.`id` = `pharmacy_batches`.`medicine_id`
LEFT JOIN `pharmacy_suppliers` `ps` ON `ps`.`id` = `pharmacy_batches`.`supplier_id`
WHERE `expiry_date` <= :expiry_date:
AND `current_stock` > :current_stock:
ORDER BY `expiry_date` ASC', [...], false)
 4 SYSTEMPATH\Model.php(286): CodeIgniter\Database\BaseBuilder->get()
 5 SYSTEMPATH\BaseModel.php(679): CodeIgniter\Model->doFindAll(0, 0)
 6 APPPATH\Controllers\Pharmacy\Reports.php(120): CodeIgniter\BaseModel->findAll()
 7 SYSTEMPATH\CodeIgniter.php(933): App\Controllers\Pharmacy\Reports->expiry()
 8 SYSTEMPATH\CodeIgniter.php(507): CodeIgniter\CodeIgniter->runController(Object(App\Controllers\Pharmacy\Reports))
 9 SYSTEMPATH\CodeIgniter.php(354): CodeIgniter\CodeIgniter->handleRequest(null, Object(Config\Cache), false)
10 SYSTEMPATH\Boot.php(334): CodeIgniter\CodeIgniter->run()
11 SYSTEMPATH\Boot.php(67): CodeIgniter\Boot::runCodeIgniter(Object(CodeIgniter\CodeIgniter))
12 FCPATH\index.php(46): CodeIgniter\Boot::bootWeb(Object(Config\Paths))
CRITICAL - 2025-09-16 09:40:23 --> [Caused by] mysqli_sql_exception: Unknown column 'pm.generic_name' in 'field list'
in SYSTEMPATH\Database\MySQLi\Connection.php on line 327.
 1 SYSTEMPATH\Database\MySQLi\Connection.php(327): mysqli->query('SELECT `pharmacy_batches`.*, `pm`.`generic_name`, `pm`.`brand_name`, `pm`.`strength`, `ps`.`name` as `supplier_name`
FROM `pharmacy_batches`
JOIN `pharmacy_medicines` `pm` ON `pm`.`id` = `pharmacy_batches`.`medicine_id`
LEFT JOIN `pharmacy_suppliers` `ps` ON `ps`.`id` = `pharmacy_batches`.`supplier_id`
WHERE `expiry_date` <= \'2025-12-16\'
AND `current_stock` > 0
ORDER BY `expiry_date` ASC', 0)
 2 SYSTEMPATH\Database\BaseConnection.php(738): CodeIgniter\Database\MySQLi\Connection->execute('SELECT `pharmacy_batches`.*, `pm`.`generic_name`, `pm`.`brand_name`, `pm`.`strength`, `ps`.`name` as `supplier_name`
FROM `pharmacy_batches`
JOIN `pharmacy_medicines` `pm` ON `pm`.`id` = `pharmacy_batches`.`medicine_id`
LEFT JOIN `pharmacy_suppliers` `ps` ON `ps`.`id` = `pharmacy_batches`.`supplier_id`
WHERE `expiry_date` <= \'2025-12-16\'
AND `current_stock` > 0
ORDER BY `expiry_date` ASC')
 3 SYSTEMPATH\Database\BaseConnection.php(652): CodeIgniter\Database\BaseConnection->simpleQuery('SELECT `pharmacy_batches`.*, `pm`.`generic_name`, `pm`.`brand_name`, `pm`.`strength`, `ps`.`name` as `supplier_name`
FROM `pharmacy_batches`
JOIN `pharmacy_medicines` `pm` ON `pm`.`id` = `pharmacy_batches`.`medicine_id`
LEFT JOIN `pharmacy_suppliers` `ps` ON `ps`.`id` = `pharmacy_batches`.`supplier_id`
WHERE `expiry_date` <= \'2025-12-16\'
AND `current_stock` > 0
ORDER BY `expiry_date` ASC')
 4 SYSTEMPATH\Database\BaseBuilder.php(1649): CodeIgniter\Database\BaseConnection->query('SELECT `pharmacy_batches`.*, `pm`.`generic_name`, `pm`.`brand_name`, `pm`.`strength`, `ps`.`name` as `supplier_name`
FROM `pharmacy_batches`
JOIN `pharmacy_medicines` `pm` ON `pm`.`id` = `pharmacy_batches`.`medicine_id`
LEFT JOIN `pharmacy_suppliers` `ps` ON `ps`.`id` = `pharmacy_batches`.`supplier_id`
WHERE `expiry_date` <= :expiry_date:
AND `current_stock` > :current_stock:
ORDER BY `expiry_date` ASC', [...], false)
 5 SYSTEMPATH\Model.php(286): CodeIgniter\Database\BaseBuilder->get()
 6 SYSTEMPATH\BaseModel.php(679): CodeIgniter\Model->doFindAll(0, 0)
 7 APPPATH\Controllers\Pharmacy\Reports.php(120): CodeIgniter\BaseModel->findAll()
 8 SYSTEMPATH\CodeIgniter.php(933): App\Controllers\Pharmacy\Reports->expiry()
 9 SYSTEMPATH\CodeIgniter.php(507): CodeIgniter\CodeIgniter->runController(Object(App\Controllers\Pharmacy\Reports))
10 SYSTEMPATH\CodeIgniter.php(354): CodeIgniter\CodeIgniter->handleRequest(null, Object(Config\Cache), false)
11 SYSTEMPATH\Boot.php(334): CodeIgniter\CodeIgniter->run()
12 SYSTEMPATH\Boot.php(67): CodeIgniter\Boot::runCodeIgniter(Object(CodeIgniter\CodeIgniter))
13 FCPATH\index.php(46): CodeIgniter\Boot::bootWeb(Object(Config\Paths))
DEBUG - 2025-09-16 09:40:28 --> Session: Class initialized using 'CodeIgniter\Session\Handlers\FileHandler' driver.
DEBUG - 2025-09-16 09:41:02 --> Session: Class initialized using 'CodeIgniter\Session\Handlers\FileHandler' driver.
DEBUG - 2025-09-16 09:41:08 --> Session: Class initialized using 'CodeIgniter\Session\Handlers\FileHandler' driver.
CRITICAL - 2025-09-16 09:41:08 --> ErrorException: Undefined variable $currentType
[Method: GET, Route: pharmacy/sales/list]
in APPPATH\Views\pharmacy\sales\list.php on line 30.
 1 APPPATH\Views\pharmacy\sales\list.php(30): CodeIgniter\Debug\Exceptions->errorHandler(2, 'Undefined variable $currentType', 'C:\\xampp\\htdocs\\hms_ram\\app\\Views\\pharmacy\\sales\\list.php', 30)
 2 SYSTEMPATH\View\View.php(224): include('C:\\xampp\\htdocs\\hms_ram\\app\\Views\\pharmacy\\sales\\list.php')
 3 SYSTEMPATH\View\View.php(227): CodeIgniter\View\View->CodeIgniter\View\{closure}()
 4 SYSTEMPATH\Common.php(1173): CodeIgniter\View\View->render('pharmacy/sales/list', [], true)
 5 APPPATH\Controllers\Pharmacy\Sales.php(304): view('pharmacy/sales/list', [...])
 6 SYSTEMPATH\CodeIgniter.php(933): App\Controllers\Pharmacy\Sales->listSales()
 7 SYSTEMPATH\CodeIgniter.php(507): CodeIgniter\CodeIgniter->runController(Object(App\Controllers\Pharmacy\Sales))
 8 SYSTEMPATH\CodeIgniter.php(354): CodeIgniter\CodeIgniter->handleRequest(null, Object(Config\Cache), false)
 9 SYSTEMPATH\Boot.php(334): CodeIgniter\CodeIgniter->run()
10 SYSTEMPATH\Boot.php(67): CodeIgniter\Boot::runCodeIgniter(Object(CodeIgniter\CodeIgniter))
11 FCPATH\index.php(46): CodeIgniter\Boot::bootWeb(Object(Config\Paths))
DEBUG - 2025-09-16 09:41:12 --> Session: Class initialized using 'CodeIgniter\Session\Handlers\FileHandler' driver.
ERROR - 2025-09-16 09:41:12 --> mysqli_sql_exception: Unknown column 'pm.generic_name' in 'field list' in C:\xampp\htdocs\hms_ram\system\Database\MySQLi\Connection.php:327
Stack trace:
#0 C:\xampp\htdocs\hms_ram\system\Database\MySQLi\Connection.php(327): mysqli->query('SELECT `pharmac...', 0)
#1 C:\xampp\htdocs\hms_ram\system\Database\BaseConnection.php(738): CodeIgniter\Database\MySQLi\Connection->execute('SELECT `pharmac...')
#2 C:\xampp\htdocs\hms_ram\system\Database\BaseConnection.php(652): CodeIgniter\Database\BaseConnection->simpleQuery('SELECT `pharmac...')
#3 C:\xampp\htdocs\hms_ram\system\Database\BaseBuilder.php(1649): CodeIgniter\Database\BaseConnection->query('SELECT `pharmac...', Array, false)
#4 C:\xampp\htdocs\hms_ram\system\Model.php(286): CodeIgniter\Database\BaseBuilder->get()
#5 C:\xampp\htdocs\hms_ram\system\BaseModel.php(679): CodeIgniter\Model->doFindAll(0, 0)
#6 C:\xampp\htdocs\hms_ram\app\Controllers\Pharmacy\Reports.php(120): CodeIgniter\BaseModel->findAll()
#7 C:\xampp\htdocs\hms_ram\system\CodeIgniter.php(933): App\Controllers\Pharmacy\Reports->expiry()
#8 C:\xampp\htdocs\hms_ram\system\CodeIgniter.php(507): CodeIgniter\CodeIgniter->runController(Object(App\Controllers\Pharmacy\Reports))
#9 C:\xampp\htdocs\hms_ram\system\CodeIgniter.php(354): CodeIgniter\CodeIgniter->handleRequest(NULL, Object(Config\Cache), false)
#10 C:\xampp\htdocs\hms_ram\system\Boot.php(334): CodeIgniter\CodeIgniter->run()
#11 C:\xampp\htdocs\hms_ram\system\Boot.php(67): CodeIgniter\Boot::runCodeIgniter(Object(CodeIgniter\CodeIgniter))
#12 C:\xampp\htdocs\hms_ram\index.php(46): CodeIgniter\Boot::bootWeb(Object(Config\Paths))
#13 {main}
CRITICAL - 2025-09-16 09:41:12 --> CodeIgniter\Database\Exceptions\DatabaseException: Unknown column 'pm.generic_name' in 'field list'
[Method: GET, Route: pharmacy/reports/expiry]
in SYSTEMPATH\Database\BaseConnection.php on line 692.
 1 SYSTEMPATH\Database\BaseBuilder.php(1649): CodeIgniter\Database\BaseConnection->query('SELECT `pharmacy_batches`.*, `pm`.`generic_name`, `pm`.`brand_name`, `pm`.`strength`, `ps`.`name` as `supplier_name`
FROM `pharmacy_batches`
JOIN `pharmacy_medicines` `pm` ON `pm`.`id` = `pharmacy_batches`.`medicine_id`
LEFT JOIN `pharmacy_suppliers` `ps` ON `ps`.`id` = `pharmacy_batches`.`supplier_id`
WHERE `expiry_date` <= :expiry_date:
AND `current_stock` > :current_stock:
ORDER BY `expiry_date` ASC', [...], false)
 2 SYSTEMPATH\Model.php(286): CodeIgniter\Database\BaseBuilder->get()
 3 SYSTEMPATH\BaseModel.php(679): CodeIgniter\Model->doFindAll(0, 0)
 4 APPPATH\Controllers\Pharmacy\Reports.php(120): CodeIgniter\BaseModel->findAll()
 5 SYSTEMPATH\CodeIgniter.php(933): App\Controllers\Pharmacy\Reports->expiry()
 6 SYSTEMPATH\CodeIgniter.php(507): CodeIgniter\CodeIgniter->runController(Object(App\Controllers\Pharmacy\Reports))
 7 SYSTEMPATH\CodeIgniter.php(354): CodeIgniter\CodeIgniter->handleRequest(null, Object(Config\Cache), false)
 8 SYSTEMPATH\Boot.php(334): CodeIgniter\CodeIgniter->run()
 9 SYSTEMPATH\Boot.php(67): CodeIgniter\Boot::runCodeIgniter(Object(CodeIgniter\CodeIgniter))
10 FCPATH\index.php(46): CodeIgniter\Boot::bootWeb(Object(Config\Paths))
CRITICAL - 2025-09-16 09:41:12 --> [Caused by] CodeIgniter\Database\Exceptions\DatabaseException: Unknown column 'pm.generic_name' in 'field list'
in SYSTEMPATH\Database\MySQLi\Connection.php on line 332.
 1 SYSTEMPATH\Database\BaseConnection.php(738): CodeIgniter\Database\MySQLi\Connection->execute('SELECT `pharmacy_batches`.*, `pm`.`generic_name`, `pm`.`brand_name`, `pm`.`strength`, `ps`.`name` as `supplier_name`
FROM `pharmacy_batches`
JOIN `pharmacy_medicines` `pm` ON `pm`.`id` = `pharmacy_batches`.`medicine_id`
LEFT JOIN `pharmacy_suppliers` `ps` ON `ps`.`id` = `pharmacy_batches`.`supplier_id`
WHERE `expiry_date` <= \'2025-12-16\'
AND `current_stock` > 0
ORDER BY `expiry_date` ASC')
 2 SYSTEMPATH\Database\BaseConnection.php(652): CodeIgniter\Database\BaseConnection->simpleQuery('SELECT `pharmacy_batches`.*, `pm`.`generic_name`, `pm`.`brand_name`, `pm`.`strength`, `ps`.`name` as `supplier_name`
FROM `pharmacy_batches`
JOIN `pharmacy_medicines` `pm` ON `pm`.`id` = `pharmacy_batches`.`medicine_id`
LEFT JOIN `pharmacy_suppliers` `ps` ON `ps`.`id` = `pharmacy_batches`.`supplier_id`
WHERE `expiry_date` <= \'2025-12-16\'
AND `current_stock` > 0
ORDER BY `expiry_date` ASC')
 3 SYSTEMPATH\Database\BaseBuilder.php(1649): CodeIgniter\Database\BaseConnection->query('SELECT `pharmacy_batches`.*, `pm`.`generic_name`, `pm`.`brand_name`, `pm`.`strength`, `ps`.`name` as `supplier_name`
FROM `pharmacy_batches`
JOIN `pharmacy_medicines` `pm` ON `pm`.`id` = `pharmacy_batches`.`medicine_id`
LEFT JOIN `pharmacy_suppliers` `ps` ON `ps`.`id` = `pharmacy_batches`.`supplier_id`
WHERE `expiry_date` <= :expiry_date:
AND `current_stock` > :current_stock:
ORDER BY `expiry_date` ASC', [...], false)
 4 SYSTEMPATH\Model.php(286): CodeIgniter\Database\BaseBuilder->get()
 5 SYSTEMPATH\BaseModel.php(679): CodeIgniter\Model->doFindAll(0, 0)
 6 APPPATH\Controllers\Pharmacy\Reports.php(120): CodeIgniter\BaseModel->findAll()
 7 SYSTEMPATH\CodeIgniter.php(933): App\Controllers\Pharmacy\Reports->expiry()
 8 SYSTEMPATH\CodeIgniter.php(507): CodeIgniter\CodeIgniter->runController(Object(App\Controllers\Pharmacy\Reports))
 9 SYSTEMPATH\CodeIgniter.php(354): CodeIgniter\CodeIgniter->handleRequest(null, Object(Config\Cache), false)
10 SYSTEMPATH\Boot.php(334): CodeIgniter\CodeIgniter->run()
11 SYSTEMPATH\Boot.php(67): CodeIgniter\Boot::runCodeIgniter(Object(CodeIgniter\CodeIgniter))
12 FCPATH\index.php(46): CodeIgniter\Boot::bootWeb(Object(Config\Paths))
CRITICAL - 2025-09-16 09:41:12 --> [Caused by] mysqli_sql_exception: Unknown column 'pm.generic_name' in 'field list'
in SYSTEMPATH\Database\MySQLi\Connection.php on line 327.
 1 SYSTEMPATH\Database\MySQLi\Connection.php(327): mysqli->query('SELECT `pharmacy_batches`.*, `pm`.`generic_name`, `pm`.`brand_name`, `pm`.`strength`, `ps`.`name` as `supplier_name`
FROM `pharmacy_batches`
JOIN `pharmacy_medicines` `pm` ON `pm`.`id` = `pharmacy_batches`.`medicine_id`
LEFT JOIN `pharmacy_suppliers` `ps` ON `ps`.`id` = `pharmacy_batches`.`supplier_id`
WHERE `expiry_date` <= \'2025-12-16\'
AND `current_stock` > 0
ORDER BY `expiry_date` ASC', 0)
 2 SYSTEMPATH\Database\BaseConnection.php(738): CodeIgniter\Database\MySQLi\Connection->execute('SELECT `pharmacy_batches`.*, `pm`.`generic_name`, `pm`.`brand_name`, `pm`.`strength`, `ps`.`name` as `supplier_name`
FROM `pharmacy_batches`
JOIN `pharmacy_medicines` `pm` ON `pm`.`id` = `pharmacy_batches`.`medicine_id`
LEFT JOIN `pharmacy_suppliers` `ps` ON `ps`.`id` = `pharmacy_batches`.`supplier_id`
WHERE `expiry_date` <= \'2025-12-16\'
AND `current_stock` > 0
ORDER BY `expiry_date` ASC')
 3 SYSTEMPATH\Database\BaseConnection.php(652): CodeIgniter\Database\BaseConnection->simpleQuery('SELECT `pharmacy_batches`.*, `pm`.`generic_name`, `pm`.`brand_name`, `pm`.`strength`, `ps`.`name` as `supplier_name`
FROM `pharmacy_batches`
JOIN `pharmacy_medicines` `pm` ON `pm`.`id` = `pharmacy_batches`.`medicine_id`
LEFT JOIN `pharmacy_suppliers` `ps` ON `ps`.`id` = `pharmacy_batches`.`supplier_id`
WHERE `expiry_date` <= \'2025-12-16\'
AND `current_stock` > 0
ORDER BY `expiry_date` ASC')
 4 SYSTEMPATH\Database\BaseBuilder.php(1649): CodeIgniter\Database\BaseConnection->query('SELECT `pharmacy_batches`.*, `pm`.`generic_name`, `pm`.`brand_name`, `pm`.`strength`, `ps`.`name` as `supplier_name`
FROM `pharmacy_batches`
JOIN `pharmacy_medicines` `pm` ON `pm`.`id` = `pharmacy_batches`.`medicine_id`
LEFT JOIN `pharmacy_suppliers` `ps` ON `ps`.`id` = `pharmacy_batches`.`supplier_id`
WHERE `expiry_date` <= :expiry_date:
AND `current_stock` > :current_stock:
ORDER BY `expiry_date` ASC', [...], false)
 5 SYSTEMPATH\Model.php(286): CodeIgniter\Database\BaseBuilder->get()
 6 SYSTEMPATH\BaseModel.php(679): CodeIgniter\Model->doFindAll(0, 0)
 7 APPPATH\Controllers\Pharmacy\Reports.php(120): CodeIgniter\BaseModel->findAll()
 8 SYSTEMPATH\CodeIgniter.php(933): App\Controllers\Pharmacy\Reports->expiry()
 9 SYSTEMPATH\CodeIgniter.php(507): CodeIgniter\CodeIgniter->runController(Object(App\Controllers\Pharmacy\Reports))
10 SYSTEMPATH\CodeIgniter.php(354): CodeIgniter\CodeIgniter->handleRequest(null, Object(Config\Cache), false)
11 SYSTEMPATH\Boot.php(334): CodeIgniter\CodeIgniter->run()
12 SYSTEMPATH\Boot.php(67): CodeIgniter\Boot::runCodeIgniter(Object(CodeIgniter\CodeIgniter))
13 FCPATH\index.php(46): CodeIgniter\Boot::bootWeb(Object(Config\Paths))
DEBUG - 2025-09-16 09:41:20 --> Session: Class initialized using 'CodeIgniter\Session\Handlers\FileHandler' driver.
DEBUG - 2025-09-16 09:41:24 --> Session: Class initialized using 'CodeIgniter\Session\Handlers\FileHandler' driver.
DEBUG - 2025-09-16 09:41:27 --> Session: Class initialized using 'CodeIgniter\Session\Handlers\FileHandler' driver.
DEBUG - 2025-09-16 09:41:31 --> Session: Class initialized using 'CodeIgniter\Session\Handlers\FileHandler' driver.
DEBUG - 2025-09-16 09:41:36 --> Session: Class initialized using 'CodeIgniter\Session\Handlers\FileHandler' driver.
DEBUG - 2025-09-16 09:41:41 --> Session: Class initialized using 'CodeIgniter\Session\Handlers\FileHandler' driver.
DEBUG - 2025-09-16 09:41:48 --> Session: Class initialized using 'CodeIgniter\Session\Handlers\FileHandler' driver.
CRITICAL - 2025-09-16 09:41:48 --> ErrorException: Undefined variable $currentType
[Method: GET, Route: pharmacy/sales/list]
in APPPATH\Views\pharmacy\sales\list.php on line 30.
 1 APPPATH\Views\pharmacy\sales\list.php(30): CodeIgniter\Debug\Exceptions->errorHandler(2, 'Undefined variable $currentType', 'C:\\xampp\\htdocs\\hms_ram\\app\\Views\\pharmacy\\sales\\list.php', 30)
 2 SYSTEMPATH\View\View.php(224): include('C:\\xampp\\htdocs\\hms_ram\\app\\Views\\pharmacy\\sales\\list.php')
 3 SYSTEMPATH\View\View.php(227): CodeIgniter\View\View->CodeIgniter\View\{closure}()
 4 SYSTEMPATH\Common.php(1173): CodeIgniter\View\View->render('pharmacy/sales/list', [], true)
 5 APPPATH\Controllers\Pharmacy\Sales.php(304): view('pharmacy/sales/list', [...])
 6 SYSTEMPATH\CodeIgniter.php(933): App\Controllers\Pharmacy\Sales->listSales()
 7 SYSTEMPATH\CodeIgniter.php(507): CodeIgniter\CodeIgniter->runController(Object(App\Controllers\Pharmacy\Sales))
 8 SYSTEMPATH\CodeIgniter.php(354): CodeIgniter\CodeIgniter->handleRequest(null, Object(Config\Cache), false)
 9 SYSTEMPATH\Boot.php(334): CodeIgniter\CodeIgniter->run()
10 SYSTEMPATH\Boot.php(67): CodeIgniter\Boot::runCodeIgniter(Object(CodeIgniter\CodeIgniter))
11 FCPATH\index.php(46): CodeIgniter\Boot::bootWeb(Object(Config\Paths))
DEBUG - 2025-09-16 09:41:53 --> Session: Class initialized using 'CodeIgniter\Session\Handlers\FileHandler' driver.
ERROR - 2025-09-16 09:41:53 --> mysqli_sql_exception: Unknown column 'pharmacy_medicines.generic_name' in 'field list' in C:\xampp\htdocs\hms_ram\system\Database\MySQLi\Connection.php:327
Stack trace:
#0 C:\xampp\htdocs\hms_ram\system\Database\MySQLi\Connection.php(327): mysqli->query('SELECT `pharmac...', 0)
#1 C:\xampp\htdocs\hms_ram\system\Database\BaseConnection.php(738): CodeIgniter\Database\MySQLi\Connection->execute('SELECT `pharmac...')
#2 C:\xampp\htdocs\hms_ram\system\Database\BaseConnection.php(652): CodeIgniter\Database\BaseConnection->simpleQuery('SELECT `pharmac...')
#3 C:\xampp\htdocs\hms_ram\system\Database\BaseBuilder.php(1649): CodeIgniter\Database\BaseConnection->query('SELECT `pharmac...', Array, false)
#4 C:\xampp\htdocs\hms_ram\system\Model.php(286): CodeIgniter\Database\BaseBuilder->get()
#5 C:\xampp\htdocs\hms_ram\system\BaseModel.php(679): CodeIgniter\Model->doFindAll(0, 0)
#6 C:\xampp\htdocs\hms_ram\app\Controllers\Pharmacy\Reports.php(94): CodeIgniter\BaseModel->findAll()
#7 C:\xampp\htdocs\hms_ram\system\CodeIgniter.php(933): App\Controllers\Pharmacy\Reports->stock()
#8 C:\xampp\htdocs\hms_ram\system\CodeIgniter.php(507): CodeIgniter\CodeIgniter->runController(Object(App\Controllers\Pharmacy\Reports))
#9 C:\xampp\htdocs\hms_ram\system\CodeIgniter.php(354): CodeIgniter\CodeIgniter->handleRequest(NULL, Object(Config\Cache), false)
#10 C:\xampp\htdocs\hms_ram\system\Boot.php(334): CodeIgniter\CodeIgniter->run()
#11 C:\xampp\htdocs\hms_ram\system\Boot.php(67): CodeIgniter\Boot::runCodeIgniter(Object(CodeIgniter\CodeIgniter))
#12 C:\xampp\htdocs\hms_ram\index.php(46): CodeIgniter\Boot::bootWeb(Object(Config\Paths))
#13 {main}
CRITICAL - 2025-09-16 09:41:53 --> CodeIgniter\Database\Exceptions\DatabaseException: Unknown column 'pharmacy_medicines.generic_name' in 'field list'
[Method: GET, Route: pharmacy/reports/stock]
in SYSTEMPATH\Database\BaseConnection.php on line 692.
 1 SYSTEMPATH\Database\BaseBuilder.php(1649): CodeIgniter\Database\BaseConnection->query('SELECT `pharmacy_medicines`.`id`, `pharmacy_medicines`.`generic_name`, `pharmacy_medicines`.`brand_name`, `pharmacy_medicines`.`strength`, `pharmacy_medicines`.`reorder_level`, `pm`.`name` as `manufacturer_name`, `pc`.`name` as `category_name`, SUM(pb.current_stock) as total_stock, COUNT(pb.id) as num_batches
FROM `pharmacy_medicines`
LEFT JOIN `pharmacy_batches` `pb` ON `pb`.`medicine_id` = `pharmacy_medicines`.`id`
JOIN `pharmacy_manufacturers` `pm` ON `pm`.`id` = `pharmacy_medicines`.`manufacturer_id`
JOIN `pharmacy_categories` `pc` ON `pc`.`id` = `pharmacy_medicines`.`category_id`
GROUP BY `pharmacy_medicines`.`id`', [], false)
 2 SYSTEMPATH\Model.php(286): CodeIgniter\Database\BaseBuilder->get()
 3 SYSTEMPATH\BaseModel.php(679): CodeIgniter\Model->doFindAll(0, 0)
 4 APPPATH\Controllers\Pharmacy\Reports.php(94): CodeIgniter\BaseModel->findAll()
 5 SYSTEMPATH\CodeIgniter.php(933): App\Controllers\Pharmacy\Reports->stock()
 6 SYSTEMPATH\CodeIgniter.php(507): CodeIgniter\CodeIgniter->runController(Object(App\Controllers\Pharmacy\Reports))
 7 SYSTEMPATH\CodeIgniter.php(354): CodeIgniter\CodeIgniter->handleRequest(null, Object(Config\Cache), false)
 8 SYSTEMPATH\Boot.php(334): CodeIgniter\CodeIgniter->run()
 9 SYSTEMPATH\Boot.php(67): CodeIgniter\Boot::runCodeIgniter(Object(CodeIgniter\CodeIgniter))
10 FCPATH\index.php(46): CodeIgniter\Boot::bootWeb(Object(Config\Paths))
CRITICAL - 2025-09-16 09:41:53 --> [Caused by] CodeIgniter\Database\Exceptions\DatabaseException: Unknown column 'pharmacy_medicines.generic_name' in 'field list'
in SYSTEMPATH\Database\MySQLi\Connection.php on line 332.
 1 SYSTEMPATH\Database\BaseConnection.php(738): CodeIgniter\Database\MySQLi\Connection->execute('SELECT `pharmacy_medicines`.`id`, `pharmacy_medicines`.`generic_name`, `pharmacy_medicines`.`brand_name`, `pharmacy_medicines`.`strength`, `pharmacy_medicines`.`reorder_level`, `pm`.`name` as `manufacturer_name`, `pc`.`name` as `category_name`, SUM(pb.current_stock) as total_stock, COUNT(pb.id) as num_batches
FROM `pharmacy_medicines`
LEFT JOIN `pharmacy_batches` `pb` ON `pb`.`medicine_id` = `pharmacy_medicines`.`id`
JOIN `pharmacy_manufacturers` `pm` ON `pm`.`id` = `pharmacy_medicines`.`manufacturer_id`
JOIN `pharmacy_categories` `pc` ON `pc`.`id` = `pharmacy_medicines`.`category_id`
GROUP BY `pharmacy_medicines`.`id`')
 2 SYSTEMPATH\Database\BaseConnection.php(652): CodeIgniter\Database\BaseConnection->simpleQuery('SELECT `pharmacy_medicines`.`id`, `pharmacy_medicines`.`generic_name`, `pharmacy_medicines`.`brand_name`, `pharmacy_medicines`.`strength`, `pharmacy_medicines`.`reorder_level`, `pm`.`name` as `manufacturer_name`, `pc`.`name` as `category_name`, SUM(pb.current_stock) as total_stock, COUNT(pb.id) as num_batches
FROM `pharmacy_medicines`
LEFT JOIN `pharmacy_batches` `pb` ON `pb`.`medicine_id` = `pharmacy_medicines`.`id`
JOIN `pharmacy_manufacturers` `pm` ON `pm`.`id` = `pharmacy_medicines`.`manufacturer_id`
JOIN `pharmacy_categories` `pc` ON `pc`.`id` = `pharmacy_medicines`.`category_id`
GROUP BY `pharmacy_medicines`.`id`')
 3 SYSTEMPATH\Database\BaseBuilder.php(1649): CodeIgniter\Database\BaseConnection->query('SELECT `pharmacy_medicines`.`id`, `pharmacy_medicines`.`generic_name`, `pharmacy_medicines`.`brand_name`, `pharmacy_medicines`.`strength`, `pharmacy_medicines`.`reorder_level`, `pm`.`name` as `manufacturer_name`, `pc`.`name` as `category_name`, SUM(pb.current_stock) as total_stock, COUNT(pb.id) as num_batches
FROM `pharmacy_medicines`
LEFT JOIN `pharmacy_batches` `pb` ON `pb`.`medicine_id` = `pharmacy_medicines`.`id`
JOIN `pharmacy_manufacturers` `pm` ON `pm`.`id` = `pharmacy_medicines`.`manufacturer_id`
JOIN `pharmacy_categories` `pc` ON `pc`.`id` = `pharmacy_medicines`.`category_id`
GROUP BY `pharmacy_medicines`.`id`', [], false)
 4 SYSTEMPATH\Model.php(286): CodeIgniter\Database\BaseBuilder->get()
 5 SYSTEMPATH\BaseModel.php(679): CodeIgniter\Model->doFindAll(0, 0)
 6 APPPATH\Controllers\Pharmacy\Reports.php(94): CodeIgniter\BaseModel->findAll()
 7 SYSTEMPATH\CodeIgniter.php(933): App\Controllers\Pharmacy\Reports->stock()
 8 SYSTEMPATH\CodeIgniter.php(507): CodeIgniter\CodeIgniter->runController(Object(App\Controllers\Pharmacy\Reports))
 9 SYSTEMPATH\CodeIgniter.php(354): CodeIgniter\CodeIgniter->handleRequest(null, Object(Config\Cache), false)
10 SYSTEMPATH\Boot.php(334): CodeIgniter\CodeIgniter->run()
11 SYSTEMPATH\Boot.php(67): CodeIgniter\Boot::runCodeIgniter(Object(CodeIgniter\CodeIgniter))
12 FCPATH\index.php(46): CodeIgniter\Boot::bootWeb(Object(Config\Paths))
CRITICAL - 2025-09-16 09:41:53 --> [Caused by] mysqli_sql_exception: Unknown column 'pharmacy_medicines.generic_name' in 'field list'
in SYSTEMPATH\Database\MySQLi\Connection.php on line 327.
 1 SYSTEMPATH\Database\MySQLi\Connection.php(327): mysqli->query('SELECT `pharmacy_medicines`.`id`, `pharmacy_medicines`.`generic_name`, `pharmacy_medicines`.`brand_name`, `pharmacy_medicines`.`strength`, `pharmacy_medicines`.`reorder_level`, `pm`.`name` as `manufacturer_name`, `pc`.`name` as `category_name`, SUM(pb.current_stock) as total_stock, COUNT(pb.id) as num_batches
FROM `pharmacy_medicines`
LEFT JOIN `pharmacy_batches` `pb` ON `pb`.`medicine_id` = `pharmacy_medicines`.`id`
JOIN `pharmacy_manufacturers` `pm` ON `pm`.`id` = `pharmacy_medicines`.`manufacturer_id`
JOIN `pharmacy_categories` `pc` ON `pc`.`id` = `pharmacy_medicines`.`category_id`
GROUP BY `pharmacy_medicines`.`id`', 0)
 2 SYSTEMPATH\Database\BaseConnection.php(738): CodeIgniter\Database\MySQLi\Connection->execute('SELECT `pharmacy_medicines`.`id`, `pharmacy_medicines`.`generic_name`, `pharmacy_medicines`.`brand_name`, `pharmacy_medicines`.`strength`, `pharmacy_medicines`.`reorder_level`, `pm`.`name` as `manufacturer_name`, `pc`.`name` as `category_name`, SUM(pb.current_stock) as total_stock, COUNT(pb.id) as num_batches
FROM `pharmacy_medicines`
LEFT JOIN `pharmacy_batches` `pb` ON `pb`.`medicine_id` = `pharmacy_medicines`.`id`
JOIN `pharmacy_manufacturers` `pm` ON `pm`.`id` = `pharmacy_medicines`.`manufacturer_id`
JOIN `pharmacy_categories` `pc` ON `pc`.`id` = `pharmacy_medicines`.`category_id`
GROUP BY `pharmacy_medicines`.`id`')
 3 SYSTEMPATH\Database\BaseConnection.php(652): CodeIgniter\Database\BaseConnection->simpleQuery('SELECT `pharmacy_medicines`.`id`, `pharmacy_medicines`.`generic_name`, `pharmacy_medicines`.`brand_name`, `pharmacy_medicines`.`strength`, `pharmacy_medicines`.`reorder_level`, `pm`.`name` as `manufacturer_name`, `pc`.`name` as `category_name`, SUM(pb.current_stock) as total_stock, COUNT(pb.id) as num_batches
FROM `pharmacy_medicines`
LEFT JOIN `pharmacy_batches` `pb` ON `pb`.`medicine_id` = `pharmacy_medicines`.`id`
JOIN `pharmacy_manufacturers` `pm` ON `pm`.`id` = `pharmacy_medicines`.`manufacturer_id`
JOIN `pharmacy_categories` `pc` ON `pc`.`id` = `pharmacy_medicines`.`category_id`
GROUP BY `pharmacy_medicines`.`id`')
 4 SYSTEMPATH\Database\BaseBuilder.php(1649): CodeIgniter\Database\BaseConnection->query('SELECT `pharmacy_medicines`.`id`, `pharmacy_medicines`.`generic_name`, `pharmacy_medicines`.`brand_name`, `pharmacy_medicines`.`strength`, `pharmacy_medicines`.`reorder_level`, `pm`.`name` as `manufacturer_name`, `pc`.`name` as `category_name`, SUM(pb.current_stock) as total_stock, COUNT(pb.id) as num_batches
FROM `pharmacy_medicines`
LEFT JOIN `pharmacy_batches` `pb` ON `pb`.`medicine_id` = `pharmacy_medicines`.`id`
JOIN `pharmacy_manufacturers` `pm` ON `pm`.`id` = `pharmacy_medicines`.`manufacturer_id`
JOIN `pharmacy_categories` `pc` ON `pc`.`id` = `pharmacy_medicines`.`category_id`
GROUP BY `pharmacy_medicines`.`id`', [], false)
 5 SYSTEMPATH\Model.php(286): CodeIgniter\Database\BaseBuilder->get()
 6 SYSTEMPATH\BaseModel.php(679): CodeIgniter\Model->doFindAll(0, 0)
 7 APPPATH\Controllers\Pharmacy\Reports.php(94): CodeIgniter\BaseModel->findAll()
 8 SYSTEMPATH\CodeIgniter.php(933): App\Controllers\Pharmacy\Reports->stock()
 9 SYSTEMPATH\CodeIgniter.php(507): CodeIgniter\CodeIgniter->runController(Object(App\Controllers\Pharmacy\Reports))
10 SYSTEMPATH\CodeIgniter.php(354): CodeIgniter\CodeIgniter->handleRequest(null, Object(Config\Cache), false)
11 SYSTEMPATH\Boot.php(334): CodeIgniter\CodeIgniter->run()
12 SYSTEMPATH\Boot.php(67): CodeIgniter\Boot::runCodeIgniter(Object(CodeIgniter\CodeIgniter))
13 FCPATH\index.php(46): CodeIgniter\Boot::bootWeb(Object(Config\Paths))
DEBUG - 2025-09-16 09:41:56 --> Session: Class initialized using 'CodeIgniter\Session\Handlers\FileHandler' driver.
ERROR - 2025-09-16 09:41:56 --> mysqli_sql_exception: Unknown column 'pm.generic_name' in 'field list' in C:\xampp\htdocs\hms_ram\system\Database\MySQLi\Connection.php:327
Stack trace:
#0 C:\xampp\htdocs\hms_ram\system\Database\MySQLi\Connection.php(327): mysqli->query('SELECT `pharmac...', 0)
#1 C:\xampp\htdocs\hms_ram\system\Database\BaseConnection.php(738): CodeIgniter\Database\MySQLi\Connection->execute('SELECT `pharmac...')
#2 C:\xampp\htdocs\hms_ram\system\Database\BaseConnection.php(652): CodeIgniter\Database\BaseConnection->simpleQuery('SELECT `pharmac...')
#3 C:\xampp\htdocs\hms_ram\system\Database\BaseBuilder.php(1649): CodeIgniter\Database\BaseConnection->query('SELECT `pharmac...', Array, false)
#4 C:\xampp\htdocs\hms_ram\system\Model.php(286): CodeIgniter\Database\BaseBuilder->get()
#5 C:\xampp\htdocs\hms_ram\system\BaseModel.php(679): CodeIgniter\Model->doFindAll(0, 0)
#6 C:\xampp\htdocs\hms_ram\app\Controllers\Pharmacy\Reports.php(120): CodeIgniter\BaseModel->findAll()
#7 C:\xampp\htdocs\hms_ram\system\CodeIgniter.php(933): App\Controllers\Pharmacy\Reports->expiry()
#8 C:\xampp\htdocs\hms_ram\system\CodeIgniter.php(507): CodeIgniter\CodeIgniter->runController(Object(App\Controllers\Pharmacy\Reports))
#9 C:\xampp\htdocs\hms_ram\system\CodeIgniter.php(354): CodeIgniter\CodeIgniter->handleRequest(NULL, Object(Config\Cache), false)
#10 C:\xampp\htdocs\hms_ram\system\Boot.php(334): CodeIgniter\CodeIgniter->run()
#11 C:\xampp\htdocs\hms_ram\system\Boot.php(67): CodeIgniter\Boot::runCodeIgniter(Object(CodeIgniter\CodeIgniter))
#12 C:\xampp\htdocs\hms_ram\index.php(46): CodeIgniter\Boot::bootWeb(Object(Config\Paths))
#13 {main}
CRITICAL - 2025-09-16 09:41:56 --> CodeIgniter\Database\Exceptions\DatabaseException: Unknown column 'pm.generic_name' in 'field list'
[Method: GET, Route: pharmacy/reports/expiry]
in SYSTEMPATH\Database\BaseConnection.php on line 692.
 1 SYSTEMPATH\Database\BaseBuilder.php(1649): CodeIgniter\Database\BaseConnection->query('SELECT `pharmacy_batches`.*, `pm`.`generic_name`, `pm`.`brand_name`, `pm`.`strength`, `ps`.`name` as `supplier_name`
FROM `pharmacy_batches`
JOIN `pharmacy_medicines` `pm` ON `pm`.`id` = `pharmacy_batches`.`medicine_id`
LEFT JOIN `pharmacy_suppliers` `ps` ON `ps`.`id` = `pharmacy_batches`.`supplier_id`
WHERE `expiry_date` <= :expiry_date:
AND `current_stock` > :current_stock:
ORDER BY `expiry_date` ASC', [...], false)
 2 SYSTEMPATH\Model.php(286): CodeIgniter\Database\BaseBuilder->get()
 3 SYSTEMPATH\BaseModel.php(679): CodeIgniter\Model->doFindAll(0, 0)
 4 APPPATH\Controllers\Pharmacy\Reports.php(120): CodeIgniter\BaseModel->findAll()
 5 SYSTEMPATH\CodeIgniter.php(933): App\Controllers\Pharmacy\Reports->expiry()
 6 SYSTEMPATH\CodeIgniter.php(507): CodeIgniter\CodeIgniter->runController(Object(App\Controllers\Pharmacy\Reports))
 7 SYSTEMPATH\CodeIgniter.php(354): CodeIgniter\CodeIgniter->handleRequest(null, Object(Config\Cache), false)
 8 SYSTEMPATH\Boot.php(334): CodeIgniter\CodeIgniter->run()
 9 SYSTEMPATH\Boot.php(67): CodeIgniter\Boot::runCodeIgniter(Object(CodeIgniter\CodeIgniter))
10 FCPATH\index.php(46): CodeIgniter\Boot::bootWeb(Object(Config\Paths))
CRITICAL - 2025-09-16 09:41:56 --> [Caused by] CodeIgniter\Database\Exceptions\DatabaseException: Unknown column 'pm.generic_name' in 'field list'
in SYSTEMPATH\Database\MySQLi\Connection.php on line 332.
 1 SYSTEMPATH\Database\BaseConnection.php(738): CodeIgniter\Database\MySQLi\Connection->execute('SELECT `pharmacy_batches`.*, `pm`.`generic_name`, `pm`.`brand_name`, `pm`.`strength`, `ps`.`name` as `supplier_name`
FROM `pharmacy_batches`
JOIN `pharmacy_medicines` `pm` ON `pm`.`id` = `pharmacy_batches`.`medicine_id`
LEFT JOIN `pharmacy_suppliers` `ps` ON `ps`.`id` = `pharmacy_batches`.`supplier_id`
WHERE `expiry_date` <= \'2025-12-16\'
AND `current_stock` > 0
ORDER BY `expiry_date` ASC')
 2 SYSTEMPATH\Database\BaseConnection.php(652): CodeIgniter\Database\BaseConnection->simpleQuery('SELECT `pharmacy_batches`.*, `pm`.`generic_name`, `pm`.`brand_name`, `pm`.`strength`, `ps`.`name` as `supplier_name`
FROM `pharmacy_batches`
JOIN `pharmacy_medicines` `pm` ON `pm`.`id` = `pharmacy_batches`.`medicine_id`
LEFT JOIN `pharmacy_suppliers` `ps` ON `ps`.`id` = `pharmacy_batches`.`supplier_id`
WHERE `expiry_date` <= \'2025-12-16\'
AND `current_stock` > 0
ORDER BY `expiry_date` ASC')
 3 SYSTEMPATH\Database\BaseBuilder.php(1649): CodeIgniter\Database\BaseConnection->query('SELECT `pharmacy_batches`.*, `pm`.`generic_name`, `pm`.`brand_name`, `pm`.`strength`, `ps`.`name` as `supplier_name`
FROM `pharmacy_batches`
JOIN `pharmacy_medicines` `pm` ON `pm`.`id` = `pharmacy_batches`.`medicine_id`
LEFT JOIN `pharmacy_suppliers` `ps` ON `ps`.`id` = `pharmacy_batches`.`supplier_id`
WHERE `expiry_date` <= :expiry_date:
AND `current_stock` > :current_stock:
ORDER BY `expiry_date` ASC', [...], false)
 4 SYSTEMPATH\Model.php(286): CodeIgniter\Database\BaseBuilder->get()
 5 SYSTEMPATH\BaseModel.php(679): CodeIgniter\Model->doFindAll(0, 0)
 6 APPPATH\Controllers\Pharmacy\Reports.php(120): CodeIgniter\BaseModel->findAll()
 7 SYSTEMPATH\CodeIgniter.php(933): App\Controllers\Pharmacy\Reports->expiry()
 8 SYSTEMPATH\CodeIgniter.php(507): CodeIgniter\CodeIgniter->runController(Object(App\Controllers\Pharmacy\Reports))
 9 SYSTEMPATH\CodeIgniter.php(354): CodeIgniter\CodeIgniter->handleRequest(null, Object(Config\Cache), false)
10 SYSTEMPATH\Boot.php(334): CodeIgniter\CodeIgniter->run()
11 SYSTEMPATH\Boot.php(67): CodeIgniter\Boot::runCodeIgniter(Object(CodeIgniter\CodeIgniter))
12 FCPATH\index.php(46): CodeIgniter\Boot::bootWeb(Object(Config\Paths))
CRITICAL - 2025-09-16 09:41:56 --> [Caused by] mysqli_sql_exception: Unknown column 'pm.generic_name' in 'field list'
in SYSTEMPATH\Database\MySQLi\Connection.php on line 327.
 1 SYSTEMPATH\Database\MySQLi\Connection.php(327): mysqli->query('SELECT `pharmacy_batches`.*, `pm`.`generic_name`, `pm`.`brand_name`, `pm`.`strength`, `ps`.`name` as `supplier_name`
FROM `pharmacy_batches`
JOIN `pharmacy_medicines` `pm` ON `pm`.`id` = `pharmacy_batches`.`medicine_id`
LEFT JOIN `pharmacy_suppliers` `ps` ON `ps`.`id` = `pharmacy_batches`.`supplier_id`
WHERE `expiry_date` <= \'2025-12-16\'
AND `current_stock` > 0
ORDER BY `expiry_date` ASC', 0)
 2 SYSTEMPATH\Database\BaseConnection.php(738): CodeIgniter\Database\MySQLi\Connection->execute('SELECT `pharmacy_batches`.*, `pm`.`generic_name`, `pm`.`brand_name`, `pm`.`strength`, `ps`.`name` as `supplier_name`
FROM `pharmacy_batches`
JOIN `pharmacy_medicines` `pm` ON `pm`.`id` = `pharmacy_batches`.`medicine_id`
LEFT JOIN `pharmacy_suppliers` `ps` ON `ps`.`id` = `pharmacy_batches`.`supplier_id`
WHERE `expiry_date` <= \'2025-12-16\'
AND `current_stock` > 0
ORDER BY `expiry_date` ASC')
 3 SYSTEMPATH\Database\BaseConnection.php(652): CodeIgniter\Database\BaseConnection->simpleQuery('SELECT `pharmacy_batches`.*, `pm`.`generic_name`, `pm`.`brand_name`, `pm`.`strength`, `ps`.`name` as `supplier_name`
FROM `pharmacy_batches`
JOIN `pharmacy_medicines` `pm` ON `pm`.`id` = `pharmacy_batches`.`medicine_id`
LEFT JOIN `pharmacy_suppliers` `ps` ON `ps`.`id` = `pharmacy_batches`.`supplier_id`
WHERE `expiry_date` <= \'2025-12-16\'
AND `current_stock` > 0
ORDER BY `expiry_date` ASC')
 4 SYSTEMPATH\Database\BaseBuilder.php(1649): CodeIgniter\Database\BaseConnection->query('SELECT `pharmacy_batches`.*, `pm`.`generic_name`, `pm`.`brand_name`, `pm`.`strength`, `ps`.`name` as `supplier_name`
FROM `pharmacy_batches`
JOIN `pharmacy_medicines` `pm` ON `pm`.`id` = `pharmacy_batches`.`medicine_id`
LEFT JOIN `pharmacy_suppliers` `ps` ON `ps`.`id` = `pharmacy_batches`.`supplier_id`
WHERE `expiry_date` <= :expiry_date:
AND `current_stock` > :current_stock:
ORDER BY `expiry_date` ASC', [...], false)
 5 SYSTEMPATH\Model.php(286): CodeIgniter\Database\BaseBuilder->get()
 6 SYSTEMPATH\BaseModel.php(679): CodeIgniter\Model->doFindAll(0, 0)
 7 APPPATH\Controllers\Pharmacy\Reports.php(120): CodeIgniter\BaseModel->findAll()
 8 SYSTEMPATH\CodeIgniter.php(933): App\Controllers\Pharmacy\Reports->expiry()
 9 SYSTEMPATH\CodeIgniter.php(507): CodeIgniter\CodeIgniter->runController(Object(App\Controllers\Pharmacy\Reports))
10 SYSTEMPATH\CodeIgniter.php(354): CodeIgniter\CodeIgniter->handleRequest(null, Object(Config\Cache), false)
11 SYSTEMPATH\Boot.php(334): CodeIgniter\CodeIgniter->run()
12 SYSTEMPATH\Boot.php(67): CodeIgniter\Boot::runCodeIgniter(Object(CodeIgniter\CodeIgniter))
13 FCPATH\index.php(46): CodeIgniter\Boot::bootWeb(Object(Config\Paths))
DEBUG - 2025-09-16 11:38:47 --> Session: Class initialized using 'CodeIgniter\Session\Handlers\FileHandler' driver.
DEBUG - 2025-09-16 11:38:51 --> Session: Class initialized using 'CodeIgniter\Session\Handlers\FileHandler' driver.
DEBUG - 2025-09-16 11:38:51 --> Session: Class initialized using 'CodeIgniter\Session\Handlers\FileHandler' driver.
DEBUG - 2025-09-16 11:38:52 --> Session: Class initialized using 'CodeIgniter\Session\Handlers\FileHandler' driver.
DEBUG - 2025-09-16 11:38:52 --> Session: Class initialized using 'CodeIgniter\Session\Handlers\FileHandler' driver.
DEBUG - 2025-09-16 11:38:59 --> Session: Class initialized using 'CodeIgniter\Session\Handlers\FileHandler' driver.
DEBUG - 2025-09-16 11:39:03 --> Session: Class initialized using 'CodeIgniter\Session\Handlers\FileHandler' driver.
DEBUG - 2025-09-16 11:39:07 --> Session: Class initialized using 'CodeIgniter\Session\Handlers\FileHandler' driver.
DEBUG - 2025-09-16 11:39:09 --> Session: Class initialized using 'CodeIgniter\Session\Handlers\FileHandler' driver.
DEBUG - 2025-09-16 11:50:14 --> Session: Class initialized using 'CodeIgniter\Session\Handlers\FileHandler' driver.
DEBUG - 2025-09-16 11:52:17 --> Session: Class initialized using 'CodeIgniter\Session\Handlers\FileHandler' driver.
DEBUG - 2025-09-16 11:54:13 --> Session: Class initialized using 'CodeIgniter\Session\Handlers\FileHandler' driver.
DEBUG - 2025-09-16 11:54:19 --> Session: Class initialized using 'CodeIgniter\Session\Handlers\FileHandler' driver.
DEBUG - 2025-09-16 11:55:27 --> Session: Class initialized using 'CodeIgniter\Session\Handlers\FileHandler' driver.
DEBUG - 2025-09-16 11:56:20 --> Session: Class initialized using 'CodeIgniter\Session\Handlers\FileHandler' driver.
DEBUG - 2025-09-16 11:56:46 --> Session: Class initialized using 'CodeIgniter\Session\Handlers\FileHandler' driver.
DEBUG - 2025-09-16 11:58:23 --> Session: Class initialized using 'CodeIgniter\Session\Handlers\FileHandler' driver.
DEBUG - 2025-09-16 12:01:39 --> Session: Class initialized using 'CodeIgniter\Session\Handlers\FileHandler' driver.
DEBUG - 2025-09-16 12:01:41 --> Session: Class initialized using 'CodeIgniter\Session\Handlers\FileHandler' driver.
ERROR - 2025-09-16 12:01:41 --> mysqli_sql_exception: Unknown column 'pharmacy_medicines.generic_name' in 'field list' in C:\xampp\htdocs\hms_ram\system\Database\MySQLi\Connection.php:327
Stack trace:
#0 C:\xampp\htdocs\hms_ram\system\Database\MySQLi\Connection.php(327): mysqli->query('SELECT `pharmac...', 0)
#1 C:\xampp\htdocs\hms_ram\system\Database\BaseConnection.php(738): CodeIgniter\Database\MySQLi\Connection->execute('SELECT `pharmac...')
#2 C:\xampp\htdocs\hms_ram\system\Database\BaseConnection.php(652): CodeIgniter\Database\BaseConnection->simpleQuery('SELECT `pharmac...')
#3 C:\xampp\htdocs\hms_ram\system\Database\BaseBuilder.php(1649): CodeIgniter\Database\BaseConnection->query('SELECT `pharmac...', Array, false)
#4 C:\xampp\htdocs\hms_ram\system\Model.php(286): CodeIgniter\Database\BaseBuilder->get()
#5 C:\xampp\htdocs\hms_ram\system\BaseModel.php(679): CodeIgniter\Model->doFindAll(0, 0)
#6 C:\xampp\htdocs\hms_ram\app\Controllers\Pharmacy\Reports.php(94): CodeIgniter\BaseModel->findAll()
#7 C:\xampp\htdocs\hms_ram\system\CodeIgniter.php(933): App\Controllers\Pharmacy\Reports->stock()
#8 C:\xampp\htdocs\hms_ram\system\CodeIgniter.php(507): CodeIgniter\CodeIgniter->runController(Object(App\Controllers\Pharmacy\Reports))
#9 C:\xampp\htdocs\hms_ram\system\CodeIgniter.php(354): CodeIgniter\CodeIgniter->handleRequest(NULL, Object(Config\Cache), false)
#10 C:\xampp\htdocs\hms_ram\system\Boot.php(334): CodeIgniter\CodeIgniter->run()
#11 C:\xampp\htdocs\hms_ram\system\Boot.php(67): CodeIgniter\Boot::runCodeIgniter(Object(CodeIgniter\CodeIgniter))
#12 C:\xampp\htdocs\hms_ram\index.php(46): CodeIgniter\Boot::bootWeb(Object(Config\Paths))
#13 {main}
CRITICAL - 2025-09-16 12:01:41 --> CodeIgniter\Database\Exceptions\DatabaseException: Unknown column 'pharmacy_medicines.generic_name' in 'field list'
[Method: GET, Route: pharmacy/reports/stock]
in SYSTEMPATH\Database\BaseConnection.php on line 692.
 1 SYSTEMPATH\Database\BaseBuilder.php(1649): CodeIgniter\Database\BaseConnection->query('SELECT `pharmacy_medicines`.`id`, `pharmacy_medicines`.`generic_name`, `pharmacy_medicines`.`brand_name`, `pharmacy_medicines`.`strength`, `pharmacy_medicines`.`reorder_level`, `pm`.`name` as `manufacturer_name`, `pc`.`name` as `category_name`, SUM(pb.current_stock) as total_stock, COUNT(pb.id) as num_batches
FROM `pharmacy_medicines`
LEFT JOIN `pharmacy_batches` `pb` ON `pb`.`medicine_id` = `pharmacy_medicines`.`id`
JOIN `pharmacy_manufacturers` `pm` ON `pm`.`id` = `pharmacy_medicines`.`manufacturer_id`
JOIN `pharmacy_categories` `pc` ON `pc`.`id` = `pharmacy_medicines`.`category_id`
GROUP BY `pharmacy_medicines`.`id`', [], false)
 2 SYSTEMPATH\Model.php(286): CodeIgniter\Database\BaseBuilder->get()
 3 SYSTEMPATH\BaseModel.php(679): CodeIgniter\Model->doFindAll(0, 0)
 4 APPPATH\Controllers\Pharmacy\Reports.php(94): CodeIgniter\BaseModel->findAll()
 5 SYSTEMPATH\CodeIgniter.php(933): App\Controllers\Pharmacy\Reports->stock()
 6 SYSTEMPATH\CodeIgniter.php(507): CodeIgniter\CodeIgniter->runController(Object(App\Controllers\Pharmacy\Reports))
 7 SYSTEMPATH\CodeIgniter.php(354): CodeIgniter\CodeIgniter->handleRequest(null, Object(Config\Cache), false)
 8 SYSTEMPATH\Boot.php(334): CodeIgniter\CodeIgniter->run()
 9 SYSTEMPATH\Boot.php(67): CodeIgniter\Boot::runCodeIgniter(Object(CodeIgniter\CodeIgniter))
10 FCPATH\index.php(46): CodeIgniter\Boot::bootWeb(Object(Config\Paths))
CRITICAL - 2025-09-16 12:01:41 --> [Caused by] CodeIgniter\Database\Exceptions\DatabaseException: Unknown column 'pharmacy_medicines.generic_name' in 'field list'
in SYSTEMPATH\Database\MySQLi\Connection.php on line 332.
 1 SYSTEMPATH\Database\BaseConnection.php(738): CodeIgniter\Database\MySQLi\Connection->execute('SELECT `pharmacy_medicines`.`id`, `pharmacy_medicines`.`generic_name`, `pharmacy_medicines`.`brand_name`, `pharmacy_medicines`.`strength`, `pharmacy_medicines`.`reorder_level`, `pm`.`name` as `manufacturer_name`, `pc`.`name` as `category_name`, SUM(pb.current_stock) as total_stock, COUNT(pb.id) as num_batches
FROM `pharmacy_medicines`
LEFT JOIN `pharmacy_batches` `pb` ON `pb`.`medicine_id` = `pharmacy_medicines`.`id`
JOIN `pharmacy_manufacturers` `pm` ON `pm`.`id` = `pharmacy_medicines`.`manufacturer_id`
JOIN `pharmacy_categories` `pc` ON `pc`.`id` = `pharmacy_medicines`.`category_id`
GROUP BY `pharmacy_medicines`.`id`')
 2 SYSTEMPATH\Database\BaseConnection.php(652): CodeIgniter\Database\BaseConnection->simpleQuery('SELECT `pharmacy_medicines`.`id`, `pharmacy_medicines`.`generic_name`, `pharmacy_medicines`.`brand_name`, `pharmacy_medicines`.`strength`, `pharmacy_medicines`.`reorder_level`, `pm`.`name` as `manufacturer_name`, `pc`.`name` as `category_name`, SUM(pb.current_stock) as total_stock, COUNT(pb.id) as num_batches
FROM `pharmacy_medicines`
LEFT JOIN `pharmacy_batches` `pb` ON `pb`.`medicine_id` = `pharmacy_medicines`.`id`
JOIN `pharmacy_manufacturers` `pm` ON `pm`.`id` = `pharmacy_medicines`.`manufacturer_id`
JOIN `pharmacy_categories` `pc` ON `pc`.`id` = `pharmacy_medicines`.`category_id`
GROUP BY `pharmacy_medicines`.`id`')
 3 SYSTEMPATH\Database\BaseBuilder.php(1649): CodeIgniter\Database\BaseConnection->query('SELECT `pharmacy_medicines`.`id`, `pharmacy_medicines`.`generic_name`, `pharmacy_medicines`.`brand_name`, `pharmacy_medicines`.`strength`, `pharmacy_medicines`.`reorder_level`, `pm`.`name` as `manufacturer_name`, `pc`.`name` as `category_name`, SUM(pb.current_stock) as total_stock, COUNT(pb.id) as num_batches
FROM `pharmacy_medicines`
LEFT JOIN `pharmacy_batches` `pb` ON `pb`.`medicine_id` = `pharmacy_medicines`.`id`
JOIN `pharmacy_manufacturers` `pm` ON `pm`.`id` = `pharmacy_medicines`.`manufacturer_id`
JOIN `pharmacy_categories` `pc` ON `pc`.`id` = `pharmacy_medicines`.`category_id`
GROUP BY `pharmacy_medicines`.`id`', [], false)
 4 SYSTEMPATH\Model.php(286): CodeIgniter\Database\BaseBuilder->get()
 5 SYSTEMPATH\BaseModel.php(679): CodeIgniter\Model->doFindAll(0, 0)
 6 APPPATH\Controllers\Pharmacy\Reports.php(94): CodeIgniter\BaseModel->findAll()
 7 SYSTEMPATH\CodeIgniter.php(933): App\Controllers\Pharmacy\Reports->stock()
 8 SYSTEMPATH\CodeIgniter.php(507): CodeIgniter\CodeIgniter->runController(Object(App\Controllers\Pharmacy\Reports))
 9 SYSTEMPATH\CodeIgniter.php(354): CodeIgniter\CodeIgniter->handleRequest(null, Object(Config\Cache), false)
10 SYSTEMPATH\Boot.php(334): CodeIgniter\CodeIgniter->run()
11 SYSTEMPATH\Boot.php(67): CodeIgniter\Boot::runCodeIgniter(Object(CodeIgniter\CodeIgniter))
12 FCPATH\index.php(46): CodeIgniter\Boot::bootWeb(Object(Config\Paths))
CRITICAL - 2025-09-16 12:01:41 --> [Caused by] mysqli_sql_exception: Unknown column 'pharmacy_medicines.generic_name' in 'field list'
in SYSTEMPATH\Database\MySQLi\Connection.php on line 327.
 1 SYSTEMPATH\Database\MySQLi\Connection.php(327): mysqli->query('SELECT `pharmacy_medicines`.`id`, `pharmacy_medicines`.`generic_name`, `pharmacy_medicines`.`brand_name`, `pharmacy_medicines`.`strength`, `pharmacy_medicines`.`reorder_level`, `pm`.`name` as `manufacturer_name`, `pc`.`name` as `category_name`, SUM(pb.current_stock) as total_stock, COUNT(pb.id) as num_batches
FROM `pharmacy_medicines`
LEFT JOIN `pharmacy_batches` `pb` ON `pb`.`medicine_id` = `pharmacy_medicines`.`id`
JOIN `pharmacy_manufacturers` `pm` ON `pm`.`id` = `pharmacy_medicines`.`manufacturer_id`
JOIN `pharmacy_categories` `pc` ON `pc`.`id` = `pharmacy_medicines`.`category_id`
GROUP BY `pharmacy_medicines`.`id`', 0)
 2 SYSTEMPATH\Database\BaseConnection.php(738): CodeIgniter\Database\MySQLi\Connection->execute('SELECT `pharmacy_medicines`.`id`, `pharmacy_medicines`.`generic_name`, `pharmacy_medicines`.`brand_name`, `pharmacy_medicines`.`strength`, `pharmacy_medicines`.`reorder_level`, `pm`.`name` as `manufacturer_name`, `pc`.`name` as `category_name`, SUM(pb.current_stock) as total_stock, COUNT(pb.id) as num_batches
FROM `pharmacy_medicines`
LEFT JOIN `pharmacy_batches` `pb` ON `pb`.`medicine_id` = `pharmacy_medicines`.`id`
JOIN `pharmacy_manufacturers` `pm` ON `pm`.`id` = `pharmacy_medicines`.`manufacturer_id`
JOIN `pharmacy_categories` `pc` ON `pc`.`id` = `pharmacy_medicines`.`category_id`
GROUP BY `pharmacy_medicines`.`id`')
 3 SYSTEMPATH\Database\BaseConnection.php(652): CodeIgniter\Database\BaseConnection->simpleQuery('SELECT `pharmacy_medicines`.`id`, `pharmacy_medicines`.`generic_name`, `pharmacy_medicines`.`brand_name`, `pharmacy_medicines`.`strength`, `pharmacy_medicines`.`reorder_level`, `pm`.`name` as `manufacturer_name`, `pc`.`name` as `category_name`, SUM(pb.current_stock) as total_stock, COUNT(pb.id) as num_batches
FROM `pharmacy_medicines`
LEFT JOIN `pharmacy_batches` `pb` ON `pb`.`medicine_id` = `pharmacy_medicines`.`id`
JOIN `pharmacy_manufacturers` `pm` ON `pm`.`id` = `pharmacy_medicines`.`manufacturer_id`
JOIN `pharmacy_categories` `pc` ON `pc`.`id` = `pharmacy_medicines`.`category_id`
GROUP BY `pharmacy_medicines`.`id`')
 4 SYSTEMPATH\Database\BaseBuilder.php(1649): CodeIgniter\Database\BaseConnection->query('SELECT `pharmacy_medicines`.`id`, `pharmacy_medicines`.`generic_name`, `pharmacy_medicines`.`brand_name`, `pharmacy_medicines`.`strength`, `pharmacy_medicines`.`reorder_level`, `pm`.`name` as `manufacturer_name`, `pc`.`name` as `category_name`, SUM(pb.current_stock) as total_stock, COUNT(pb.id) as num_batches
FROM `pharmacy_medicines`
LEFT JOIN `pharmacy_batches` `pb` ON `pb`.`medicine_id` = `pharmacy_medicines`.`id`
JOIN `pharmacy_manufacturers` `pm` ON `pm`.`id` = `pharmacy_medicines`.`manufacturer_id`
JOIN `pharmacy_categories` `pc` ON `pc`.`id` = `pharmacy_medicines`.`category_id`
GROUP BY `pharmacy_medicines`.`id`', [], false)
 5 SYSTEMPATH\Model.php(286): CodeIgniter\Database\BaseBuilder->get()
 6 SYSTEMPATH\BaseModel.php(679): CodeIgniter\Model->doFindAll(0, 0)
 7 APPPATH\Controllers\Pharmacy\Reports.php(94): CodeIgniter\BaseModel->findAll()
 8 SYSTEMPATH\CodeIgniter.php(933): App\Controllers\Pharmacy\Reports->stock()
 9 SYSTEMPATH\CodeIgniter.php(507): CodeIgniter\CodeIgniter->runController(Object(App\Controllers\Pharmacy\Reports))
10 SYSTEMPATH\CodeIgniter.php(354): CodeIgniter\CodeIgniter->handleRequest(null, Object(Config\Cache), false)
11 SYSTEMPATH\Boot.php(334): CodeIgniter\CodeIgniter->run()
12 SYSTEMPATH\Boot.php(67): CodeIgniter\Boot::runCodeIgniter(Object(CodeIgniter\CodeIgniter))
13 FCPATH\index.php(46): CodeIgniter\Boot::bootWeb(Object(Config\Paths))
DEBUG - 2025-09-16 12:01:43 --> Session: Class initialized using 'CodeIgniter\Session\Handlers\FileHandler' driver.
DEBUG - 2025-09-16 12:01:44 --> Session: Class initialized using 'CodeIgniter\Session\Handlers\FileHandler' driver.
ERROR - 2025-09-16 12:01:44 --> mysqli_sql_exception: Unknown column 'pm.generic_name' in 'field list' in C:\xampp\htdocs\hms_ram\system\Database\MySQLi\Connection.php:327
Stack trace:
#0 C:\xampp\htdocs\hms_ram\system\Database\MySQLi\Connection.php(327): mysqli->query('SELECT `pharmac...', 0)
#1 C:\xampp\htdocs\hms_ram\system\Database\BaseConnection.php(738): CodeIgniter\Database\MySQLi\Connection->execute('SELECT `pharmac...')
#2 C:\xampp\htdocs\hms_ram\system\Database\BaseConnection.php(652): CodeIgniter\Database\BaseConnection->simpleQuery('SELECT `pharmac...')
#3 C:\xampp\htdocs\hms_ram\system\Database\BaseBuilder.php(1649): CodeIgniter\Database\BaseConnection->query('SELECT `pharmac...', Array, false)
#4 C:\xampp\htdocs\hms_ram\system\Model.php(286): CodeIgniter\Database\BaseBuilder->get()
#5 C:\xampp\htdocs\hms_ram\system\BaseModel.php(679): CodeIgniter\Model->doFindAll(0, 0)
#6 C:\xampp\htdocs\hms_ram\app\Controllers\Pharmacy\Reports.php(120): CodeIgniter\BaseModel->findAll()
#7 C:\xampp\htdocs\hms_ram\system\CodeIgniter.php(933): App\Controllers\Pharmacy\Reports->expiry()
#8 C:\xampp\htdocs\hms_ram\system\CodeIgniter.php(507): CodeIgniter\CodeIgniter->runController(Object(App\Controllers\Pharmacy\Reports))
#9 C:\xampp\htdocs\hms_ram\system\CodeIgniter.php(354): CodeIgniter\CodeIgniter->handleRequest(NULL, Object(Config\Cache), false)
#10 C:\xampp\htdocs\hms_ram\system\Boot.php(334): CodeIgniter\CodeIgniter->run()
#11 C:\xampp\htdocs\hms_ram\system\Boot.php(67): CodeIgniter\Boot::runCodeIgniter(Object(CodeIgniter\CodeIgniter))
#12 C:\xampp\htdocs\hms_ram\index.php(46): CodeIgniter\Boot::bootWeb(Object(Config\Paths))
#13 {main}
CRITICAL - 2025-09-16 12:01:44 --> CodeIgniter\Database\Exceptions\DatabaseException: Unknown column 'pm.generic_name' in 'field list'
[Method: GET, Route: pharmacy/reports/expiry]
in SYSTEMPATH\Database\BaseConnection.php on line 692.
 1 SYSTEMPATH\Database\BaseBuilder.php(1649): CodeIgniter\Database\BaseConnection->query('SELECT `pharmacy_batches`.*, `pm`.`generic_name`, `pm`.`brand_name`, `pm`.`strength`, `ps`.`name` as `supplier_name`
FROM `pharmacy_batches`
JOIN `pharmacy_medicines` `pm` ON `pm`.`id` = `pharmacy_batches`.`medicine_id`
LEFT JOIN `pharmacy_suppliers` `ps` ON `ps`.`id` = `pharmacy_batches`.`supplier_id`
WHERE `expiry_date` <= :expiry_date:
AND `current_stock` > :current_stock:
ORDER BY `expiry_date` ASC', [...], false)
 2 SYSTEMPATH\Model.php(286): CodeIgniter\Database\BaseBuilder->get()
 3 SYSTEMPATH\BaseModel.php(679): CodeIgniter\Model->doFindAll(0, 0)
 4 APPPATH\Controllers\Pharmacy\Reports.php(120): CodeIgniter\BaseModel->findAll()
 5 SYSTEMPATH\CodeIgniter.php(933): App\Controllers\Pharmacy\Reports->expiry()
 6 SYSTEMPATH\CodeIgniter.php(507): CodeIgniter\CodeIgniter->runController(Object(App\Controllers\Pharmacy\Reports))
 7 SYSTEMPATH\CodeIgniter.php(354): CodeIgniter\CodeIgniter->handleRequest(null, Object(Config\Cache), false)
 8 SYSTEMPATH\Boot.php(334): CodeIgniter\CodeIgniter->run()
 9 SYSTEMPATH\Boot.php(67): CodeIgniter\Boot::runCodeIgniter(Object(CodeIgniter\CodeIgniter))
10 FCPATH\index.php(46): CodeIgniter\Boot::bootWeb(Object(Config\Paths))
CRITICAL - 2025-09-16 12:01:44 --> [Caused by] CodeIgniter\Database\Exceptions\DatabaseException: Unknown column 'pm.generic_name' in 'field list'
in SYSTEMPATH\Database\MySQLi\Connection.php on line 332.
 1 SYSTEMPATH\Database\BaseConnection.php(738): CodeIgniter\Database\MySQLi\Connection->execute('SELECT `pharmacy_batches`.*, `pm`.`generic_name`, `pm`.`brand_name`, `pm`.`strength`, `ps`.`name` as `supplier_name`
FROM `pharmacy_batches`
JOIN `pharmacy_medicines` `pm` ON `pm`.`id` = `pharmacy_batches`.`medicine_id`
LEFT JOIN `pharmacy_suppliers` `ps` ON `ps`.`id` = `pharmacy_batches`.`supplier_id`
WHERE `expiry_date` <= \'2025-12-16\'
AND `current_stock` > 0
ORDER BY `expiry_date` ASC')
 2 SYSTEMPATH\Database\BaseConnection.php(652): CodeIgniter\Database\BaseConnection->simpleQuery('SELECT `pharmacy_batches`.*, `pm`.`generic_name`, `pm`.`brand_name`, `pm`.`strength`, `ps`.`name` as `supplier_name`
FROM `pharmacy_batches`
JOIN `pharmacy_medicines` `pm` ON `pm`.`id` = `pharmacy_batches`.`medicine_id`
LEFT JOIN `pharmacy_suppliers` `ps` ON `ps`.`id` = `pharmacy_batches`.`supplier_id`
WHERE `expiry_date` <= \'2025-12-16\'
AND `current_stock` > 0
ORDER BY `expiry_date` ASC')
 3 SYSTEMPATH\Database\BaseBuilder.php(1649): CodeIgniter\Database\BaseConnection->query('SELECT `pharmacy_batches`.*, `pm`.`generic_name`, `pm`.`brand_name`, `pm`.`strength`, `ps`.`name` as `supplier_name`
FROM `pharmacy_batches`
JOIN `pharmacy_medicines` `pm` ON `pm`.`id` = `pharmacy_batches`.`medicine_id`
LEFT JOIN `pharmacy_suppliers` `ps` ON `ps`.`id` = `pharmacy_batches`.`supplier_id`
WHERE `expiry_date` <= :expiry_date:
AND `current_stock` > :current_stock:
ORDER BY `expiry_date` ASC', [...], false)
 4 SYSTEMPATH\Model.php(286): CodeIgniter\Database\BaseBuilder->get()
 5 SYSTEMPATH\BaseModel.php(679): CodeIgniter\Model->doFindAll(0, 0)
 6 APPPATH\Controllers\Pharmacy\Reports.php(120): CodeIgniter\BaseModel->findAll()
 7 SYSTEMPATH\CodeIgniter.php(933): App\Controllers\Pharmacy\Reports->expiry()
 8 SYSTEMPATH\CodeIgniter.php(507): CodeIgniter\CodeIgniter->runController(Object(App\Controllers\Pharmacy\Reports))
 9 SYSTEMPATH\CodeIgniter.php(354): CodeIgniter\CodeIgniter->handleRequest(null, Object(Config\Cache), false)
10 SYSTEMPATH\Boot.php(334): CodeIgniter\CodeIgniter->run()
11 SYSTEMPATH\Boot.php(67): CodeIgniter\Boot::runCodeIgniter(Object(CodeIgniter\CodeIgniter))
12 FCPATH\index.php(46): CodeIgniter\Boot::bootWeb(Object(Config\Paths))
CRITICAL - 2025-09-16 12:01:44 --> [Caused by] mysqli_sql_exception: Unknown column 'pm.generic_name' in 'field list'
in SYSTEMPATH\Database\MySQLi\Connection.php on line 327.
 1 SYSTEMPATH\Database\MySQLi\Connection.php(327): mysqli->query('SELECT `pharmacy_batches`.*, `pm`.`generic_name`, `pm`.`brand_name`, `pm`.`strength`, `ps`.`name` as `supplier_name`
FROM `pharmacy_batches`
JOIN `pharmacy_medicines` `pm` ON `pm`.`id` = `pharmacy_batches`.`medicine_id`
LEFT JOIN `pharmacy_suppliers` `ps` ON `ps`.`id` = `pharmacy_batches`.`supplier_id`
WHERE `expiry_date` <= \'2025-12-16\'
AND `current_stock` > 0
ORDER BY `expiry_date` ASC', 0)
 2 SYSTEMPATH\Database\BaseConnection.php(738): CodeIgniter\Database\MySQLi\Connection->execute('SELECT `pharmacy_batches`.*, `pm`.`generic_name`, `pm`.`brand_name`, `pm`.`strength`, `ps`.`name` as `supplier_name`
FROM `pharmacy_batches`
JOIN `pharmacy_medicines` `pm` ON `pm`.`id` = `pharmacy_batches`.`medicine_id`
LEFT JOIN `pharmacy_suppliers` `ps` ON `ps`.`id` = `pharmacy_batches`.`supplier_id`
WHERE `expiry_date` <= \'2025-12-16\'
AND `current_stock` > 0
ORDER BY `expiry_date` ASC')
 3 SYSTEMPATH\Database\BaseConnection.php(652): CodeIgniter\Database\BaseConnection->simpleQuery('SELECT `pharmacy_batches`.*, `pm`.`generic_name`, `pm`.`brand_name`, `pm`.`strength`, `ps`.`name` as `supplier_name`
FROM `pharmacy_batches`
JOIN `pharmacy_medicines` `pm` ON `pm`.`id` = `pharmacy_batches`.`medicine_id`
LEFT JOIN `pharmacy_suppliers` `ps` ON `ps`.`id` = `pharmacy_batches`.`supplier_id`
WHERE `expiry_date` <= \'2025-12-16\'
AND `current_stock` > 0
ORDER BY `expiry_date` ASC')
 4 SYSTEMPATH\Database\BaseBuilder.php(1649): CodeIgniter\Database\BaseConnection->query('SELECT `pharmacy_batches`.*, `pm`.`generic_name`, `pm`.`brand_name`, `pm`.`strength`, `ps`.`name` as `supplier_name`
FROM `pharmacy_batches`
JOIN `pharmacy_medicines` `pm` ON `pm`.`id` = `pharmacy_batches`.`medicine_id`
LEFT JOIN `pharmacy_suppliers` `ps` ON `ps`.`id` = `pharmacy_batches`.`supplier_id`
WHERE `expiry_date` <= :expiry_date:
AND `current_stock` > :current_stock:
ORDER BY `expiry_date` ASC', [...], false)
 5 SYSTEMPATH\Model.php(286): CodeIgniter\Database\BaseBuilder->get()
 6 SYSTEMPATH\BaseModel.php(679): CodeIgniter\Model->doFindAll(0, 0)
 7 APPPATH\Controllers\Pharmacy\Reports.php(120): CodeIgniter\BaseModel->findAll()
 8 SYSTEMPATH\CodeIgniter.php(933): App\Controllers\Pharmacy\Reports->expiry()
 9 SYSTEMPATH\CodeIgniter.php(507): CodeIgniter\CodeIgniter->runController(Object(App\Controllers\Pharmacy\Reports))
10 SYSTEMPATH\CodeIgniter.php(354): CodeIgniter\CodeIgniter->handleRequest(null, Object(Config\Cache), false)
11 SYSTEMPATH\Boot.php(334): CodeIgniter\CodeIgniter->run()
12 SYSTEMPATH\Boot.php(67): CodeIgniter\Boot::runCodeIgniter(Object(CodeIgniter\CodeIgniter))
13 FCPATH\index.php(46): CodeIgniter\Boot::bootWeb(Object(Config\Paths))
DEBUG - 2025-09-16 12:01:47 --> Session: Class initialized using 'CodeIgniter\Session\Handlers\FileHandler' driver.
DEBUG - 2025-09-16 12:01:52 --> Session: Class initialized using 'CodeIgniter\Session\Handlers\FileHandler' driver.
