DEBUG - 2025-09-25 05:00:49 --> Session: Class initialized using 'CodeIgniter\Session\Handlers\FileHandler' driver.
DEBUG - 2025-09-25 05:00:49 --> Session: Class initialized using 'CodeIgniter\Session\Handlers\FileHandler' driver.
DEBUG - 2025-09-25 05:00:51 --> Session: Class initialized using 'CodeIgniter\Session\Handlers\FileHandler' driver.
ERROR - 2025-09-25 05:01:27 --> Error connecting to the database: ErrorException: mysqli::real_connect(): Error while reading greeting packet. PID=14360 in C:\xampp\htdocs\hms_ram\system\Database\MySQLi\Connection.php:201
Stack trace:
#0 [internal function]: CodeIgniter\Debug\Exceptions->errorHandler(2, 'mysqli::real_co...', 'C:\\xampp\\htdocs...', 201)
#1 C:\xampp\htdocs\hms_ram\system\Database\MySQLi\Connection.php(201): mysqli->real_connect('localhost', 'root', Object(SensitiveParameterValue), 'hms_ram', 3306, '', 0)
#2 C:\xampp\htdocs\hms_ram\system\Database\BaseConnection.php(421): CodeIgniter\Database\MySQLi\Connection->connect(false)
#3 C:\xampp\htdocs\hms_ram\system\Database\BaseConnection.php(620): CodeIgniter\Database\BaseConnection->initialize()
#4 C:\xampp\htdocs\hms_ram\system\Database\BaseBuilder.php(1649): CodeIgniter\Database\BaseConnection->query('SELECT *\nFROM `...', Array, false)
#5 C:\xampp\htdocs\hms_ram\system\Model.php(330): CodeIgniter\Database\BaseBuilder->get()
#6 C:\xampp\htdocs\hms_ram\system\BaseModel.php(717): CodeIgniter\Model->doFirst()
#7 C:\xampp\htdocs\hms_ram\app\Controllers\Auth.php(38): CodeIgniter\BaseModel->first()
#8 C:\xampp\htdocs\hms_ram\system\CodeIgniter.php(933): App\Controllers\Auth->loginAttempt()
#9 C:\xampp\htdocs\hms_ram\system\CodeIgniter.php(507): CodeIgniter\CodeIgniter->runController(Object(App\Controllers\Auth))
#10 C:\xampp\htdocs\hms_ram\system\CodeIgniter.php(354): CodeIgniter\CodeIgniter->handleRequest(NULL, Object(Config\Cache), false)
#11 C:\xampp\htdocs\hms_ram\system\Boot.php(334): CodeIgniter\CodeIgniter->run()
#12 C:\xampp\htdocs\hms_ram\system\Boot.php(67): CodeIgniter\Boot::runCodeIgniter(Object(CodeIgniter\CodeIgniter))
#13 C:\xampp\htdocs\hms_ram\index.php(46): CodeIgniter\Boot::bootWeb(Object(Config\Paths))
#14 {main}

Next mysqli_sql_exception: MySQL server has gone away in C:\xampp\htdocs\hms_ram\system\Database\MySQLi\Connection.php:201
Stack trace:
#0 C:\xampp\htdocs\hms_ram\system\Database\MySQLi\Connection.php(201): mysqli->real_connect('localhost', 'root', Object(SensitiveParameterValue), 'hms_ram', 3306, '', 0)
#1 C:\xampp\htdocs\hms_ram\system\Database\BaseConnection.php(421): CodeIgniter\Database\MySQLi\Connection->connect(false)
#2 C:\xampp\htdocs\hms_ram\system\Database\BaseConnection.php(620): CodeIgniter\Database\BaseConnection->initialize()
#3 C:\xampp\htdocs\hms_ram\system\Database\BaseBuilder.php(1649): CodeIgniter\Database\BaseConnection->query('SELECT *\nFROM `...', Array, false)
#4 C:\xampp\htdocs\hms_ram\system\Model.php(330): CodeIgniter\Database\BaseBuilder->get()
#5 C:\xampp\htdocs\hms_ram\system\BaseModel.php(717): CodeIgniter\Model->doFirst()
#6 C:\xampp\htdocs\hms_ram\app\Controllers\Auth.php(38): CodeIgniter\BaseModel->first()
#7 C:\xampp\htdocs\hms_ram\system\CodeIgniter.php(933): App\Controllers\Auth->loginAttempt()
#8 C:\xampp\htdocs\hms_ram\system\CodeIgniter.php(507): CodeIgniter\CodeIgniter->runController(Object(App\Controllers\Auth))
#9 C:\xampp\htdocs\hms_ram\system\CodeIgniter.php(354): CodeIgniter\CodeIgniter->handleRequest(NULL, Object(Config\Cache), false)
#10 C:\xampp\htdocs\hms_ram\system\Boot.php(334): CodeIgniter\CodeIgniter->run()
#11 C:\xampp\htdocs\hms_ram\system\Boot.php(67): CodeIgniter\Boot::runCodeIgniter(Object(CodeIgniter\CodeIgniter))
#12 C:\xampp\htdocs\hms_ram\index.php(46): CodeIgniter\Boot::bootWeb(Object(Config\Paths))
#13 {main}

Next CodeIgniter\Database\Exceptions\DatabaseException: MySQL server has gone away in C:\xampp\htdocs\hms_ram\system\Database\MySQLi\Connection.php:246
Stack trace:
#0 C:\xampp\htdocs\hms_ram\system\Database\BaseConnection.php(421): CodeIgniter\Database\MySQLi\Connection->connect(false)
#1 C:\xampp\htdocs\hms_ram\system\Database\BaseConnection.php(620): CodeIgniter\Database\BaseConnection->initialize()
#2 C:\xampp\htdocs\hms_ram\system\Database\BaseBuilder.php(1649): CodeIgniter\Database\BaseConnection->query('SELECT *\nFROM `...', Array, false)
#3 C:\xampp\htdocs\hms_ram\system\Model.php(330): CodeIgniter\Database\BaseBuilder->get()
#4 C:\xampp\htdocs\hms_ram\system\BaseModel.php(717): CodeIgniter\Model->doFirst()
#5 C:\xampp\htdocs\hms_ram\app\Controllers\Auth.php(38): CodeIgniter\BaseModel->first()
#6 C:\xampp\htdocs\hms_ram\system\CodeIgniter.php(933): App\Controllers\Auth->loginAttempt()
#7 C:\xampp\htdocs\hms_ram\system\CodeIgniter.php(507): CodeIgniter\CodeIgniter->runController(Object(App\Controllers\Auth))
#8 C:\xampp\htdocs\hms_ram\system\CodeIgniter.php(354): CodeIgniter\CodeIgniter->handleRequest(NULL, Object(Config\Cache), false)
#9 C:\xampp\htdocs\hms_ram\system\Boot.php(334): CodeIgniter\CodeIgniter->run()
#10 C:\xampp\htdocs\hms_ram\system\Boot.php(67): CodeIgniter\Boot::runCodeIgniter(Object(CodeIgniter\CodeIgniter))
#11 C:\xampp\htdocs\hms_ram\index.php(46): CodeIgniter\Boot::bootWeb(Object(Config\Paths))
#12 {main}
CRITICAL - 2025-09-25 05:01:27 --> CodeIgniter\Database\Exceptions\DatabaseException: Unable to connect to the database.
Main connection [MySQLi]: MySQL server has gone away
[Method: POST, Route: auth/loginAttempt]
in SYSTEMPATH\Database\BaseConnection.php on line 467.
 1 SYSTEMPATH\Database\BaseConnection.php(620): CodeIgniter\Database\BaseConnection->initialize()
 2 SYSTEMPATH\Database\BaseBuilder.php(1649): CodeIgniter\Database\BaseConnection->query('SELECT *
FROM `users`
WHERE `username` = :username:
OR `email` = :email:
 LIMIT 1', [...], false)
 3 SYSTEMPATH\Model.php(330): CodeIgniter\Database\BaseBuilder->get()
 4 SYSTEMPATH\BaseModel.php(717): CodeIgniter\Model->doFirst()
 5 APPPATH\Controllers\Auth.php(38): CodeIgniter\BaseModel->first()
 6 SYSTEMPATH\CodeIgniter.php(933): App\Controllers\Auth->loginAttempt()
 7 SYSTEMPATH\CodeIgniter.php(507): CodeIgniter\CodeIgniter->runController(Object(App\Controllers\Auth))
 8 SYSTEMPATH\CodeIgniter.php(354): CodeIgniter\CodeIgniter->handleRequest(null, Object(Config\Cache), false)
 9 SYSTEMPATH\Boot.php(334): CodeIgniter\CodeIgniter->run()
10 SYSTEMPATH\Boot.php(67): CodeIgniter\Boot::runCodeIgniter(Object(CodeIgniter\CodeIgniter))
11 FCPATH\index.php(46): CodeIgniter\Boot::bootWeb(Object(Config\Paths))
DEBUG - 2025-09-25 05:01:50 --> Session: Class initialized using 'CodeIgniter\Session\Handlers\FileHandler' driver.
DEBUG - 2025-09-25 05:01:50 --> Session: Class initialized using 'CodeIgniter\Session\Handlers\FileHandler' driver.
DEBUG - 2025-09-25 05:01:58 --> Session: Class initialized using 'CodeIgniter\Session\Handlers\FileHandler' driver.
DEBUG - 2025-09-25 05:02:00 --> Session: Class initialized using 'CodeIgniter\Session\Handlers\FileHandler' driver.
DEBUG - 2025-09-25 05:25:38 --> Session: Class initialized using 'CodeIgniter\Session\Handlers\FileHandler' driver.
DEBUG - 2025-09-25 06:00:33 --> Session: Class initialized using 'CodeIgniter\Session\Handlers\FileHandler' driver.
DEBUG - 2025-09-25 06:08:20 --> Session: Class initialized using 'CodeIgniter\Session\Handlers\FileHandler' driver.
DEBUG - 2025-09-25 06:08:27 --> Session: Class initialized using 'CodeIgniter\Session\Handlers\FileHandler' driver.
DEBUG - 2025-09-25 06:08:31 --> Session: Class initialized using 'CodeIgniter\Session\Handlers\FileHandler' driver.
DEBUG - 2025-09-25 06:08:33 --> Session: Class initialized using 'CodeIgniter\Session\Handlers\FileHandler' driver.
DEBUG - 2025-09-25 06:08:42 --> Session: Class initialized using 'CodeIgniter\Session\Handlers\FileHandler' driver.
DEBUG - 2025-09-25 06:08:42 --> Session: Class initialized using 'CodeIgniter\Session\Handlers\FileHandler' driver.
DEBUG - 2025-09-25 06:11:31 --> Session: Class initialized using 'CodeIgniter\Session\Handlers\FileHandler' driver.
CRITICAL - 2025-09-25 06:11:31 --> ErrorException: Undefined array key "phone_number"
[Method: GET, Route: laboratory/orders]
in APPPATH\Views\laboratory\orders.php on line 33.
 1 APPPATH\Views\laboratory\orders.php(33): CodeIgniter\Debug\Exceptions->errorHandler(2, 'Undefined array key "phone_number"', 'C:\\xampp\\htdocs\\hms_ram\\app\\Views\\laboratory\\orders.php', 33)
 2 SYSTEMPATH\View\View.php(224): include('C:\\xampp\\htdocs\\hms_ram\\app\\Views\\laboratory\\orders.php')
 3 SYSTEMPATH\View\View.php(227): CodeIgniter\View\View->CodeIgniter\View\{closure}()
 4 SYSTEMPATH\Common.php(1173): CodeIgniter\View\View->render('laboratory/orders', [], true)
 5 APPPATH\Controllers\Laboratory\Laboratory.php(63): view('laboratory/orders', [...])
 6 SYSTEMPATH\CodeIgniter.php(933): App\Controllers\Laboratory\Laboratory->orders()
 7 SYSTEMPATH\CodeIgniter.php(507): CodeIgniter\CodeIgniter->runController(Object(App\Controllers\Laboratory\Laboratory))
 8 SYSTEMPATH\CodeIgniter.php(354): CodeIgniter\CodeIgniter->handleRequest(null, Object(Config\Cache), false)
 9 SYSTEMPATH\Boot.php(334): CodeIgniter\CodeIgniter->run()
10 SYSTEMPATH\Boot.php(67): CodeIgniter\Boot::runCodeIgniter(Object(CodeIgniter\CodeIgniter))
11 FCPATH\index.php(46): CodeIgniter\Boot::bootWeb(Object(Config\Paths))
DEBUG - 2025-09-25 06:12:02 --> Session: Class initialized using 'CodeIgniter\Session\Handlers\FileHandler' driver.
DEBUG - 2025-09-25 06:12:32 --> Session: Class initialized using 'CodeIgniter\Session\Handlers\FileHandler' driver.
CRITICAL - 2025-09-25 06:12:32 --> ErrorException: Undefined array key "phone_number"
[Method: GET, Route: laboratory/orders]
in APPPATH\Views\laboratory\orders.php on line 33.
 1 APPPATH\Views\laboratory\orders.php(33): CodeIgniter\Debug\Exceptions->errorHandler(2, 'Undefined array key "phone_number"', 'C:\\xampp\\htdocs\\hms_ram\\app\\Views\\laboratory\\orders.php', 33)
 2 SYSTEMPATH\View\View.php(224): include('C:\\xampp\\htdocs\\hms_ram\\app\\Views\\laboratory\\orders.php')
 3 SYSTEMPATH\View\View.php(227): CodeIgniter\View\View->CodeIgniter\View\{closure}()
 4 SYSTEMPATH\Common.php(1173): CodeIgniter\View\View->render('laboratory/orders', [], true)
 5 APPPATH\Controllers\Laboratory\Laboratory.php(63): view('laboratory/orders', [...])
 6 SYSTEMPATH\CodeIgniter.php(933): App\Controllers\Laboratory\Laboratory->orders()
 7 SYSTEMPATH\CodeIgniter.php(507): CodeIgniter\CodeIgniter->runController(Object(App\Controllers\Laboratory\Laboratory))
 8 SYSTEMPATH\CodeIgniter.php(354): CodeIgniter\CodeIgniter->handleRequest(null, Object(Config\Cache), false)
 9 SYSTEMPATH\Boot.php(334): CodeIgniter\CodeIgniter->run()
10 SYSTEMPATH\Boot.php(67): CodeIgniter\Boot::runCodeIgniter(Object(CodeIgniter\CodeIgniter))
11 FCPATH\index.php(46): CodeIgniter\Boot::bootWeb(Object(Config\Paths))
DEBUG - 2025-09-25 06:13:57 --> Session: Class initialized using 'CodeIgniter\Session\Handlers\FileHandler' driver.
CRITICAL - 2025-09-25 06:13:57 --> ErrorException: Undefined array key "patient_phone"
[Method: GET, Route: laboratory/orders]
in APPPATH\Controllers\Laboratory\Laboratory.php on line 55.
 1 APPPATH\Controllers\Laboratory\Laboratory.php(55): CodeIgniter\Debug\Exceptions->errorHandler(2, 'Undefined array key "patient_phone"', 'C:\\xampp\\htdocs\\hms_ram\\app\\Controllers\\Laboratory\\Laboratory.php', 55)
 2 SYSTEMPATH\CodeIgniter.php(933): App\Controllers\Laboratory\Laboratory->orders()
 3 SYSTEMPATH\CodeIgniter.php(507): CodeIgniter\CodeIgniter->runController(Object(App\Controllers\Laboratory\Laboratory))
 4 SYSTEMPATH\CodeIgniter.php(354): CodeIgniter\CodeIgniter->handleRequest(null, Object(Config\Cache), false)
 5 SYSTEMPATH\Boot.php(334): CodeIgniter\CodeIgniter->run()
 6 SYSTEMPATH\Boot.php(67): CodeIgniter\Boot::runCodeIgniter(Object(CodeIgniter\CodeIgniter))
 7 FCPATH\index.php(46): CodeIgniter\Boot::bootWeb(Object(Config\Paths))
DEBUG - 2025-09-25 06:13:57 --> Session: Class initialized using 'CodeIgniter\Session\Handlers\FileHandler' driver.
CRITICAL - 2025-09-25 06:13:57 --> ErrorException: Undefined array key "patient_phone"
[Method: GET, Route: laboratory/orders]
in APPPATH\Controllers\Laboratory\Laboratory.php on line 55.
 1 APPPATH\Controllers\Laboratory\Laboratory.php(55): CodeIgniter\Debug\Exceptions->errorHandler(2, 'Undefined array key "patient_phone"', 'C:\\xampp\\htdocs\\hms_ram\\app\\Controllers\\Laboratory\\Laboratory.php', 55)
 2 SYSTEMPATH\CodeIgniter.php(933): App\Controllers\Laboratory\Laboratory->orders()
 3 SYSTEMPATH\CodeIgniter.php(507): CodeIgniter\CodeIgniter->runController(Object(App\Controllers\Laboratory\Laboratory))
 4 SYSTEMPATH\CodeIgniter.php(354): CodeIgniter\CodeIgniter->handleRequest(null, Object(Config\Cache), false)
 5 SYSTEMPATH\Boot.php(334): CodeIgniter\CodeIgniter->run()
 6 SYSTEMPATH\Boot.php(67): CodeIgniter\Boot::runCodeIgniter(Object(CodeIgniter\CodeIgniter))
 7 FCPATH\index.php(46): CodeIgniter\Boot::bootWeb(Object(Config\Paths))
DEBUG - 2025-09-25 06:14:27 --> Session: Class initialized using 'CodeIgniter\Session\Handlers\FileHandler' driver.
DEBUG - 2025-09-25 06:14:34 --> Session: Class initialized using 'CodeIgniter\Session\Handlers\FileHandler' driver.
ERROR - 2025-09-25 06:14:34 --> mysqli_sql_exception: Unknown column 'patients.patient_name' in 'field list' in C:\xampp\htdocs\hms_ram\system\Database\MySQLi\Connection.php:327
Stack trace:
#0 C:\xampp\htdocs\hms_ram\system\Database\MySQLi\Connection.php(327): mysqli->query('SELECT `lab_ord...', 0)
#1 C:\xampp\htdocs\hms_ram\system\Database\BaseConnection.php(738): CodeIgniter\Database\MySQLi\Connection->execute('SELECT `lab_ord...')
#2 C:\xampp\htdocs\hms_ram\system\Database\BaseConnection.php(652): CodeIgniter\Database\BaseConnection->simpleQuery('SELECT `lab_ord...')
#3 C:\xampp\htdocs\hms_ram\system\Database\BaseBuilder.php(1649): CodeIgniter\Database\BaseConnection->query('SELECT `lab_ord...', Array, false)
#4 C:\xampp\htdocs\hms_ram\app\Controllers\Laboratory\Laboratory.php(405): CodeIgniter\Database\BaseBuilder->get()
#5 C:\xampp\htdocs\hms_ram\system\CodeIgniter.php(933): App\Controllers\Laboratory\Laboratory->view_report_page('1')
#6 C:\xampp\htdocs\hms_ram\system\CodeIgniter.php(507): CodeIgniter\CodeIgniter->runController(Object(App\Controllers\Laboratory\Laboratory))
#7 C:\xampp\htdocs\hms_ram\system\CodeIgniter.php(354): CodeIgniter\CodeIgniter->handleRequest(NULL, Object(Config\Cache), false)
#8 C:\xampp\htdocs\hms_ram\system\Boot.php(334): CodeIgniter\CodeIgniter->run()
#9 C:\xampp\htdocs\hms_ram\system\Boot.php(67): CodeIgniter\Boot::runCodeIgniter(Object(CodeIgniter\CodeIgniter))
#10 C:\xampp\htdocs\hms_ram\index.php(46): CodeIgniter\Boot::bootWeb(Object(Config\Paths))
#11 {main}
CRITICAL - 2025-09-25 06:14:34 --> CodeIgniter\Database\Exceptions\DatabaseException: Unknown column 'patients.patient_name' in 'field list'
[Method: GET, Route: laboratory/report/1]
in SYSTEMPATH\Database\BaseConnection.php on line 692.
 1 SYSTEMPATH\Database\BaseBuilder.php(1649): CodeIgniter\Database\BaseConnection->query('SELECT `lab_orders`.*, `patients`.`patient_name`, `patients`.`phone_number`, `patients`.`patient_id_code`, `users`.`name` as `doctor_name`
FROM `lab_orders`
JOIN `patients` ON `patients`.`id` = `lab_orders`.`patient_id`
JOIN `users` ON `users`.`id` = `lab_orders`.`ordered_by`
WHERE `lab_orders`.`id` = :lab_orders.id:', [...], false)
 2 APPPATH\Controllers\Laboratory\Laboratory.php(405): CodeIgniter\Database\BaseBuilder->get()
 3 SYSTEMPATH\CodeIgniter.php(933): App\Controllers\Laboratory\Laboratory->view_report_page('1')
 4 SYSTEMPATH\CodeIgniter.php(507): CodeIgniter\CodeIgniter->runController(Object(App\Controllers\Laboratory\Laboratory))
 5 SYSTEMPATH\CodeIgniter.php(354): CodeIgniter\CodeIgniter->handleRequest(null, Object(Config\Cache), false)
 6 SYSTEMPATH\Boot.php(334): CodeIgniter\CodeIgniter->run()
 7 SYSTEMPATH\Boot.php(67): CodeIgniter\Boot::runCodeIgniter(Object(CodeIgniter\CodeIgniter))
 8 FCPATH\index.php(46): CodeIgniter\Boot::bootWeb(Object(Config\Paths))
CRITICAL - 2025-09-25 06:14:34 --> [Caused by] CodeIgniter\Database\Exceptions\DatabaseException: Unknown column 'patients.patient_name' in 'field list'
in SYSTEMPATH\Database\MySQLi\Connection.php on line 332.
 1 SYSTEMPATH\Database\BaseConnection.php(738): CodeIgniter\Database\MySQLi\Connection->execute('SELECT `lab_orders`.*, `patients`.`patient_name`, `patients`.`phone_number`, `patients`.`patient_id_code`, `users`.`name` as `doctor_name`
FROM `lab_orders`
JOIN `patients` ON `patients`.`id` = `lab_orders`.`patient_id`
JOIN `users` ON `users`.`id` = `lab_orders`.`ordered_by`
WHERE `lab_orders`.`id` = \'1\'')
 2 SYSTEMPATH\Database\BaseConnection.php(652): CodeIgniter\Database\BaseConnection->simpleQuery('SELECT `lab_orders`.*, `patients`.`patient_name`, `patients`.`phone_number`, `patients`.`patient_id_code`, `users`.`name` as `doctor_name`
FROM `lab_orders`
JOIN `patients` ON `patients`.`id` = `lab_orders`.`patient_id`
JOIN `users` ON `users`.`id` = `lab_orders`.`ordered_by`
WHERE `lab_orders`.`id` = \'1\'')
 3 SYSTEMPATH\Database\BaseBuilder.php(1649): CodeIgniter\Database\BaseConnection->query('SELECT `lab_orders`.*, `patients`.`patient_name`, `patients`.`phone_number`, `patients`.`patient_id_code`, `users`.`name` as `doctor_name`
FROM `lab_orders`
JOIN `patients` ON `patients`.`id` = `lab_orders`.`patient_id`
JOIN `users` ON `users`.`id` = `lab_orders`.`ordered_by`
WHERE `lab_orders`.`id` = :lab_orders.id:', [...], false)
 4 APPPATH\Controllers\Laboratory\Laboratory.php(405): CodeIgniter\Database\BaseBuilder->get()
 5 SYSTEMPATH\CodeIgniter.php(933): App\Controllers\Laboratory\Laboratory->view_report_page('1')
 6 SYSTEMPATH\CodeIgniter.php(507): CodeIgniter\CodeIgniter->runController(Object(App\Controllers\Laboratory\Laboratory))
 7 SYSTEMPATH\CodeIgniter.php(354): CodeIgniter\CodeIgniter->handleRequest(null, Object(Config\Cache), false)
 8 SYSTEMPATH\Boot.php(334): CodeIgniter\CodeIgniter->run()
 9 SYSTEMPATH\Boot.php(67): CodeIgniter\Boot::runCodeIgniter(Object(CodeIgniter\CodeIgniter))
10 FCPATH\index.php(46): CodeIgniter\Boot::bootWeb(Object(Config\Paths))
CRITICAL - 2025-09-25 06:14:34 --> [Caused by] mysqli_sql_exception: Unknown column 'patients.patient_name' in 'field list'
in SYSTEMPATH\Database\MySQLi\Connection.php on line 327.
 1 SYSTEMPATH\Database\MySQLi\Connection.php(327): mysqli->query('SELECT `lab_orders`.*, `patients`.`patient_name`, `patients`.`phone_number`, `patients`.`patient_id_code`, `users`.`name` as `doctor_name`
FROM `lab_orders`
JOIN `patients` ON `patients`.`id` = `lab_orders`.`patient_id`
JOIN `users` ON `users`.`id` = `lab_orders`.`ordered_by`
WHERE `lab_orders`.`id` = \'1\'', 0)
 2 SYSTEMPATH\Database\BaseConnection.php(738): CodeIgniter\Database\MySQLi\Connection->execute('SELECT `lab_orders`.*, `patients`.`patient_name`, `patients`.`phone_number`, `patients`.`patient_id_code`, `users`.`name` as `doctor_name`
FROM `lab_orders`
JOIN `patients` ON `patients`.`id` = `lab_orders`.`patient_id`
JOIN `users` ON `users`.`id` = `lab_orders`.`ordered_by`
WHERE `lab_orders`.`id` = \'1\'')
 3 SYSTEMPATH\Database\BaseConnection.php(652): CodeIgniter\Database\BaseConnection->simpleQuery('SELECT `lab_orders`.*, `patients`.`patient_name`, `patients`.`phone_number`, `patients`.`patient_id_code`, `users`.`name` as `doctor_name`
FROM `lab_orders`
JOIN `patients` ON `patients`.`id` = `lab_orders`.`patient_id`
JOIN `users` ON `users`.`id` = `lab_orders`.`ordered_by`
WHERE `lab_orders`.`id` = \'1\'')
 4 SYSTEMPATH\Database\BaseBuilder.php(1649): CodeIgniter\Database\BaseConnection->query('SELECT `lab_orders`.*, `patients`.`patient_name`, `patients`.`phone_number`, `patients`.`patient_id_code`, `users`.`name` as `doctor_name`
FROM `lab_orders`
JOIN `patients` ON `patients`.`id` = `lab_orders`.`patient_id`
JOIN `users` ON `users`.`id` = `lab_orders`.`ordered_by`
WHERE `lab_orders`.`id` = :lab_orders.id:', [...], false)
 5 APPPATH\Controllers\Laboratory\Laboratory.php(405): CodeIgniter\Database\BaseBuilder->get()
 6 SYSTEMPATH\CodeIgniter.php(933): App\Controllers\Laboratory\Laboratory->view_report_page('1')
 7 SYSTEMPATH\CodeIgniter.php(507): CodeIgniter\CodeIgniter->runController(Object(App\Controllers\Laboratory\Laboratory))
 8 SYSTEMPATH\CodeIgniter.php(354): CodeIgniter\CodeIgniter->handleRequest(null, Object(Config\Cache), false)
 9 SYSTEMPATH\Boot.php(334): CodeIgniter\CodeIgniter->run()
10 SYSTEMPATH\Boot.php(67): CodeIgniter\Boot::runCodeIgniter(Object(CodeIgniter\CodeIgniter))
11 FCPATH\index.php(46): CodeIgniter\Boot::bootWeb(Object(Config\Paths))
DEBUG - 2025-09-25 06:14:38 --> Session: Class initialized using 'CodeIgniter\Session\Handlers\FileHandler' driver.
DEBUG - 2025-09-25 06:14:42 --> Session: Class initialized using 'CodeIgniter\Session\Handlers\FileHandler' driver.
DEBUG - 2025-09-25 06:14:43 --> Session: Class initialized using 'CodeIgniter\Session\Handlers\FileHandler' driver.
ERROR - 2025-09-25 06:14:43 --> mysqli_sql_exception: Unknown column 'patients.patient_name' in 'field list' in C:\xampp\htdocs\hms_ram\system\Database\MySQLi\Connection.php:327
Stack trace:
#0 C:\xampp\htdocs\hms_ram\system\Database\MySQLi\Connection.php(327): mysqli->query('SELECT `lab_ord...', 0)
#1 C:\xampp\htdocs\hms_ram\system\Database\BaseConnection.php(738): CodeIgniter\Database\MySQLi\Connection->execute('SELECT `lab_ord...')
#2 C:\xampp\htdocs\hms_ram\system\Database\BaseConnection.php(652): CodeIgniter\Database\BaseConnection->simpleQuery('SELECT `lab_ord...')
#3 C:\xampp\htdocs\hms_ram\system\Database\BaseBuilder.php(1649): CodeIgniter\Database\BaseConnection->query('SELECT `lab_ord...', Array, false)
#4 C:\xampp\htdocs\hms_ram\app\Controllers\Laboratory\Laboratory.php(405): CodeIgniter\Database\BaseBuilder->get()
#5 C:\xampp\htdocs\hms_ram\system\CodeIgniter.php(933): App\Controllers\Laboratory\Laboratory->view_report_page('1')
#6 C:\xampp\htdocs\hms_ram\system\CodeIgniter.php(507): CodeIgniter\CodeIgniter->runController(Object(App\Controllers\Laboratory\Laboratory))
#7 C:\xampp\htdocs\hms_ram\system\CodeIgniter.php(354): CodeIgniter\CodeIgniter->handleRequest(NULL, Object(Config\Cache), false)
#8 C:\xampp\htdocs\hms_ram\system\Boot.php(334): CodeIgniter\CodeIgniter->run()
#9 C:\xampp\htdocs\hms_ram\system\Boot.php(67): CodeIgniter\Boot::runCodeIgniter(Object(CodeIgniter\CodeIgniter))
#10 C:\xampp\htdocs\hms_ram\index.php(46): CodeIgniter\Boot::bootWeb(Object(Config\Paths))
#11 {main}
CRITICAL - 2025-09-25 06:14:43 --> CodeIgniter\Database\Exceptions\DatabaseException: Unknown column 'patients.patient_name' in 'field list'
[Method: GET, Route: laboratory/report/1]
in SYSTEMPATH\Database\BaseConnection.php on line 692.
 1 SYSTEMPATH\Database\BaseBuilder.php(1649): CodeIgniter\Database\BaseConnection->query('SELECT `lab_orders`.*, `patients`.`patient_name`, `patients`.`phone_number`, `patients`.`patient_id_code`, `users`.`name` as `doctor_name`
FROM `lab_orders`
JOIN `patients` ON `patients`.`id` = `lab_orders`.`patient_id`
JOIN `users` ON `users`.`id` = `lab_orders`.`ordered_by`
WHERE `lab_orders`.`id` = :lab_orders.id:', [...], false)
 2 APPPATH\Controllers\Laboratory\Laboratory.php(405): CodeIgniter\Database\BaseBuilder->get()
 3 SYSTEMPATH\CodeIgniter.php(933): App\Controllers\Laboratory\Laboratory->view_report_page('1')
 4 SYSTEMPATH\CodeIgniter.php(507): CodeIgniter\CodeIgniter->runController(Object(App\Controllers\Laboratory\Laboratory))
 5 SYSTEMPATH\CodeIgniter.php(354): CodeIgniter\CodeIgniter->handleRequest(null, Object(Config\Cache), false)
 6 SYSTEMPATH\Boot.php(334): CodeIgniter\CodeIgniter->run()
 7 SYSTEMPATH\Boot.php(67): CodeIgniter\Boot::runCodeIgniter(Object(CodeIgniter\CodeIgniter))
 8 FCPATH\index.php(46): CodeIgniter\Boot::bootWeb(Object(Config\Paths))
CRITICAL - 2025-09-25 06:14:43 --> [Caused by] CodeIgniter\Database\Exceptions\DatabaseException: Unknown column 'patients.patient_name' in 'field list'
in SYSTEMPATH\Database\MySQLi\Connection.php on line 332.
 1 SYSTEMPATH\Database\BaseConnection.php(738): CodeIgniter\Database\MySQLi\Connection->execute('SELECT `lab_orders`.*, `patients`.`patient_name`, `patients`.`phone_number`, `patients`.`patient_id_code`, `users`.`name` as `doctor_name`
FROM `lab_orders`
JOIN `patients` ON `patients`.`id` = `lab_orders`.`patient_id`
JOIN `users` ON `users`.`id` = `lab_orders`.`ordered_by`
WHERE `lab_orders`.`id` = \'1\'')
 2 SYSTEMPATH\Database\BaseConnection.php(652): CodeIgniter\Database\BaseConnection->simpleQuery('SELECT `lab_orders`.*, `patients`.`patient_name`, `patients`.`phone_number`, `patients`.`patient_id_code`, `users`.`name` as `doctor_name`
FROM `lab_orders`
JOIN `patients` ON `patients`.`id` = `lab_orders`.`patient_id`
JOIN `users` ON `users`.`id` = `lab_orders`.`ordered_by`
WHERE `lab_orders`.`id` = \'1\'')
 3 SYSTEMPATH\Database\BaseBuilder.php(1649): CodeIgniter\Database\BaseConnection->query('SELECT `lab_orders`.*, `patients`.`patient_name`, `patients`.`phone_number`, `patients`.`patient_id_code`, `users`.`name` as `doctor_name`
FROM `lab_orders`
JOIN `patients` ON `patients`.`id` = `lab_orders`.`patient_id`
JOIN `users` ON `users`.`id` = `lab_orders`.`ordered_by`
WHERE `lab_orders`.`id` = :lab_orders.id:', [...], false)
 4 APPPATH\Controllers\Laboratory\Laboratory.php(405): CodeIgniter\Database\BaseBuilder->get()
 5 SYSTEMPATH\CodeIgniter.php(933): App\Controllers\Laboratory\Laboratory->view_report_page('1')
 6 SYSTEMPATH\CodeIgniter.php(507): CodeIgniter\CodeIgniter->runController(Object(App\Controllers\Laboratory\Laboratory))
 7 SYSTEMPATH\CodeIgniter.php(354): CodeIgniter\CodeIgniter->handleRequest(null, Object(Config\Cache), false)
 8 SYSTEMPATH\Boot.php(334): CodeIgniter\CodeIgniter->run()
 9 SYSTEMPATH\Boot.php(67): CodeIgniter\Boot::runCodeIgniter(Object(CodeIgniter\CodeIgniter))
10 FCPATH\index.php(46): CodeIgniter\Boot::bootWeb(Object(Config\Paths))
CRITICAL - 2025-09-25 06:14:43 --> [Caused by] mysqli_sql_exception: Unknown column 'patients.patient_name' in 'field list'
in SYSTEMPATH\Database\MySQLi\Connection.php on line 327.
 1 SYSTEMPATH\Database\MySQLi\Connection.php(327): mysqli->query('SELECT `lab_orders`.*, `patients`.`patient_name`, `patients`.`phone_number`, `patients`.`patient_id_code`, `users`.`name` as `doctor_name`
FROM `lab_orders`
JOIN `patients` ON `patients`.`id` = `lab_orders`.`patient_id`
JOIN `users` ON `users`.`id` = `lab_orders`.`ordered_by`
WHERE `lab_orders`.`id` = \'1\'', 0)
 2 SYSTEMPATH\Database\BaseConnection.php(738): CodeIgniter\Database\MySQLi\Connection->execute('SELECT `lab_orders`.*, `patients`.`patient_name`, `patients`.`phone_number`, `patients`.`patient_id_code`, `users`.`name` as `doctor_name`
FROM `lab_orders`
JOIN `patients` ON `patients`.`id` = `lab_orders`.`patient_id`
JOIN `users` ON `users`.`id` = `lab_orders`.`ordered_by`
WHERE `lab_orders`.`id` = \'1\'')
 3 SYSTEMPATH\Database\BaseConnection.php(652): CodeIgniter\Database\BaseConnection->simpleQuery('SELECT `lab_orders`.*, `patients`.`patient_name`, `patients`.`phone_number`, `patients`.`patient_id_code`, `users`.`name` as `doctor_name`
FROM `lab_orders`
JOIN `patients` ON `patients`.`id` = `lab_orders`.`patient_id`
JOIN `users` ON `users`.`id` = `lab_orders`.`ordered_by`
WHERE `lab_orders`.`id` = \'1\'')
 4 SYSTEMPATH\Database\BaseBuilder.php(1649): CodeIgniter\Database\BaseConnection->query('SELECT `lab_orders`.*, `patients`.`patient_name`, `patients`.`phone_number`, `patients`.`patient_id_code`, `users`.`name` as `doctor_name`
FROM `lab_orders`
JOIN `patients` ON `patients`.`id` = `lab_orders`.`patient_id`
JOIN `users` ON `users`.`id` = `lab_orders`.`ordered_by`
WHERE `lab_orders`.`id` = :lab_orders.id:', [...], false)
 5 APPPATH\Controllers\Laboratory\Laboratory.php(405): CodeIgniter\Database\BaseBuilder->get()
 6 SYSTEMPATH\CodeIgniter.php(933): App\Controllers\Laboratory\Laboratory->view_report_page('1')
 7 SYSTEMPATH\CodeIgniter.php(507): CodeIgniter\CodeIgniter->runController(Object(App\Controllers\Laboratory\Laboratory))
 8 SYSTEMPATH\CodeIgniter.php(354): CodeIgniter\CodeIgniter->handleRequest(null, Object(Config\Cache), false)
 9 SYSTEMPATH\Boot.php(334): CodeIgniter\CodeIgniter->run()
10 SYSTEMPATH\Boot.php(67): CodeIgniter\Boot::runCodeIgniter(Object(CodeIgniter\CodeIgniter))
11 FCPATH\index.php(46): CodeIgniter\Boot::bootWeb(Object(Config\Paths))
DEBUG - 2025-09-25 06:14:47 --> Session: Class initialized using 'CodeIgniter\Session\Handlers\FileHandler' driver.
ERROR - 2025-09-25 06:14:47 --> mysqli_sql_exception: Unknown column 'patients.patient_name' in 'field list' in C:\xampp\htdocs\hms_ram\system\Database\MySQLi\Connection.php:327
Stack trace:
#0 C:\xampp\htdocs\hms_ram\system\Database\MySQLi\Connection.php(327): mysqli->query('SELECT `lab_ord...', 0)
#1 C:\xampp\htdocs\hms_ram\system\Database\BaseConnection.php(738): CodeIgniter\Database\MySQLi\Connection->execute('SELECT `lab_ord...')
#2 C:\xampp\htdocs\hms_ram\system\Database\BaseConnection.php(652): CodeIgniter\Database\BaseConnection->simpleQuery('SELECT `lab_ord...')
#3 C:\xampp\htdocs\hms_ram\system\Database\BaseBuilder.php(1649): CodeIgniter\Database\BaseConnection->query('SELECT `lab_ord...', Array, false)
#4 C:\xampp\htdocs\hms_ram\app\Controllers\Laboratory\Laboratory.php(405): CodeIgniter\Database\BaseBuilder->get()
#5 C:\xampp\htdocs\hms_ram\system\CodeIgniter.php(933): App\Controllers\Laboratory\Laboratory->view_report_page('1')
#6 C:\xampp\htdocs\hms_ram\system\CodeIgniter.php(507): CodeIgniter\CodeIgniter->runController(Object(App\Controllers\Laboratory\Laboratory))
#7 C:\xampp\htdocs\hms_ram\system\CodeIgniter.php(354): CodeIgniter\CodeIgniter->handleRequest(NULL, Object(Config\Cache), false)
#8 C:\xampp\htdocs\hms_ram\system\Boot.php(334): CodeIgniter\CodeIgniter->run()
#9 C:\xampp\htdocs\hms_ram\system\Boot.php(67): CodeIgniter\Boot::runCodeIgniter(Object(CodeIgniter\CodeIgniter))
#10 C:\xampp\htdocs\hms_ram\index.php(46): CodeIgniter\Boot::bootWeb(Object(Config\Paths))
#11 {main}
CRITICAL - 2025-09-25 06:14:47 --> CodeIgniter\Database\Exceptions\DatabaseException: Unknown column 'patients.patient_name' in 'field list'
[Method: GET, Route: laboratory/report/1]
in SYSTEMPATH\Database\BaseConnection.php on line 692.
 1 SYSTEMPATH\Database\BaseBuilder.php(1649): CodeIgniter\Database\BaseConnection->query('SELECT `lab_orders`.*, `patients`.`patient_name`, `patients`.`phone_number`, `patients`.`patient_id_code`, `users`.`name` as `doctor_name`
FROM `lab_orders`
JOIN `patients` ON `patients`.`id` = `lab_orders`.`patient_id`
JOIN `users` ON `users`.`id` = `lab_orders`.`ordered_by`
WHERE `lab_orders`.`id` = :lab_orders.id:', [...], false)
 2 APPPATH\Controllers\Laboratory\Laboratory.php(405): CodeIgniter\Database\BaseBuilder->get()
 3 SYSTEMPATH\CodeIgniter.php(933): App\Controllers\Laboratory\Laboratory->view_report_page('1')
 4 SYSTEMPATH\CodeIgniter.php(507): CodeIgniter\CodeIgniter->runController(Object(App\Controllers\Laboratory\Laboratory))
 5 SYSTEMPATH\CodeIgniter.php(354): CodeIgniter\CodeIgniter->handleRequest(null, Object(Config\Cache), false)
 6 SYSTEMPATH\Boot.php(334): CodeIgniter\CodeIgniter->run()
 7 SYSTEMPATH\Boot.php(67): CodeIgniter\Boot::runCodeIgniter(Object(CodeIgniter\CodeIgniter))
 8 FCPATH\index.php(46): CodeIgniter\Boot::bootWeb(Object(Config\Paths))
CRITICAL - 2025-09-25 06:14:47 --> [Caused by] CodeIgniter\Database\Exceptions\DatabaseException: Unknown column 'patients.patient_name' in 'field list'
in SYSTEMPATH\Database\MySQLi\Connection.php on line 332.
 1 SYSTEMPATH\Database\BaseConnection.php(738): CodeIgniter\Database\MySQLi\Connection->execute('SELECT `lab_orders`.*, `patients`.`patient_name`, `patients`.`phone_number`, `patients`.`patient_id_code`, `users`.`name` as `doctor_name`
FROM `lab_orders`
JOIN `patients` ON `patients`.`id` = `lab_orders`.`patient_id`
JOIN `users` ON `users`.`id` = `lab_orders`.`ordered_by`
WHERE `lab_orders`.`id` = \'1\'')
 2 SYSTEMPATH\Database\BaseConnection.php(652): CodeIgniter\Database\BaseConnection->simpleQuery('SELECT `lab_orders`.*, `patients`.`patient_name`, `patients`.`phone_number`, `patients`.`patient_id_code`, `users`.`name` as `doctor_name`
FROM `lab_orders`
JOIN `patients` ON `patients`.`id` = `lab_orders`.`patient_id`
JOIN `users` ON `users`.`id` = `lab_orders`.`ordered_by`
WHERE `lab_orders`.`id` = \'1\'')
 3 SYSTEMPATH\Database\BaseBuilder.php(1649): CodeIgniter\Database\BaseConnection->query('SELECT `lab_orders`.*, `patients`.`patient_name`, `patients`.`phone_number`, `patients`.`patient_id_code`, `users`.`name` as `doctor_name`
FROM `lab_orders`
JOIN `patients` ON `patients`.`id` = `lab_orders`.`patient_id`
JOIN `users` ON `users`.`id` = `lab_orders`.`ordered_by`
WHERE `lab_orders`.`id` = :lab_orders.id:', [...], false)
 4 APPPATH\Controllers\Laboratory\Laboratory.php(405): CodeIgniter\Database\BaseBuilder->get()
 5 SYSTEMPATH\CodeIgniter.php(933): App\Controllers\Laboratory\Laboratory->view_report_page('1')
 6 SYSTEMPATH\CodeIgniter.php(507): CodeIgniter\CodeIgniter->runController(Object(App\Controllers\Laboratory\Laboratory))
 7 SYSTEMPATH\CodeIgniter.php(354): CodeIgniter\CodeIgniter->handleRequest(null, Object(Config\Cache), false)
 8 SYSTEMPATH\Boot.php(334): CodeIgniter\CodeIgniter->run()
 9 SYSTEMPATH\Boot.php(67): CodeIgniter\Boot::runCodeIgniter(Object(CodeIgniter\CodeIgniter))
10 FCPATH\index.php(46): CodeIgniter\Boot::bootWeb(Object(Config\Paths))
CRITICAL - 2025-09-25 06:14:47 --> [Caused by] mysqli_sql_exception: Unknown column 'patients.patient_name' in 'field list'
in SYSTEMPATH\Database\MySQLi\Connection.php on line 327.
 1 SYSTEMPATH\Database\MySQLi\Connection.php(327): mysqli->query('SELECT `lab_orders`.*, `patients`.`patient_name`, `patients`.`phone_number`, `patients`.`patient_id_code`, `users`.`name` as `doctor_name`
FROM `lab_orders`
JOIN `patients` ON `patients`.`id` = `lab_orders`.`patient_id`
JOIN `users` ON `users`.`id` = `lab_orders`.`ordered_by`
WHERE `lab_orders`.`id` = \'1\'', 0)
 2 SYSTEMPATH\Database\BaseConnection.php(738): CodeIgniter\Database\MySQLi\Connection->execute('SELECT `lab_orders`.*, `patients`.`patient_name`, `patients`.`phone_number`, `patients`.`patient_id_code`, `users`.`name` as `doctor_name`
FROM `lab_orders`
JOIN `patients` ON `patients`.`id` = `lab_orders`.`patient_id`
JOIN `users` ON `users`.`id` = `lab_orders`.`ordered_by`
WHERE `lab_orders`.`id` = \'1\'')
 3 SYSTEMPATH\Database\BaseConnection.php(652): CodeIgniter\Database\BaseConnection->simpleQuery('SELECT `lab_orders`.*, `patients`.`patient_name`, `patients`.`phone_number`, `patients`.`patient_id_code`, `users`.`name` as `doctor_name`
FROM `lab_orders`
JOIN `patients` ON `patients`.`id` = `lab_orders`.`patient_id`
JOIN `users` ON `users`.`id` = `lab_orders`.`ordered_by`
WHERE `lab_orders`.`id` = \'1\'')
 4 SYSTEMPATH\Database\BaseBuilder.php(1649): CodeIgniter\Database\BaseConnection->query('SELECT `lab_orders`.*, `patients`.`patient_name`, `patients`.`phone_number`, `patients`.`patient_id_code`, `users`.`name` as `doctor_name`
FROM `lab_orders`
JOIN `patients` ON `patients`.`id` = `lab_orders`.`patient_id`
JOIN `users` ON `users`.`id` = `lab_orders`.`ordered_by`
WHERE `lab_orders`.`id` = :lab_orders.id:', [...], false)
 5 APPPATH\Controllers\Laboratory\Laboratory.php(405): CodeIgniter\Database\BaseBuilder->get()
 6 SYSTEMPATH\CodeIgniter.php(933): App\Controllers\Laboratory\Laboratory->view_report_page('1')
 7 SYSTEMPATH\CodeIgniter.php(507): CodeIgniter\CodeIgniter->runController(Object(App\Controllers\Laboratory\Laboratory))
 8 SYSTEMPATH\CodeIgniter.php(354): CodeIgniter\CodeIgniter->handleRequest(null, Object(Config\Cache), false)
 9 SYSTEMPATH\Boot.php(334): CodeIgniter\CodeIgniter->run()
10 SYSTEMPATH\Boot.php(67): CodeIgniter\Boot::runCodeIgniter(Object(CodeIgniter\CodeIgniter))
11 FCPATH\index.php(46): CodeIgniter\Boot::bootWeb(Object(Config\Paths))
DEBUG - 2025-09-25 06:15:27 --> Session: Class initialized using 'CodeIgniter\Session\Handlers\FileHandler' driver.
ERROR - 2025-09-25 06:15:27 --> mysqli_sql_exception: Unknown column 'patients.patient_name' in 'field list' in C:\xampp\htdocs\hms_ram\system\Database\MySQLi\Connection.php:327
Stack trace:
#0 C:\xampp\htdocs\hms_ram\system\Database\MySQLi\Connection.php(327): mysqli->query('SELECT `lab_ord...', 0)
#1 C:\xampp\htdocs\hms_ram\system\Database\BaseConnection.php(738): CodeIgniter\Database\MySQLi\Connection->execute('SELECT `lab_ord...')
#2 C:\xampp\htdocs\hms_ram\system\Database\BaseConnection.php(652): CodeIgniter\Database\BaseConnection->simpleQuery('SELECT `lab_ord...')
#3 C:\xampp\htdocs\hms_ram\system\Database\BaseBuilder.php(1649): CodeIgniter\Database\BaseConnection->query('SELECT `lab_ord...', Array, false)
#4 C:\xampp\htdocs\hms_ram\app\Controllers\Laboratory\Laboratory.php(405): CodeIgniter\Database\BaseBuilder->get()
#5 C:\xampp\htdocs\hms_ram\system\CodeIgniter.php(933): App\Controllers\Laboratory\Laboratory->view_report_page('1')
#6 C:\xampp\htdocs\hms_ram\system\CodeIgniter.php(507): CodeIgniter\CodeIgniter->runController(Object(App\Controllers\Laboratory\Laboratory))
#7 C:\xampp\htdocs\hms_ram\system\CodeIgniter.php(354): CodeIgniter\CodeIgniter->handleRequest(NULL, Object(Config\Cache), false)
#8 C:\xampp\htdocs\hms_ram\system\Boot.php(334): CodeIgniter\CodeIgniter->run()
#9 C:\xampp\htdocs\hms_ram\system\Boot.php(67): CodeIgniter\Boot::runCodeIgniter(Object(CodeIgniter\CodeIgniter))
#10 C:\xampp\htdocs\hms_ram\index.php(46): CodeIgniter\Boot::bootWeb(Object(Config\Paths))
#11 {main}
CRITICAL - 2025-09-25 06:15:27 --> CodeIgniter\Database\Exceptions\DatabaseException: Unknown column 'patients.patient_name' in 'field list'
[Method: GET, Route: laboratory/report/1]
in SYSTEMPATH\Database\BaseConnection.php on line 692.
 1 SYSTEMPATH\Database\BaseBuilder.php(1649): CodeIgniter\Database\BaseConnection->query('SELECT `lab_orders`.*, `patients`.`patient_name`, `patients`.`phone_number`, `patients`.`patient_id_code`, `users`.`name` as `doctor_name`
FROM `lab_orders`
JOIN `patients` ON `patients`.`id` = `lab_orders`.`patient_id`
JOIN `users` ON `users`.`id` = `lab_orders`.`ordered_by`
WHERE `lab_orders`.`id` = :lab_orders.id:', [...], false)
 2 APPPATH\Controllers\Laboratory\Laboratory.php(405): CodeIgniter\Database\BaseBuilder->get()
 3 SYSTEMPATH\CodeIgniter.php(933): App\Controllers\Laboratory\Laboratory->view_report_page('1')
 4 SYSTEMPATH\CodeIgniter.php(507): CodeIgniter\CodeIgniter->runController(Object(App\Controllers\Laboratory\Laboratory))
 5 SYSTEMPATH\CodeIgniter.php(354): CodeIgniter\CodeIgniter->handleRequest(null, Object(Config\Cache), false)
 6 SYSTEMPATH\Boot.php(334): CodeIgniter\CodeIgniter->run()
 7 SYSTEMPATH\Boot.php(67): CodeIgniter\Boot::runCodeIgniter(Object(CodeIgniter\CodeIgniter))
 8 FCPATH\index.php(46): CodeIgniter\Boot::bootWeb(Object(Config\Paths))
CRITICAL - 2025-09-25 06:15:27 --> [Caused by] CodeIgniter\Database\Exceptions\DatabaseException: Unknown column 'patients.patient_name' in 'field list'
in SYSTEMPATH\Database\MySQLi\Connection.php on line 332.
 1 SYSTEMPATH\Database\BaseConnection.php(738): CodeIgniter\Database\MySQLi\Connection->execute('SELECT `lab_orders`.*, `patients`.`patient_name`, `patients`.`phone_number`, `patients`.`patient_id_code`, `users`.`name` as `doctor_name`
FROM `lab_orders`
JOIN `patients` ON `patients`.`id` = `lab_orders`.`patient_id`
JOIN `users` ON `users`.`id` = `lab_orders`.`ordered_by`
WHERE `lab_orders`.`id` = \'1\'')
 2 SYSTEMPATH\Database\BaseConnection.php(652): CodeIgniter\Database\BaseConnection->simpleQuery('SELECT `lab_orders`.*, `patients`.`patient_name`, `patients`.`phone_number`, `patients`.`patient_id_code`, `users`.`name` as `doctor_name`
FROM `lab_orders`
JOIN `patients` ON `patients`.`id` = `lab_orders`.`patient_id`
JOIN `users` ON `users`.`id` = `lab_orders`.`ordered_by`
WHERE `lab_orders`.`id` = \'1\'')
 3 SYSTEMPATH\Database\BaseBuilder.php(1649): CodeIgniter\Database\BaseConnection->query('SELECT `lab_orders`.*, `patients`.`patient_name`, `patients`.`phone_number`, `patients`.`patient_id_code`, `users`.`name` as `doctor_name`
FROM `lab_orders`
JOIN `patients` ON `patients`.`id` = `lab_orders`.`patient_id`
JOIN `users` ON `users`.`id` = `lab_orders`.`ordered_by`
WHERE `lab_orders`.`id` = :lab_orders.id:', [...], false)
 4 APPPATH\Controllers\Laboratory\Laboratory.php(405): CodeIgniter\Database\BaseBuilder->get()
 5 SYSTEMPATH\CodeIgniter.php(933): App\Controllers\Laboratory\Laboratory->view_report_page('1')
 6 SYSTEMPATH\CodeIgniter.php(507): CodeIgniter\CodeIgniter->runController(Object(App\Controllers\Laboratory\Laboratory))
 7 SYSTEMPATH\CodeIgniter.php(354): CodeIgniter\CodeIgniter->handleRequest(null, Object(Config\Cache), false)
 8 SYSTEMPATH\Boot.php(334): CodeIgniter\CodeIgniter->run()
 9 SYSTEMPATH\Boot.php(67): CodeIgniter\Boot::runCodeIgniter(Object(CodeIgniter\CodeIgniter))
10 FCPATH\index.php(46): CodeIgniter\Boot::bootWeb(Object(Config\Paths))
CRITICAL - 2025-09-25 06:15:27 --> [Caused by] mysqli_sql_exception: Unknown column 'patients.patient_name' in 'field list'
in SYSTEMPATH\Database\MySQLi\Connection.php on line 327.
 1 SYSTEMPATH\Database\MySQLi\Connection.php(327): mysqli->query('SELECT `lab_orders`.*, `patients`.`patient_name`, `patients`.`phone_number`, `patients`.`patient_id_code`, `users`.`name` as `doctor_name`
FROM `lab_orders`
JOIN `patients` ON `patients`.`id` = `lab_orders`.`patient_id`
JOIN `users` ON `users`.`id` = `lab_orders`.`ordered_by`
WHERE `lab_orders`.`id` = \'1\'', 0)
 2 SYSTEMPATH\Database\BaseConnection.php(738): CodeIgniter\Database\MySQLi\Connection->execute('SELECT `lab_orders`.*, `patients`.`patient_name`, `patients`.`phone_number`, `patients`.`patient_id_code`, `users`.`name` as `doctor_name`
FROM `lab_orders`
JOIN `patients` ON `patients`.`id` = `lab_orders`.`patient_id`
JOIN `users` ON `users`.`id` = `lab_orders`.`ordered_by`
WHERE `lab_orders`.`id` = \'1\'')
 3 SYSTEMPATH\Database\BaseConnection.php(652): CodeIgniter\Database\BaseConnection->simpleQuery('SELECT `lab_orders`.*, `patients`.`patient_name`, `patients`.`phone_number`, `patients`.`patient_id_code`, `users`.`name` as `doctor_name`
FROM `lab_orders`
JOIN `patients` ON `patients`.`id` = `lab_orders`.`patient_id`
JOIN `users` ON `users`.`id` = `lab_orders`.`ordered_by`
WHERE `lab_orders`.`id` = \'1\'')
 4 SYSTEMPATH\Database\BaseBuilder.php(1649): CodeIgniter\Database\BaseConnection->query('SELECT `lab_orders`.*, `patients`.`patient_name`, `patients`.`phone_number`, `patients`.`patient_id_code`, `users`.`name` as `doctor_name`
FROM `lab_orders`
JOIN `patients` ON `patients`.`id` = `lab_orders`.`patient_id`
JOIN `users` ON `users`.`id` = `lab_orders`.`ordered_by`
WHERE `lab_orders`.`id` = :lab_orders.id:', [...], false)
 5 APPPATH\Controllers\Laboratory\Laboratory.php(405): CodeIgniter\Database\BaseBuilder->get()
 6 SYSTEMPATH\CodeIgniter.php(933): App\Controllers\Laboratory\Laboratory->view_report_page('1')
 7 SYSTEMPATH\CodeIgniter.php(507): CodeIgniter\CodeIgniter->runController(Object(App\Controllers\Laboratory\Laboratory))
 8 SYSTEMPATH\CodeIgniter.php(354): CodeIgniter\CodeIgniter->handleRequest(null, Object(Config\Cache), false)
 9 SYSTEMPATH\Boot.php(334): CodeIgniter\CodeIgniter->run()
10 SYSTEMPATH\Boot.php(67): CodeIgniter\Boot::runCodeIgniter(Object(CodeIgniter\CodeIgniter))
11 FCPATH\index.php(46): CodeIgniter\Boot::bootWeb(Object(Config\Paths))
DEBUG - 2025-09-25 06:23:39 --> Session: Class initialized using 'CodeIgniter\Session\Handlers\FileHandler' driver.
DEBUG - 2025-09-25 06:24:25 --> Session: Class initialized using 'CodeIgniter\Session\Handlers\FileHandler' driver.
DEBUG - 2025-09-25 06:25:25 --> Session: Class initialized using 'CodeIgniter\Session\Handlers\FileHandler' driver.
ERROR - 2025-09-25 06:25:25 --> mysqli_sql_exception: Unknown column 'lab_tests.test_name' in 'field list' in C:\xampp\htdocs\hms_ram\system\Database\MySQLi\Connection.php:327
Stack trace:
#0 C:\xampp\htdocs\hms_ram\system\Database\MySQLi\Connection.php(327): mysqli->query('SELECT `lab_ord...', 0)
#1 C:\xampp\htdocs\hms_ram\system\Database\BaseConnection.php(738): CodeIgniter\Database\MySQLi\Connection->execute('SELECT `lab_ord...')
#2 C:\xampp\htdocs\hms_ram\system\Database\BaseConnection.php(652): CodeIgniter\Database\BaseConnection->simpleQuery('SELECT `lab_ord...')
#3 C:\xampp\htdocs\hms_ram\system\Database\BaseBuilder.php(1649): CodeIgniter\Database\BaseConnection->query('SELECT `lab_ord...', Array, false)
#4 C:\xampp\htdocs\hms_ram\app\Controllers\Laboratory\Laboratory.php(100): CodeIgniter\Database\BaseBuilder->get()
#5 C:\xampp\htdocs\hms_ram\system\CodeIgniter.php(933): App\Controllers\Laboratory\Laboratory->view_order_page('1')
#6 C:\xampp\htdocs\hms_ram\system\CodeIgniter.php(507): CodeIgniter\CodeIgniter->runController(Object(App\Controllers\Laboratory\Laboratory))
#7 C:\xampp\htdocs\hms_ram\system\CodeIgniter.php(354): CodeIgniter\CodeIgniter->handleRequest(NULL, Object(Config\Cache), false)
#8 C:\xampp\htdocs\hms_ram\system\Boot.php(334): CodeIgniter\CodeIgniter->run()
#9 C:\xampp\htdocs\hms_ram\system\Boot.php(67): CodeIgniter\Boot::runCodeIgniter(Object(CodeIgniter\CodeIgniter))
#10 C:\xampp\htdocs\hms_ram\index.php(46): CodeIgniter\Boot::bootWeb(Object(Config\Paths))
#11 {main}
CRITICAL - 2025-09-25 06:25:25 --> CodeIgniter\Database\Exceptions\DatabaseException: Unknown column 'lab_tests.test_name' in 'field list'
[Method: GET, Route: laboratory/view_order_page/1]
in SYSTEMPATH\Database\BaseConnection.php on line 692.
 1 SYSTEMPATH\Database\BaseBuilder.php(1649): CodeIgniter\Database\BaseConnection->query('SELECT `lab_order_items`.*, `lab_tests`.`test_name`, `lab_tests`.`price`
FROM `lab_order_items`
JOIN `lab_tests` ON `lab_tests`.`id` = `lab_order_items`.`test_id`
WHERE `lab_order_items`.`order_id` = :lab_order_items.order_id:', [...], false)
 2 APPPATH\Controllers\Laboratory\Laboratory.php(100): CodeIgniter\Database\BaseBuilder->get()
 3 SYSTEMPATH\CodeIgniter.php(933): App\Controllers\Laboratory\Laboratory->view_order_page('1')
 4 SYSTEMPATH\CodeIgniter.php(507): CodeIgniter\CodeIgniter->runController(Object(App\Controllers\Laboratory\Laboratory))
 5 SYSTEMPATH\CodeIgniter.php(354): CodeIgniter\CodeIgniter->handleRequest(null, Object(Config\Cache), false)
 6 SYSTEMPATH\Boot.php(334): CodeIgniter\CodeIgniter->run()
 7 SYSTEMPATH\Boot.php(67): CodeIgniter\Boot::runCodeIgniter(Object(CodeIgniter\CodeIgniter))
 8 FCPATH\index.php(46): CodeIgniter\Boot::bootWeb(Object(Config\Paths))
CRITICAL - 2025-09-25 06:25:25 --> [Caused by] CodeIgniter\Database\Exceptions\DatabaseException: Unknown column 'lab_tests.test_name' in 'field list'
in SYSTEMPATH\Database\MySQLi\Connection.php on line 332.
 1 SYSTEMPATH\Database\BaseConnection.php(738): CodeIgniter\Database\MySQLi\Connection->execute('SELECT `lab_order_items`.*, `lab_tests`.`test_name`, `lab_tests`.`price`
FROM `lab_order_items`
JOIN `lab_tests` ON `lab_tests`.`id` = `lab_order_items`.`test_id`
WHERE `lab_order_items`.`order_id` = \'1\'')
 2 SYSTEMPATH\Database\BaseConnection.php(652): CodeIgniter\Database\BaseConnection->simpleQuery('SELECT `lab_order_items`.*, `lab_tests`.`test_name`, `lab_tests`.`price`
FROM `lab_order_items`
JOIN `lab_tests` ON `lab_tests`.`id` = `lab_order_items`.`test_id`
WHERE `lab_order_items`.`order_id` = \'1\'')
 3 SYSTEMPATH\Database\BaseBuilder.php(1649): CodeIgniter\Database\BaseConnection->query('SELECT `lab_order_items`.*, `lab_tests`.`test_name`, `lab_tests`.`price`
FROM `lab_order_items`
JOIN `lab_tests` ON `lab_tests`.`id` = `lab_order_items`.`test_id`
WHERE `lab_order_items`.`order_id` = :lab_order_items.order_id:', [...], false)
 4 APPPATH\Controllers\Laboratory\Laboratory.php(100): CodeIgniter\Database\BaseBuilder->get()
 5 SYSTEMPATH\CodeIgniter.php(933): App\Controllers\Laboratory\Laboratory->view_order_page('1')
 6 SYSTEMPATH\CodeIgniter.php(507): CodeIgniter\CodeIgniter->runController(Object(App\Controllers\Laboratory\Laboratory))
 7 SYSTEMPATH\CodeIgniter.php(354): CodeIgniter\CodeIgniter->handleRequest(null, Object(Config\Cache), false)
 8 SYSTEMPATH\Boot.php(334): CodeIgniter\CodeIgniter->run()
 9 SYSTEMPATH\Boot.php(67): CodeIgniter\Boot::runCodeIgniter(Object(CodeIgniter\CodeIgniter))
10 FCPATH\index.php(46): CodeIgniter\Boot::bootWeb(Object(Config\Paths))
CRITICAL - 2025-09-25 06:25:25 --> [Caused by] mysqli_sql_exception: Unknown column 'lab_tests.test_name' in 'field list'
in SYSTEMPATH\Database\MySQLi\Connection.php on line 327.
 1 SYSTEMPATH\Database\MySQLi\Connection.php(327): mysqli->query('SELECT `lab_order_items`.*, `lab_tests`.`test_name`, `lab_tests`.`price`
FROM `lab_order_items`
JOIN `lab_tests` ON `lab_tests`.`id` = `lab_order_items`.`test_id`
WHERE `lab_order_items`.`order_id` = \'1\'', 0)
 2 SYSTEMPATH\Database\BaseConnection.php(738): CodeIgniter\Database\MySQLi\Connection->execute('SELECT `lab_order_items`.*, `lab_tests`.`test_name`, `lab_tests`.`price`
FROM `lab_order_items`
JOIN `lab_tests` ON `lab_tests`.`id` = `lab_order_items`.`test_id`
WHERE `lab_order_items`.`order_id` = \'1\'')
 3 SYSTEMPATH\Database\BaseConnection.php(652): CodeIgniter\Database\BaseConnection->simpleQuery('SELECT `lab_order_items`.*, `lab_tests`.`test_name`, `lab_tests`.`price`
FROM `lab_order_items`
JOIN `lab_tests` ON `lab_tests`.`id` = `lab_order_items`.`test_id`
WHERE `lab_order_items`.`order_id` = \'1\'')
 4 SYSTEMPATH\Database\BaseBuilder.php(1649): CodeIgniter\Database\BaseConnection->query('SELECT `lab_order_items`.*, `lab_tests`.`test_name`, `lab_tests`.`price`
FROM `lab_order_items`
JOIN `lab_tests` ON `lab_tests`.`id` = `lab_order_items`.`test_id`
WHERE `lab_order_items`.`order_id` = :lab_order_items.order_id:', [...], false)
 5 APPPATH\Controllers\Laboratory\Laboratory.php(100): CodeIgniter\Database\BaseBuilder->get()
 6 SYSTEMPATH\CodeIgniter.php(933): App\Controllers\Laboratory\Laboratory->view_order_page('1')
 7 SYSTEMPATH\CodeIgniter.php(507): CodeIgniter\CodeIgniter->runController(Object(App\Controllers\Laboratory\Laboratory))
 8 SYSTEMPATH\CodeIgniter.php(354): CodeIgniter\CodeIgniter->handleRequest(null, Object(Config\Cache), false)
 9 SYSTEMPATH\Boot.php(334): CodeIgniter\CodeIgniter->run()
10 SYSTEMPATH\Boot.php(67): CodeIgniter\Boot::runCodeIgniter(Object(CodeIgniter\CodeIgniter))
11 FCPATH\index.php(46): CodeIgniter\Boot::bootWeb(Object(Config\Paths))
DEBUG - 2025-09-25 06:27:54 --> Session: Class initialized using 'CodeIgniter\Session\Handlers\FileHandler' driver.
ERROR - 2025-09-25 06:27:54 --> mysqli_sql_exception: Unknown column 'lab_order_items.order_id' in 'where clause' in C:\xampp\htdocs\hms_ram\system\Database\MySQLi\Connection.php:327
Stack trace:
#0 C:\xampp\htdocs\hms_ram\system\Database\MySQLi\Connection.php(327): mysqli->query('SELECT `lab_ord...', 0)
#1 C:\xampp\htdocs\hms_ram\system\Database\BaseConnection.php(738): CodeIgniter\Database\MySQLi\Connection->execute('SELECT `lab_ord...')
#2 C:\xampp\htdocs\hms_ram\system\Database\BaseConnection.php(652): CodeIgniter\Database\BaseConnection->simpleQuery('SELECT `lab_ord...')
#3 C:\xampp\htdocs\hms_ram\system\Database\BaseBuilder.php(1649): CodeIgniter\Database\BaseConnection->query('SELECT `lab_ord...', Array, false)
#4 C:\xampp\htdocs\hms_ram\app\Controllers\Laboratory\Laboratory.php(101): CodeIgniter\Database\BaseBuilder->get()
#5 C:\xampp\htdocs\hms_ram\system\CodeIgniter.php(933): App\Controllers\Laboratory\Laboratory->view_order_page('1')
#6 C:\xampp\htdocs\hms_ram\system\CodeIgniter.php(507): CodeIgniter\CodeIgniter->runController(Object(App\Controllers\Laboratory\Laboratory))
#7 C:\xampp\htdocs\hms_ram\system\CodeIgniter.php(354): CodeIgniter\CodeIgniter->handleRequest(NULL, Object(Config\Cache), false)
#8 C:\xampp\htdocs\hms_ram\system\Boot.php(334): CodeIgniter\CodeIgniter->run()
#9 C:\xampp\htdocs\hms_ram\system\Boot.php(67): CodeIgniter\Boot::runCodeIgniter(Object(CodeIgniter\CodeIgniter))
#10 C:\xampp\htdocs\hms_ram\index.php(46): CodeIgniter\Boot::bootWeb(Object(Config\Paths))
#11 {main}
CRITICAL - 2025-09-25 06:27:54 --> CodeIgniter\Database\Exceptions\DatabaseException: Unknown column 'lab_order_items.order_id' in 'where clause'
[Method: GET, Route: laboratory/view_order_page/1]
in SYSTEMPATH\Database\BaseConnection.php on line 692.
 1 SYSTEMPATH\Database\BaseBuilder.php(1649): CodeIgniter\Database\BaseConnection->query('SELECT `lab_order_items`.*, `lab_tests`.`name` AS `test_name`, `lab_tests`.`price`
FROM `lab_order_items`
JOIN `lab_tests` ON `lab_tests`.`id` = `lab_order_items`.`test_id`
WHERE `lab_order_items`.`order_id` = :lab_order_items.order_id:', [...], false)
 2 APPPATH\Controllers\Laboratory\Laboratory.php(101): CodeIgniter\Database\BaseBuilder->get()
 3 SYSTEMPATH\CodeIgniter.php(933): App\Controllers\Laboratory\Laboratory->view_order_page('1')
 4 SYSTEMPATH\CodeIgniter.php(507): CodeIgniter\CodeIgniter->runController(Object(App\Controllers\Laboratory\Laboratory))
 5 SYSTEMPATH\CodeIgniter.php(354): CodeIgniter\CodeIgniter->handleRequest(null, Object(Config\Cache), false)
 6 SYSTEMPATH\Boot.php(334): CodeIgniter\CodeIgniter->run()
 7 SYSTEMPATH\Boot.php(67): CodeIgniter\Boot::runCodeIgniter(Object(CodeIgniter\CodeIgniter))
 8 FCPATH\index.php(46): CodeIgniter\Boot::bootWeb(Object(Config\Paths))
CRITICAL - 2025-09-25 06:27:54 --> [Caused by] CodeIgniter\Database\Exceptions\DatabaseException: Unknown column 'lab_order_items.order_id' in 'where clause'
in SYSTEMPATH\Database\MySQLi\Connection.php on line 332.
 1 SYSTEMPATH\Database\BaseConnection.php(738): CodeIgniter\Database\MySQLi\Connection->execute('SELECT `lab_order_items`.*, `lab_tests`.`name` AS `test_name`, `lab_tests`.`price`
FROM `lab_order_items`
JOIN `lab_tests` ON `lab_tests`.`id` = `lab_order_items`.`test_id`
WHERE `lab_order_items`.`order_id` = \'1\'')
 2 SYSTEMPATH\Database\BaseConnection.php(652): CodeIgniter\Database\BaseConnection->simpleQuery('SELECT `lab_order_items`.*, `lab_tests`.`name` AS `test_name`, `lab_tests`.`price`
FROM `lab_order_items`
JOIN `lab_tests` ON `lab_tests`.`id` = `lab_order_items`.`test_id`
WHERE `lab_order_items`.`order_id` = \'1\'')
 3 SYSTEMPATH\Database\BaseBuilder.php(1649): CodeIgniter\Database\BaseConnection->query('SELECT `lab_order_items`.*, `lab_tests`.`name` AS `test_name`, `lab_tests`.`price`
FROM `lab_order_items`
JOIN `lab_tests` ON `lab_tests`.`id` = `lab_order_items`.`test_id`
WHERE `lab_order_items`.`order_id` = :lab_order_items.order_id:', [...], false)
 4 APPPATH\Controllers\Laboratory\Laboratory.php(101): CodeIgniter\Database\BaseBuilder->get()
 5 SYSTEMPATH\CodeIgniter.php(933): App\Controllers\Laboratory\Laboratory->view_order_page('1')
 6 SYSTEMPATH\CodeIgniter.php(507): CodeIgniter\CodeIgniter->runController(Object(App\Controllers\Laboratory\Laboratory))
 7 SYSTEMPATH\CodeIgniter.php(354): CodeIgniter\CodeIgniter->handleRequest(null, Object(Config\Cache), false)
 8 SYSTEMPATH\Boot.php(334): CodeIgniter\CodeIgniter->run()
 9 SYSTEMPATH\Boot.php(67): CodeIgniter\Boot::runCodeIgniter(Object(CodeIgniter\CodeIgniter))
10 FCPATH\index.php(46): CodeIgniter\Boot::bootWeb(Object(Config\Paths))
CRITICAL - 2025-09-25 06:27:54 --> [Caused by] mysqli_sql_exception: Unknown column 'lab_order_items.order_id' in 'where clause'
in SYSTEMPATH\Database\MySQLi\Connection.php on line 327.
 1 SYSTEMPATH\Database\MySQLi\Connection.php(327): mysqli->query('SELECT `lab_order_items`.*, `lab_tests`.`name` AS `test_name`, `lab_tests`.`price`
FROM `lab_order_items`
JOIN `lab_tests` ON `lab_tests`.`id` = `lab_order_items`.`test_id`
WHERE `lab_order_items`.`order_id` = \'1\'', 0)
 2 SYSTEMPATH\Database\BaseConnection.php(738): CodeIgniter\Database\MySQLi\Connection->execute('SELECT `lab_order_items`.*, `lab_tests`.`name` AS `test_name`, `lab_tests`.`price`
FROM `lab_order_items`
JOIN `lab_tests` ON `lab_tests`.`id` = `lab_order_items`.`test_id`
WHERE `lab_order_items`.`order_id` = \'1\'')
 3 SYSTEMPATH\Database\BaseConnection.php(652): CodeIgniter\Database\BaseConnection->simpleQuery('SELECT `lab_order_items`.*, `lab_tests`.`name` AS `test_name`, `lab_tests`.`price`
FROM `lab_order_items`
JOIN `lab_tests` ON `lab_tests`.`id` = `lab_order_items`.`test_id`
WHERE `lab_order_items`.`order_id` = \'1\'')
 4 SYSTEMPATH\Database\BaseBuilder.php(1649): CodeIgniter\Database\BaseConnection->query('SELECT `lab_order_items`.*, `lab_tests`.`name` AS `test_name`, `lab_tests`.`price`
FROM `lab_order_items`
JOIN `lab_tests` ON `lab_tests`.`id` = `lab_order_items`.`test_id`
WHERE `lab_order_items`.`order_id` = :lab_order_items.order_id:', [...], false)
 5 APPPATH\Controllers\Laboratory\Laboratory.php(101): CodeIgniter\Database\BaseBuilder->get()
 6 SYSTEMPATH\CodeIgniter.php(933): App\Controllers\Laboratory\Laboratory->view_order_page('1')
 7 SYSTEMPATH\CodeIgniter.php(507): CodeIgniter\CodeIgniter->runController(Object(App\Controllers\Laboratory\Laboratory))
 8 SYSTEMPATH\CodeIgniter.php(354): CodeIgniter\CodeIgniter->handleRequest(null, Object(Config\Cache), false)
 9 SYSTEMPATH\Boot.php(334): CodeIgniter\CodeIgniter->run()
10 SYSTEMPATH\Boot.php(67): CodeIgniter\Boot::runCodeIgniter(Object(CodeIgniter\CodeIgniter))
11 FCPATH\index.php(46): CodeIgniter\Boot::bootWeb(Object(Config\Paths))
DEBUG - 2025-09-25 06:29:36 --> Session: Class initialized using 'CodeIgniter\Session\Handlers\FileHandler' driver.
ERROR - 2025-09-25 06:29:36 --> mysqli_sql_exception: Unknown column 'lab_order_items.test_id' in 'on clause' in C:\xampp\htdocs\hms_ram\system\Database\MySQLi\Connection.php:327
Stack trace:
#0 C:\xampp\htdocs\hms_ram\system\Database\MySQLi\Connection.php(327): mysqli->query('SELECT `lab_ord...', 0)
#1 C:\xampp\htdocs\hms_ram\system\Database\BaseConnection.php(738): CodeIgniter\Database\MySQLi\Connection->execute('SELECT `lab_ord...')
#2 C:\xampp\htdocs\hms_ram\system\Database\BaseConnection.php(652): CodeIgniter\Database\BaseConnection->simpleQuery('SELECT `lab_ord...')
#3 C:\xampp\htdocs\hms_ram\system\Database\BaseBuilder.php(1649): CodeIgniter\Database\BaseConnection->query('SELECT `lab_ord...', Array, false)
#4 C:\xampp\htdocs\hms_ram\app\Controllers\Laboratory\Laboratory.php(100): CodeIgniter\Database\BaseBuilder->get()
#5 C:\xampp\htdocs\hms_ram\system\CodeIgniter.php(933): App\Controllers\Laboratory\Laboratory->view_order_page('1')
#6 C:\xampp\htdocs\hms_ram\system\CodeIgniter.php(507): CodeIgniter\CodeIgniter->runController(Object(App\Controllers\Laboratory\Laboratory))
#7 C:\xampp\htdocs\hms_ram\system\CodeIgniter.php(354): CodeIgniter\CodeIgniter->handleRequest(NULL, Object(Config\Cache), false)
#8 C:\xampp\htdocs\hms_ram\system\Boot.php(334): CodeIgniter\CodeIgniter->run()
#9 C:\xampp\htdocs\hms_ram\system\Boot.php(67): CodeIgniter\Boot::runCodeIgniter(Object(CodeIgniter\CodeIgniter))
#10 C:\xampp\htdocs\hms_ram\index.php(46): CodeIgniter\Boot::bootWeb(Object(Config\Paths))
#11 {main}
CRITICAL - 2025-09-25 06:29:36 --> CodeIgniter\Database\Exceptions\DatabaseException: Unknown column 'lab_order_items.test_id' in 'on clause'
[Method: GET, Route: laboratory/view_order_page/1]
in SYSTEMPATH\Database\BaseConnection.php on line 692.
 1 SYSTEMPATH\Database\BaseBuilder.php(1649): CodeIgniter\Database\BaseConnection->query('SELECT `lab_order_items`.*, `lab_tests`.`name` AS `test_name`, `lab_tests`.`price`
FROM `lab_order_items`
JOIN `lab_tests` ON `lab_tests`.`id` = `lab_order_items`.`test_id`
WHERE `lab_order_items`.`lab_order_id` = :lab_order_items.lab_order_id:', [...], false)
 2 APPPATH\Controllers\Laboratory\Laboratory.php(100): CodeIgniter\Database\BaseBuilder->get()
 3 SYSTEMPATH\CodeIgniter.php(933): App\Controllers\Laboratory\Laboratory->view_order_page('1')
 4 SYSTEMPATH\CodeIgniter.php(507): CodeIgniter\CodeIgniter->runController(Object(App\Controllers\Laboratory\Laboratory))
 5 SYSTEMPATH\CodeIgniter.php(354): CodeIgniter\CodeIgniter->handleRequest(null, Object(Config\Cache), false)
 6 SYSTEMPATH\Boot.php(334): CodeIgniter\CodeIgniter->run()
 7 SYSTEMPATH\Boot.php(67): CodeIgniter\Boot::runCodeIgniter(Object(CodeIgniter\CodeIgniter))
 8 FCPATH\index.php(46): CodeIgniter\Boot::bootWeb(Object(Config\Paths))
CRITICAL - 2025-09-25 06:29:36 --> [Caused by] CodeIgniter\Database\Exceptions\DatabaseException: Unknown column 'lab_order_items.test_id' in 'on clause'
in SYSTEMPATH\Database\MySQLi\Connection.php on line 332.
 1 SYSTEMPATH\Database\BaseConnection.php(738): CodeIgniter\Database\MySQLi\Connection->execute('SELECT `lab_order_items`.*, `lab_tests`.`name` AS `test_name`, `lab_tests`.`price`
FROM `lab_order_items`
JOIN `lab_tests` ON `lab_tests`.`id` = `lab_order_items`.`test_id`
WHERE `lab_order_items`.`lab_order_id` = \'1\'')
 2 SYSTEMPATH\Database\BaseConnection.php(652): CodeIgniter\Database\BaseConnection->simpleQuery('SELECT `lab_order_items`.*, `lab_tests`.`name` AS `test_name`, `lab_tests`.`price`
FROM `lab_order_items`
JOIN `lab_tests` ON `lab_tests`.`id` = `lab_order_items`.`test_id`
WHERE `lab_order_items`.`lab_order_id` = \'1\'')
 3 SYSTEMPATH\Database\BaseBuilder.php(1649): CodeIgniter\Database\BaseConnection->query('SELECT `lab_order_items`.*, `lab_tests`.`name` AS `test_name`, `lab_tests`.`price`
FROM `lab_order_items`
JOIN `lab_tests` ON `lab_tests`.`id` = `lab_order_items`.`test_id`
WHERE `lab_order_items`.`lab_order_id` = :lab_order_items.lab_order_id:', [...], false)
 4 APPPATH\Controllers\Laboratory\Laboratory.php(100): CodeIgniter\Database\BaseBuilder->get()
 5 SYSTEMPATH\CodeIgniter.php(933): App\Controllers\Laboratory\Laboratory->view_order_page('1')
 6 SYSTEMPATH\CodeIgniter.php(507): CodeIgniter\CodeIgniter->runController(Object(App\Controllers\Laboratory\Laboratory))
 7 SYSTEMPATH\CodeIgniter.php(354): CodeIgniter\CodeIgniter->handleRequest(null, Object(Config\Cache), false)
 8 SYSTEMPATH\Boot.php(334): CodeIgniter\CodeIgniter->run()
 9 SYSTEMPATH\Boot.php(67): CodeIgniter\Boot::runCodeIgniter(Object(CodeIgniter\CodeIgniter))
10 FCPATH\index.php(46): CodeIgniter\Boot::bootWeb(Object(Config\Paths))
CRITICAL - 2025-09-25 06:29:36 --> [Caused by] mysqli_sql_exception: Unknown column 'lab_order_items.test_id' in 'on clause'
in SYSTEMPATH\Database\MySQLi\Connection.php on line 327.
 1 SYSTEMPATH\Database\MySQLi\Connection.php(327): mysqli->query('SELECT `lab_order_items`.*, `lab_tests`.`name` AS `test_name`, `lab_tests`.`price`
FROM `lab_order_items`
JOIN `lab_tests` ON `lab_tests`.`id` = `lab_order_items`.`test_id`
WHERE `lab_order_items`.`lab_order_id` = \'1\'', 0)
 2 SYSTEMPATH\Database\BaseConnection.php(738): CodeIgniter\Database\MySQLi\Connection->execute('SELECT `lab_order_items`.*, `lab_tests`.`name` AS `test_name`, `lab_tests`.`price`
FROM `lab_order_items`
JOIN `lab_tests` ON `lab_tests`.`id` = `lab_order_items`.`test_id`
WHERE `lab_order_items`.`lab_order_id` = \'1\'')
 3 SYSTEMPATH\Database\BaseConnection.php(652): CodeIgniter\Database\BaseConnection->simpleQuery('SELECT `lab_order_items`.*, `lab_tests`.`name` AS `test_name`, `lab_tests`.`price`
FROM `lab_order_items`
JOIN `lab_tests` ON `lab_tests`.`id` = `lab_order_items`.`test_id`
WHERE `lab_order_items`.`lab_order_id` = \'1\'')
 4 SYSTEMPATH\Database\BaseBuilder.php(1649): CodeIgniter\Database\BaseConnection->query('SELECT `lab_order_items`.*, `lab_tests`.`name` AS `test_name`, `lab_tests`.`price`
FROM `lab_order_items`
JOIN `lab_tests` ON `lab_tests`.`id` = `lab_order_items`.`test_id`
WHERE `lab_order_items`.`lab_order_id` = :lab_order_items.lab_order_id:', [...], false)
 5 APPPATH\Controllers\Laboratory\Laboratory.php(100): CodeIgniter\Database\BaseBuilder->get()
 6 SYSTEMPATH\CodeIgniter.php(933): App\Controllers\Laboratory\Laboratory->view_order_page('1')
 7 SYSTEMPATH\CodeIgniter.php(507): CodeIgniter\CodeIgniter->runController(Object(App\Controllers\Laboratory\Laboratory))
 8 SYSTEMPATH\CodeIgniter.php(354): CodeIgniter\CodeIgniter->handleRequest(null, Object(Config\Cache), false)
 9 SYSTEMPATH\Boot.php(334): CodeIgniter\CodeIgniter->run()
10 SYSTEMPATH\Boot.php(67): CodeIgniter\Boot::runCodeIgniter(Object(CodeIgniter\CodeIgniter))
11 FCPATH\index.php(46): CodeIgniter\Boot::bootWeb(Object(Config\Paths))
DEBUG - 2025-09-25 06:29:37 --> Session: Class initialized using 'CodeIgniter\Session\Handlers\FileHandler' driver.
ERROR - 2025-09-25 06:29:37 --> mysqli_sql_exception: Unknown column 'lab_order_items.test_id' in 'on clause' in C:\xampp\htdocs\hms_ram\system\Database\MySQLi\Connection.php:327
Stack trace:
#0 C:\xampp\htdocs\hms_ram\system\Database\MySQLi\Connection.php(327): mysqli->query('SELECT `lab_ord...', 0)
#1 C:\xampp\htdocs\hms_ram\system\Database\BaseConnection.php(738): CodeIgniter\Database\MySQLi\Connection->execute('SELECT `lab_ord...')
#2 C:\xampp\htdocs\hms_ram\system\Database\BaseConnection.php(652): CodeIgniter\Database\BaseConnection->simpleQuery('SELECT `lab_ord...')
#3 C:\xampp\htdocs\hms_ram\system\Database\BaseBuilder.php(1649): CodeIgniter\Database\BaseConnection->query('SELECT `lab_ord...', Array, false)
#4 C:\xampp\htdocs\hms_ram\app\Controllers\Laboratory\Laboratory.php(100): CodeIgniter\Database\BaseBuilder->get()
#5 C:\xampp\htdocs\hms_ram\system\CodeIgniter.php(933): App\Controllers\Laboratory\Laboratory->view_order_page('1')
#6 C:\xampp\htdocs\hms_ram\system\CodeIgniter.php(507): CodeIgniter\CodeIgniter->runController(Object(App\Controllers\Laboratory\Laboratory))
#7 C:\xampp\htdocs\hms_ram\system\CodeIgniter.php(354): CodeIgniter\CodeIgniter->handleRequest(NULL, Object(Config\Cache), false)
#8 C:\xampp\htdocs\hms_ram\system\Boot.php(334): CodeIgniter\CodeIgniter->run()
#9 C:\xampp\htdocs\hms_ram\system\Boot.php(67): CodeIgniter\Boot::runCodeIgniter(Object(CodeIgniter\CodeIgniter))
#10 C:\xampp\htdocs\hms_ram\index.php(46): CodeIgniter\Boot::bootWeb(Object(Config\Paths))
#11 {main}
CRITICAL - 2025-09-25 06:29:37 --> CodeIgniter\Database\Exceptions\DatabaseException: Unknown column 'lab_order_items.test_id' in 'on clause'
[Method: GET, Route: laboratory/view_order_page/1]
in SYSTEMPATH\Database\BaseConnection.php on line 692.
 1 SYSTEMPATH\Database\BaseBuilder.php(1649): CodeIgniter\Database\BaseConnection->query('SELECT `lab_order_items`.*, `lab_tests`.`name` AS `test_name`, `lab_tests`.`price`
FROM `lab_order_items`
JOIN `lab_tests` ON `lab_tests`.`id` = `lab_order_items`.`test_id`
WHERE `lab_order_items`.`lab_order_id` = :lab_order_items.lab_order_id:', [...], false)
 2 APPPATH\Controllers\Laboratory\Laboratory.php(100): CodeIgniter\Database\BaseBuilder->get()
 3 SYSTEMPATH\CodeIgniter.php(933): App\Controllers\Laboratory\Laboratory->view_order_page('1')
 4 SYSTEMPATH\CodeIgniter.php(507): CodeIgniter\CodeIgniter->runController(Object(App\Controllers\Laboratory\Laboratory))
 5 SYSTEMPATH\CodeIgniter.php(354): CodeIgniter\CodeIgniter->handleRequest(null, Object(Config\Cache), false)
 6 SYSTEMPATH\Boot.php(334): CodeIgniter\CodeIgniter->run()
 7 SYSTEMPATH\Boot.php(67): CodeIgniter\Boot::runCodeIgniter(Object(CodeIgniter\CodeIgniter))
 8 FCPATH\index.php(46): CodeIgniter\Boot::bootWeb(Object(Config\Paths))
CRITICAL - 2025-09-25 06:29:37 --> [Caused by] CodeIgniter\Database\Exceptions\DatabaseException: Unknown column 'lab_order_items.test_id' in 'on clause'
in SYSTEMPATH\Database\MySQLi\Connection.php on line 332.
 1 SYSTEMPATH\Database\BaseConnection.php(738): CodeIgniter\Database\MySQLi\Connection->execute('SELECT `lab_order_items`.*, `lab_tests`.`name` AS `test_name`, `lab_tests`.`price`
FROM `lab_order_items`
JOIN `lab_tests` ON `lab_tests`.`id` = `lab_order_items`.`test_id`
WHERE `lab_order_items`.`lab_order_id` = \'1\'')
 2 SYSTEMPATH\Database\BaseConnection.php(652): CodeIgniter\Database\BaseConnection->simpleQuery('SELECT `lab_order_items`.*, `lab_tests`.`name` AS `test_name`, `lab_tests`.`price`
FROM `lab_order_items`
JOIN `lab_tests` ON `lab_tests`.`id` = `lab_order_items`.`test_id`
WHERE `lab_order_items`.`lab_order_id` = \'1\'')
 3 SYSTEMPATH\Database\BaseBuilder.php(1649): CodeIgniter\Database\BaseConnection->query('SELECT `lab_order_items`.*, `lab_tests`.`name` AS `test_name`, `lab_tests`.`price`
FROM `lab_order_items`
JOIN `lab_tests` ON `lab_tests`.`id` = `lab_order_items`.`test_id`
WHERE `lab_order_items`.`lab_order_id` = :lab_order_items.lab_order_id:', [...], false)
 4 APPPATH\Controllers\Laboratory\Laboratory.php(100): CodeIgniter\Database\BaseBuilder->get()
 5 SYSTEMPATH\CodeIgniter.php(933): App\Controllers\Laboratory\Laboratory->view_order_page('1')
 6 SYSTEMPATH\CodeIgniter.php(507): CodeIgniter\CodeIgniter->runController(Object(App\Controllers\Laboratory\Laboratory))
 7 SYSTEMPATH\CodeIgniter.php(354): CodeIgniter\CodeIgniter->handleRequest(null, Object(Config\Cache), false)
 8 SYSTEMPATH\Boot.php(334): CodeIgniter\CodeIgniter->run()
 9 SYSTEMPATH\Boot.php(67): CodeIgniter\Boot::runCodeIgniter(Object(CodeIgniter\CodeIgniter))
10 FCPATH\index.php(46): CodeIgniter\Boot::bootWeb(Object(Config\Paths))
CRITICAL - 2025-09-25 06:29:37 --> [Caused by] mysqli_sql_exception: Unknown column 'lab_order_items.test_id' in 'on clause'
in SYSTEMPATH\Database\MySQLi\Connection.php on line 327.
 1 SYSTEMPATH\Database\MySQLi\Connection.php(327): mysqli->query('SELECT `lab_order_items`.*, `lab_tests`.`name` AS `test_name`, `lab_tests`.`price`
FROM `lab_order_items`
JOIN `lab_tests` ON `lab_tests`.`id` = `lab_order_items`.`test_id`
WHERE `lab_order_items`.`lab_order_id` = \'1\'', 0)
 2 SYSTEMPATH\Database\BaseConnection.php(738): CodeIgniter\Database\MySQLi\Connection->execute('SELECT `lab_order_items`.*, `lab_tests`.`name` AS `test_name`, `lab_tests`.`price`
FROM `lab_order_items`
JOIN `lab_tests` ON `lab_tests`.`id` = `lab_order_items`.`test_id`
WHERE `lab_order_items`.`lab_order_id` = \'1\'')
 3 SYSTEMPATH\Database\BaseConnection.php(652): CodeIgniter\Database\BaseConnection->simpleQuery('SELECT `lab_order_items`.*, `lab_tests`.`name` AS `test_name`, `lab_tests`.`price`
FROM `lab_order_items`
JOIN `lab_tests` ON `lab_tests`.`id` = `lab_order_items`.`test_id`
WHERE `lab_order_items`.`lab_order_id` = \'1\'')
 4 SYSTEMPATH\Database\BaseBuilder.php(1649): CodeIgniter\Database\BaseConnection->query('SELECT `lab_order_items`.*, `lab_tests`.`name` AS `test_name`, `lab_tests`.`price`
FROM `lab_order_items`
JOIN `lab_tests` ON `lab_tests`.`id` = `lab_order_items`.`test_id`
WHERE `lab_order_items`.`lab_order_id` = :lab_order_items.lab_order_id:', [...], false)
 5 APPPATH\Controllers\Laboratory\Laboratory.php(100): CodeIgniter\Database\BaseBuilder->get()
 6 SYSTEMPATH\CodeIgniter.php(933): App\Controllers\Laboratory\Laboratory->view_order_page('1')
 7 SYSTEMPATH\CodeIgniter.php(507): CodeIgniter\CodeIgniter->runController(Object(App\Controllers\Laboratory\Laboratory))
 8 SYSTEMPATH\CodeIgniter.php(354): CodeIgniter\CodeIgniter->handleRequest(null, Object(Config\Cache), false)
 9 SYSTEMPATH\Boot.php(334): CodeIgniter\CodeIgniter->run()
10 SYSTEMPATH\Boot.php(67): CodeIgniter\Boot::runCodeIgniter(Object(CodeIgniter\CodeIgniter))
11 FCPATH\index.php(46): CodeIgniter\Boot::bootWeb(Object(Config\Paths))
DEBUG - 2025-09-25 06:29:55 --> Session: Class initialized using 'CodeIgniter\Session\Handlers\FileHandler' driver.
ERROR - 2025-09-25 06:29:55 --> mysqli_sql_exception: Unknown column 'lab_order_items.test_id' in 'on clause' in C:\xampp\htdocs\hms_ram\system\Database\MySQLi\Connection.php:327
Stack trace:
#0 C:\xampp\htdocs\hms_ram\system\Database\MySQLi\Connection.php(327): mysqli->query('SELECT `lab_ord...', 0)
#1 C:\xampp\htdocs\hms_ram\system\Database\BaseConnection.php(738): CodeIgniter\Database\MySQLi\Connection->execute('SELECT `lab_ord...')
#2 C:\xampp\htdocs\hms_ram\system\Database\BaseConnection.php(652): CodeIgniter\Database\BaseConnection->simpleQuery('SELECT `lab_ord...')
#3 C:\xampp\htdocs\hms_ram\system\Database\BaseBuilder.php(1649): CodeIgniter\Database\BaseConnection->query('SELECT `lab_ord...', Array, false)
#4 C:\xampp\htdocs\hms_ram\app\Controllers\Laboratory\Laboratory.php(100): CodeIgniter\Database\BaseBuilder->get()
#5 C:\xampp\htdocs\hms_ram\system\CodeIgniter.php(933): App\Controllers\Laboratory\Laboratory->view_order_page('1')
#6 C:\xampp\htdocs\hms_ram\system\CodeIgniter.php(507): CodeIgniter\CodeIgniter->runController(Object(App\Controllers\Laboratory\Laboratory))
#7 C:\xampp\htdocs\hms_ram\system\CodeIgniter.php(354): CodeIgniter\CodeIgniter->handleRequest(NULL, Object(Config\Cache), false)
#8 C:\xampp\htdocs\hms_ram\system\Boot.php(334): CodeIgniter\CodeIgniter->run()
#9 C:\xampp\htdocs\hms_ram\system\Boot.php(67): CodeIgniter\Boot::runCodeIgniter(Object(CodeIgniter\CodeIgniter))
#10 C:\xampp\htdocs\hms_ram\index.php(46): CodeIgniter\Boot::bootWeb(Object(Config\Paths))
#11 {main}
CRITICAL - 2025-09-25 06:29:55 --> CodeIgniter\Database\Exceptions\DatabaseException: Unknown column 'lab_order_items.test_id' in 'on clause'
[Method: GET, Route: laboratory/view_order_page/1]
in SYSTEMPATH\Database\BaseConnection.php on line 692.
 1 SYSTEMPATH\Database\BaseBuilder.php(1649): CodeIgniter\Database\BaseConnection->query('SELECT `lab_order_items`.*, `lab_tests`.`name` AS `test_name`, `lab_tests`.`price`
FROM `lab_order_items`
JOIN `lab_tests` ON `lab_tests`.`id` = `lab_order_items`.`test_id`
WHERE `lab_order_items`.`lab_order_id` = :lab_order_items.lab_order_id:', [...], false)
 2 APPPATH\Controllers\Laboratory\Laboratory.php(100): CodeIgniter\Database\BaseBuilder->get()
 3 SYSTEMPATH\CodeIgniter.php(933): App\Controllers\Laboratory\Laboratory->view_order_page('1')
 4 SYSTEMPATH\CodeIgniter.php(507): CodeIgniter\CodeIgniter->runController(Object(App\Controllers\Laboratory\Laboratory))
 5 SYSTEMPATH\CodeIgniter.php(354): CodeIgniter\CodeIgniter->handleRequest(null, Object(Config\Cache), false)
 6 SYSTEMPATH\Boot.php(334): CodeIgniter\CodeIgniter->run()
 7 SYSTEMPATH\Boot.php(67): CodeIgniter\Boot::runCodeIgniter(Object(CodeIgniter\CodeIgniter))
 8 FCPATH\index.php(46): CodeIgniter\Boot::bootWeb(Object(Config\Paths))
CRITICAL - 2025-09-25 06:29:55 --> [Caused by] CodeIgniter\Database\Exceptions\DatabaseException: Unknown column 'lab_order_items.test_id' in 'on clause'
in SYSTEMPATH\Database\MySQLi\Connection.php on line 332.
 1 SYSTEMPATH\Database\BaseConnection.php(738): CodeIgniter\Database\MySQLi\Connection->execute('SELECT `lab_order_items`.*, `lab_tests`.`name` AS `test_name`, `lab_tests`.`price`
FROM `lab_order_items`
JOIN `lab_tests` ON `lab_tests`.`id` = `lab_order_items`.`test_id`
WHERE `lab_order_items`.`lab_order_id` = \'1\'')
 2 SYSTEMPATH\Database\BaseConnection.php(652): CodeIgniter\Database\BaseConnection->simpleQuery('SELECT `lab_order_items`.*, `lab_tests`.`name` AS `test_name`, `lab_tests`.`price`
FROM `lab_order_items`
JOIN `lab_tests` ON `lab_tests`.`id` = `lab_order_items`.`test_id`
WHERE `lab_order_items`.`lab_order_id` = \'1\'')
 3 SYSTEMPATH\Database\BaseBuilder.php(1649): CodeIgniter\Database\BaseConnection->query('SELECT `lab_order_items`.*, `lab_tests`.`name` AS `test_name`, `lab_tests`.`price`
FROM `lab_order_items`
JOIN `lab_tests` ON `lab_tests`.`id` = `lab_order_items`.`test_id`
WHERE `lab_order_items`.`lab_order_id` = :lab_order_items.lab_order_id:', [...], false)
 4 APPPATH\Controllers\Laboratory\Laboratory.php(100): CodeIgniter\Database\BaseBuilder->get()
 5 SYSTEMPATH\CodeIgniter.php(933): App\Controllers\Laboratory\Laboratory->view_order_page('1')
 6 SYSTEMPATH\CodeIgniter.php(507): CodeIgniter\CodeIgniter->runController(Object(App\Controllers\Laboratory\Laboratory))
 7 SYSTEMPATH\CodeIgniter.php(354): CodeIgniter\CodeIgniter->handleRequest(null, Object(Config\Cache), false)
 8 SYSTEMPATH\Boot.php(334): CodeIgniter\CodeIgniter->run()
 9 SYSTEMPATH\Boot.php(67): CodeIgniter\Boot::runCodeIgniter(Object(CodeIgniter\CodeIgniter))
10 FCPATH\index.php(46): CodeIgniter\Boot::bootWeb(Object(Config\Paths))
CRITICAL - 2025-09-25 06:29:55 --> [Caused by] mysqli_sql_exception: Unknown column 'lab_order_items.test_id' in 'on clause'
in SYSTEMPATH\Database\MySQLi\Connection.php on line 327.
 1 SYSTEMPATH\Database\MySQLi\Connection.php(327): mysqli->query('SELECT `lab_order_items`.*, `lab_tests`.`name` AS `test_name`, `lab_tests`.`price`
FROM `lab_order_items`
JOIN `lab_tests` ON `lab_tests`.`id` = `lab_order_items`.`test_id`
WHERE `lab_order_items`.`lab_order_id` = \'1\'', 0)
 2 SYSTEMPATH\Database\BaseConnection.php(738): CodeIgniter\Database\MySQLi\Connection->execute('SELECT `lab_order_items`.*, `lab_tests`.`name` AS `test_name`, `lab_tests`.`price`
FROM `lab_order_items`
JOIN `lab_tests` ON `lab_tests`.`id` = `lab_order_items`.`test_id`
WHERE `lab_order_items`.`lab_order_id` = \'1\'')
 3 SYSTEMPATH\Database\BaseConnection.php(652): CodeIgniter\Database\BaseConnection->simpleQuery('SELECT `lab_order_items`.*, `lab_tests`.`name` AS `test_name`, `lab_tests`.`price`
FROM `lab_order_items`
JOIN `lab_tests` ON `lab_tests`.`id` = `lab_order_items`.`test_id`
WHERE `lab_order_items`.`lab_order_id` = \'1\'')
 4 SYSTEMPATH\Database\BaseBuilder.php(1649): CodeIgniter\Database\BaseConnection->query('SELECT `lab_order_items`.*, `lab_tests`.`name` AS `test_name`, `lab_tests`.`price`
FROM `lab_order_items`
JOIN `lab_tests` ON `lab_tests`.`id` = `lab_order_items`.`test_id`
WHERE `lab_order_items`.`lab_order_id` = :lab_order_items.lab_order_id:', [...], false)
 5 APPPATH\Controllers\Laboratory\Laboratory.php(100): CodeIgniter\Database\BaseBuilder->get()
 6 SYSTEMPATH\CodeIgniter.php(933): App\Controllers\Laboratory\Laboratory->view_order_page('1')
 7 SYSTEMPATH\CodeIgniter.php(507): CodeIgniter\CodeIgniter->runController(Object(App\Controllers\Laboratory\Laboratory))
 8 SYSTEMPATH\CodeIgniter.php(354): CodeIgniter\CodeIgniter->handleRequest(null, Object(Config\Cache), false)
 9 SYSTEMPATH\Boot.php(334): CodeIgniter\CodeIgniter->run()
10 SYSTEMPATH\Boot.php(67): CodeIgniter\Boot::runCodeIgniter(Object(CodeIgniter\CodeIgniter))
11 FCPATH\index.php(46): CodeIgniter\Boot::bootWeb(Object(Config\Paths))
DEBUG - 2025-09-25 06:29:55 --> Session: Class initialized using 'CodeIgniter\Session\Handlers\FileHandler' driver.
ERROR - 2025-09-25 06:29:55 --> mysqli_sql_exception: Unknown column 'lab_order_items.test_id' in 'on clause' in C:\xampp\htdocs\hms_ram\system\Database\MySQLi\Connection.php:327
Stack trace:
#0 C:\xampp\htdocs\hms_ram\system\Database\MySQLi\Connection.php(327): mysqli->query('SELECT `lab_ord...', 0)
#1 C:\xampp\htdocs\hms_ram\system\Database\BaseConnection.php(738): CodeIgniter\Database\MySQLi\Connection->execute('SELECT `lab_ord...')
#2 C:\xampp\htdocs\hms_ram\system\Database\BaseConnection.php(652): CodeIgniter\Database\BaseConnection->simpleQuery('SELECT `lab_ord...')
#3 C:\xampp\htdocs\hms_ram\system\Database\BaseBuilder.php(1649): CodeIgniter\Database\BaseConnection->query('SELECT `lab_ord...', Array, false)
#4 C:\xampp\htdocs\hms_ram\app\Controllers\Laboratory\Laboratory.php(100): CodeIgniter\Database\BaseBuilder->get()
#5 C:\xampp\htdocs\hms_ram\system\CodeIgniter.php(933): App\Controllers\Laboratory\Laboratory->view_order_page('1')
#6 C:\xampp\htdocs\hms_ram\system\CodeIgniter.php(507): CodeIgniter\CodeIgniter->runController(Object(App\Controllers\Laboratory\Laboratory))
#7 C:\xampp\htdocs\hms_ram\system\CodeIgniter.php(354): CodeIgniter\CodeIgniter->handleRequest(NULL, Object(Config\Cache), false)
#8 C:\xampp\htdocs\hms_ram\system\Boot.php(334): CodeIgniter\CodeIgniter->run()
#9 C:\xampp\htdocs\hms_ram\system\Boot.php(67): CodeIgniter\Boot::runCodeIgniter(Object(CodeIgniter\CodeIgniter))
#10 C:\xampp\htdocs\hms_ram\index.php(46): CodeIgniter\Boot::bootWeb(Object(Config\Paths))
#11 {main}
CRITICAL - 2025-09-25 06:29:55 --> CodeIgniter\Database\Exceptions\DatabaseException: Unknown column 'lab_order_items.test_id' in 'on clause'
[Method: GET, Route: laboratory/view_order_page/1]
in SYSTEMPATH\Database\BaseConnection.php on line 692.
 1 SYSTEMPATH\Database\BaseBuilder.php(1649): CodeIgniter\Database\BaseConnection->query('SELECT `lab_order_items`.*, `lab_tests`.`name` AS `test_name`, `lab_tests`.`price`
FROM `lab_order_items`
JOIN `lab_tests` ON `lab_tests`.`id` = `lab_order_items`.`test_id`
WHERE `lab_order_items`.`lab_order_id` = :lab_order_items.lab_order_id:', [...], false)
 2 APPPATH\Controllers\Laboratory\Laboratory.php(100): CodeIgniter\Database\BaseBuilder->get()
 3 SYSTEMPATH\CodeIgniter.php(933): App\Controllers\Laboratory\Laboratory->view_order_page('1')
 4 SYSTEMPATH\CodeIgniter.php(507): CodeIgniter\CodeIgniter->runController(Object(App\Controllers\Laboratory\Laboratory))
 5 SYSTEMPATH\CodeIgniter.php(354): CodeIgniter\CodeIgniter->handleRequest(null, Object(Config\Cache), false)
 6 SYSTEMPATH\Boot.php(334): CodeIgniter\CodeIgniter->run()
 7 SYSTEMPATH\Boot.php(67): CodeIgniter\Boot::runCodeIgniter(Object(CodeIgniter\CodeIgniter))
 8 FCPATH\index.php(46): CodeIgniter\Boot::bootWeb(Object(Config\Paths))
CRITICAL - 2025-09-25 06:29:55 --> [Caused by] CodeIgniter\Database\Exceptions\DatabaseException: Unknown column 'lab_order_items.test_id' in 'on clause'
in SYSTEMPATH\Database\MySQLi\Connection.php on line 332.
 1 SYSTEMPATH\Database\BaseConnection.php(738): CodeIgniter\Database\MySQLi\Connection->execute('SELECT `lab_order_items`.*, `lab_tests`.`name` AS `test_name`, `lab_tests`.`price`
FROM `lab_order_items`
JOIN `lab_tests` ON `lab_tests`.`id` = `lab_order_items`.`test_id`
WHERE `lab_order_items`.`lab_order_id` = \'1\'')
 2 SYSTEMPATH\Database\BaseConnection.php(652): CodeIgniter\Database\BaseConnection->simpleQuery('SELECT `lab_order_items`.*, `lab_tests`.`name` AS `test_name`, `lab_tests`.`price`
FROM `lab_order_items`
JOIN `lab_tests` ON `lab_tests`.`id` = `lab_order_items`.`test_id`
WHERE `lab_order_items`.`lab_order_id` = \'1\'')
 3 SYSTEMPATH\Database\BaseBuilder.php(1649): CodeIgniter\Database\BaseConnection->query('SELECT `lab_order_items`.*, `lab_tests`.`name` AS `test_name`, `lab_tests`.`price`
FROM `lab_order_items`
JOIN `lab_tests` ON `lab_tests`.`id` = `lab_order_items`.`test_id`
WHERE `lab_order_items`.`lab_order_id` = :lab_order_items.lab_order_id:', [...], false)
 4 APPPATH\Controllers\Laboratory\Laboratory.php(100): CodeIgniter\Database\BaseBuilder->get()
 5 SYSTEMPATH\CodeIgniter.php(933): App\Controllers\Laboratory\Laboratory->view_order_page('1')
 6 SYSTEMPATH\CodeIgniter.php(507): CodeIgniter\CodeIgniter->runController(Object(App\Controllers\Laboratory\Laboratory))
 7 SYSTEMPATH\CodeIgniter.php(354): CodeIgniter\CodeIgniter->handleRequest(null, Object(Config\Cache), false)
 8 SYSTEMPATH\Boot.php(334): CodeIgniter\CodeIgniter->run()
 9 SYSTEMPATH\Boot.php(67): CodeIgniter\Boot::runCodeIgniter(Object(CodeIgniter\CodeIgniter))
10 FCPATH\index.php(46): CodeIgniter\Boot::bootWeb(Object(Config\Paths))
CRITICAL - 2025-09-25 06:29:55 --> [Caused by] mysqli_sql_exception: Unknown column 'lab_order_items.test_id' in 'on clause'
in SYSTEMPATH\Database\MySQLi\Connection.php on line 327.
 1 SYSTEMPATH\Database\MySQLi\Connection.php(327): mysqli->query('SELECT `lab_order_items`.*, `lab_tests`.`name` AS `test_name`, `lab_tests`.`price`
FROM `lab_order_items`
JOIN `lab_tests` ON `lab_tests`.`id` = `lab_order_items`.`test_id`
WHERE `lab_order_items`.`lab_order_id` = \'1\'', 0)
 2 SYSTEMPATH\Database\BaseConnection.php(738): CodeIgniter\Database\MySQLi\Connection->execute('SELECT `lab_order_items`.*, `lab_tests`.`name` AS `test_name`, `lab_tests`.`price`
FROM `lab_order_items`
JOIN `lab_tests` ON `lab_tests`.`id` = `lab_order_items`.`test_id`
WHERE `lab_order_items`.`lab_order_id` = \'1\'')
 3 SYSTEMPATH\Database\BaseConnection.php(652): CodeIgniter\Database\BaseConnection->simpleQuery('SELECT `lab_order_items`.*, `lab_tests`.`name` AS `test_name`, `lab_tests`.`price`
FROM `lab_order_items`
JOIN `lab_tests` ON `lab_tests`.`id` = `lab_order_items`.`test_id`
WHERE `lab_order_items`.`lab_order_id` = \'1\'')
 4 SYSTEMPATH\Database\BaseBuilder.php(1649): CodeIgniter\Database\BaseConnection->query('SELECT `lab_order_items`.*, `lab_tests`.`name` AS `test_name`, `lab_tests`.`price`
FROM `lab_order_items`
JOIN `lab_tests` ON `lab_tests`.`id` = `lab_order_items`.`test_id`
WHERE `lab_order_items`.`lab_order_id` = :lab_order_items.lab_order_id:', [...], false)
 5 APPPATH\Controllers\Laboratory\Laboratory.php(100): CodeIgniter\Database\BaseBuilder->get()
 6 SYSTEMPATH\CodeIgniter.php(933): App\Controllers\Laboratory\Laboratory->view_order_page('1')
 7 SYSTEMPATH\CodeIgniter.php(507): CodeIgniter\CodeIgniter->runController(Object(App\Controllers\Laboratory\Laboratory))
 8 SYSTEMPATH\CodeIgniter.php(354): CodeIgniter\CodeIgniter->handleRequest(null, Object(Config\Cache), false)
 9 SYSTEMPATH\Boot.php(334): CodeIgniter\CodeIgniter->run()
10 SYSTEMPATH\Boot.php(67): CodeIgniter\Boot::runCodeIgniter(Object(CodeIgniter\CodeIgniter))
11 FCPATH\index.php(46): CodeIgniter\Boot::bootWeb(Object(Config\Paths))
DEBUG - 2025-09-25 06:29:56 --> Session: Class initialized using 'CodeIgniter\Session\Handlers\FileHandler' driver.
ERROR - 2025-09-25 06:29:56 --> mysqli_sql_exception: Unknown column 'lab_order_items.test_id' in 'on clause' in C:\xampp\htdocs\hms_ram\system\Database\MySQLi\Connection.php:327
Stack trace:
#0 C:\xampp\htdocs\hms_ram\system\Database\MySQLi\Connection.php(327): mysqli->query('SELECT `lab_ord...', 0)
#1 C:\xampp\htdocs\hms_ram\system\Database\BaseConnection.php(738): CodeIgniter\Database\MySQLi\Connection->execute('SELECT `lab_ord...')
#2 C:\xampp\htdocs\hms_ram\system\Database\BaseConnection.php(652): CodeIgniter\Database\BaseConnection->simpleQuery('SELECT `lab_ord...')
#3 C:\xampp\htdocs\hms_ram\system\Database\BaseBuilder.php(1649): CodeIgniter\Database\BaseConnection->query('SELECT `lab_ord...', Array, false)
#4 C:\xampp\htdocs\hms_ram\app\Controllers\Laboratory\Laboratory.php(100): CodeIgniter\Database\BaseBuilder->get()
#5 C:\xampp\htdocs\hms_ram\system\CodeIgniter.php(933): App\Controllers\Laboratory\Laboratory->view_order_page('1')
#6 C:\xampp\htdocs\hms_ram\system\CodeIgniter.php(507): CodeIgniter\CodeIgniter->runController(Object(App\Controllers\Laboratory\Laboratory))
#7 C:\xampp\htdocs\hms_ram\system\CodeIgniter.php(354): CodeIgniter\CodeIgniter->handleRequest(NULL, Object(Config\Cache), false)
#8 C:\xampp\htdocs\hms_ram\system\Boot.php(334): CodeIgniter\CodeIgniter->run()
#9 C:\xampp\htdocs\hms_ram\system\Boot.php(67): CodeIgniter\Boot::runCodeIgniter(Object(CodeIgniter\CodeIgniter))
#10 C:\xampp\htdocs\hms_ram\index.php(46): CodeIgniter\Boot::bootWeb(Object(Config\Paths))
#11 {main}
CRITICAL - 2025-09-25 06:29:56 --> CodeIgniter\Database\Exceptions\DatabaseException: Unknown column 'lab_order_items.test_id' in 'on clause'
[Method: GET, Route: laboratory/view_order_page/1]
in SYSTEMPATH\Database\BaseConnection.php on line 692.
 1 SYSTEMPATH\Database\BaseBuilder.php(1649): CodeIgniter\Database\BaseConnection->query('SELECT `lab_order_items`.*, `lab_tests`.`name` AS `test_name`, `lab_tests`.`price`
FROM `lab_order_items`
JOIN `lab_tests` ON `lab_tests`.`id` = `lab_order_items`.`test_id`
WHERE `lab_order_items`.`lab_order_id` = :lab_order_items.lab_order_id:', [...], false)
 2 APPPATH\Controllers\Laboratory\Laboratory.php(100): CodeIgniter\Database\BaseBuilder->get()
 3 SYSTEMPATH\CodeIgniter.php(933): App\Controllers\Laboratory\Laboratory->view_order_page('1')
 4 SYSTEMPATH\CodeIgniter.php(507): CodeIgniter\CodeIgniter->runController(Object(App\Controllers\Laboratory\Laboratory))
 5 SYSTEMPATH\CodeIgniter.php(354): CodeIgniter\CodeIgniter->handleRequest(null, Object(Config\Cache), false)
 6 SYSTEMPATH\Boot.php(334): CodeIgniter\CodeIgniter->run()
 7 SYSTEMPATH\Boot.php(67): CodeIgniter\Boot::runCodeIgniter(Object(CodeIgniter\CodeIgniter))
 8 FCPATH\index.php(46): CodeIgniter\Boot::bootWeb(Object(Config\Paths))
CRITICAL - 2025-09-25 06:29:56 --> [Caused by] CodeIgniter\Database\Exceptions\DatabaseException: Unknown column 'lab_order_items.test_id' in 'on clause'
in SYSTEMPATH\Database\MySQLi\Connection.php on line 332.
 1 SYSTEMPATH\Database\BaseConnection.php(738): CodeIgniter\Database\MySQLi\Connection->execute('SELECT `lab_order_items`.*, `lab_tests`.`name` AS `test_name`, `lab_tests`.`price`
FROM `lab_order_items`
JOIN `lab_tests` ON `lab_tests`.`id` = `lab_order_items`.`test_id`
WHERE `lab_order_items`.`lab_order_id` = \'1\'')
 2 SYSTEMPATH\Database\BaseConnection.php(652): CodeIgniter\Database\BaseConnection->simpleQuery('SELECT `lab_order_items`.*, `lab_tests`.`name` AS `test_name`, `lab_tests`.`price`
FROM `lab_order_items`
JOIN `lab_tests` ON `lab_tests`.`id` = `lab_order_items`.`test_id`
WHERE `lab_order_items`.`lab_order_id` = \'1\'')
 3 SYSTEMPATH\Database\BaseBuilder.php(1649): CodeIgniter\Database\BaseConnection->query('SELECT `lab_order_items`.*, `lab_tests`.`name` AS `test_name`, `lab_tests`.`price`
FROM `lab_order_items`
JOIN `lab_tests` ON `lab_tests`.`id` = `lab_order_items`.`test_id`
WHERE `lab_order_items`.`lab_order_id` = :lab_order_items.lab_order_id:', [...], false)
 4 APPPATH\Controllers\Laboratory\Laboratory.php(100): CodeIgniter\Database\BaseBuilder->get()
 5 SYSTEMPATH\CodeIgniter.php(933): App\Controllers\Laboratory\Laboratory->view_order_page('1')
 6 SYSTEMPATH\CodeIgniter.php(507): CodeIgniter\CodeIgniter->runController(Object(App\Controllers\Laboratory\Laboratory))
 7 SYSTEMPATH\CodeIgniter.php(354): CodeIgniter\CodeIgniter->handleRequest(null, Object(Config\Cache), false)
 8 SYSTEMPATH\Boot.php(334): CodeIgniter\CodeIgniter->run()
 9 SYSTEMPATH\Boot.php(67): CodeIgniter\Boot::runCodeIgniter(Object(CodeIgniter\CodeIgniter))
10 FCPATH\index.php(46): CodeIgniter\Boot::bootWeb(Object(Config\Paths))
CRITICAL - 2025-09-25 06:29:56 --> [Caused by] mysqli_sql_exception: Unknown column 'lab_order_items.test_id' in 'on clause'
in SYSTEMPATH\Database\MySQLi\Connection.php on line 327.
 1 SYSTEMPATH\Database\MySQLi\Connection.php(327): mysqli->query('SELECT `lab_order_items`.*, `lab_tests`.`name` AS `test_name`, `lab_tests`.`price`
FROM `lab_order_items`
JOIN `lab_tests` ON `lab_tests`.`id` = `lab_order_items`.`test_id`
WHERE `lab_order_items`.`lab_order_id` = \'1\'', 0)
 2 SYSTEMPATH\Database\BaseConnection.php(738): CodeIgniter\Database\MySQLi\Connection->execute('SELECT `lab_order_items`.*, `lab_tests`.`name` AS `test_name`, `lab_tests`.`price`
FROM `lab_order_items`
JOIN `lab_tests` ON `lab_tests`.`id` = `lab_order_items`.`test_id`
WHERE `lab_order_items`.`lab_order_id` = \'1\'')
 3 SYSTEMPATH\Database\BaseConnection.php(652): CodeIgniter\Database\BaseConnection->simpleQuery('SELECT `lab_order_items`.*, `lab_tests`.`name` AS `test_name`, `lab_tests`.`price`
FROM `lab_order_items`
JOIN `lab_tests` ON `lab_tests`.`id` = `lab_order_items`.`test_id`
WHERE `lab_order_items`.`lab_order_id` = \'1\'')
 4 SYSTEMPATH\Database\BaseBuilder.php(1649): CodeIgniter\Database\BaseConnection->query('SELECT `lab_order_items`.*, `lab_tests`.`name` AS `test_name`, `lab_tests`.`price`
FROM `lab_order_items`
JOIN `lab_tests` ON `lab_tests`.`id` = `lab_order_items`.`test_id`
WHERE `lab_order_items`.`lab_order_id` = :lab_order_items.lab_order_id:', [...], false)
 5 APPPATH\Controllers\Laboratory\Laboratory.php(100): CodeIgniter\Database\BaseBuilder->get()
 6 SYSTEMPATH\CodeIgniter.php(933): App\Controllers\Laboratory\Laboratory->view_order_page('1')
 7 SYSTEMPATH\CodeIgniter.php(507): CodeIgniter\CodeIgniter->runController(Object(App\Controllers\Laboratory\Laboratory))
 8 SYSTEMPATH\CodeIgniter.php(354): CodeIgniter\CodeIgniter->handleRequest(null, Object(Config\Cache), false)
 9 SYSTEMPATH\Boot.php(334): CodeIgniter\CodeIgniter->run()
10 SYSTEMPATH\Boot.php(67): CodeIgniter\Boot::runCodeIgniter(Object(CodeIgniter\CodeIgniter))
11 FCPATH\index.php(46): CodeIgniter\Boot::bootWeb(Object(Config\Paths))
DEBUG - 2025-09-25 06:30:51 --> Session: Class initialized using 'CodeIgniter\Session\Handlers\FileHandler' driver.
ERROR - 2025-09-25 06:30:51 --> mysqli_sql_exception: Unknown column 'lab_order_items.test_id' in 'on clause' in C:\xampp\htdocs\hms_ram\system\Database\MySQLi\Connection.php:327
Stack trace:
#0 C:\xampp\htdocs\hms_ram\system\Database\MySQLi\Connection.php(327): mysqli->query('SELECT `lab_ord...', 0)
#1 C:\xampp\htdocs\hms_ram\system\Database\BaseConnection.php(738): CodeIgniter\Database\MySQLi\Connection->execute('SELECT `lab_ord...')
#2 C:\xampp\htdocs\hms_ram\system\Database\BaseConnection.php(652): CodeIgniter\Database\BaseConnection->simpleQuery('SELECT `lab_ord...')
#3 C:\xampp\htdocs\hms_ram\system\Database\BaseBuilder.php(1649): CodeIgniter\Database\BaseConnection->query('SELECT `lab_ord...', Array, false)
#4 C:\xampp\htdocs\hms_ram\app\Controllers\Laboratory\Laboratory.php(100): CodeIgniter\Database\BaseBuilder->get()
#5 C:\xampp\htdocs\hms_ram\system\CodeIgniter.php(933): App\Controllers\Laboratory\Laboratory->view_order_page('1')
#6 C:\xampp\htdocs\hms_ram\system\CodeIgniter.php(507): CodeIgniter\CodeIgniter->runController(Object(App\Controllers\Laboratory\Laboratory))
#7 C:\xampp\htdocs\hms_ram\system\CodeIgniter.php(354): CodeIgniter\CodeIgniter->handleRequest(NULL, Object(Config\Cache), false)
#8 C:\xampp\htdocs\hms_ram\system\Boot.php(334): CodeIgniter\CodeIgniter->run()
#9 C:\xampp\htdocs\hms_ram\system\Boot.php(67): CodeIgniter\Boot::runCodeIgniter(Object(CodeIgniter\CodeIgniter))
#10 C:\xampp\htdocs\hms_ram\index.php(46): CodeIgniter\Boot::bootWeb(Object(Config\Paths))
#11 {main}
CRITICAL - 2025-09-25 06:30:51 --> CodeIgniter\Database\Exceptions\DatabaseException: Unknown column 'lab_order_items.test_id' in 'on clause'
[Method: GET, Route: laboratory/view_order_page/1]
in SYSTEMPATH\Database\BaseConnection.php on line 692.
 1 SYSTEMPATH\Database\BaseBuilder.php(1649): CodeIgniter\Database\BaseConnection->query('SELECT `lab_order_items`.*, `lab_tests`.`name` AS `test_name`, `lab_tests`.`price`
FROM `lab_order_items`
JOIN `lab_tests` ON `lab_tests`.`id` = `lab_order_items`.`test_id`
WHERE `lab_order_items`.`lab_order_id` = :lab_order_items.lab_order_id:', [...], false)
 2 APPPATH\Controllers\Laboratory\Laboratory.php(100): CodeIgniter\Database\BaseBuilder->get()
 3 SYSTEMPATH\CodeIgniter.php(933): App\Controllers\Laboratory\Laboratory->view_order_page('1')
 4 SYSTEMPATH\CodeIgniter.php(507): CodeIgniter\CodeIgniter->runController(Object(App\Controllers\Laboratory\Laboratory))
 5 SYSTEMPATH\CodeIgniter.php(354): CodeIgniter\CodeIgniter->handleRequest(null, Object(Config\Cache), false)
 6 SYSTEMPATH\Boot.php(334): CodeIgniter\CodeIgniter->run()
 7 SYSTEMPATH\Boot.php(67): CodeIgniter\Boot::runCodeIgniter(Object(CodeIgniter\CodeIgniter))
 8 FCPATH\index.php(46): CodeIgniter\Boot::bootWeb(Object(Config\Paths))
CRITICAL - 2025-09-25 06:30:51 --> [Caused by] CodeIgniter\Database\Exceptions\DatabaseException: Unknown column 'lab_order_items.test_id' in 'on clause'
in SYSTEMPATH\Database\MySQLi\Connection.php on line 332.
 1 SYSTEMPATH\Database\BaseConnection.php(738): CodeIgniter\Database\MySQLi\Connection->execute('SELECT `lab_order_items`.*, `lab_tests`.`name` AS `test_name`, `lab_tests`.`price`
FROM `lab_order_items`
JOIN `lab_tests` ON `lab_tests`.`id` = `lab_order_items`.`test_id`
WHERE `lab_order_items`.`lab_order_id` = \'1\'')
 2 SYSTEMPATH\Database\BaseConnection.php(652): CodeIgniter\Database\BaseConnection->simpleQuery('SELECT `lab_order_items`.*, `lab_tests`.`name` AS `test_name`, `lab_tests`.`price`
FROM `lab_order_items`
JOIN `lab_tests` ON `lab_tests`.`id` = `lab_order_items`.`test_id`
WHERE `lab_order_items`.`lab_order_id` = \'1\'')
 3 SYSTEMPATH\Database\BaseBuilder.php(1649): CodeIgniter\Database\BaseConnection->query('SELECT `lab_order_items`.*, `lab_tests`.`name` AS `test_name`, `lab_tests`.`price`
FROM `lab_order_items`
JOIN `lab_tests` ON `lab_tests`.`id` = `lab_order_items`.`test_id`
WHERE `lab_order_items`.`lab_order_id` = :lab_order_items.lab_order_id:', [...], false)
 4 APPPATH\Controllers\Laboratory\Laboratory.php(100): CodeIgniter\Database\BaseBuilder->get()
 5 SYSTEMPATH\CodeIgniter.php(933): App\Controllers\Laboratory\Laboratory->view_order_page('1')
 6 SYSTEMPATH\CodeIgniter.php(507): CodeIgniter\CodeIgniter->runController(Object(App\Controllers\Laboratory\Laboratory))
 7 SYSTEMPATH\CodeIgniter.php(354): CodeIgniter\CodeIgniter->handleRequest(null, Object(Config\Cache), false)
 8 SYSTEMPATH\Boot.php(334): CodeIgniter\CodeIgniter->run()
 9 SYSTEMPATH\Boot.php(67): CodeIgniter\Boot::runCodeIgniter(Object(CodeIgniter\CodeIgniter))
10 FCPATH\index.php(46): CodeIgniter\Boot::bootWeb(Object(Config\Paths))
CRITICAL - 2025-09-25 06:30:51 --> [Caused by] mysqli_sql_exception: Unknown column 'lab_order_items.test_id' in 'on clause'
in SYSTEMPATH\Database\MySQLi\Connection.php on line 327.
 1 SYSTEMPATH\Database\MySQLi\Connection.php(327): mysqli->query('SELECT `lab_order_items`.*, `lab_tests`.`name` AS `test_name`, `lab_tests`.`price`
FROM `lab_order_items`
JOIN `lab_tests` ON `lab_tests`.`id` = `lab_order_items`.`test_id`
WHERE `lab_order_items`.`lab_order_id` = \'1\'', 0)
 2 SYSTEMPATH\Database\BaseConnection.php(738): CodeIgniter\Database\MySQLi\Connection->execute('SELECT `lab_order_items`.*, `lab_tests`.`name` AS `test_name`, `lab_tests`.`price`
FROM `lab_order_items`
JOIN `lab_tests` ON `lab_tests`.`id` = `lab_order_items`.`test_id`
WHERE `lab_order_items`.`lab_order_id` = \'1\'')
 3 SYSTEMPATH\Database\BaseConnection.php(652): CodeIgniter\Database\BaseConnection->simpleQuery('SELECT `lab_order_items`.*, `lab_tests`.`name` AS `test_name`, `lab_tests`.`price`
FROM `lab_order_items`
JOIN `lab_tests` ON `lab_tests`.`id` = `lab_order_items`.`test_id`
WHERE `lab_order_items`.`lab_order_id` = \'1\'')
 4 SYSTEMPATH\Database\BaseBuilder.php(1649): CodeIgniter\Database\BaseConnection->query('SELECT `lab_order_items`.*, `lab_tests`.`name` AS `test_name`, `lab_tests`.`price`
FROM `lab_order_items`
JOIN `lab_tests` ON `lab_tests`.`id` = `lab_order_items`.`test_id`
WHERE `lab_order_items`.`lab_order_id` = :lab_order_items.lab_order_id:', [...], false)
 5 APPPATH\Controllers\Laboratory\Laboratory.php(100): CodeIgniter\Database\BaseBuilder->get()
 6 SYSTEMPATH\CodeIgniter.php(933): App\Controllers\Laboratory\Laboratory->view_order_page('1')
 7 SYSTEMPATH\CodeIgniter.php(507): CodeIgniter\CodeIgniter->runController(Object(App\Controllers\Laboratory\Laboratory))
 8 SYSTEMPATH\CodeIgniter.php(354): CodeIgniter\CodeIgniter->handleRequest(null, Object(Config\Cache), false)
 9 SYSTEMPATH\Boot.php(334): CodeIgniter\CodeIgniter->run()
10 SYSTEMPATH\Boot.php(67): CodeIgniter\Boot::runCodeIgniter(Object(CodeIgniter\CodeIgniter))
11 FCPATH\index.php(46): CodeIgniter\Boot::bootWeb(Object(Config\Paths))
DEBUG - 2025-09-25 06:30:52 --> Session: Class initialized using 'CodeIgniter\Session\Handlers\FileHandler' driver.
DEBUG - 2025-09-25 06:30:55 --> Session: Class initialized using 'CodeIgniter\Session\Handlers\FileHandler' driver.
ERROR - 2025-09-25 06:30:55 --> mysqli_sql_exception: Unknown column 'lab_order_items.test_id' in 'on clause' in C:\xampp\htdocs\hms_ram\system\Database\MySQLi\Connection.php:327
Stack trace:
#0 C:\xampp\htdocs\hms_ram\system\Database\MySQLi\Connection.php(327): mysqli->query('SELECT `lab_ord...', 0)
#1 C:\xampp\htdocs\hms_ram\system\Database\BaseConnection.php(738): CodeIgniter\Database\MySQLi\Connection->execute('SELECT `lab_ord...')
#2 C:\xampp\htdocs\hms_ram\system\Database\BaseConnection.php(652): CodeIgniter\Database\BaseConnection->simpleQuery('SELECT `lab_ord...')
#3 C:\xampp\htdocs\hms_ram\system\Database\BaseBuilder.php(1649): CodeIgniter\Database\BaseConnection->query('SELECT `lab_ord...', Array, false)
#4 C:\xampp\htdocs\hms_ram\app\Controllers\Laboratory\Laboratory.php(100): CodeIgniter\Database\BaseBuilder->get()
#5 C:\xampp\htdocs\hms_ram\system\CodeIgniter.php(933): App\Controllers\Laboratory\Laboratory->view_order_page('1')
#6 C:\xampp\htdocs\hms_ram\system\CodeIgniter.php(507): CodeIgniter\CodeIgniter->runController(Object(App\Controllers\Laboratory\Laboratory))
#7 C:\xampp\htdocs\hms_ram\system\CodeIgniter.php(354): CodeIgniter\CodeIgniter->handleRequest(NULL, Object(Config\Cache), false)
#8 C:\xampp\htdocs\hms_ram\system\Boot.php(334): CodeIgniter\CodeIgniter->run()
#9 C:\xampp\htdocs\hms_ram\system\Boot.php(67): CodeIgniter\Boot::runCodeIgniter(Object(CodeIgniter\CodeIgniter))
#10 C:\xampp\htdocs\hms_ram\index.php(46): CodeIgniter\Boot::bootWeb(Object(Config\Paths))
#11 {main}
CRITICAL - 2025-09-25 06:30:55 --> CodeIgniter\Database\Exceptions\DatabaseException: Unknown column 'lab_order_items.test_id' in 'on clause'
[Method: GET, Route: laboratory/view_order_page/1]
in SYSTEMPATH\Database\BaseConnection.php on line 692.
 1 SYSTEMPATH\Database\BaseBuilder.php(1649): CodeIgniter\Database\BaseConnection->query('SELECT `lab_order_items`.*, `lab_tests`.`name` AS `test_name`, `lab_tests`.`price`
FROM `lab_order_items`
JOIN `lab_tests` ON `lab_tests`.`id` = `lab_order_items`.`test_id`
WHERE `lab_order_items`.`lab_order_id` = :lab_order_items.lab_order_id:', [...], false)
 2 APPPATH\Controllers\Laboratory\Laboratory.php(100): CodeIgniter\Database\BaseBuilder->get()
 3 SYSTEMPATH\CodeIgniter.php(933): App\Controllers\Laboratory\Laboratory->view_order_page('1')
 4 SYSTEMPATH\CodeIgniter.php(507): CodeIgniter\CodeIgniter->runController(Object(App\Controllers\Laboratory\Laboratory))
 5 SYSTEMPATH\CodeIgniter.php(354): CodeIgniter\CodeIgniter->handleRequest(null, Object(Config\Cache), false)
 6 SYSTEMPATH\Boot.php(334): CodeIgniter\CodeIgniter->run()
 7 SYSTEMPATH\Boot.php(67): CodeIgniter\Boot::runCodeIgniter(Object(CodeIgniter\CodeIgniter))
 8 FCPATH\index.php(46): CodeIgniter\Boot::bootWeb(Object(Config\Paths))
CRITICAL - 2025-09-25 06:30:55 --> [Caused by] CodeIgniter\Database\Exceptions\DatabaseException: Unknown column 'lab_order_items.test_id' in 'on clause'
in SYSTEMPATH\Database\MySQLi\Connection.php on line 332.
 1 SYSTEMPATH\Database\BaseConnection.php(738): CodeIgniter\Database\MySQLi\Connection->execute('SELECT `lab_order_items`.*, `lab_tests`.`name` AS `test_name`, `lab_tests`.`price`
FROM `lab_order_items`
JOIN `lab_tests` ON `lab_tests`.`id` = `lab_order_items`.`test_id`
WHERE `lab_order_items`.`lab_order_id` = \'1\'')
 2 SYSTEMPATH\Database\BaseConnection.php(652): CodeIgniter\Database\BaseConnection->simpleQuery('SELECT `lab_order_items`.*, `lab_tests`.`name` AS `test_name`, `lab_tests`.`price`
FROM `lab_order_items`
JOIN `lab_tests` ON `lab_tests`.`id` = `lab_order_items`.`test_id`
WHERE `lab_order_items`.`lab_order_id` = \'1\'')
 3 SYSTEMPATH\Database\BaseBuilder.php(1649): CodeIgniter\Database\BaseConnection->query('SELECT `lab_order_items`.*, `lab_tests`.`name` AS `test_name`, `lab_tests`.`price`
FROM `lab_order_items`
JOIN `lab_tests` ON `lab_tests`.`id` = `lab_order_items`.`test_id`
WHERE `lab_order_items`.`lab_order_id` = :lab_order_items.lab_order_id:', [...], false)
 4 APPPATH\Controllers\Laboratory\Laboratory.php(100): CodeIgniter\Database\BaseBuilder->get()
 5 SYSTEMPATH\CodeIgniter.php(933): App\Controllers\Laboratory\Laboratory->view_order_page('1')
 6 SYSTEMPATH\CodeIgniter.php(507): CodeIgniter\CodeIgniter->runController(Object(App\Controllers\Laboratory\Laboratory))
 7 SYSTEMPATH\CodeIgniter.php(354): CodeIgniter\CodeIgniter->handleRequest(null, Object(Config\Cache), false)
 8 SYSTEMPATH\Boot.php(334): CodeIgniter\CodeIgniter->run()
 9 SYSTEMPATH\Boot.php(67): CodeIgniter\Boot::runCodeIgniter(Object(CodeIgniter\CodeIgniter))
10 FCPATH\index.php(46): CodeIgniter\Boot::bootWeb(Object(Config\Paths))
CRITICAL - 2025-09-25 06:30:55 --> [Caused by] mysqli_sql_exception: Unknown column 'lab_order_items.test_id' in 'on clause'
in SYSTEMPATH\Database\MySQLi\Connection.php on line 327.
 1 SYSTEMPATH\Database\MySQLi\Connection.php(327): mysqli->query('SELECT `lab_order_items`.*, `lab_tests`.`name` AS `test_name`, `lab_tests`.`price`
FROM `lab_order_items`
JOIN `lab_tests` ON `lab_tests`.`id` = `lab_order_items`.`test_id`
WHERE `lab_order_items`.`lab_order_id` = \'1\'', 0)
 2 SYSTEMPATH\Database\BaseConnection.php(738): CodeIgniter\Database\MySQLi\Connection->execute('SELECT `lab_order_items`.*, `lab_tests`.`name` AS `test_name`, `lab_tests`.`price`
FROM `lab_order_items`
JOIN `lab_tests` ON `lab_tests`.`id` = `lab_order_items`.`test_id`
WHERE `lab_order_items`.`lab_order_id` = \'1\'')
 3 SYSTEMPATH\Database\BaseConnection.php(652): CodeIgniter\Database\BaseConnection->simpleQuery('SELECT `lab_order_items`.*, `lab_tests`.`name` AS `test_name`, `lab_tests`.`price`
FROM `lab_order_items`
JOIN `lab_tests` ON `lab_tests`.`id` = `lab_order_items`.`test_id`
WHERE `lab_order_items`.`lab_order_id` = \'1\'')
 4 SYSTEMPATH\Database\BaseBuilder.php(1649): CodeIgniter\Database\BaseConnection->query('SELECT `lab_order_items`.*, `lab_tests`.`name` AS `test_name`, `lab_tests`.`price`
FROM `lab_order_items`
JOIN `lab_tests` ON `lab_tests`.`id` = `lab_order_items`.`test_id`
WHERE `lab_order_items`.`lab_order_id` = :lab_order_items.lab_order_id:', [...], false)
 5 APPPATH\Controllers\Laboratory\Laboratory.php(100): CodeIgniter\Database\BaseBuilder->get()
 6 SYSTEMPATH\CodeIgniter.php(933): App\Controllers\Laboratory\Laboratory->view_order_page('1')
 7 SYSTEMPATH\CodeIgniter.php(507): CodeIgniter\CodeIgniter->runController(Object(App\Controllers\Laboratory\Laboratory))
 8 SYSTEMPATH\CodeIgniter.php(354): CodeIgniter\CodeIgniter->handleRequest(null, Object(Config\Cache), false)
 9 SYSTEMPATH\Boot.php(334): CodeIgniter\CodeIgniter->run()
10 SYSTEMPATH\Boot.php(67): CodeIgniter\Boot::runCodeIgniter(Object(CodeIgniter\CodeIgniter))
11 FCPATH\index.php(46): CodeIgniter\Boot::bootWeb(Object(Config\Paths))
DEBUG - 2025-09-25 06:31:25 --> Session: Class initialized using 'CodeIgniter\Session\Handlers\FileHandler' driver.
DEBUG - 2025-09-25 06:31:35 --> Session: Class initialized using 'CodeIgniter\Session\Handlers\FileHandler' driver.
DEBUG - 2025-09-25 06:31:46 --> Session: Class initialized using 'CodeIgniter\Session\Handlers\FileHandler' driver.
DEBUG - 2025-09-25 06:31:55 --> Session: Class initialized using 'CodeIgniter\Session\Handlers\FileHandler' driver.
DEBUG - 2025-09-25 06:32:04 --> Session: Class initialized using 'CodeIgniter\Session\Handlers\FileHandler' driver.
DEBUG - 2025-09-25 06:32:28 --> Session: Class initialized using 'CodeIgniter\Session\Handlers\FileHandler' driver.
DEBUG - 2025-09-25 06:32:38 --> Session: Class initialized using 'CodeIgniter\Session\Handlers\FileHandler' driver.
DEBUG - 2025-09-25 06:32:41 --> Session: Class initialized using 'CodeIgniter\Session\Handlers\FileHandler' driver.
DEBUG - 2025-09-25 06:32:42 --> Session: Class initialized using 'CodeIgniter\Session\Handlers\FileHandler' driver.
DEBUG - 2025-09-25 06:32:48 --> Session: Class initialized using 'CodeIgniter\Session\Handlers\FileHandler' driver.
DEBUG - 2025-09-25 06:38:27 --> Session: Class initialized using 'CodeIgniter\Session\Handlers\FileHandler' driver.
DEBUG - 2025-09-25 06:38:29 --> Session: Class initialized using 'CodeIgniter\Session\Handlers\FileHandler' driver.
DEBUG - 2025-09-25 06:38:30 --> Session: Class initialized using 'CodeIgniter\Session\Handlers\FileHandler' driver.
DEBUG - 2025-09-25 06:38:39 --> Session: Class initialized using 'CodeIgniter\Session\Handlers\FileHandler' driver.
DEBUG - 2025-09-25 06:38:40 --> Session: Class initialized using 'CodeIgniter\Session\Handlers\FileHandler' driver.
DEBUG - 2025-09-25 06:39:01 --> Session: Class initialized using 'CodeIgniter\Session\Handlers\FileHandler' driver.
DEBUG - 2025-09-25 06:40:46 --> Session: Class initialized using 'CodeIgniter\Session\Handlers\FileHandler' driver.
DEBUG - 2025-09-25 06:40:46 --> Session: Class initialized using 'CodeIgniter\Session\Handlers\FileHandler' driver.
DEBUG - 2025-09-25 06:40:52 --> Session: Class initialized using 'CodeIgniter\Session\Handlers\FileHandler' driver.
DEBUG - 2025-09-25 06:40:57 --> Session: Class initialized using 'CodeIgniter\Session\Handlers\FileHandler' driver.
DEBUG - 2025-09-25 06:41:01 --> Session: Class initialized using 'CodeIgniter\Session\Handlers\FileHandler' driver.
DEBUG - 2025-09-25 06:41:01 --> Session: Class initialized using 'CodeIgniter\Session\Handlers\FileHandler' driver.
DEBUG - 2025-09-25 06:41:02 --> Session: Class initialized using 'CodeIgniter\Session\Handlers\FileHandler' driver.
DEBUG - 2025-09-25 06:41:26 --> Session: Class initialized using 'CodeIgniter\Session\Handlers\FileHandler' driver.
DEBUG - 2025-09-25 06:42:02 --> Session: Class initialized using 'CodeIgniter\Session\Handlers\FileHandler' driver.
DEBUG - 2025-09-25 06:42:22 --> Session: Class initialized using 'CodeIgniter\Session\Handlers\FileHandler' driver.
DEBUG - 2025-09-25 06:49:51 --> Session: Class initialized using 'CodeIgniter\Session\Handlers\FileHandler' driver.
DEBUG - 2025-09-25 06:49:54 --> Session: Class initialized using 'CodeIgniter\Session\Handlers\FileHandler' driver.
ERROR - 2025-09-25 06:49:54 --> mysqli_sql_exception: Unknown column 'lab_orders.doctor_id' in 'on clause' in C:\xampp\htdocs\hms_ram\system\Database\MySQLi\Connection.php:327
Stack trace:
#0 C:\xampp\htdocs\hms_ram\system\Database\MySQLi\Connection.php(327): mysqli->query('SELECT `lab_ord...', 0)
#1 C:\xampp\htdocs\hms_ram\system\Database\BaseConnection.php(738): CodeIgniter\Database\MySQLi\Connection->execute('SELECT `lab_ord...')
#2 C:\xampp\htdocs\hms_ram\system\Database\BaseConnection.php(652): CodeIgniter\Database\BaseConnection->simpleQuery('SELECT `lab_ord...')
#3 C:\xampp\htdocs\hms_ram\system\Database\BaseBuilder.php(1649): CodeIgniter\Database\BaseConnection->query('SELECT `lab_ord...', Array, false)
#4 C:\xampp\htdocs\hms_ram\app\Controllers\Laboratory\Laboratory.php(55): CodeIgniter\Database\BaseBuilder->get()
#5 C:\xampp\htdocs\hms_ram\system\CodeIgniter.php(933): App\Controllers\Laboratory\Laboratory->orders()
#6 C:\xampp\htdocs\hms_ram\system\CodeIgniter.php(507): CodeIgniter\CodeIgniter->runController(Object(App\Controllers\Laboratory\Laboratory))
#7 C:\xampp\htdocs\hms_ram\system\CodeIgniter.php(354): CodeIgniter\CodeIgniter->handleRequest(NULL, Object(Config\Cache), false)
#8 C:\xampp\htdocs\hms_ram\system\Boot.php(334): CodeIgniter\CodeIgniter->run()
#9 C:\xampp\htdocs\hms_ram\system\Boot.php(67): CodeIgniter\Boot::runCodeIgniter(Object(CodeIgniter\CodeIgniter))
#10 C:\xampp\htdocs\hms_ram\index.php(46): CodeIgniter\Boot::bootWeb(Object(Config\Paths))
#11 {main}
CRITICAL - 2025-09-25 06:49:54 --> CodeIgniter\Database\Exceptions\DatabaseException: Unknown column 'lab_orders.doctor_id' in 'on clause'
[Method: GET, Route: laboratory/orders]
in SYSTEMPATH\Database\BaseConnection.php on line 692.
 1 SYSTEMPATH\Database\BaseBuilder.php(1649): CodeIgniter\Database\BaseConnection->query('SELECT `lab_orders`.*, `patients`.`first_name` as `patient_first_name`, `patients`.`last_name` as `patient_last_name`, `patients`.`patient_id_code`, `patients`.`phone_number`, `doctors`.`first_name` as `doctor_first_name`, `doctors`.`last_name` as `doctor_last_name`, `users`.`first_name` as `user_first_name`, `users`.`last_name` as `user_last_name`, `lab_order_items`.`id` as `first_order_item_id`
FROM `lab_orders`
LEFT JOIN `patients` ON `patients`.`id` = `lab_orders`.`patient_id`
LEFT JOIN `doctors` ON `doctors`.`id` = `lab_orders`.`doctor_id`
LEFT JOIN `users` ON `users`.`id` = `lab_orders`.`ordered_by`
LEFT JOIN `lab_order_items` ON `lab_order_items`.`lab_order_id` = `lab_orders`.`id`
GROUP BY `lab_orders`.`id`
ORDER BY `lab_orders`.`created_at` DESC', [], false)
 2 APPPATH\Controllers\Laboratory\Laboratory.php(55): CodeIgniter\Database\BaseBuilder->get()
 3 SYSTEMPATH\CodeIgniter.php(933): App\Controllers\Laboratory\Laboratory->orders()
 4 SYSTEMPATH\CodeIgniter.php(507): CodeIgniter\CodeIgniter->runController(Object(App\Controllers\Laboratory\Laboratory))
 5 SYSTEMPATH\CodeIgniter.php(354): CodeIgniter\CodeIgniter->handleRequest(null, Object(Config\Cache), false)
 6 SYSTEMPATH\Boot.php(334): CodeIgniter\CodeIgniter->run()
 7 SYSTEMPATH\Boot.php(67): CodeIgniter\Boot::runCodeIgniter(Object(CodeIgniter\CodeIgniter))
 8 FCPATH\index.php(46): CodeIgniter\Boot::bootWeb(Object(Config\Paths))
CRITICAL - 2025-09-25 06:49:54 --> [Caused by] CodeIgniter\Database\Exceptions\DatabaseException: Unknown column 'lab_orders.doctor_id' in 'on clause'
in SYSTEMPATH\Database\MySQLi\Connection.php on line 332.
 1 SYSTEMPATH\Database\BaseConnection.php(738): CodeIgniter\Database\MySQLi\Connection->execute('SELECT `lab_orders`.*, `patients`.`first_name` as `patient_first_name`, `patients`.`last_name` as `patient_last_name`, `patients`.`patient_id_code`, `patients`.`phone_number`, `doctors`.`first_name` as `doctor_first_name`, `doctors`.`last_name` as `doctor_last_name`, `users`.`first_name` as `user_first_name`, `users`.`last_name` as `user_last_name`, `lab_order_items`.`id` as `first_order_item_id`
FROM `lab_orders`
LEFT JOIN `patients` ON `patients`.`id` = `lab_orders`.`patient_id`
LEFT JOIN `doctors` ON `doctors`.`id` = `lab_orders`.`doctor_id`
LEFT JOIN `users` ON `users`.`id` = `lab_orders`.`ordered_by`
LEFT JOIN `lab_order_items` ON `lab_order_items`.`lab_order_id` = `lab_orders`.`id`
GROUP BY `lab_orders`.`id`
ORDER BY `lab_orders`.`created_at` DESC')
 2 SYSTEMPATH\Database\BaseConnection.php(652): CodeIgniter\Database\BaseConnection->simpleQuery('SELECT `lab_orders`.*, `patients`.`first_name` as `patient_first_name`, `patients`.`last_name` as `patient_last_name`, `patients`.`patient_id_code`, `patients`.`phone_number`, `doctors`.`first_name` as `doctor_first_name`, `doctors`.`last_name` as `doctor_last_name`, `users`.`first_name` as `user_first_name`, `users`.`last_name` as `user_last_name`, `lab_order_items`.`id` as `first_order_item_id`
FROM `lab_orders`
LEFT JOIN `patients` ON `patients`.`id` = `lab_orders`.`patient_id`
LEFT JOIN `doctors` ON `doctors`.`id` = `lab_orders`.`doctor_id`
LEFT JOIN `users` ON `users`.`id` = `lab_orders`.`ordered_by`
LEFT JOIN `lab_order_items` ON `lab_order_items`.`lab_order_id` = `lab_orders`.`id`
GROUP BY `lab_orders`.`id`
ORDER BY `lab_orders`.`created_at` DESC')
 3 SYSTEMPATH\Database\BaseBuilder.php(1649): CodeIgniter\Database\BaseConnection->query('SELECT `lab_orders`.*, `patients`.`first_name` as `patient_first_name`, `patients`.`last_name` as `patient_last_name`, `patients`.`patient_id_code`, `patients`.`phone_number`, `doctors`.`first_name` as `doctor_first_name`, `doctors`.`last_name` as `doctor_last_name`, `users`.`first_name` as `user_first_name`, `users`.`last_name` as `user_last_name`, `lab_order_items`.`id` as `first_order_item_id`
FROM `lab_orders`
LEFT JOIN `patients` ON `patients`.`id` = `lab_orders`.`patient_id`
LEFT JOIN `doctors` ON `doctors`.`id` = `lab_orders`.`doctor_id`
LEFT JOIN `users` ON `users`.`id` = `lab_orders`.`ordered_by`
LEFT JOIN `lab_order_items` ON `lab_order_items`.`lab_order_id` = `lab_orders`.`id`
GROUP BY `lab_orders`.`id`
ORDER BY `lab_orders`.`created_at` DESC', [], false)
 4 APPPATH\Controllers\Laboratory\Laboratory.php(55): CodeIgniter\Database\BaseBuilder->get()
 5 SYSTEMPATH\CodeIgniter.php(933): App\Controllers\Laboratory\Laboratory->orders()
 6 SYSTEMPATH\CodeIgniter.php(507): CodeIgniter\CodeIgniter->runController(Object(App\Controllers\Laboratory\Laboratory))
 7 SYSTEMPATH\CodeIgniter.php(354): CodeIgniter\CodeIgniter->handleRequest(null, Object(Config\Cache), false)
 8 SYSTEMPATH\Boot.php(334): CodeIgniter\CodeIgniter->run()
 9 SYSTEMPATH\Boot.php(67): CodeIgniter\Boot::runCodeIgniter(Object(CodeIgniter\CodeIgniter))
10 FCPATH\index.php(46): CodeIgniter\Boot::bootWeb(Object(Config\Paths))
CRITICAL - 2025-09-25 06:49:54 --> [Caused by] mysqli_sql_exception: Unknown column 'lab_orders.doctor_id' in 'on clause'
in SYSTEMPATH\Database\MySQLi\Connection.php on line 327.
 1 SYSTEMPATH\Database\MySQLi\Connection.php(327): mysqli->query('SELECT `lab_orders`.*, `patients`.`first_name` as `patient_first_name`, `patients`.`last_name` as `patient_last_name`, `patients`.`patient_id_code`, `patients`.`phone_number`, `doctors`.`first_name` as `doctor_first_name`, `doctors`.`last_name` as `doctor_last_name`, `users`.`first_name` as `user_first_name`, `users`.`last_name` as `user_last_name`, `lab_order_items`.`id` as `first_order_item_id`
FROM `lab_orders`
LEFT JOIN `patients` ON `patients`.`id` = `lab_orders`.`patient_id`
LEFT JOIN `doctors` ON `doctors`.`id` = `lab_orders`.`doctor_id`
LEFT JOIN `users` ON `users`.`id` = `lab_orders`.`ordered_by`
LEFT JOIN `lab_order_items` ON `lab_order_items`.`lab_order_id` = `lab_orders`.`id`
GROUP BY `lab_orders`.`id`
ORDER BY `lab_orders`.`created_at` DESC', 0)
 2 SYSTEMPATH\Database\BaseConnection.php(738): CodeIgniter\Database\MySQLi\Connection->execute('SELECT `lab_orders`.*, `patients`.`first_name` as `patient_first_name`, `patients`.`last_name` as `patient_last_name`, `patients`.`patient_id_code`, `patients`.`phone_number`, `doctors`.`first_name` as `doctor_first_name`, `doctors`.`last_name` as `doctor_last_name`, `users`.`first_name` as `user_first_name`, `users`.`last_name` as `user_last_name`, `lab_order_items`.`id` as `first_order_item_id`
FROM `lab_orders`
LEFT JOIN `patients` ON `patients`.`id` = `lab_orders`.`patient_id`
LEFT JOIN `doctors` ON `doctors`.`id` = `lab_orders`.`doctor_id`
LEFT JOIN `users` ON `users`.`id` = `lab_orders`.`ordered_by`
LEFT JOIN `lab_order_items` ON `lab_order_items`.`lab_order_id` = `lab_orders`.`id`
GROUP BY `lab_orders`.`id`
ORDER BY `lab_orders`.`created_at` DESC')
 3 SYSTEMPATH\Database\BaseConnection.php(652): CodeIgniter\Database\BaseConnection->simpleQuery('SELECT `lab_orders`.*, `patients`.`first_name` as `patient_first_name`, `patients`.`last_name` as `patient_last_name`, `patients`.`patient_id_code`, `patients`.`phone_number`, `doctors`.`first_name` as `doctor_first_name`, `doctors`.`last_name` as `doctor_last_name`, `users`.`first_name` as `user_first_name`, `users`.`last_name` as `user_last_name`, `lab_order_items`.`id` as `first_order_item_id`
FROM `lab_orders`
LEFT JOIN `patients` ON `patients`.`id` = `lab_orders`.`patient_id`
LEFT JOIN `doctors` ON `doctors`.`id` = `lab_orders`.`doctor_id`
LEFT JOIN `users` ON `users`.`id` = `lab_orders`.`ordered_by`
LEFT JOIN `lab_order_items` ON `lab_order_items`.`lab_order_id` = `lab_orders`.`id`
GROUP BY `lab_orders`.`id`
ORDER BY `lab_orders`.`created_at` DESC')
 4 SYSTEMPATH\Database\BaseBuilder.php(1649): CodeIgniter\Database\BaseConnection->query('SELECT `lab_orders`.*, `patients`.`first_name` as `patient_first_name`, `patients`.`last_name` as `patient_last_name`, `patients`.`patient_id_code`, `patients`.`phone_number`, `doctors`.`first_name` as `doctor_first_name`, `doctors`.`last_name` as `doctor_last_name`, `users`.`first_name` as `user_first_name`, `users`.`last_name` as `user_last_name`, `lab_order_items`.`id` as `first_order_item_id`
FROM `lab_orders`
LEFT JOIN `patients` ON `patients`.`id` = `lab_orders`.`patient_id`
LEFT JOIN `doctors` ON `doctors`.`id` = `lab_orders`.`doctor_id`
LEFT JOIN `users` ON `users`.`id` = `lab_orders`.`ordered_by`
LEFT JOIN `lab_order_items` ON `lab_order_items`.`lab_order_id` = `lab_orders`.`id`
GROUP BY `lab_orders`.`id`
ORDER BY `lab_orders`.`created_at` DESC', [], false)
 5 APPPATH\Controllers\Laboratory\Laboratory.php(55): CodeIgniter\Database\BaseBuilder->get()
 6 SYSTEMPATH\CodeIgniter.php(933): App\Controllers\Laboratory\Laboratory->orders()
 7 SYSTEMPATH\CodeIgniter.php(507): CodeIgniter\CodeIgniter->runController(Object(App\Controllers\Laboratory\Laboratory))
 8 SYSTEMPATH\CodeIgniter.php(354): CodeIgniter\CodeIgniter->handleRequest(null, Object(Config\Cache), false)
 9 SYSTEMPATH\Boot.php(334): CodeIgniter\CodeIgniter->run()
10 SYSTEMPATH\Boot.php(67): CodeIgniter\Boot::runCodeIgniter(Object(CodeIgniter\CodeIgniter))
11 FCPATH\index.php(46): CodeIgniter\Boot::bootWeb(Object(Config\Paths))
DEBUG - 2025-09-25 06:49:55 --> Session: Class initialized using 'CodeIgniter\Session\Handlers\FileHandler' driver.
ERROR - 2025-09-25 06:49:55 --> mysqli_sql_exception: Unknown column 'lab_orders.doctor_id' in 'on clause' in C:\xampp\htdocs\hms_ram\system\Database\MySQLi\Connection.php:327
Stack trace:
#0 C:\xampp\htdocs\hms_ram\system\Database\MySQLi\Connection.php(327): mysqli->query('SELECT `lab_ord...', 0)
#1 C:\xampp\htdocs\hms_ram\system\Database\BaseConnection.php(738): CodeIgniter\Database\MySQLi\Connection->execute('SELECT `lab_ord...')
#2 C:\xampp\htdocs\hms_ram\system\Database\BaseConnection.php(652): CodeIgniter\Database\BaseConnection->simpleQuery('SELECT `lab_ord...')
#3 C:\xampp\htdocs\hms_ram\system\Database\BaseBuilder.php(1649): CodeIgniter\Database\BaseConnection->query('SELECT `lab_ord...', Array, false)
#4 C:\xampp\htdocs\hms_ram\app\Controllers\Laboratory\Laboratory.php(291): CodeIgniter\Database\BaseBuilder->get()
#5 C:\xampp\htdocs\hms_ram\system\CodeIgniter.php(933): App\Controllers\Laboratory\Laboratory->view_order_page('1')
#6 C:\xampp\htdocs\hms_ram\system\CodeIgniter.php(507): CodeIgniter\CodeIgniter->runController(Object(App\Controllers\Laboratory\Laboratory))
#7 C:\xampp\htdocs\hms_ram\system\CodeIgniter.php(354): CodeIgniter\CodeIgniter->handleRequest(NULL, Object(Config\Cache), false)
#8 C:\xampp\htdocs\hms_ram\system\Boot.php(334): CodeIgniter\CodeIgniter->run()
#9 C:\xampp\htdocs\hms_ram\system\Boot.php(67): CodeIgniter\Boot::runCodeIgniter(Object(CodeIgniter\CodeIgniter))
#10 C:\xampp\htdocs\hms_ram\index.php(46): CodeIgniter\Boot::bootWeb(Object(Config\Paths))
#11 {main}
CRITICAL - 2025-09-25 06:49:55 --> CodeIgniter\Database\Exceptions\DatabaseException: Unknown column 'lab_orders.doctor_id' in 'on clause'
[Method: GET, Route: laboratory/view_order_page/1]
in SYSTEMPATH\Database\BaseConnection.php on line 692.
 1 SYSTEMPATH\Database\BaseBuilder.php(1649): CodeIgniter\Database\BaseConnection->query('SELECT `lab_orders`.*, `patients`.`patient_id_code`, `patients`.`phone_number`, CONCAT(patients.first_name, " ", patients.last_name) AS patient_name, CONCAT(doctors.first_name, " ", doctors.last_name) AS doctor_name, CONCAT(users.first_name, " ", users.last_name) AS ordered_by_name
FROM `lab_orders`
LEFT JOIN `patients` ON `patients`.`id` = `lab_orders`.`patient_id`
LEFT JOIN `doctors` ON `doctors`.`id` = `lab_orders`.`doctor_id`
LEFT JOIN `users` ON `users`.`id` = `lab_orders`.`ordered_by`
WHERE `lab_orders`.`id` = :lab_orders.id:', [...], false)
 2 APPPATH\Controllers\Laboratory\Laboratory.php(291): CodeIgniter\Database\BaseBuilder->get()
 3 SYSTEMPATH\CodeIgniter.php(933): App\Controllers\Laboratory\Laboratory->view_order_page('1')
 4 SYSTEMPATH\CodeIgniter.php(507): CodeIgniter\CodeIgniter->runController(Object(App\Controllers\Laboratory\Laboratory))
 5 SYSTEMPATH\CodeIgniter.php(354): CodeIgniter\CodeIgniter->handleRequest(null, Object(Config\Cache), false)
 6 SYSTEMPATH\Boot.php(334): CodeIgniter\CodeIgniter->run()
 7 SYSTEMPATH\Boot.php(67): CodeIgniter\Boot::runCodeIgniter(Object(CodeIgniter\CodeIgniter))
 8 FCPATH\index.php(46): CodeIgniter\Boot::bootWeb(Object(Config\Paths))
CRITICAL - 2025-09-25 06:49:55 --> [Caused by] CodeIgniter\Database\Exceptions\DatabaseException: Unknown column 'lab_orders.doctor_id' in 'on clause'
in SYSTEMPATH\Database\MySQLi\Connection.php on line 332.
 1 SYSTEMPATH\Database\BaseConnection.php(738): CodeIgniter\Database\MySQLi\Connection->execute('SELECT `lab_orders`.*, `patients`.`patient_id_code`, `patients`.`phone_number`, CONCAT(patients.first_name, " ", patients.last_name) AS patient_name, CONCAT(doctors.first_name, " ", doctors.last_name) AS doctor_name, CONCAT(users.first_name, " ", users.last_name) AS ordered_by_name
FROM `lab_orders`
LEFT JOIN `patients` ON `patients`.`id` = `lab_orders`.`patient_id`
LEFT JOIN `doctors` ON `doctors`.`id` = `lab_orders`.`doctor_id`
LEFT JOIN `users` ON `users`.`id` = `lab_orders`.`ordered_by`
WHERE `lab_orders`.`id` = \'1\'')
 2 SYSTEMPATH\Database\BaseConnection.php(652): CodeIgniter\Database\BaseConnection->simpleQuery('SELECT `lab_orders`.*, `patients`.`patient_id_code`, `patients`.`phone_number`, CONCAT(patients.first_name, " ", patients.last_name) AS patient_name, CONCAT(doctors.first_name, " ", doctors.last_name) AS doctor_name, CONCAT(users.first_name, " ", users.last_name) AS ordered_by_name
FROM `lab_orders`
LEFT JOIN `patients` ON `patients`.`id` = `lab_orders`.`patient_id`
LEFT JOIN `doctors` ON `doctors`.`id` = `lab_orders`.`doctor_id`
LEFT JOIN `users` ON `users`.`id` = `lab_orders`.`ordered_by`
WHERE `lab_orders`.`id` = \'1\'')
 3 SYSTEMPATH\Database\BaseBuilder.php(1649): CodeIgniter\Database\BaseConnection->query('SELECT `lab_orders`.*, `patients`.`patient_id_code`, `patients`.`phone_number`, CONCAT(patients.first_name, " ", patients.last_name) AS patient_name, CONCAT(doctors.first_name, " ", doctors.last_name) AS doctor_name, CONCAT(users.first_name, " ", users.last_name) AS ordered_by_name
FROM `lab_orders`
LEFT JOIN `patients` ON `patients`.`id` = `lab_orders`.`patient_id`
LEFT JOIN `doctors` ON `doctors`.`id` = `lab_orders`.`doctor_id`
LEFT JOIN `users` ON `users`.`id` = `lab_orders`.`ordered_by`
WHERE `lab_orders`.`id` = :lab_orders.id:', [...], false)
 4 APPPATH\Controllers\Laboratory\Laboratory.php(291): CodeIgniter\Database\BaseBuilder->get()
 5 SYSTEMPATH\CodeIgniter.php(933): App\Controllers\Laboratory\Laboratory->view_order_page('1')
 6 SYSTEMPATH\CodeIgniter.php(507): CodeIgniter\CodeIgniter->runController(Object(App\Controllers\Laboratory\Laboratory))
 7 SYSTEMPATH\CodeIgniter.php(354): CodeIgniter\CodeIgniter->handleRequest(null, Object(Config\Cache), false)
 8 SYSTEMPATH\Boot.php(334): CodeIgniter\CodeIgniter->run()
 9 SYSTEMPATH\Boot.php(67): CodeIgniter\Boot::runCodeIgniter(Object(CodeIgniter\CodeIgniter))
10 FCPATH\index.php(46): CodeIgniter\Boot::bootWeb(Object(Config\Paths))
CRITICAL - 2025-09-25 06:49:55 --> [Caused by] mysqli_sql_exception: Unknown column 'lab_orders.doctor_id' in 'on clause'
in SYSTEMPATH\Database\MySQLi\Connection.php on line 327.
 1 SYSTEMPATH\Database\MySQLi\Connection.php(327): mysqli->query('SELECT `lab_orders`.*, `patients`.`patient_id_code`, `patients`.`phone_number`, CONCAT(patients.first_name, " ", patients.last_name) AS patient_name, CONCAT(doctors.first_name, " ", doctors.last_name) AS doctor_name, CONCAT(users.first_name, " ", users.last_name) AS ordered_by_name
FROM `lab_orders`
LEFT JOIN `patients` ON `patients`.`id` = `lab_orders`.`patient_id`
LEFT JOIN `doctors` ON `doctors`.`id` = `lab_orders`.`doctor_id`
LEFT JOIN `users` ON `users`.`id` = `lab_orders`.`ordered_by`
WHERE `lab_orders`.`id` = \'1\'', 0)
 2 SYSTEMPATH\Database\BaseConnection.php(738): CodeIgniter\Database\MySQLi\Connection->execute('SELECT `lab_orders`.*, `patients`.`patient_id_code`, `patients`.`phone_number`, CONCAT(patients.first_name, " ", patients.last_name) AS patient_name, CONCAT(doctors.first_name, " ", doctors.last_name) AS doctor_name, CONCAT(users.first_name, " ", users.last_name) AS ordered_by_name
FROM `lab_orders`
LEFT JOIN `patients` ON `patients`.`id` = `lab_orders`.`patient_id`
LEFT JOIN `doctors` ON `doctors`.`id` = `lab_orders`.`doctor_id`
LEFT JOIN `users` ON `users`.`id` = `lab_orders`.`ordered_by`
WHERE `lab_orders`.`id` = \'1\'')
 3 SYSTEMPATH\Database\BaseConnection.php(652): CodeIgniter\Database\BaseConnection->simpleQuery('SELECT `lab_orders`.*, `patients`.`patient_id_code`, `patients`.`phone_number`, CONCAT(patients.first_name, " ", patients.last_name) AS patient_name, CONCAT(doctors.first_name, " ", doctors.last_name) AS doctor_name, CONCAT(users.first_name, " ", users.last_name) AS ordered_by_name
FROM `lab_orders`
LEFT JOIN `patients` ON `patients`.`id` = `lab_orders`.`patient_id`
LEFT JOIN `doctors` ON `doctors`.`id` = `lab_orders`.`doctor_id`
LEFT JOIN `users` ON `users`.`id` = `lab_orders`.`ordered_by`
WHERE `lab_orders`.`id` = \'1\'')
 4 SYSTEMPATH\Database\BaseBuilder.php(1649): CodeIgniter\Database\BaseConnection->query('SELECT `lab_orders`.*, `patients`.`patient_id_code`, `patients`.`phone_number`, CONCAT(patients.first_name, " ", patients.last_name) AS patient_name, CONCAT(doctors.first_name, " ", doctors.last_name) AS doctor_name, CONCAT(users.first_name, " ", users.last_name) AS ordered_by_name
FROM `lab_orders`
LEFT JOIN `patients` ON `patients`.`id` = `lab_orders`.`patient_id`
LEFT JOIN `doctors` ON `doctors`.`id` = `lab_orders`.`doctor_id`
LEFT JOIN `users` ON `users`.`id` = `lab_orders`.`ordered_by`
WHERE `lab_orders`.`id` = :lab_orders.id:', [...], false)
 5 APPPATH\Controllers\Laboratory\Laboratory.php(291): CodeIgniter\Database\BaseBuilder->get()
 6 SYSTEMPATH\CodeIgniter.php(933): App\Controllers\Laboratory\Laboratory->view_order_page('1')
 7 SYSTEMPATH\CodeIgniter.php(507): CodeIgniter\CodeIgniter->runController(Object(App\Controllers\Laboratory\Laboratory))
 8 SYSTEMPATH\CodeIgniter.php(354): CodeIgniter\CodeIgniter->handleRequest(null, Object(Config\Cache), false)
 9 SYSTEMPATH\Boot.php(334): CodeIgniter\CodeIgniter->run()
10 SYSTEMPATH\Boot.php(67): CodeIgniter\Boot::runCodeIgniter(Object(CodeIgniter\CodeIgniter))
11 FCPATH\index.php(46): CodeIgniter\Boot::bootWeb(Object(Config\Paths))
DEBUG - 2025-09-25 06:49:56 --> Session: Class initialized using 'CodeIgniter\Session\Handlers\FileHandler' driver.
ERROR - 2025-09-25 06:49:56 --> mysqli_sql_exception: Unknown column 'lab_orders.doctor_id' in 'on clause' in C:\xampp\htdocs\hms_ram\system\Database\MySQLi\Connection.php:327
Stack trace:
#0 C:\xampp\htdocs\hms_ram\system\Database\MySQLi\Connection.php(327): mysqli->query('SELECT `lab_ord...', 0)
#1 C:\xampp\htdocs\hms_ram\system\Database\BaseConnection.php(738): CodeIgniter\Database\MySQLi\Connection->execute('SELECT `lab_ord...')
#2 C:\xampp\htdocs\hms_ram\system\Database\BaseConnection.php(652): CodeIgniter\Database\BaseConnection->simpleQuery('SELECT `lab_ord...')
#3 C:\xampp\htdocs\hms_ram\system\Database\BaseBuilder.php(1649): CodeIgniter\Database\BaseConnection->query('SELECT `lab_ord...', Array, false)
#4 C:\xampp\htdocs\hms_ram\app\Controllers\Laboratory\Laboratory.php(55): CodeIgniter\Database\BaseBuilder->get()
#5 C:\xampp\htdocs\hms_ram\system\CodeIgniter.php(933): App\Controllers\Laboratory\Laboratory->orders()
#6 C:\xampp\htdocs\hms_ram\system\CodeIgniter.php(507): CodeIgniter\CodeIgniter->runController(Object(App\Controllers\Laboratory\Laboratory))
#7 C:\xampp\htdocs\hms_ram\system\CodeIgniter.php(354): CodeIgniter\CodeIgniter->handleRequest(NULL, Object(Config\Cache), false)
#8 C:\xampp\htdocs\hms_ram\system\Boot.php(334): CodeIgniter\CodeIgniter->run()
#9 C:\xampp\htdocs\hms_ram\system\Boot.php(67): CodeIgniter\Boot::runCodeIgniter(Object(CodeIgniter\CodeIgniter))
#10 C:\xampp\htdocs\hms_ram\index.php(46): CodeIgniter\Boot::bootWeb(Object(Config\Paths))
#11 {main}
CRITICAL - 2025-09-25 06:49:56 --> CodeIgniter\Database\Exceptions\DatabaseException: Unknown column 'lab_orders.doctor_id' in 'on clause'
[Method: GET, Route: laboratory/orders]
in SYSTEMPATH\Database\BaseConnection.php on line 692.
 1 SYSTEMPATH\Database\BaseBuilder.php(1649): CodeIgniter\Database\BaseConnection->query('SELECT `lab_orders`.*, `patients`.`first_name` as `patient_first_name`, `patients`.`last_name` as `patient_last_name`, `patients`.`patient_id_code`, `patients`.`phone_number`, `doctors`.`first_name` as `doctor_first_name`, `doctors`.`last_name` as `doctor_last_name`, `users`.`first_name` as `user_first_name`, `users`.`last_name` as `user_last_name`, `lab_order_items`.`id` as `first_order_item_id`
FROM `lab_orders`
LEFT JOIN `patients` ON `patients`.`id` = `lab_orders`.`patient_id`
LEFT JOIN `doctors` ON `doctors`.`id` = `lab_orders`.`doctor_id`
LEFT JOIN `users` ON `users`.`id` = `lab_orders`.`ordered_by`
LEFT JOIN `lab_order_items` ON `lab_order_items`.`lab_order_id` = `lab_orders`.`id`
GROUP BY `lab_orders`.`id`
ORDER BY `lab_orders`.`created_at` DESC', [], false)
 2 APPPATH\Controllers\Laboratory\Laboratory.php(55): CodeIgniter\Database\BaseBuilder->get()
 3 SYSTEMPATH\CodeIgniter.php(933): App\Controllers\Laboratory\Laboratory->orders()
 4 SYSTEMPATH\CodeIgniter.php(507): CodeIgniter\CodeIgniter->runController(Object(App\Controllers\Laboratory\Laboratory))
 5 SYSTEMPATH\CodeIgniter.php(354): CodeIgniter\CodeIgniter->handleRequest(null, Object(Config\Cache), false)
 6 SYSTEMPATH\Boot.php(334): CodeIgniter\CodeIgniter->run()
 7 SYSTEMPATH\Boot.php(67): CodeIgniter\Boot::runCodeIgniter(Object(CodeIgniter\CodeIgniter))
 8 FCPATH\index.php(46): CodeIgniter\Boot::bootWeb(Object(Config\Paths))
CRITICAL - 2025-09-25 06:49:56 --> [Caused by] CodeIgniter\Database\Exceptions\DatabaseException: Unknown column 'lab_orders.doctor_id' in 'on clause'
in SYSTEMPATH\Database\MySQLi\Connection.php on line 332.
 1 SYSTEMPATH\Database\BaseConnection.php(738): CodeIgniter\Database\MySQLi\Connection->execute('SELECT `lab_orders`.*, `patients`.`first_name` as `patient_first_name`, `patients`.`last_name` as `patient_last_name`, `patients`.`patient_id_code`, `patients`.`phone_number`, `doctors`.`first_name` as `doctor_first_name`, `doctors`.`last_name` as `doctor_last_name`, `users`.`first_name` as `user_first_name`, `users`.`last_name` as `user_last_name`, `lab_order_items`.`id` as `first_order_item_id`
FROM `lab_orders`
LEFT JOIN `patients` ON `patients`.`id` = `lab_orders`.`patient_id`
LEFT JOIN `doctors` ON `doctors`.`id` = `lab_orders`.`doctor_id`
LEFT JOIN `users` ON `users`.`id` = `lab_orders`.`ordered_by`
LEFT JOIN `lab_order_items` ON `lab_order_items`.`lab_order_id` = `lab_orders`.`id`
GROUP BY `lab_orders`.`id`
ORDER BY `lab_orders`.`created_at` DESC')
 2 SYSTEMPATH\Database\BaseConnection.php(652): CodeIgniter\Database\BaseConnection->simpleQuery('SELECT `lab_orders`.*, `patients`.`first_name` as `patient_first_name`, `patients`.`last_name` as `patient_last_name`, `patients`.`patient_id_code`, `patients`.`phone_number`, `doctors`.`first_name` as `doctor_first_name`, `doctors`.`last_name` as `doctor_last_name`, `users`.`first_name` as `user_first_name`, `users`.`last_name` as `user_last_name`, `lab_order_items`.`id` as `first_order_item_id`
FROM `lab_orders`
LEFT JOIN `patients` ON `patients`.`id` = `lab_orders`.`patient_id`
LEFT JOIN `doctors` ON `doctors`.`id` = `lab_orders`.`doctor_id`
LEFT JOIN `users` ON `users`.`id` = `lab_orders`.`ordered_by`
LEFT JOIN `lab_order_items` ON `lab_order_items`.`lab_order_id` = `lab_orders`.`id`
GROUP BY `lab_orders`.`id`
ORDER BY `lab_orders`.`created_at` DESC')
 3 SYSTEMPATH\Database\BaseBuilder.php(1649): CodeIgniter\Database\BaseConnection->query('SELECT `lab_orders`.*, `patients`.`first_name` as `patient_first_name`, `patients`.`last_name` as `patient_last_name`, `patients`.`patient_id_code`, `patients`.`phone_number`, `doctors`.`first_name` as `doctor_first_name`, `doctors`.`last_name` as `doctor_last_name`, `users`.`first_name` as `user_first_name`, `users`.`last_name` as `user_last_name`, `lab_order_items`.`id` as `first_order_item_id`
FROM `lab_orders`
LEFT JOIN `patients` ON `patients`.`id` = `lab_orders`.`patient_id`
LEFT JOIN `doctors` ON `doctors`.`id` = `lab_orders`.`doctor_id`
LEFT JOIN `users` ON `users`.`id` = `lab_orders`.`ordered_by`
LEFT JOIN `lab_order_items` ON `lab_order_items`.`lab_order_id` = `lab_orders`.`id`
GROUP BY `lab_orders`.`id`
ORDER BY `lab_orders`.`created_at` DESC', [], false)
 4 APPPATH\Controllers\Laboratory\Laboratory.php(55): CodeIgniter\Database\BaseBuilder->get()
 5 SYSTEMPATH\CodeIgniter.php(933): App\Controllers\Laboratory\Laboratory->orders()
 6 SYSTEMPATH\CodeIgniter.php(507): CodeIgniter\CodeIgniter->runController(Object(App\Controllers\Laboratory\Laboratory))
 7 SYSTEMPATH\CodeIgniter.php(354): CodeIgniter\CodeIgniter->handleRequest(null, Object(Config\Cache), false)
 8 SYSTEMPATH\Boot.php(334): CodeIgniter\CodeIgniter->run()
 9 SYSTEMPATH\Boot.php(67): CodeIgniter\Boot::runCodeIgniter(Object(CodeIgniter\CodeIgniter))
10 FCPATH\index.php(46): CodeIgniter\Boot::bootWeb(Object(Config\Paths))
CRITICAL - 2025-09-25 06:49:56 --> [Caused by] mysqli_sql_exception: Unknown column 'lab_orders.doctor_id' in 'on clause'
in SYSTEMPATH\Database\MySQLi\Connection.php on line 327.
 1 SYSTEMPATH\Database\MySQLi\Connection.php(327): mysqli->query('SELECT `lab_orders`.*, `patients`.`first_name` as `patient_first_name`, `patients`.`last_name` as `patient_last_name`, `patients`.`patient_id_code`, `patients`.`phone_number`, `doctors`.`first_name` as `doctor_first_name`, `doctors`.`last_name` as `doctor_last_name`, `users`.`first_name` as `user_first_name`, `users`.`last_name` as `user_last_name`, `lab_order_items`.`id` as `first_order_item_id`
FROM `lab_orders`
LEFT JOIN `patients` ON `patients`.`id` = `lab_orders`.`patient_id`
LEFT JOIN `doctors` ON `doctors`.`id` = `lab_orders`.`doctor_id`
LEFT JOIN `users` ON `users`.`id` = `lab_orders`.`ordered_by`
LEFT JOIN `lab_order_items` ON `lab_order_items`.`lab_order_id` = `lab_orders`.`id`
GROUP BY `lab_orders`.`id`
ORDER BY `lab_orders`.`created_at` DESC', 0)
 2 SYSTEMPATH\Database\BaseConnection.php(738): CodeIgniter\Database\MySQLi\Connection->execute('SELECT `lab_orders`.*, `patients`.`first_name` as `patient_first_name`, `patients`.`last_name` as `patient_last_name`, `patients`.`patient_id_code`, `patients`.`phone_number`, `doctors`.`first_name` as `doctor_first_name`, `doctors`.`last_name` as `doctor_last_name`, `users`.`first_name` as `user_first_name`, `users`.`last_name` as `user_last_name`, `lab_order_items`.`id` as `first_order_item_id`
FROM `lab_orders`
LEFT JOIN `patients` ON `patients`.`id` = `lab_orders`.`patient_id`
LEFT JOIN `doctors` ON `doctors`.`id` = `lab_orders`.`doctor_id`
LEFT JOIN `users` ON `users`.`id` = `lab_orders`.`ordered_by`
LEFT JOIN `lab_order_items` ON `lab_order_items`.`lab_order_id` = `lab_orders`.`id`
GROUP BY `lab_orders`.`id`
ORDER BY `lab_orders`.`created_at` DESC')
 3 SYSTEMPATH\Database\BaseConnection.php(652): CodeIgniter\Database\BaseConnection->simpleQuery('SELECT `lab_orders`.*, `patients`.`first_name` as `patient_first_name`, `patients`.`last_name` as `patient_last_name`, `patients`.`patient_id_code`, `patients`.`phone_number`, `doctors`.`first_name` as `doctor_first_name`, `doctors`.`last_name` as `doctor_last_name`, `users`.`first_name` as `user_first_name`, `users`.`last_name` as `user_last_name`, `lab_order_items`.`id` as `first_order_item_id`
FROM `lab_orders`
LEFT JOIN `patients` ON `patients`.`id` = `lab_orders`.`patient_id`
LEFT JOIN `doctors` ON `doctors`.`id` = `lab_orders`.`doctor_id`
LEFT JOIN `users` ON `users`.`id` = `lab_orders`.`ordered_by`
LEFT JOIN `lab_order_items` ON `lab_order_items`.`lab_order_id` = `lab_orders`.`id`
GROUP BY `lab_orders`.`id`
ORDER BY `lab_orders`.`created_at` DESC')
 4 SYSTEMPATH\Database\BaseBuilder.php(1649): CodeIgniter\Database\BaseConnection->query('SELECT `lab_orders`.*, `patients`.`first_name` as `patient_first_name`, `patients`.`last_name` as `patient_last_name`, `patients`.`patient_id_code`, `patients`.`phone_number`, `doctors`.`first_name` as `doctor_first_name`, `doctors`.`last_name` as `doctor_last_name`, `users`.`first_name` as `user_first_name`, `users`.`last_name` as `user_last_name`, `lab_order_items`.`id` as `first_order_item_id`
FROM `lab_orders`
LEFT JOIN `patients` ON `patients`.`id` = `lab_orders`.`patient_id`
LEFT JOIN `doctors` ON `doctors`.`id` = `lab_orders`.`doctor_id`
LEFT JOIN `users` ON `users`.`id` = `lab_orders`.`ordered_by`
LEFT JOIN `lab_order_items` ON `lab_order_items`.`lab_order_id` = `lab_orders`.`id`
GROUP BY `lab_orders`.`id`
ORDER BY `lab_orders`.`created_at` DESC', [], false)
 5 APPPATH\Controllers\Laboratory\Laboratory.php(55): CodeIgniter\Database\BaseBuilder->get()
 6 SYSTEMPATH\CodeIgniter.php(933): App\Controllers\Laboratory\Laboratory->orders()
 7 SYSTEMPATH\CodeIgniter.php(507): CodeIgniter\CodeIgniter->runController(Object(App\Controllers\Laboratory\Laboratory))
 8 SYSTEMPATH\CodeIgniter.php(354): CodeIgniter\CodeIgniter->handleRequest(null, Object(Config\Cache), false)
 9 SYSTEMPATH\Boot.php(334): CodeIgniter\CodeIgniter->run()
10 SYSTEMPATH\Boot.php(67): CodeIgniter\Boot::runCodeIgniter(Object(CodeIgniter\CodeIgniter))
11 FCPATH\index.php(46): CodeIgniter\Boot::bootWeb(Object(Config\Paths))
DEBUG - 2025-09-25 06:49:57 --> Session: Class initialized using 'CodeIgniter\Session\Handlers\FileHandler' driver.
DEBUG - 2025-09-25 06:49:58 --> Session: Class initialized using 'CodeIgniter\Session\Handlers\FileHandler' driver.
ERROR - 2025-09-25 06:49:58 --> mysqli_sql_exception: Unknown column 'lab_orders.doctor_id' in 'on clause' in C:\xampp\htdocs\hms_ram\system\Database\MySQLi\Connection.php:327
Stack trace:
#0 C:\xampp\htdocs\hms_ram\system\Database\MySQLi\Connection.php(327): mysqli->query('SELECT `lab_ord...', 0)
#1 C:\xampp\htdocs\hms_ram\system\Database\BaseConnection.php(738): CodeIgniter\Database\MySQLi\Connection->execute('SELECT `lab_ord...')
#2 C:\xampp\htdocs\hms_ram\system\Database\BaseConnection.php(652): CodeIgniter\Database\BaseConnection->simpleQuery('SELECT `lab_ord...')
#3 C:\xampp\htdocs\hms_ram\system\Database\BaseBuilder.php(1649): CodeIgniter\Database\BaseConnection->query('SELECT `lab_ord...', Array, false)
#4 C:\xampp\htdocs\hms_ram\app\Controllers\Laboratory\Laboratory.php(55): CodeIgniter\Database\BaseBuilder->get()
#5 C:\xampp\htdocs\hms_ram\system\CodeIgniter.php(933): App\Controllers\Laboratory\Laboratory->orders()
#6 C:\xampp\htdocs\hms_ram\system\CodeIgniter.php(507): CodeIgniter\CodeIgniter->runController(Object(App\Controllers\Laboratory\Laboratory))
#7 C:\xampp\htdocs\hms_ram\system\CodeIgniter.php(354): CodeIgniter\CodeIgniter->handleRequest(NULL, Object(Config\Cache), false)
#8 C:\xampp\htdocs\hms_ram\system\Boot.php(334): CodeIgniter\CodeIgniter->run()
#9 C:\xampp\htdocs\hms_ram\system\Boot.php(67): CodeIgniter\Boot::runCodeIgniter(Object(CodeIgniter\CodeIgniter))
#10 C:\xampp\htdocs\hms_ram\index.php(46): CodeIgniter\Boot::bootWeb(Object(Config\Paths))
#11 {main}
CRITICAL - 2025-09-25 06:49:58 --> CodeIgniter\Database\Exceptions\DatabaseException: Unknown column 'lab_orders.doctor_id' in 'on clause'
[Method: GET, Route: laboratory/orders]
in SYSTEMPATH\Database\BaseConnection.php on line 692.
 1 SYSTEMPATH\Database\BaseBuilder.php(1649): CodeIgniter\Database\BaseConnection->query('SELECT `lab_orders`.*, `patients`.`first_name` as `patient_first_name`, `patients`.`last_name` as `patient_last_name`, `patients`.`patient_id_code`, `patients`.`phone_number`, `doctors`.`first_name` as `doctor_first_name`, `doctors`.`last_name` as `doctor_last_name`, `users`.`first_name` as `user_first_name`, `users`.`last_name` as `user_last_name`, `lab_order_items`.`id` as `first_order_item_id`
FROM `lab_orders`
LEFT JOIN `patients` ON `patients`.`id` = `lab_orders`.`patient_id`
LEFT JOIN `doctors` ON `doctors`.`id` = `lab_orders`.`doctor_id`
LEFT JOIN `users` ON `users`.`id` = `lab_orders`.`ordered_by`
LEFT JOIN `lab_order_items` ON `lab_order_items`.`lab_order_id` = `lab_orders`.`id`
GROUP BY `lab_orders`.`id`
ORDER BY `lab_orders`.`created_at` DESC', [], false)
 2 APPPATH\Controllers\Laboratory\Laboratory.php(55): CodeIgniter\Database\BaseBuilder->get()
 3 SYSTEMPATH\CodeIgniter.php(933): App\Controllers\Laboratory\Laboratory->orders()
 4 SYSTEMPATH\CodeIgniter.php(507): CodeIgniter\CodeIgniter->runController(Object(App\Controllers\Laboratory\Laboratory))
 5 SYSTEMPATH\CodeIgniter.php(354): CodeIgniter\CodeIgniter->handleRequest(null, Object(Config\Cache), false)
 6 SYSTEMPATH\Boot.php(334): CodeIgniter\CodeIgniter->run()
 7 SYSTEMPATH\Boot.php(67): CodeIgniter\Boot::runCodeIgniter(Object(CodeIgniter\CodeIgniter))
 8 FCPATH\index.php(46): CodeIgniter\Boot::bootWeb(Object(Config\Paths))
CRITICAL - 2025-09-25 06:49:58 --> [Caused by] CodeIgniter\Database\Exceptions\DatabaseException: Unknown column 'lab_orders.doctor_id' in 'on clause'
in SYSTEMPATH\Database\MySQLi\Connection.php on line 332.
 1 SYSTEMPATH\Database\BaseConnection.php(738): CodeIgniter\Database\MySQLi\Connection->execute('SELECT `lab_orders`.*, `patients`.`first_name` as `patient_first_name`, `patients`.`last_name` as `patient_last_name`, `patients`.`patient_id_code`, `patients`.`phone_number`, `doctors`.`first_name` as `doctor_first_name`, `doctors`.`last_name` as `doctor_last_name`, `users`.`first_name` as `user_first_name`, `users`.`last_name` as `user_last_name`, `lab_order_items`.`id` as `first_order_item_id`
FROM `lab_orders`
LEFT JOIN `patients` ON `patients`.`id` = `lab_orders`.`patient_id`
LEFT JOIN `doctors` ON `doctors`.`id` = `lab_orders`.`doctor_id`
LEFT JOIN `users` ON `users`.`id` = `lab_orders`.`ordered_by`
LEFT JOIN `lab_order_items` ON `lab_order_items`.`lab_order_id` = `lab_orders`.`id`
GROUP BY `lab_orders`.`id`
ORDER BY `lab_orders`.`created_at` DESC')
 2 SYSTEMPATH\Database\BaseConnection.php(652): CodeIgniter\Database\BaseConnection->simpleQuery('SELECT `lab_orders`.*, `patients`.`first_name` as `patient_first_name`, `patients`.`last_name` as `patient_last_name`, `patients`.`patient_id_code`, `patients`.`phone_number`, `doctors`.`first_name` as `doctor_first_name`, `doctors`.`last_name` as `doctor_last_name`, `users`.`first_name` as `user_first_name`, `users`.`last_name` as `user_last_name`, `lab_order_items`.`id` as `first_order_item_id`
FROM `lab_orders`
LEFT JOIN `patients` ON `patients`.`id` = `lab_orders`.`patient_id`
LEFT JOIN `doctors` ON `doctors`.`id` = `lab_orders`.`doctor_id`
LEFT JOIN `users` ON `users`.`id` = `lab_orders`.`ordered_by`
LEFT JOIN `lab_order_items` ON `lab_order_items`.`lab_order_id` = `lab_orders`.`id`
GROUP BY `lab_orders`.`id`
ORDER BY `lab_orders`.`created_at` DESC')
 3 SYSTEMPATH\Database\BaseBuilder.php(1649): CodeIgniter\Database\BaseConnection->query('SELECT `lab_orders`.*, `patients`.`first_name` as `patient_first_name`, `patients`.`last_name` as `patient_last_name`, `patients`.`patient_id_code`, `patients`.`phone_number`, `doctors`.`first_name` as `doctor_first_name`, `doctors`.`last_name` as `doctor_last_name`, `users`.`first_name` as `user_first_name`, `users`.`last_name` as `user_last_name`, `lab_order_items`.`id` as `first_order_item_id`
FROM `lab_orders`
LEFT JOIN `patients` ON `patients`.`id` = `lab_orders`.`patient_id`
LEFT JOIN `doctors` ON `doctors`.`id` = `lab_orders`.`doctor_id`
LEFT JOIN `users` ON `users`.`id` = `lab_orders`.`ordered_by`
LEFT JOIN `lab_order_items` ON `lab_order_items`.`lab_order_id` = `lab_orders`.`id`
GROUP BY `lab_orders`.`id`
ORDER BY `lab_orders`.`created_at` DESC', [], false)
 4 APPPATH\Controllers\Laboratory\Laboratory.php(55): CodeIgniter\Database\BaseBuilder->get()
 5 SYSTEMPATH\CodeIgniter.php(933): App\Controllers\Laboratory\Laboratory->orders()
 6 SYSTEMPATH\CodeIgniter.php(507): CodeIgniter\CodeIgniter->runController(Object(App\Controllers\Laboratory\Laboratory))
 7 SYSTEMPATH\CodeIgniter.php(354): CodeIgniter\CodeIgniter->handleRequest(null, Object(Config\Cache), false)
 8 SYSTEMPATH\Boot.php(334): CodeIgniter\CodeIgniter->run()
 9 SYSTEMPATH\Boot.php(67): CodeIgniter\Boot::runCodeIgniter(Object(CodeIgniter\CodeIgniter))
10 FCPATH\index.php(46): CodeIgniter\Boot::bootWeb(Object(Config\Paths))
CRITICAL - 2025-09-25 06:49:58 --> [Caused by] mysqli_sql_exception: Unknown column 'lab_orders.doctor_id' in 'on clause'
in SYSTEMPATH\Database\MySQLi\Connection.php on line 327.
 1 SYSTEMPATH\Database\MySQLi\Connection.php(327): mysqli->query('SELECT `lab_orders`.*, `patients`.`first_name` as `patient_first_name`, `patients`.`last_name` as `patient_last_name`, `patients`.`patient_id_code`, `patients`.`phone_number`, `doctors`.`first_name` as `doctor_first_name`, `doctors`.`last_name` as `doctor_last_name`, `users`.`first_name` as `user_first_name`, `users`.`last_name` as `user_last_name`, `lab_order_items`.`id` as `first_order_item_id`
FROM `lab_orders`
LEFT JOIN `patients` ON `patients`.`id` = `lab_orders`.`patient_id`
LEFT JOIN `doctors` ON `doctors`.`id` = `lab_orders`.`doctor_id`
LEFT JOIN `users` ON `users`.`id` = `lab_orders`.`ordered_by`
LEFT JOIN `lab_order_items` ON `lab_order_items`.`lab_order_id` = `lab_orders`.`id`
GROUP BY `lab_orders`.`id`
ORDER BY `lab_orders`.`created_at` DESC', 0)
 2 SYSTEMPATH\Database\BaseConnection.php(738): CodeIgniter\Database\MySQLi\Connection->execute('SELECT `lab_orders`.*, `patients`.`first_name` as `patient_first_name`, `patients`.`last_name` as `patient_last_name`, `patients`.`patient_id_code`, `patients`.`phone_number`, `doctors`.`first_name` as `doctor_first_name`, `doctors`.`last_name` as `doctor_last_name`, `users`.`first_name` as `user_first_name`, `users`.`last_name` as `user_last_name`, `lab_order_items`.`id` as `first_order_item_id`
FROM `lab_orders`
LEFT JOIN `patients` ON `patients`.`id` = `lab_orders`.`patient_id`
LEFT JOIN `doctors` ON `doctors`.`id` = `lab_orders`.`doctor_id`
LEFT JOIN `users` ON `users`.`id` = `lab_orders`.`ordered_by`
LEFT JOIN `lab_order_items` ON `lab_order_items`.`lab_order_id` = `lab_orders`.`id`
GROUP BY `lab_orders`.`id`
ORDER BY `lab_orders`.`created_at` DESC')
 3 SYSTEMPATH\Database\BaseConnection.php(652): CodeIgniter\Database\BaseConnection->simpleQuery('SELECT `lab_orders`.*, `patients`.`first_name` as `patient_first_name`, `patients`.`last_name` as `patient_last_name`, `patients`.`patient_id_code`, `patients`.`phone_number`, `doctors`.`first_name` as `doctor_first_name`, `doctors`.`last_name` as `doctor_last_name`, `users`.`first_name` as `user_first_name`, `users`.`last_name` as `user_last_name`, `lab_order_items`.`id` as `first_order_item_id`
FROM `lab_orders`
LEFT JOIN `patients` ON `patients`.`id` = `lab_orders`.`patient_id`
LEFT JOIN `doctors` ON `doctors`.`id` = `lab_orders`.`doctor_id`
LEFT JOIN `users` ON `users`.`id` = `lab_orders`.`ordered_by`
LEFT JOIN `lab_order_items` ON `lab_order_items`.`lab_order_id` = `lab_orders`.`id`
GROUP BY `lab_orders`.`id`
ORDER BY `lab_orders`.`created_at` DESC')
 4 SYSTEMPATH\Database\BaseBuilder.php(1649): CodeIgniter\Database\BaseConnection->query('SELECT `lab_orders`.*, `patients`.`first_name` as `patient_first_name`, `patients`.`last_name` as `patient_last_name`, `patients`.`patient_id_code`, `patients`.`phone_number`, `doctors`.`first_name` as `doctor_first_name`, `doctors`.`last_name` as `doctor_last_name`, `users`.`first_name` as `user_first_name`, `users`.`last_name` as `user_last_name`, `lab_order_items`.`id` as `first_order_item_id`
FROM `lab_orders`
LEFT JOIN `patients` ON `patients`.`id` = `lab_orders`.`patient_id`
LEFT JOIN `doctors` ON `doctors`.`id` = `lab_orders`.`doctor_id`
LEFT JOIN `users` ON `users`.`id` = `lab_orders`.`ordered_by`
LEFT JOIN `lab_order_items` ON `lab_order_items`.`lab_order_id` = `lab_orders`.`id`
GROUP BY `lab_orders`.`id`
ORDER BY `lab_orders`.`created_at` DESC', [], false)
 5 APPPATH\Controllers\Laboratory\Laboratory.php(55): CodeIgniter\Database\BaseBuilder->get()
 6 SYSTEMPATH\CodeIgniter.php(933): App\Controllers\Laboratory\Laboratory->orders()
 7 SYSTEMPATH\CodeIgniter.php(507): CodeIgniter\CodeIgniter->runController(Object(App\Controllers\Laboratory\Laboratory))
 8 SYSTEMPATH\CodeIgniter.php(354): CodeIgniter\CodeIgniter->handleRequest(null, Object(Config\Cache), false)
 9 SYSTEMPATH\Boot.php(334): CodeIgniter\CodeIgniter->run()
10 SYSTEMPATH\Boot.php(67): CodeIgniter\Boot::runCodeIgniter(Object(CodeIgniter\CodeIgniter))
11 FCPATH\index.php(46): CodeIgniter\Boot::bootWeb(Object(Config\Paths))
DEBUG - 2025-09-25 06:50:07 --> Session: Class initialized using 'CodeIgniter\Session\Handlers\FileHandler' driver.
DEBUG - 2025-09-25 06:50:09 --> Session: Class initialized using 'CodeIgniter\Session\Handlers\FileHandler' driver.
DEBUG - 2025-09-25 06:50:09 --> Session: Class initialized using 'CodeIgniter\Session\Handlers\FileHandler' driver.
DEBUG - 2025-09-25 06:50:12 --> Session: Class initialized using 'CodeIgniter\Session\Handlers\FileHandler' driver.
ERROR - 2025-09-25 06:50:12 --> mysqli_sql_exception: Unknown column 'lab_orders.doctor_id' in 'on clause' in C:\xampp\htdocs\hms_ram\system\Database\MySQLi\Connection.php:327
Stack trace:
#0 C:\xampp\htdocs\hms_ram\system\Database\MySQLi\Connection.php(327): mysqli->query('SELECT `lab_ord...', 0)
#1 C:\xampp\htdocs\hms_ram\system\Database\BaseConnection.php(738): CodeIgniter\Database\MySQLi\Connection->execute('SELECT `lab_ord...')
#2 C:\xampp\htdocs\hms_ram\system\Database\BaseConnection.php(652): CodeIgniter\Database\BaseConnection->simpleQuery('SELECT `lab_ord...')
#3 C:\xampp\htdocs\hms_ram\system\Database\BaseBuilder.php(1649): CodeIgniter\Database\BaseConnection->query('SELECT `lab_ord...', Array, false)
#4 C:\xampp\htdocs\hms_ram\app\Controllers\Laboratory\Laboratory.php(55): CodeIgniter\Database\BaseBuilder->get()
#5 C:\xampp\htdocs\hms_ram\system\CodeIgniter.php(933): App\Controllers\Laboratory\Laboratory->orders()
#6 C:\xampp\htdocs\hms_ram\system\CodeIgniter.php(507): CodeIgniter\CodeIgniter->runController(Object(App\Controllers\Laboratory\Laboratory))
#7 C:\xampp\htdocs\hms_ram\system\CodeIgniter.php(354): CodeIgniter\CodeIgniter->handleRequest(NULL, Object(Config\Cache), false)
#8 C:\xampp\htdocs\hms_ram\system\Boot.php(334): CodeIgniter\CodeIgniter->run()
#9 C:\xampp\htdocs\hms_ram\system\Boot.php(67): CodeIgniter\Boot::runCodeIgniter(Object(CodeIgniter\CodeIgniter))
#10 C:\xampp\htdocs\hms_ram\index.php(46): CodeIgniter\Boot::bootWeb(Object(Config\Paths))
#11 {main}
CRITICAL - 2025-09-25 06:50:12 --> CodeIgniter\Database\Exceptions\DatabaseException: Unknown column 'lab_orders.doctor_id' in 'on clause'
[Method: GET, Route: laboratory/orders]
in SYSTEMPATH\Database\BaseConnection.php on line 692.
 1 SYSTEMPATH\Database\BaseBuilder.php(1649): CodeIgniter\Database\BaseConnection->query('SELECT `lab_orders`.*, `patients`.`first_name` as `patient_first_name`, `patients`.`last_name` as `patient_last_name`, `patients`.`patient_id_code`, `patients`.`phone_number`, `doctors`.`first_name` as `doctor_first_name`, `doctors`.`last_name` as `doctor_last_name`, `users`.`first_name` as `user_first_name`, `users`.`last_name` as `user_last_name`, `lab_order_items`.`id` as `first_order_item_id`
FROM `lab_orders`
LEFT JOIN `patients` ON `patients`.`id` = `lab_orders`.`patient_id`
LEFT JOIN `doctors` ON `doctors`.`id` = `lab_orders`.`doctor_id`
LEFT JOIN `users` ON `users`.`id` = `lab_orders`.`ordered_by`
LEFT JOIN `lab_order_items` ON `lab_order_items`.`lab_order_id` = `lab_orders`.`id`
GROUP BY `lab_orders`.`id`
ORDER BY `lab_orders`.`created_at` DESC', [], false)
 2 APPPATH\Controllers\Laboratory\Laboratory.php(55): CodeIgniter\Database\BaseBuilder->get()
 3 SYSTEMPATH\CodeIgniter.php(933): App\Controllers\Laboratory\Laboratory->orders()
 4 SYSTEMPATH\CodeIgniter.php(507): CodeIgniter\CodeIgniter->runController(Object(App\Controllers\Laboratory\Laboratory))
 5 SYSTEMPATH\CodeIgniter.php(354): CodeIgniter\CodeIgniter->handleRequest(null, Object(Config\Cache), false)
 6 SYSTEMPATH\Boot.php(334): CodeIgniter\CodeIgniter->run()
 7 SYSTEMPATH\Boot.php(67): CodeIgniter\Boot::runCodeIgniter(Object(CodeIgniter\CodeIgniter))
 8 FCPATH\index.php(46): CodeIgniter\Boot::bootWeb(Object(Config\Paths))
CRITICAL - 2025-09-25 06:50:12 --> [Caused by] CodeIgniter\Database\Exceptions\DatabaseException: Unknown column 'lab_orders.doctor_id' in 'on clause'
in SYSTEMPATH\Database\MySQLi\Connection.php on line 332.
 1 SYSTEMPATH\Database\BaseConnection.php(738): CodeIgniter\Database\MySQLi\Connection->execute('SELECT `lab_orders`.*, `patients`.`first_name` as `patient_first_name`, `patients`.`last_name` as `patient_last_name`, `patients`.`patient_id_code`, `patients`.`phone_number`, `doctors`.`first_name` as `doctor_first_name`, `doctors`.`last_name` as `doctor_last_name`, `users`.`first_name` as `user_first_name`, `users`.`last_name` as `user_last_name`, `lab_order_items`.`id` as `first_order_item_id`
FROM `lab_orders`
LEFT JOIN `patients` ON `patients`.`id` = `lab_orders`.`patient_id`
LEFT JOIN `doctors` ON `doctors`.`id` = `lab_orders`.`doctor_id`
LEFT JOIN `users` ON `users`.`id` = `lab_orders`.`ordered_by`
LEFT JOIN `lab_order_items` ON `lab_order_items`.`lab_order_id` = `lab_orders`.`id`
GROUP BY `lab_orders`.`id`
ORDER BY `lab_orders`.`created_at` DESC')
 2 SYSTEMPATH\Database\BaseConnection.php(652): CodeIgniter\Database\BaseConnection->simpleQuery('SELECT `lab_orders`.*, `patients`.`first_name` as `patient_first_name`, `patients`.`last_name` as `patient_last_name`, `patients`.`patient_id_code`, `patients`.`phone_number`, `doctors`.`first_name` as `doctor_first_name`, `doctors`.`last_name` as `doctor_last_name`, `users`.`first_name` as `user_first_name`, `users`.`last_name` as `user_last_name`, `lab_order_items`.`id` as `first_order_item_id`
FROM `lab_orders`
LEFT JOIN `patients` ON `patients`.`id` = `lab_orders`.`patient_id`
LEFT JOIN `doctors` ON `doctors`.`id` = `lab_orders`.`doctor_id`
LEFT JOIN `users` ON `users`.`id` = `lab_orders`.`ordered_by`
LEFT JOIN `lab_order_items` ON `lab_order_items`.`lab_order_id` = `lab_orders`.`id`
GROUP BY `lab_orders`.`id`
ORDER BY `lab_orders`.`created_at` DESC')
 3 SYSTEMPATH\Database\BaseBuilder.php(1649): CodeIgniter\Database\BaseConnection->query('SELECT `lab_orders`.*, `patients`.`first_name` as `patient_first_name`, `patients`.`last_name` as `patient_last_name`, `patients`.`patient_id_code`, `patients`.`phone_number`, `doctors`.`first_name` as `doctor_first_name`, `doctors`.`last_name` as `doctor_last_name`, `users`.`first_name` as `user_first_name`, `users`.`last_name` as `user_last_name`, `lab_order_items`.`id` as `first_order_item_id`
FROM `lab_orders`
LEFT JOIN `patients` ON `patients`.`id` = `lab_orders`.`patient_id`
LEFT JOIN `doctors` ON `doctors`.`id` = `lab_orders`.`doctor_id`
LEFT JOIN `users` ON `users`.`id` = `lab_orders`.`ordered_by`
LEFT JOIN `lab_order_items` ON `lab_order_items`.`lab_order_id` = `lab_orders`.`id`
GROUP BY `lab_orders`.`id`
ORDER BY `lab_orders`.`created_at` DESC', [], false)
 4 APPPATH\Controllers\Laboratory\Laboratory.php(55): CodeIgniter\Database\BaseBuilder->get()
 5 SYSTEMPATH\CodeIgniter.php(933): App\Controllers\Laboratory\Laboratory->orders()
 6 SYSTEMPATH\CodeIgniter.php(507): CodeIgniter\CodeIgniter->runController(Object(App\Controllers\Laboratory\Laboratory))
 7 SYSTEMPATH\CodeIgniter.php(354): CodeIgniter\CodeIgniter->handleRequest(null, Object(Config\Cache), false)
 8 SYSTEMPATH\Boot.php(334): CodeIgniter\CodeIgniter->run()
 9 SYSTEMPATH\Boot.php(67): CodeIgniter\Boot::runCodeIgniter(Object(CodeIgniter\CodeIgniter))
10 FCPATH\index.php(46): CodeIgniter\Boot::bootWeb(Object(Config\Paths))
CRITICAL - 2025-09-25 06:50:12 --> [Caused by] mysqli_sql_exception: Unknown column 'lab_orders.doctor_id' in 'on clause'
in SYSTEMPATH\Database\MySQLi\Connection.php on line 327.
 1 SYSTEMPATH\Database\MySQLi\Connection.php(327): mysqli->query('SELECT `lab_orders`.*, `patients`.`first_name` as `patient_first_name`, `patients`.`last_name` as `patient_last_name`, `patients`.`patient_id_code`, `patients`.`phone_number`, `doctors`.`first_name` as `doctor_first_name`, `doctors`.`last_name` as `doctor_last_name`, `users`.`first_name` as `user_first_name`, `users`.`last_name` as `user_last_name`, `lab_order_items`.`id` as `first_order_item_id`
FROM `lab_orders`
LEFT JOIN `patients` ON `patients`.`id` = `lab_orders`.`patient_id`
LEFT JOIN `doctors` ON `doctors`.`id` = `lab_orders`.`doctor_id`
LEFT JOIN `users` ON `users`.`id` = `lab_orders`.`ordered_by`
LEFT JOIN `lab_order_items` ON `lab_order_items`.`lab_order_id` = `lab_orders`.`id`
GROUP BY `lab_orders`.`id`
ORDER BY `lab_orders`.`created_at` DESC', 0)
 2 SYSTEMPATH\Database\BaseConnection.php(738): CodeIgniter\Database\MySQLi\Connection->execute('SELECT `lab_orders`.*, `patients`.`first_name` as `patient_first_name`, `patients`.`last_name` as `patient_last_name`, `patients`.`patient_id_code`, `patients`.`phone_number`, `doctors`.`first_name` as `doctor_first_name`, `doctors`.`last_name` as `doctor_last_name`, `users`.`first_name` as `user_first_name`, `users`.`last_name` as `user_last_name`, `lab_order_items`.`id` as `first_order_item_id`
FROM `lab_orders`
LEFT JOIN `patients` ON `patients`.`id` = `lab_orders`.`patient_id`
LEFT JOIN `doctors` ON `doctors`.`id` = `lab_orders`.`doctor_id`
LEFT JOIN `users` ON `users`.`id` = `lab_orders`.`ordered_by`
LEFT JOIN `lab_order_items` ON `lab_order_items`.`lab_order_id` = `lab_orders`.`id`
GROUP BY `lab_orders`.`id`
ORDER BY `lab_orders`.`created_at` DESC')
 3 SYSTEMPATH\Database\BaseConnection.php(652): CodeIgniter\Database\BaseConnection->simpleQuery('SELECT `lab_orders`.*, `patients`.`first_name` as `patient_first_name`, `patients`.`last_name` as `patient_last_name`, `patients`.`patient_id_code`, `patients`.`phone_number`, `doctors`.`first_name` as `doctor_first_name`, `doctors`.`last_name` as `doctor_last_name`, `users`.`first_name` as `user_first_name`, `users`.`last_name` as `user_last_name`, `lab_order_items`.`id` as `first_order_item_id`
FROM `lab_orders`
LEFT JOIN `patients` ON `patients`.`id` = `lab_orders`.`patient_id`
LEFT JOIN `doctors` ON `doctors`.`id` = `lab_orders`.`doctor_id`
LEFT JOIN `users` ON `users`.`id` = `lab_orders`.`ordered_by`
LEFT JOIN `lab_order_items` ON `lab_order_items`.`lab_order_id` = `lab_orders`.`id`
GROUP BY `lab_orders`.`id`
ORDER BY `lab_orders`.`created_at` DESC')
 4 SYSTEMPATH\Database\BaseBuilder.php(1649): CodeIgniter\Database\BaseConnection->query('SELECT `lab_orders`.*, `patients`.`first_name` as `patient_first_name`, `patients`.`last_name` as `patient_last_name`, `patients`.`patient_id_code`, `patients`.`phone_number`, `doctors`.`first_name` as `doctor_first_name`, `doctors`.`last_name` as `doctor_last_name`, `users`.`first_name` as `user_first_name`, `users`.`last_name` as `user_last_name`, `lab_order_items`.`id` as `first_order_item_id`
FROM `lab_orders`
LEFT JOIN `patients` ON `patients`.`id` = `lab_orders`.`patient_id`
LEFT JOIN `doctors` ON `doctors`.`id` = `lab_orders`.`doctor_id`
LEFT JOIN `users` ON `users`.`id` = `lab_orders`.`ordered_by`
LEFT JOIN `lab_order_items` ON `lab_order_items`.`lab_order_id` = `lab_orders`.`id`
GROUP BY `lab_orders`.`id`
ORDER BY `lab_orders`.`created_at` DESC', [], false)
 5 APPPATH\Controllers\Laboratory\Laboratory.php(55): CodeIgniter\Database\BaseBuilder->get()
 6 SYSTEMPATH\CodeIgniter.php(933): App\Controllers\Laboratory\Laboratory->orders()
 7 SYSTEMPATH\CodeIgniter.php(507): CodeIgniter\CodeIgniter->runController(Object(App\Controllers\Laboratory\Laboratory))
 8 SYSTEMPATH\CodeIgniter.php(354): CodeIgniter\CodeIgniter->handleRequest(null, Object(Config\Cache), false)
 9 SYSTEMPATH\Boot.php(334): CodeIgniter\CodeIgniter->run()
10 SYSTEMPATH\Boot.php(67): CodeIgniter\Boot::runCodeIgniter(Object(CodeIgniter\CodeIgniter))
11 FCPATH\index.php(46): CodeIgniter\Boot::bootWeb(Object(Config\Paths))
DEBUG - 2025-09-25 06:51:33 --> Session: Class initialized using 'CodeIgniter\Session\Handlers\FileHandler' driver.
DEBUG - 2025-09-25 06:51:48 --> Session: Class initialized using 'CodeIgniter\Session\Handlers\FileHandler' driver.
DEBUG - 2025-09-25 06:51:51 --> Session: Class initialized using 'CodeIgniter\Session\Handlers\FileHandler' driver.
DEBUG - 2025-09-25 06:51:52 --> Session: Class initialized using 'CodeIgniter\Session\Handlers\FileHandler' driver.
DEBUG - 2025-09-25 06:51:58 --> Session: Class initialized using 'CodeIgniter\Session\Handlers\FileHandler' driver.
DEBUG - 2025-09-25 06:52:09 --> Session: Class initialized using 'CodeIgniter\Session\Handlers\FileHandler' driver.
DEBUG - 2025-09-25 06:52:09 --> Session: Class initialized using 'CodeIgniter\Session\Handlers\FileHandler' driver.
DEBUG - 2025-09-25 06:52:14 --> Session: Class initialized using 'CodeIgniter\Session\Handlers\FileHandler' driver.
DEBUG - 2025-09-25 06:52:14 --> Session: Class initialized using 'CodeIgniter\Session\Handlers\FileHandler' driver.
DEBUG - 2025-09-25 06:52:16 --> Session: Class initialized using 'CodeIgniter\Session\Handlers\FileHandler' driver.
DEBUG - 2025-09-25 06:52:21 --> Session: Class initialized using 'CodeIgniter\Session\Handlers\FileHandler' driver.
DEBUG - 2025-09-25 06:52:21 --> Session: Class initialized using 'CodeIgniter\Session\Handlers\FileHandler' driver.
DEBUG - 2025-09-25 06:52:29 --> Session: Class initialized using 'CodeIgniter\Session\Handlers\FileHandler' driver.
DEBUG - 2025-09-25 06:52:32 --> Session: Class initialized using 'CodeIgniter\Session\Handlers\FileHandler' driver.
DEBUG - 2025-09-25 06:52:36 --> Session: Class initialized using 'CodeIgniter\Session\Handlers\FileHandler' driver.
DEBUG - 2025-09-25 06:52:36 --> Session: Class initialized using 'CodeIgniter\Session\Handlers\FileHandler' driver.
DEBUG - 2025-09-25 06:52:40 --> Session: Class initialized using 'CodeIgniter\Session\Handlers\FileHandler' driver.
DEBUG - 2025-09-25 06:52:40 --> Session: Class initialized using 'CodeIgniter\Session\Handlers\FileHandler' driver.
DEBUG - 2025-09-25 06:52:43 --> Session: Class initialized using 'CodeIgniter\Session\Handlers\FileHandler' driver.
DEBUG - 2025-09-25 06:54:29 --> Session: Class initialized using 'CodeIgniter\Session\Handlers\FileHandler' driver.
DEBUG - 2025-09-25 06:54:33 --> Session: Class initialized using 'CodeIgniter\Session\Handlers\FileHandler' driver.
DEBUG - 2025-09-25 06:54:34 --> Session: Class initialized using 'CodeIgniter\Session\Handlers\FileHandler' driver.
DEBUG - 2025-09-25 06:54:38 --> Session: Class initialized using 'CodeIgniter\Session\Handlers\FileHandler' driver.
DEBUG - 2025-09-25 06:56:00 --> Session: Class initialized using 'CodeIgniter\Session\Handlers\FileHandler' driver.
DEBUG - 2025-09-25 06:56:19 --> Session: Class initialized using 'CodeIgniter\Session\Handlers\FileHandler' driver.
DEBUG - 2025-09-25 06:56:27 --> Session: Class initialized using 'CodeIgniter\Session\Handlers\FileHandler' driver.
DEBUG - 2025-09-25 06:56:43 --> Session: Class initialized using 'CodeIgniter\Session\Handlers\FileHandler' driver.
DEBUG - 2025-09-25 06:56:43 --> Session: Class initialized using 'CodeIgniter\Session\Handlers\FileHandler' driver.
DEBUG - 2025-09-25 06:56:59 --> Session: Class initialized using 'CodeIgniter\Session\Handlers\FileHandler' driver.
DEBUG - 2025-09-25 06:57:03 --> Session: Class initialized using 'CodeIgniter\Session\Handlers\FileHandler' driver.
DEBUG - 2025-09-25 06:58:36 --> Session: Class initialized using 'CodeIgniter\Session\Handlers\FileHandler' driver.
DEBUG - 2025-09-25 07:05:26 --> Session: Class initialized using 'CodeIgniter\Session\Handlers\FileHandler' driver.
DEBUG - 2025-09-25 07:05:33 --> Session: Class initialized using 'CodeIgniter\Session\Handlers\FileHandler' driver.
DEBUG - 2025-09-25 07:05:35 --> Session: Class initialized using 'CodeIgniter\Session\Handlers\FileHandler' driver.
DEBUG - 2025-09-25 07:05:36 --> Session: Class initialized using 'CodeIgniter\Session\Handlers\FileHandler' driver.
DEBUG - 2025-09-25 07:05:56 --> Session: Class initialized using 'CodeIgniter\Session\Handlers\FileHandler' driver.
DEBUG - 2025-09-25 07:06:03 --> Session: Class initialized using 'CodeIgniter\Session\Handlers\FileHandler' driver.
DEBUG - 2025-09-25 07:10:52 --> Session: Class initialized using 'CodeIgniter\Session\Handlers\FileHandler' driver.
DEBUG - 2025-09-25 07:12:24 --> Session: Class initialized using 'CodeIgniter\Session\Handlers\FileHandler' driver.
DEBUG - 2025-09-25 07:12:27 --> Session: Class initialized using 'CodeIgniter\Session\Handlers\FileHandler' driver.
DEBUG - 2025-09-25 07:12:40 --> Session: Class initialized using 'CodeIgniter\Session\Handlers\FileHandler' driver.
DEBUG - 2025-09-25 07:13:03 --> Session: Class initialized using 'CodeIgniter\Session\Handlers\FileHandler' driver.
DEBUG - 2025-09-25 07:13:09 --> Session: Class initialized using 'CodeIgniter\Session\Handlers\FileHandler' driver.
DEBUG - 2025-09-25 07:13:12 --> Session: Class initialized using 'CodeIgniter\Session\Handlers\FileHandler' driver.
DEBUG - 2025-09-25 07:13:22 --> Session: Class initialized using 'CodeIgniter\Session\Handlers\FileHandler' driver.
DEBUG - 2025-09-25 07:13:31 --> Session: Class initialized using 'CodeIgniter\Session\Handlers\FileHandler' driver.
DEBUG - 2025-09-25 07:13:37 --> Session: Class initialized using 'CodeIgniter\Session\Handlers\FileHandler' driver.
DEBUG - 2025-09-25 07:13:38 --> Session: Class initialized using 'CodeIgniter\Session\Handlers\FileHandler' driver.
DEBUG - 2025-09-25 07:13:51 --> Session: Class initialized using 'CodeIgniter\Session\Handlers\FileHandler' driver.
DEBUG - 2025-09-25 07:13:56 --> Session: Class initialized using 'CodeIgniter\Session\Handlers\FileHandler' driver.
DEBUG - 2025-09-25 07:14:02 --> Session: Class initialized using 'CodeIgniter\Session\Handlers\FileHandler' driver.
DEBUG - 2025-09-25 07:14:03 --> Session: Class initialized using 'CodeIgniter\Session\Handlers\FileHandler' driver.
DEBUG - 2025-09-25 07:24:23 --> Session: Class initialized using 'CodeIgniter\Session\Handlers\FileHandler' driver.
DEBUG - 2025-09-25 07:24:27 --> Session: Class initialized using 'CodeIgniter\Session\Handlers\FileHandler' driver.
DEBUG - 2025-09-25 07:25:05 --> Session: Class initialized using 'CodeIgniter\Session\Handlers\FileHandler' driver.
DEBUG - 2025-09-25 07:26:04 --> Session: Class initialized using 'CodeIgniter\Session\Handlers\FileHandler' driver.
DEBUG - 2025-09-25 07:26:05 --> Session: Class initialized using 'CodeIgniter\Session\Handlers\FileHandler' driver.
DEBUG - 2025-09-25 07:27:46 --> Session: Class initialized using 'CodeIgniter\Session\Handlers\FileHandler' driver.
DEBUG - 2025-09-25 07:27:49 --> Session: Class initialized using 'CodeIgniter\Session\Handlers\FileHandler' driver.
DEBUG - 2025-09-25 07:28:31 --> Session: Class initialized using 'CodeIgniter\Session\Handlers\FileHandler' driver.
DEBUG - 2025-09-25 07:28:32 --> Session: Class initialized using 'CodeIgniter\Session\Handlers\FileHandler' driver.
DEBUG - 2025-09-25 07:28:34 --> Session: Class initialized using 'CodeIgniter\Session\Handlers\FileHandler' driver.
DEBUG - 2025-09-25 07:28:36 --> Session: Class initialized using 'CodeIgniter\Session\Handlers\FileHandler' driver.
DEBUG - 2025-09-25 07:28:37 --> Session: Class initialized using 'CodeIgniter\Session\Handlers\FileHandler' driver.
DEBUG - 2025-09-25 07:28:43 --> Session: Class initialized using 'CodeIgniter\Session\Handlers\FileHandler' driver.
DEBUG - 2025-09-25 07:28:56 --> Session: Class initialized using 'CodeIgniter\Session\Handlers\FileHandler' driver.
DEBUG - 2025-09-25 07:29:03 --> Session: Class initialized using 'CodeIgniter\Session\Handlers\FileHandler' driver.
DEBUG - 2025-09-25 07:29:20 --> Session: Class initialized using 'CodeIgniter\Session\Handlers\FileHandler' driver.
DEBUG - 2025-09-25 07:29:25 --> Session: Class initialized using 'CodeIgniter\Session\Handlers\FileHandler' driver.
DEBUG - 2025-09-25 07:29:38 --> Session: Class initialized using 'CodeIgniter\Session\Handlers\FileHandler' driver.
DEBUG - 2025-09-25 07:30:46 --> Session: Class initialized using 'CodeIgniter\Session\Handlers\FileHandler' driver.
DEBUG - 2025-09-25 07:31:25 --> Session: Class initialized using 'CodeIgniter\Session\Handlers\FileHandler' driver.
DEBUG - 2025-09-25 07:31:28 --> Session: Class initialized using 'CodeIgniter\Session\Handlers\FileHandler' driver.
DEBUG - 2025-09-25 07:31:42 --> Session: Class initialized using 'CodeIgniter\Session\Handlers\FileHandler' driver.
DEBUG - 2025-09-25 07:31:51 --> Session: Class initialized using 'CodeIgniter\Session\Handlers\FileHandler' driver.
DEBUG - 2025-09-25 07:33:01 --> Session: Class initialized using 'CodeIgniter\Session\Handlers\FileHandler' driver.
DEBUG - 2025-09-25 07:33:07 --> Session: Class initialized using 'CodeIgniter\Session\Handlers\FileHandler' driver.
DEBUG - 2025-09-25 07:34:49 --> Session: Class initialized using 'CodeIgniter\Session\Handlers\FileHandler' driver.
DEBUG - 2025-09-25 07:35:39 --> Session: Class initialized using 'CodeIgniter\Session\Handlers\FileHandler' driver.
DEBUG - 2025-09-25 07:36:26 --> Session: Class initialized using 'CodeIgniter\Session\Handlers\FileHandler' driver.
DEBUG - 2025-09-25 07:36:30 --> Session: Class initialized using 'CodeIgniter\Session\Handlers\FileHandler' driver.
DEBUG - 2025-09-25 07:36:30 --> Session: Class initialized using 'CodeIgniter\Session\Handlers\FileHandler' driver.
DEBUG - 2025-09-25 07:38:39 --> Session: Class initialized using 'CodeIgniter\Session\Handlers\FileHandler' driver.
DEBUG - 2025-09-25 07:38:44 --> Session: Class initialized using 'CodeIgniter\Session\Handlers\FileHandler' driver.
DEBUG - 2025-09-25 07:38:53 --> Session: Class initialized using 'CodeIgniter\Session\Handlers\FileHandler' driver.
DEBUG - 2025-09-25 07:39:15 --> Session: Class initialized using 'CodeIgniter\Session\Handlers\FileHandler' driver.
DEBUG - 2025-09-25 07:39:16 --> Session: Class initialized using 'CodeIgniter\Session\Handlers\FileHandler' driver.
DEBUG - 2025-09-25 07:39:18 --> Session: Class initialized using 'CodeIgniter\Session\Handlers\FileHandler' driver.
DEBUG - 2025-09-25 07:39:20 --> Session: Class initialized using 'CodeIgniter\Session\Handlers\FileHandler' driver.
DEBUG - 2025-09-25 07:40:15 --> Session: Class initialized using 'CodeIgniter\Session\Handlers\FileHandler' driver.
DEBUG - 2025-09-25 07:40:26 --> Session: Class initialized using 'CodeIgniter\Session\Handlers\FileHandler' driver.
DEBUG - 2025-09-25 07:40:29 --> Session: Class initialized using 'CodeIgniter\Session\Handlers\FileHandler' driver.
DEBUG - 2025-09-25 07:40:32 --> Session: Class initialized using 'CodeIgniter\Session\Handlers\FileHandler' driver.
DEBUG - 2025-09-25 07:40:35 --> Session: Class initialized using 'CodeIgniter\Session\Handlers\FileHandler' driver.
DEBUG - 2025-09-25 07:41:08 --> Session: Class initialized using 'CodeIgniter\Session\Handlers\FileHandler' driver.
DEBUG - 2025-09-25 07:41:13 --> Session: Class initialized using 'CodeIgniter\Session\Handlers\FileHandler' driver.
DEBUG - 2025-09-25 07:41:14 --> Session: Class initialized using 'CodeIgniter\Session\Handlers\FileHandler' driver.
DEBUG - 2025-09-25 07:41:16 --> Session: Class initialized using 'CodeIgniter\Session\Handlers\FileHandler' driver.
DEBUG - 2025-09-25 07:48:26 --> Session: Class initialized using 'CodeIgniter\Session\Handlers\FileHandler' driver.
DEBUG - 2025-09-25 07:48:32 --> Session: Class initialized using 'CodeIgniter\Session\Handlers\FileHandler' driver.
DEBUG - 2025-09-25 07:48:34 --> Session: Class initialized using 'CodeIgniter\Session\Handlers\FileHandler' driver.
DEBUG - 2025-09-25 07:48:39 --> Session: Class initialized using 'CodeIgniter\Session\Handlers\FileHandler' driver.
DEBUG - 2025-09-25 07:48:48 --> Session: Class initialized using 'CodeIgniter\Session\Handlers\FileHandler' driver.
DEBUG - 2025-09-25 07:50:10 --> Session: Class initialized using 'CodeIgniter\Session\Handlers\FileHandler' driver.
DEBUG - 2025-09-25 07:51:09 --> Session: Class initialized using 'CodeIgniter\Session\Handlers\FileHandler' driver.
DEBUG - 2025-09-25 07:51:27 --> Session: Class initialized using 'CodeIgniter\Session\Handlers\FileHandler' driver.
DEBUG - 2025-09-25 07:51:48 --> Session: Class initialized using 'CodeIgniter\Session\Handlers\FileHandler' driver.
DEBUG - 2025-09-25 07:52:03 --> Session: Class initialized using 'CodeIgniter\Session\Handlers\FileHandler' driver.
DEBUG - 2025-09-25 07:54:56 --> Session: Class initialized using 'CodeIgniter\Session\Handlers\FileHandler' driver.
DEBUG - 2025-09-25 07:54:57 --> Session: Class initialized using 'CodeIgniter\Session\Handlers\FileHandler' driver.
DEBUG - 2025-09-25 07:55:07 --> Session: Class initialized using 'CodeIgniter\Session\Handlers\FileHandler' driver.
DEBUG - 2025-09-25 07:55:07 --> Session: Class initialized using 'CodeIgniter\Session\Handlers\FileHandler' driver.
DEBUG - 2025-09-25 07:57:02 --> Session: Class initialized using 'CodeIgniter\Session\Handlers\FileHandler' driver.
DEBUG - 2025-09-25 07:57:23 --> Session: Class initialized using 'CodeIgniter\Session\Handlers\FileHandler' driver.
DEBUG - 2025-09-25 07:57:32 --> Session: Class initialized using 'CodeIgniter\Session\Handlers\FileHandler' driver.
DEBUG - 2025-09-25 07:57:32 --> Session: Class initialized using 'CodeIgniter\Session\Handlers\FileHandler' driver.
DEBUG - 2025-09-25 07:57:41 --> Session: Class initialized using 'CodeIgniter\Session\Handlers\FileHandler' driver.
DEBUG - 2025-09-25 07:57:42 --> Session: Class initialized using 'CodeIgniter\Session\Handlers\FileHandler' driver.
DEBUG - 2025-09-25 07:58:15 --> Session: Class initialized using 'CodeIgniter\Session\Handlers\FileHandler' driver.
DEBUG - 2025-09-25 07:58:18 --> Session: Class initialized using 'CodeIgniter\Session\Handlers\FileHandler' driver.
DEBUG - 2025-09-25 07:58:20 --> Session: Class initialized using 'CodeIgniter\Session\Handlers\FileHandler' driver.
DEBUG - 2025-09-25 07:58:21 --> Session: Class initialized using 'CodeIgniter\Session\Handlers\FileHandler' driver.
DEBUG - 2025-09-25 07:58:24 --> Session: Class initialized using 'CodeIgniter\Session\Handlers\FileHandler' driver.
DEBUG - 2025-09-25 07:58:25 --> Session: Class initialized using 'CodeIgniter\Session\Handlers\FileHandler' driver.
DEBUG - 2025-09-25 07:58:26 --> Session: Class initialized using 'CodeIgniter\Session\Handlers\FileHandler' driver.
DEBUG - 2025-09-25 07:58:28 --> Session: Class initialized using 'CodeIgniter\Session\Handlers\FileHandler' driver.
DEBUG - 2025-09-25 07:58:54 --> Session: Class initialized using 'CodeIgniter\Session\Handlers\FileHandler' driver.
DEBUG - 2025-09-25 07:58:56 --> Session: Class initialized using 'CodeIgniter\Session\Handlers\FileHandler' driver.
DEBUG - 2025-09-25 07:58:59 --> Session: Class initialized using 'CodeIgniter\Session\Handlers\FileHandler' driver.
DEBUG - 2025-09-25 07:59:00 --> Session: Class initialized using 'CodeIgniter\Session\Handlers\FileHandler' driver.
DEBUG - 2025-09-25 07:59:01 --> Session: Class initialized using 'CodeIgniter\Session\Handlers\FileHandler' driver.
DEBUG - 2025-09-25 07:59:04 --> Session: Class initialized using 'CodeIgniter\Session\Handlers\FileHandler' driver.
DEBUG - 2025-09-25 07:59:07 --> Session: Class initialized using 'CodeIgniter\Session\Handlers\FileHandler' driver.
DEBUG - 2025-09-25 07:59:09 --> Session: Class initialized using 'CodeIgniter\Session\Handlers\FileHandler' driver.
DEBUG - 2025-09-25 08:03:00 --> Session: Class initialized using 'CodeIgniter\Session\Handlers\FileHandler' driver.
DEBUG - 2025-09-25 08:03:03 --> Session: Class initialized using 'CodeIgniter\Session\Handlers\FileHandler' driver.
DEBUG - 2025-09-25 08:05:20 --> Session: Class initialized using 'CodeIgniter\Session\Handlers\FileHandler' driver.
DEBUG - 2025-09-25 08:06:59 --> Session: Class initialized using 'CodeIgniter\Session\Handlers\FileHandler' driver.
ERROR - 2025-09-25 08:06:59 --> mysqli_sql_exception: Unknown column 'lab_orders.doctor_id' in 'on clause' in C:\xampp\htdocs\hms_ram\system\Database\MySQLi\Connection.php:327
Stack trace:
#0 C:\xampp\htdocs\hms_ram\system\Database\MySQLi\Connection.php(327): mysqli->query('SELECT `lab_ord...', 0)
#1 C:\xampp\htdocs\hms_ram\system\Database\BaseConnection.php(738): CodeIgniter\Database\MySQLi\Connection->execute('SELECT `lab_ord...')
#2 C:\xampp\htdocs\hms_ram\system\Database\BaseConnection.php(652): CodeIgniter\Database\BaseConnection->simpleQuery('SELECT `lab_ord...')
#3 C:\xampp\htdocs\hms_ram\system\Database\BaseBuilder.php(1649): CodeIgniter\Database\BaseConnection->query('SELECT `lab_ord...', Array, false)
#4 C:\xampp\htdocs\hms_ram\system\Model.php(210): CodeIgniter\Database\BaseBuilder->get()
#5 C:\xampp\htdocs\hms_ram\system\BaseModel.php(613): CodeIgniter\Model->doFind(true, '1')
#6 C:\xampp\htdocs\hms_ram\app\Controllers\Laboratory\Laboratory.php(352): CodeIgniter\BaseModel->find('1')
#7 C:\xampp\htdocs\hms_ram\system\CodeIgniter.php(933): App\Controllers\Laboratory\Laboratory->viewReport('1')
#8 C:\xampp\htdocs\hms_ram\system\CodeIgniter.php(507): CodeIgniter\CodeIgniter->runController(Object(App\Controllers\Laboratory\Laboratory))
#9 C:\xampp\htdocs\hms_ram\system\CodeIgniter.php(354): CodeIgniter\CodeIgniter->handleRequest(NULL, Object(Config\Cache), false)
#10 C:\xampp\htdocs\hms_ram\system\Boot.php(334): CodeIgniter\CodeIgniter->run()
#11 C:\xampp\htdocs\hms_ram\system\Boot.php(67): CodeIgniter\Boot::runCodeIgniter(Object(CodeIgniter\CodeIgniter))
#12 C:\xampp\htdocs\hms_ram\index.php(46): CodeIgniter\Boot::bootWeb(Object(Config\Paths))
#13 {main}
CRITICAL - 2025-09-25 08:06:59 --> CodeIgniter\Database\Exceptions\DatabaseException: Unknown column 'lab_orders.doctor_id' in 'on clause'
[Method: GET, Route: laboratory/reports/view/1]
in SYSTEMPATH\Database\BaseConnection.php on line 692.
 1 SYSTEMPATH\Database\BaseBuilder.php(1649): CodeIgniter\Database\BaseConnection->query('SELECT `lab_orders`.*, `patients`.`first_name` as `patient_first_name`, `patients`.`last_name` as `patient_last_name`, `patients`.`patient_id_code`, `patients`.`phone_number`, `users`.`first_name` as `doctor_first_name`, `users`.`last_name` as `doctor_last_name`
FROM `lab_orders`
JOIN `patients` ON `patients`.`id` = `lab_orders`.`patient_id`
JOIN `users` ON `users`.`id` = `lab_orders`.`doctor_id`
WHERE `lab_orders`.`id` = :lab_orders.id:', [...], false)
 2 SYSTEMPATH\Model.php(210): CodeIgniter\Database\BaseBuilder->get()
 3 SYSTEMPATH\BaseModel.php(613): CodeIgniter\Model->doFind(true, '1')
 4 APPPATH\Controllers\Laboratory\Laboratory.php(352): CodeIgniter\BaseModel->find('1')
 5 SYSTEMPATH\CodeIgniter.php(933): App\Controllers\Laboratory\Laboratory->viewReport('1')
 6 SYSTEMPATH\CodeIgniter.php(507): CodeIgniter\CodeIgniter->runController(Object(App\Controllers\Laboratory\Laboratory))
 7 SYSTEMPATH\CodeIgniter.php(354): CodeIgniter\CodeIgniter->handleRequest(null, Object(Config\Cache), false)
 8 SYSTEMPATH\Boot.php(334): CodeIgniter\CodeIgniter->run()
 9 SYSTEMPATH\Boot.php(67): CodeIgniter\Boot::runCodeIgniter(Object(CodeIgniter\CodeIgniter))
10 FCPATH\index.php(46): CodeIgniter\Boot::bootWeb(Object(Config\Paths))
CRITICAL - 2025-09-25 08:06:59 --> [Caused by] CodeIgniter\Database\Exceptions\DatabaseException: Unknown column 'lab_orders.doctor_id' in 'on clause'
in SYSTEMPATH\Database\MySQLi\Connection.php on line 332.
 1 SYSTEMPATH\Database\BaseConnection.php(738): CodeIgniter\Database\MySQLi\Connection->execute('SELECT `lab_orders`.*, `patients`.`first_name` as `patient_first_name`, `patients`.`last_name` as `patient_last_name`, `patients`.`patient_id_code`, `patients`.`phone_number`, `users`.`first_name` as `doctor_first_name`, `users`.`last_name` as `doctor_last_name`
FROM `lab_orders`
JOIN `patients` ON `patients`.`id` = `lab_orders`.`patient_id`
JOIN `users` ON `users`.`id` = `lab_orders`.`doctor_id`
WHERE `lab_orders`.`id` = \'1\'')
 2 SYSTEMPATH\Database\BaseConnection.php(652): CodeIgniter\Database\BaseConnection->simpleQuery('SELECT `lab_orders`.*, `patients`.`first_name` as `patient_first_name`, `patients`.`last_name` as `patient_last_name`, `patients`.`patient_id_code`, `patients`.`phone_number`, `users`.`first_name` as `doctor_first_name`, `users`.`last_name` as `doctor_last_name`
FROM `lab_orders`
JOIN `patients` ON `patients`.`id` = `lab_orders`.`patient_id`
JOIN `users` ON `users`.`id` = `lab_orders`.`doctor_id`
WHERE `lab_orders`.`id` = \'1\'')
 3 SYSTEMPATH\Database\BaseBuilder.php(1649): CodeIgniter\Database\BaseConnection->query('SELECT `lab_orders`.*, `patients`.`first_name` as `patient_first_name`, `patients`.`last_name` as `patient_last_name`, `patients`.`patient_id_code`, `patients`.`phone_number`, `users`.`first_name` as `doctor_first_name`, `users`.`last_name` as `doctor_last_name`
FROM `lab_orders`
JOIN `patients` ON `patients`.`id` = `lab_orders`.`patient_id`
JOIN `users` ON `users`.`id` = `lab_orders`.`doctor_id`
WHERE `lab_orders`.`id` = :lab_orders.id:', [...], false)
 4 SYSTEMPATH\Model.php(210): CodeIgniter\Database\BaseBuilder->get()
 5 SYSTEMPATH\BaseModel.php(613): CodeIgniter\Model->doFind(true, '1')
 6 APPPATH\Controllers\Laboratory\Laboratory.php(352): CodeIgniter\BaseModel->find('1')
 7 SYSTEMPATH\CodeIgniter.php(933): App\Controllers\Laboratory\Laboratory->viewReport('1')
 8 SYSTEMPATH\CodeIgniter.php(507): CodeIgniter\CodeIgniter->runController(Object(App\Controllers\Laboratory\Laboratory))
 9 SYSTEMPATH\CodeIgniter.php(354): CodeIgniter\CodeIgniter->handleRequest(null, Object(Config\Cache), false)
10 SYSTEMPATH\Boot.php(334): CodeIgniter\CodeIgniter->run()
11 SYSTEMPATH\Boot.php(67): CodeIgniter\Boot::runCodeIgniter(Object(CodeIgniter\CodeIgniter))
12 FCPATH\index.php(46): CodeIgniter\Boot::bootWeb(Object(Config\Paths))
CRITICAL - 2025-09-25 08:06:59 --> [Caused by] mysqli_sql_exception: Unknown column 'lab_orders.doctor_id' in 'on clause'
in SYSTEMPATH\Database\MySQLi\Connection.php on line 327.
 1 SYSTEMPATH\Database\MySQLi\Connection.php(327): mysqli->query('SELECT `lab_orders`.*, `patients`.`first_name` as `patient_first_name`, `patients`.`last_name` as `patient_last_name`, `patients`.`patient_id_code`, `patients`.`phone_number`, `users`.`first_name` as `doctor_first_name`, `users`.`last_name` as `doctor_last_name`
FROM `lab_orders`
JOIN `patients` ON `patients`.`id` = `lab_orders`.`patient_id`
JOIN `users` ON `users`.`id` = `lab_orders`.`doctor_id`
WHERE `lab_orders`.`id` = \'1\'', 0)
 2 SYSTEMPATH\Database\BaseConnection.php(738): CodeIgniter\Database\MySQLi\Connection->execute('SELECT `lab_orders`.*, `patients`.`first_name` as `patient_first_name`, `patients`.`last_name` as `patient_last_name`, `patients`.`patient_id_code`, `patients`.`phone_number`, `users`.`first_name` as `doctor_first_name`, `users`.`last_name` as `doctor_last_name`
FROM `lab_orders`
JOIN `patients` ON `patients`.`id` = `lab_orders`.`patient_id`
JOIN `users` ON `users`.`id` = `lab_orders`.`doctor_id`
WHERE `lab_orders`.`id` = \'1\'')
 3 SYSTEMPATH\Database\BaseConnection.php(652): CodeIgniter\Database\BaseConnection->simpleQuery('SELECT `lab_orders`.*, `patients`.`first_name` as `patient_first_name`, `patients`.`last_name` as `patient_last_name`, `patients`.`patient_id_code`, `patients`.`phone_number`, `users`.`first_name` as `doctor_first_name`, `users`.`last_name` as `doctor_last_name`
FROM `lab_orders`
JOIN `patients` ON `patients`.`id` = `lab_orders`.`patient_id`
JOIN `users` ON `users`.`id` = `lab_orders`.`doctor_id`
WHERE `lab_orders`.`id` = \'1\'')
 4 SYSTEMPATH\Database\BaseBuilder.php(1649): CodeIgniter\Database\BaseConnection->query('SELECT `lab_orders`.*, `patients`.`first_name` as `patient_first_name`, `patients`.`last_name` as `patient_last_name`, `patients`.`patient_id_code`, `patients`.`phone_number`, `users`.`first_name` as `doctor_first_name`, `users`.`last_name` as `doctor_last_name`
FROM `lab_orders`
JOIN `patients` ON `patients`.`id` = `lab_orders`.`patient_id`
JOIN `users` ON `users`.`id` = `lab_orders`.`doctor_id`
WHERE `lab_orders`.`id` = :lab_orders.id:', [...], false)
 5 SYSTEMPATH\Model.php(210): CodeIgniter\Database\BaseBuilder->get()
 6 SYSTEMPATH\BaseModel.php(613): CodeIgniter\Model->doFind(true, '1')
 7 APPPATH\Controllers\Laboratory\Laboratory.php(352): CodeIgniter\BaseModel->find('1')
 8 SYSTEMPATH\CodeIgniter.php(933): App\Controllers\Laboratory\Laboratory->viewReport('1')
 9 SYSTEMPATH\CodeIgniter.php(507): CodeIgniter\CodeIgniter->runController(Object(App\Controllers\Laboratory\Laboratory))
10 SYSTEMPATH\CodeIgniter.php(354): CodeIgniter\CodeIgniter->handleRequest(null, Object(Config\Cache), false)
11 SYSTEMPATH\Boot.php(334): CodeIgniter\CodeIgniter->run()
12 SYSTEMPATH\Boot.php(67): CodeIgniter\Boot::runCodeIgniter(Object(CodeIgniter\CodeIgniter))
13 FCPATH\index.php(46): CodeIgniter\Boot::bootWeb(Object(Config\Paths))
DEBUG - 2025-09-25 08:07:25 --> Session: Class initialized using 'CodeIgniter\Session\Handlers\FileHandler' driver.
DEBUG - 2025-09-25 08:07:28 --> Session: Class initialized using 'CodeIgniter\Session\Handlers\FileHandler' driver.
ERROR - 2025-09-25 08:07:28 --> mysqli_sql_exception: Unknown column 'lab_orders.doctor_id' in 'on clause' in C:\xampp\htdocs\hms_ram\system\Database\MySQLi\Connection.php:327
Stack trace:
#0 C:\xampp\htdocs\hms_ram\system\Database\MySQLi\Connection.php(327): mysqli->query('SELECT `lab_ord...', 0)
#1 C:\xampp\htdocs\hms_ram\system\Database\BaseConnection.php(738): CodeIgniter\Database\MySQLi\Connection->execute('SELECT `lab_ord...')
#2 C:\xampp\htdocs\hms_ram\system\Database\BaseConnection.php(652): CodeIgniter\Database\BaseConnection->simpleQuery('SELECT `lab_ord...')
#3 C:\xampp\htdocs\hms_ram\system\Database\BaseBuilder.php(1649): CodeIgniter\Database\BaseConnection->query('SELECT `lab_ord...', Array, false)
#4 C:\xampp\htdocs\hms_ram\system\Model.php(210): CodeIgniter\Database\BaseBuilder->get()
#5 C:\xampp\htdocs\hms_ram\system\BaseModel.php(613): CodeIgniter\Model->doFind(true, '1')
#6 C:\xampp\htdocs\hms_ram\app\Controllers\Laboratory\Laboratory.php(352): CodeIgniter\BaseModel->find('1')
#7 C:\xampp\htdocs\hms_ram\system\CodeIgniter.php(933): App\Controllers\Laboratory\Laboratory->viewReport('1')
#8 C:\xampp\htdocs\hms_ram\system\CodeIgniter.php(507): CodeIgniter\CodeIgniter->runController(Object(App\Controllers\Laboratory\Laboratory))
#9 C:\xampp\htdocs\hms_ram\system\CodeIgniter.php(354): CodeIgniter\CodeIgniter->handleRequest(NULL, Object(Config\Cache), false)
#10 C:\xampp\htdocs\hms_ram\system\Boot.php(334): CodeIgniter\CodeIgniter->run()
#11 C:\xampp\htdocs\hms_ram\system\Boot.php(67): CodeIgniter\Boot::runCodeIgniter(Object(CodeIgniter\CodeIgniter))
#12 C:\xampp\htdocs\hms_ram\index.php(46): CodeIgniter\Boot::bootWeb(Object(Config\Paths))
#13 {main}
CRITICAL - 2025-09-25 08:07:28 --> CodeIgniter\Database\Exceptions\DatabaseException: Unknown column 'lab_orders.doctor_id' in 'on clause'
[Method: GET, Route: laboratory/reports/view/1]
in SYSTEMPATH\Database\BaseConnection.php on line 692.
 1 SYSTEMPATH\Database\BaseBuilder.php(1649): CodeIgniter\Database\BaseConnection->query('SELECT `lab_orders`.*, `patients`.`first_name` as `patient_first_name`, `patients`.`last_name` as `patient_last_name`, `patients`.`patient_id_code`, `patients`.`phone_number`, `users`.`first_name` as `doctor_first_name`, `users`.`last_name` as `doctor_last_name`
FROM `lab_orders`
JOIN `patients` ON `patients`.`id` = `lab_orders`.`patient_id`
JOIN `users` ON `users`.`id` = `lab_orders`.`doctor_id`
WHERE `lab_orders`.`id` = :lab_orders.id:', [...], false)
 2 SYSTEMPATH\Model.php(210): CodeIgniter\Database\BaseBuilder->get()
 3 SYSTEMPATH\BaseModel.php(613): CodeIgniter\Model->doFind(true, '1')
 4 APPPATH\Controllers\Laboratory\Laboratory.php(352): CodeIgniter\BaseModel->find('1')
 5 SYSTEMPATH\CodeIgniter.php(933): App\Controllers\Laboratory\Laboratory->viewReport('1')
 6 SYSTEMPATH\CodeIgniter.php(507): CodeIgniter\CodeIgniter->runController(Object(App\Controllers\Laboratory\Laboratory))
 7 SYSTEMPATH\CodeIgniter.php(354): CodeIgniter\CodeIgniter->handleRequest(null, Object(Config\Cache), false)
 8 SYSTEMPATH\Boot.php(334): CodeIgniter\CodeIgniter->run()
 9 SYSTEMPATH\Boot.php(67): CodeIgniter\Boot::runCodeIgniter(Object(CodeIgniter\CodeIgniter))
10 FCPATH\index.php(46): CodeIgniter\Boot::bootWeb(Object(Config\Paths))
CRITICAL - 2025-09-25 08:07:28 --> [Caused by] CodeIgniter\Database\Exceptions\DatabaseException: Unknown column 'lab_orders.doctor_id' in 'on clause'
in SYSTEMPATH\Database\MySQLi\Connection.php on line 332.
 1 SYSTEMPATH\Database\BaseConnection.php(738): CodeIgniter\Database\MySQLi\Connection->execute('SELECT `lab_orders`.*, `patients`.`first_name` as `patient_first_name`, `patients`.`last_name` as `patient_last_name`, `patients`.`patient_id_code`, `patients`.`phone_number`, `users`.`first_name` as `doctor_first_name`, `users`.`last_name` as `doctor_last_name`
FROM `lab_orders`
JOIN `patients` ON `patients`.`id` = `lab_orders`.`patient_id`
JOIN `users` ON `users`.`id` = `lab_orders`.`doctor_id`
WHERE `lab_orders`.`id` = \'1\'')
 2 SYSTEMPATH\Database\BaseConnection.php(652): CodeIgniter\Database\BaseConnection->simpleQuery('SELECT `lab_orders`.*, `patients`.`first_name` as `patient_first_name`, `patients`.`last_name` as `patient_last_name`, `patients`.`patient_id_code`, `patients`.`phone_number`, `users`.`first_name` as `doctor_first_name`, `users`.`last_name` as `doctor_last_name`
FROM `lab_orders`
JOIN `patients` ON `patients`.`id` = `lab_orders`.`patient_id`
JOIN `users` ON `users`.`id` = `lab_orders`.`doctor_id`
WHERE `lab_orders`.`id` = \'1\'')
 3 SYSTEMPATH\Database\BaseBuilder.php(1649): CodeIgniter\Database\BaseConnection->query('SELECT `lab_orders`.*, `patients`.`first_name` as `patient_first_name`, `patients`.`last_name` as `patient_last_name`, `patients`.`patient_id_code`, `patients`.`phone_number`, `users`.`first_name` as `doctor_first_name`, `users`.`last_name` as `doctor_last_name`
FROM `lab_orders`
JOIN `patients` ON `patients`.`id` = `lab_orders`.`patient_id`
JOIN `users` ON `users`.`id` = `lab_orders`.`doctor_id`
WHERE `lab_orders`.`id` = :lab_orders.id:', [...], false)
 4 SYSTEMPATH\Model.php(210): CodeIgniter\Database\BaseBuilder->get()
 5 SYSTEMPATH\BaseModel.php(613): CodeIgniter\Model->doFind(true, '1')
 6 APPPATH\Controllers\Laboratory\Laboratory.php(352): CodeIgniter\BaseModel->find('1')
 7 SYSTEMPATH\CodeIgniter.php(933): App\Controllers\Laboratory\Laboratory->viewReport('1')
 8 SYSTEMPATH\CodeIgniter.php(507): CodeIgniter\CodeIgniter->runController(Object(App\Controllers\Laboratory\Laboratory))
 9 SYSTEMPATH\CodeIgniter.php(354): CodeIgniter\CodeIgniter->handleRequest(null, Object(Config\Cache), false)
10 SYSTEMPATH\Boot.php(334): CodeIgniter\CodeIgniter->run()
11 SYSTEMPATH\Boot.php(67): CodeIgniter\Boot::runCodeIgniter(Object(CodeIgniter\CodeIgniter))
12 FCPATH\index.php(46): CodeIgniter\Boot::bootWeb(Object(Config\Paths))
CRITICAL - 2025-09-25 08:07:28 --> [Caused by] mysqli_sql_exception: Unknown column 'lab_orders.doctor_id' in 'on clause'
in SYSTEMPATH\Database\MySQLi\Connection.php on line 327.
 1 SYSTEMPATH\Database\MySQLi\Connection.php(327): mysqli->query('SELECT `lab_orders`.*, `patients`.`first_name` as `patient_first_name`, `patients`.`last_name` as `patient_last_name`, `patients`.`patient_id_code`, `patients`.`phone_number`, `users`.`first_name` as `doctor_first_name`, `users`.`last_name` as `doctor_last_name`
FROM `lab_orders`
JOIN `patients` ON `patients`.`id` = `lab_orders`.`patient_id`
JOIN `users` ON `users`.`id` = `lab_orders`.`doctor_id`
WHERE `lab_orders`.`id` = \'1\'', 0)
 2 SYSTEMPATH\Database\BaseConnection.php(738): CodeIgniter\Database\MySQLi\Connection->execute('SELECT `lab_orders`.*, `patients`.`first_name` as `patient_first_name`, `patients`.`last_name` as `patient_last_name`, `patients`.`patient_id_code`, `patients`.`phone_number`, `users`.`first_name` as `doctor_first_name`, `users`.`last_name` as `doctor_last_name`
FROM `lab_orders`
JOIN `patients` ON `patients`.`id` = `lab_orders`.`patient_id`
JOIN `users` ON `users`.`id` = `lab_orders`.`doctor_id`
WHERE `lab_orders`.`id` = \'1\'')
 3 SYSTEMPATH\Database\BaseConnection.php(652): CodeIgniter\Database\BaseConnection->simpleQuery('SELECT `lab_orders`.*, `patients`.`first_name` as `patient_first_name`, `patients`.`last_name` as `patient_last_name`, `patients`.`patient_id_code`, `patients`.`phone_number`, `users`.`first_name` as `doctor_first_name`, `users`.`last_name` as `doctor_last_name`
FROM `lab_orders`
JOIN `patients` ON `patients`.`id` = `lab_orders`.`patient_id`
JOIN `users` ON `users`.`id` = `lab_orders`.`doctor_id`
WHERE `lab_orders`.`id` = \'1\'')
 4 SYSTEMPATH\Database\BaseBuilder.php(1649): CodeIgniter\Database\BaseConnection->query('SELECT `lab_orders`.*, `patients`.`first_name` as `patient_first_name`, `patients`.`last_name` as `patient_last_name`, `patients`.`patient_id_code`, `patients`.`phone_number`, `users`.`first_name` as `doctor_first_name`, `users`.`last_name` as `doctor_last_name`
FROM `lab_orders`
JOIN `patients` ON `patients`.`id` = `lab_orders`.`patient_id`
JOIN `users` ON `users`.`id` = `lab_orders`.`doctor_id`
WHERE `lab_orders`.`id` = :lab_orders.id:', [...], false)
 5 SYSTEMPATH\Model.php(210): CodeIgniter\Database\BaseBuilder->get()
 6 SYSTEMPATH\BaseModel.php(613): CodeIgniter\Model->doFind(true, '1')
 7 APPPATH\Controllers\Laboratory\Laboratory.php(352): CodeIgniter\BaseModel->find('1')
 8 SYSTEMPATH\CodeIgniter.php(933): App\Controllers\Laboratory\Laboratory->viewReport('1')
 9 SYSTEMPATH\CodeIgniter.php(507): CodeIgniter\CodeIgniter->runController(Object(App\Controllers\Laboratory\Laboratory))
10 SYSTEMPATH\CodeIgniter.php(354): CodeIgniter\CodeIgniter->handleRequest(null, Object(Config\Cache), false)
11 SYSTEMPATH\Boot.php(334): CodeIgniter\CodeIgniter->run()
12 SYSTEMPATH\Boot.php(67): CodeIgniter\Boot::runCodeIgniter(Object(CodeIgniter\CodeIgniter))
13 FCPATH\index.php(46): CodeIgniter\Boot::bootWeb(Object(Config\Paths))
DEBUG - 2025-09-25 08:07:31 --> Session: Class initialized using 'CodeIgniter\Session\Handlers\FileHandler' driver.
DEBUG - 2025-09-25 08:09:46 --> Session: Class initialized using 'CodeIgniter\Session\Handlers\FileHandler' driver.
CRITICAL - 2025-09-25 08:09:46 --> ErrorException: Undefined variable $order
[Method: GET, Route: laboratory/reports/view/1]
in APPPATH\Views\laboratory\view_report_page.php on line 9.
 1 APPPATH\Views\laboratory\view_report_page.php(9): CodeIgniter\Debug\Exceptions->errorHandler(2, 'Undefined variable $order', 'C:\\xampp\\htdocs\\hms_ram\\app\\Views\\laboratory\\view_report_page.php', 9)
 2 SYSTEMPATH\View\View.php(224): include('C:\\xampp\\htdocs\\hms_ram\\app\\Views\\laboratory\\view_report_page.php')
 3 SYSTEMPATH\View\View.php(227): CodeIgniter\View\View->CodeIgniter\View\{closure}()
 4 SYSTEMPATH\Common.php(1173): CodeIgniter\View\View->render('laboratory/view_report_page', [], true)
 5 APPPATH\Controllers\Laboratory\Laboratory.php(366): view('laboratory/view_report_page', [...])
 6 SYSTEMPATH\CodeIgniter.php(933): App\Controllers\Laboratory\Laboratory->viewReport('1')
 7 SYSTEMPATH\CodeIgniter.php(507): CodeIgniter\CodeIgniter->runController(Object(App\Controllers\Laboratory\Laboratory))
 8 SYSTEMPATH\CodeIgniter.php(354): CodeIgniter\CodeIgniter->handleRequest(null, Object(Config\Cache), false)
 9 SYSTEMPATH\Boot.php(334): CodeIgniter\CodeIgniter->run()
10 SYSTEMPATH\Boot.php(67): CodeIgniter\Boot::runCodeIgniter(Object(CodeIgniter\CodeIgniter))
11 FCPATH\index.php(46): CodeIgniter\Boot::bootWeb(Object(Config\Paths))
DEBUG - 2025-09-25 08:09:48 --> Session: Class initialized using 'CodeIgniter\Session\Handlers\FileHandler' driver.
DEBUG - 2025-09-25 08:09:51 --> Session: Class initialized using 'CodeIgniter\Session\Handlers\FileHandler' driver.
CRITICAL - 2025-09-25 08:09:51 --> ErrorException: Undefined variable $order
[Method: GET, Route: laboratory/reports/view/1]
in APPPATH\Views\laboratory\view_report_page.php on line 9.
 1 APPPATH\Views\laboratory\view_report_page.php(9): CodeIgniter\Debug\Exceptions->errorHandler(2, 'Undefined variable $order', 'C:\\xampp\\htdocs\\hms_ram\\app\\Views\\laboratory\\view_report_page.php', 9)
 2 SYSTEMPATH\View\View.php(224): include('C:\\xampp\\htdocs\\hms_ram\\app\\Views\\laboratory\\view_report_page.php')
 3 SYSTEMPATH\View\View.php(227): CodeIgniter\View\View->CodeIgniter\View\{closure}()
 4 SYSTEMPATH\Common.php(1173): CodeIgniter\View\View->render('laboratory/view_report_page', [], true)
 5 APPPATH\Controllers\Laboratory\Laboratory.php(366): view('laboratory/view_report_page', [...])
 6 SYSTEMPATH\CodeIgniter.php(933): App\Controllers\Laboratory\Laboratory->viewReport('1')
 7 SYSTEMPATH\CodeIgniter.php(507): CodeIgniter\CodeIgniter->runController(Object(App\Controllers\Laboratory\Laboratory))
 8 SYSTEMPATH\CodeIgniter.php(354): CodeIgniter\CodeIgniter->handleRequest(null, Object(Config\Cache), false)
 9 SYSTEMPATH\Boot.php(334): CodeIgniter\CodeIgniter->run()
10 SYSTEMPATH\Boot.php(67): CodeIgniter\Boot::runCodeIgniter(Object(CodeIgniter\CodeIgniter))
11 FCPATH\index.php(46): CodeIgniter\Boot::bootWeb(Object(Config\Paths))
DEBUG - 2025-09-25 08:10:28 --> Session: Class initialized using 'CodeIgniter\Session\Handlers\FileHandler' driver.
CRITICAL - 2025-09-25 08:10:28 --> ErrorException: Undefined array key "patient_first_name"
[Method: GET, Route: laboratory/reports/view/1]
in APPPATH\Views\laboratory\view_report_page.php on line 17.
 1 APPPATH\Views\laboratory\view_report_page.php(17): CodeIgniter\Debug\Exceptions->errorHandler(2, 'Undefined array key "patient_first_name"', 'C:\\xampp\\htdocs\\hms_ram\\app\\Views\\laboratory\\view_report_page.php', 17)
 2 SYSTEMPATH\View\View.php(224): include('C:\\xampp\\htdocs\\hms_ram\\app\\Views\\laboratory\\view_report_page.php')
 3 SYSTEMPATH\View\View.php(227): CodeIgniter\View\View->CodeIgniter\View\{closure}()
 4 SYSTEMPATH\Common.php(1173): CodeIgniter\View\View->render('laboratory/view_report_page', [], true)
 5 APPPATH\Controllers\Laboratory\Laboratory.php(374): view('laboratory/view_report_page', [...])
 6 SYSTEMPATH\CodeIgniter.php(933): App\Controllers\Laboratory\Laboratory->viewReport('1')
 7 SYSTEMPATH\CodeIgniter.php(507): CodeIgniter\CodeIgniter->runController(Object(App\Controllers\Laboratory\Laboratory))
 8 SYSTEMPATH\CodeIgniter.php(354): CodeIgniter\CodeIgniter->handleRequest(null, Object(Config\Cache), false)
 9 SYSTEMPATH\Boot.php(334): CodeIgniter\CodeIgniter->run()
10 SYSTEMPATH\Boot.php(67): CodeIgniter\Boot::runCodeIgniter(Object(CodeIgniter\CodeIgniter))
11 FCPATH\index.php(46): CodeIgniter\Boot::bootWeb(Object(Config\Paths))
DEBUG - 2025-09-25 09:34:15 --> Session: Class initialized using 'CodeIgniter\Session\Handlers\FileHandler' driver.
ERROR - 2025-09-25 09:34:15 --> mysqli_sql_exception: Unknown column 'patients.id_code' in 'field list' in C:\xampp\htdocs\hms_ram\system\Database\MySQLi\Connection.php:327
Stack trace:
#0 C:\xampp\htdocs\hms_ram\system\Database\MySQLi\Connection.php(327): mysqli->query('SELECT `lab_ord...', 0)
#1 C:\xampp\htdocs\hms_ram\system\Database\BaseConnection.php(738): CodeIgniter\Database\MySQLi\Connection->execute('SELECT `lab_ord...')
#2 C:\xampp\htdocs\hms_ram\system\Database\BaseConnection.php(652): CodeIgniter\Database\BaseConnection->simpleQuery('SELECT `lab_ord...')
#3 C:\xampp\htdocs\hms_ram\system\Database\BaseBuilder.php(1649): CodeIgniter\Database\BaseConnection->query('SELECT `lab_ord...', Array, false)
#4 C:\xampp\htdocs\hms_ram\system\Model.php(330): CodeIgniter\Database\BaseBuilder->get()
#5 C:\xampp\htdocs\hms_ram\system\BaseModel.php(717): CodeIgniter\Model->doFirst()
#6 C:\xampp\htdocs\hms_ram\app\Controllers\Laboratory\Laboratory.php(354): CodeIgniter\BaseModel->first()
#7 C:\xampp\htdocs\hms_ram\system\CodeIgniter.php(933): App\Controllers\Laboratory\Laboratory->viewReport('1')
#8 C:\xampp\htdocs\hms_ram\system\CodeIgniter.php(507): CodeIgniter\CodeIgniter->runController(Object(App\Controllers\Laboratory\Laboratory))
#9 C:\xampp\htdocs\hms_ram\system\CodeIgniter.php(354): CodeIgniter\CodeIgniter->handleRequest(NULL, Object(Config\Cache), false)
#10 C:\xampp\htdocs\hms_ram\system\Boot.php(334): CodeIgniter\CodeIgniter->run()
#11 C:\xampp\htdocs\hms_ram\system\Boot.php(67): CodeIgniter\Boot::runCodeIgniter(Object(CodeIgniter\CodeIgniter))
#12 C:\xampp\htdocs\hms_ram\index.php(46): CodeIgniter\Boot::bootWeb(Object(Config\Paths))
#13 {main}
CRITICAL - 2025-09-25 09:34:15 --> CodeIgniter\Database\Exceptions\DatabaseException: Unknown column 'patients.id_code' in 'field list'
[Method: GET, Route: laboratory/reports/view/1]
in SYSTEMPATH\Database\BaseConnection.php on line 692.
 1 SYSTEMPATH\Database\BaseBuilder.php(1649): CodeIgniter\Database\BaseConnection->query('SELECT `lab_orders`.*, `patients`.`first_name` as `patient_first_name`, `patients`.`last_name` as `patient_last_name`, `patients`.`id_code` as `patient_id_code`, `patients`.`phone_number` as `patient_phone_number`
FROM `lab_orders`
JOIN `patients` ON `patients`.`id` = `lab_orders`.`patient_id`
WHERE `lab_orders`.`id` = :lab_orders.id:
 LIMIT 1', [...], false)
 2 SYSTEMPATH\Model.php(330): CodeIgniter\Database\BaseBuilder->get()
 3 SYSTEMPATH\BaseModel.php(717): CodeIgniter\Model->doFirst()
 4 APPPATH\Controllers\Laboratory\Laboratory.php(354): CodeIgniter\BaseModel->first()
 5 SYSTEMPATH\CodeIgniter.php(933): App\Controllers\Laboratory\Laboratory->viewReport('1')
 6 SYSTEMPATH\CodeIgniter.php(507): CodeIgniter\CodeIgniter->runController(Object(App\Controllers\Laboratory\Laboratory))
 7 SYSTEMPATH\CodeIgniter.php(354): CodeIgniter\CodeIgniter->handleRequest(null, Object(Config\Cache), false)
 8 SYSTEMPATH\Boot.php(334): CodeIgniter\CodeIgniter->run()
 9 SYSTEMPATH\Boot.php(67): CodeIgniter\Boot::runCodeIgniter(Object(CodeIgniter\CodeIgniter))
10 FCPATH\index.php(46): CodeIgniter\Boot::bootWeb(Object(Config\Paths))
CRITICAL - 2025-09-25 09:34:15 --> [Caused by] CodeIgniter\Database\Exceptions\DatabaseException: Unknown column 'patients.id_code' in 'field list'
in SYSTEMPATH\Database\MySQLi\Connection.php on line 332.
 1 SYSTEMPATH\Database\BaseConnection.php(738): CodeIgniter\Database\MySQLi\Connection->execute('SELECT `lab_orders`.*, `patients`.`first_name` as `patient_first_name`, `patients`.`last_name` as `patient_last_name`, `patients`.`id_code` as `patient_id_code`, `patients`.`phone_number` as `patient_phone_number`
FROM `lab_orders`
JOIN `patients` ON `patients`.`id` = `lab_orders`.`patient_id`
WHERE `lab_orders`.`id` = \'1\'
 LIMIT 1')
 2 SYSTEMPATH\Database\BaseConnection.php(652): CodeIgniter\Database\BaseConnection->simpleQuery('SELECT `lab_orders`.*, `patients`.`first_name` as `patient_first_name`, `patients`.`last_name` as `patient_last_name`, `patients`.`id_code` as `patient_id_code`, `patients`.`phone_number` as `patient_phone_number`
FROM `lab_orders`
JOIN `patients` ON `patients`.`id` = `lab_orders`.`patient_id`
WHERE `lab_orders`.`id` = \'1\'
 LIMIT 1')
 3 SYSTEMPATH\Database\BaseBuilder.php(1649): CodeIgniter\Database\BaseConnection->query('SELECT `lab_orders`.*, `patients`.`first_name` as `patient_first_name`, `patients`.`last_name` as `patient_last_name`, `patients`.`id_code` as `patient_id_code`, `patients`.`phone_number` as `patient_phone_number`
FROM `lab_orders`
JOIN `patients` ON `patients`.`id` = `lab_orders`.`patient_id`
WHERE `lab_orders`.`id` = :lab_orders.id:
 LIMIT 1', [...], false)
 4 SYSTEMPATH\Model.php(330): CodeIgniter\Database\BaseBuilder->get()
 5 SYSTEMPATH\BaseModel.php(717): CodeIgniter\Model->doFirst()
 6 APPPATH\Controllers\Laboratory\Laboratory.php(354): CodeIgniter\BaseModel->first()
 7 SYSTEMPATH\CodeIgniter.php(933): App\Controllers\Laboratory\Laboratory->viewReport('1')
 8 SYSTEMPATH\CodeIgniter.php(507): CodeIgniter\CodeIgniter->runController(Object(App\Controllers\Laboratory\Laboratory))
 9 SYSTEMPATH\CodeIgniter.php(354): CodeIgniter\CodeIgniter->handleRequest(null, Object(Config\Cache), false)
10 SYSTEMPATH\Boot.php(334): CodeIgniter\CodeIgniter->run()
11 SYSTEMPATH\Boot.php(67): CodeIgniter\Boot::runCodeIgniter(Object(CodeIgniter\CodeIgniter))
12 FCPATH\index.php(46): CodeIgniter\Boot::bootWeb(Object(Config\Paths))
CRITICAL - 2025-09-25 09:34:15 --> [Caused by] mysqli_sql_exception: Unknown column 'patients.id_code' in 'field list'
in SYSTEMPATH\Database\MySQLi\Connection.php on line 327.
 1 SYSTEMPATH\Database\MySQLi\Connection.php(327): mysqli->query('SELECT `lab_orders`.*, `patients`.`first_name` as `patient_first_name`, `patients`.`last_name` as `patient_last_name`, `patients`.`id_code` as `patient_id_code`, `patients`.`phone_number` as `patient_phone_number`
FROM `lab_orders`
JOIN `patients` ON `patients`.`id` = `lab_orders`.`patient_id`
WHERE `lab_orders`.`id` = \'1\'
 LIMIT 1', 0)
 2 SYSTEMPATH\Database\BaseConnection.php(738): CodeIgniter\Database\MySQLi\Connection->execute('SELECT `lab_orders`.*, `patients`.`first_name` as `patient_first_name`, `patients`.`last_name` as `patient_last_name`, `patients`.`id_code` as `patient_id_code`, `patients`.`phone_number` as `patient_phone_number`
FROM `lab_orders`
JOIN `patients` ON `patients`.`id` = `lab_orders`.`patient_id`
WHERE `lab_orders`.`id` = \'1\'
 LIMIT 1')
 3 SYSTEMPATH\Database\BaseConnection.php(652): CodeIgniter\Database\BaseConnection->simpleQuery('SELECT `lab_orders`.*, `patients`.`first_name` as `patient_first_name`, `patients`.`last_name` as `patient_last_name`, `patients`.`id_code` as `patient_id_code`, `patients`.`phone_number` as `patient_phone_number`
FROM `lab_orders`
JOIN `patients` ON `patients`.`id` = `lab_orders`.`patient_id`
WHERE `lab_orders`.`id` = \'1\'
 LIMIT 1')
 4 SYSTEMPATH\Database\BaseBuilder.php(1649): CodeIgniter\Database\BaseConnection->query('SELECT `lab_orders`.*, `patients`.`first_name` as `patient_first_name`, `patients`.`last_name` as `patient_last_name`, `patients`.`id_code` as `patient_id_code`, `patients`.`phone_number` as `patient_phone_number`
FROM `lab_orders`
JOIN `patients` ON `patients`.`id` = `lab_orders`.`patient_id`
WHERE `lab_orders`.`id` = :lab_orders.id:
 LIMIT 1', [...], false)
 5 SYSTEMPATH\Model.php(330): CodeIgniter\Database\BaseBuilder->get()
 6 SYSTEMPATH\BaseModel.php(717): CodeIgniter\Model->doFirst()
 7 APPPATH\Controllers\Laboratory\Laboratory.php(354): CodeIgniter\BaseModel->first()
 8 SYSTEMPATH\CodeIgniter.php(933): App\Controllers\Laboratory\Laboratory->viewReport('1')
 9 SYSTEMPATH\CodeIgniter.php(507): CodeIgniter\CodeIgniter->runController(Object(App\Controllers\Laboratory\Laboratory))
10 SYSTEMPATH\CodeIgniter.php(354): CodeIgniter\CodeIgniter->handleRequest(null, Object(Config\Cache), false)
11 SYSTEMPATH\Boot.php(334): CodeIgniter\CodeIgniter->run()
12 SYSTEMPATH\Boot.php(67): CodeIgniter\Boot::runCodeIgniter(Object(CodeIgniter\CodeIgniter))
13 FCPATH\index.php(46): CodeIgniter\Boot::bootWeb(Object(Config\Paths))
DEBUG - 2025-09-25 09:34:16 --> Session: Class initialized using 'CodeIgniter\Session\Handlers\FileHandler' driver.
ERROR - 2025-09-25 09:34:16 --> mysqli_sql_exception: Unknown column 'patients.id_code' in 'field list' in C:\xampp\htdocs\hms_ram\system\Database\MySQLi\Connection.php:327
Stack trace:
#0 C:\xampp\htdocs\hms_ram\system\Database\MySQLi\Connection.php(327): mysqli->query('SELECT `lab_ord...', 0)
#1 C:\xampp\htdocs\hms_ram\system\Database\BaseConnection.php(738): CodeIgniter\Database\MySQLi\Connection->execute('SELECT `lab_ord...')
#2 C:\xampp\htdocs\hms_ram\system\Database\BaseConnection.php(652): CodeIgniter\Database\BaseConnection->simpleQuery('SELECT `lab_ord...')
#3 C:\xampp\htdocs\hms_ram\system\Database\BaseBuilder.php(1649): CodeIgniter\Database\BaseConnection->query('SELECT `lab_ord...', Array, false)
#4 C:\xampp\htdocs\hms_ram\system\Model.php(330): CodeIgniter\Database\BaseBuilder->get()
#5 C:\xampp\htdocs\hms_ram\system\BaseModel.php(717): CodeIgniter\Model->doFirst()
#6 C:\xampp\htdocs\hms_ram\app\Controllers\Laboratory\Laboratory.php(354): CodeIgniter\BaseModel->first()
#7 C:\xampp\htdocs\hms_ram\system\CodeIgniter.php(933): App\Controllers\Laboratory\Laboratory->viewReport('1')
#8 C:\xampp\htdocs\hms_ram\system\CodeIgniter.php(507): CodeIgniter\CodeIgniter->runController(Object(App\Controllers\Laboratory\Laboratory))
#9 C:\xampp\htdocs\hms_ram\system\CodeIgniter.php(354): CodeIgniter\CodeIgniter->handleRequest(NULL, Object(Config\Cache), false)
#10 C:\xampp\htdocs\hms_ram\system\Boot.php(334): CodeIgniter\CodeIgniter->run()
#11 C:\xampp\htdocs\hms_ram\system\Boot.php(67): CodeIgniter\Boot::runCodeIgniter(Object(CodeIgniter\CodeIgniter))
#12 C:\xampp\htdocs\hms_ram\index.php(46): CodeIgniter\Boot::bootWeb(Object(Config\Paths))
#13 {main}
CRITICAL - 2025-09-25 09:34:16 --> CodeIgniter\Database\Exceptions\DatabaseException: Unknown column 'patients.id_code' in 'field list'
[Method: GET, Route: laboratory/reports/view/1]
in SYSTEMPATH\Database\BaseConnection.php on line 692.
 1 SYSTEMPATH\Database\BaseBuilder.php(1649): CodeIgniter\Database\BaseConnection->query('SELECT `lab_orders`.*, `patients`.`first_name` as `patient_first_name`, `patients`.`last_name` as `patient_last_name`, `patients`.`id_code` as `patient_id_code`, `patients`.`phone_number` as `patient_phone_number`
FROM `lab_orders`
JOIN `patients` ON `patients`.`id` = `lab_orders`.`patient_id`
WHERE `lab_orders`.`id` = :lab_orders.id:
 LIMIT 1', [...], false)
 2 SYSTEMPATH\Model.php(330): CodeIgniter\Database\BaseBuilder->get()
 3 SYSTEMPATH\BaseModel.php(717): CodeIgniter\Model->doFirst()
 4 APPPATH\Controllers\Laboratory\Laboratory.php(354): CodeIgniter\BaseModel->first()
 5 SYSTEMPATH\CodeIgniter.php(933): App\Controllers\Laboratory\Laboratory->viewReport('1')
 6 SYSTEMPATH\CodeIgniter.php(507): CodeIgniter\CodeIgniter->runController(Object(App\Controllers\Laboratory\Laboratory))
 7 SYSTEMPATH\CodeIgniter.php(354): CodeIgniter\CodeIgniter->handleRequest(null, Object(Config\Cache), false)
 8 SYSTEMPATH\Boot.php(334): CodeIgniter\CodeIgniter->run()
 9 SYSTEMPATH\Boot.php(67): CodeIgniter\Boot::runCodeIgniter(Object(CodeIgniter\CodeIgniter))
10 FCPATH\index.php(46): CodeIgniter\Boot::bootWeb(Object(Config\Paths))
CRITICAL - 2025-09-25 09:34:16 --> [Caused by] CodeIgniter\Database\Exceptions\DatabaseException: Unknown column 'patients.id_code' in 'field list'
in SYSTEMPATH\Database\MySQLi\Connection.php on line 332.
 1 SYSTEMPATH\Database\BaseConnection.php(738): CodeIgniter\Database\MySQLi\Connection->execute('SELECT `lab_orders`.*, `patients`.`first_name` as `patient_first_name`, `patients`.`last_name` as `patient_last_name`, `patients`.`id_code` as `patient_id_code`, `patients`.`phone_number` as `patient_phone_number`
FROM `lab_orders`
JOIN `patients` ON `patients`.`id` = `lab_orders`.`patient_id`
WHERE `lab_orders`.`id` = \'1\'
 LIMIT 1')
 2 SYSTEMPATH\Database\BaseConnection.php(652): CodeIgniter\Database\BaseConnection->simpleQuery('SELECT `lab_orders`.*, `patients`.`first_name` as `patient_first_name`, `patients`.`last_name` as `patient_last_name`, `patients`.`id_code` as `patient_id_code`, `patients`.`phone_number` as `patient_phone_number`
FROM `lab_orders`
JOIN `patients` ON `patients`.`id` = `lab_orders`.`patient_id`
WHERE `lab_orders`.`id` = \'1\'
 LIMIT 1')
 3 SYSTEMPATH\Database\BaseBuilder.php(1649): CodeIgniter\Database\BaseConnection->query('SELECT `lab_orders`.*, `patients`.`first_name` as `patient_first_name`, `patients`.`last_name` as `patient_last_name`, `patients`.`id_code` as `patient_id_code`, `patients`.`phone_number` as `patient_phone_number`
FROM `lab_orders`
JOIN `patients` ON `patients`.`id` = `lab_orders`.`patient_id`
WHERE `lab_orders`.`id` = :lab_orders.id:
 LIMIT 1', [...], false)
 4 SYSTEMPATH\Model.php(330): CodeIgniter\Database\BaseBuilder->get()
 5 SYSTEMPATH\BaseModel.php(717): CodeIgniter\Model->doFirst()
 6 APPPATH\Controllers\Laboratory\Laboratory.php(354): CodeIgniter\BaseModel->first()
 7 SYSTEMPATH\CodeIgniter.php(933): App\Controllers\Laboratory\Laboratory->viewReport('1')
 8 SYSTEMPATH\CodeIgniter.php(507): CodeIgniter\CodeIgniter->runController(Object(App\Controllers\Laboratory\Laboratory))
 9 SYSTEMPATH\CodeIgniter.php(354): CodeIgniter\CodeIgniter->handleRequest(null, Object(Config\Cache), false)
10 SYSTEMPATH\Boot.php(334): CodeIgniter\CodeIgniter->run()
11 SYSTEMPATH\Boot.php(67): CodeIgniter\Boot::runCodeIgniter(Object(CodeIgniter\CodeIgniter))
12 FCPATH\index.php(46): CodeIgniter\Boot::bootWeb(Object(Config\Paths))
CRITICAL - 2025-09-25 09:34:16 --> [Caused by] mysqli_sql_exception: Unknown column 'patients.id_code' in 'field list'
in SYSTEMPATH\Database\MySQLi\Connection.php on line 327.
 1 SYSTEMPATH\Database\MySQLi\Connection.php(327): mysqli->query('SELECT `lab_orders`.*, `patients`.`first_name` as `patient_first_name`, `patients`.`last_name` as `patient_last_name`, `patients`.`id_code` as `patient_id_code`, `patients`.`phone_number` as `patient_phone_number`
FROM `lab_orders`
JOIN `patients` ON `patients`.`id` = `lab_orders`.`patient_id`
WHERE `lab_orders`.`id` = \'1\'
 LIMIT 1', 0)
 2 SYSTEMPATH\Database\BaseConnection.php(738): CodeIgniter\Database\MySQLi\Connection->execute('SELECT `lab_orders`.*, `patients`.`first_name` as `patient_first_name`, `patients`.`last_name` as `patient_last_name`, `patients`.`id_code` as `patient_id_code`, `patients`.`phone_number` as `patient_phone_number`
FROM `lab_orders`
JOIN `patients` ON `patients`.`id` = `lab_orders`.`patient_id`
WHERE `lab_orders`.`id` = \'1\'
 LIMIT 1')
 3 SYSTEMPATH\Database\BaseConnection.php(652): CodeIgniter\Database\BaseConnection->simpleQuery('SELECT `lab_orders`.*, `patients`.`first_name` as `patient_first_name`, `patients`.`last_name` as `patient_last_name`, `patients`.`id_code` as `patient_id_code`, `patients`.`phone_number` as `patient_phone_number`
FROM `lab_orders`
JOIN `patients` ON `patients`.`id` = `lab_orders`.`patient_id`
WHERE `lab_orders`.`id` = \'1\'
 LIMIT 1')
 4 SYSTEMPATH\Database\BaseBuilder.php(1649): CodeIgniter\Database\BaseConnection->query('SELECT `lab_orders`.*, `patients`.`first_name` as `patient_first_name`, `patients`.`last_name` as `patient_last_name`, `patients`.`id_code` as `patient_id_code`, `patients`.`phone_number` as `patient_phone_number`
FROM `lab_orders`
JOIN `patients` ON `patients`.`id` = `lab_orders`.`patient_id`
WHERE `lab_orders`.`id` = :lab_orders.id:
 LIMIT 1', [...], false)
 5 SYSTEMPATH\Model.php(330): CodeIgniter\Database\BaseBuilder->get()
 6 SYSTEMPATH\BaseModel.php(717): CodeIgniter\Model->doFirst()
 7 APPPATH\Controllers\Laboratory\Laboratory.php(354): CodeIgniter\BaseModel->first()
 8 SYSTEMPATH\CodeIgniter.php(933): App\Controllers\Laboratory\Laboratory->viewReport('1')
 9 SYSTEMPATH\CodeIgniter.php(507): CodeIgniter\CodeIgniter->runController(Object(App\Controllers\Laboratory\Laboratory))
10 SYSTEMPATH\CodeIgniter.php(354): CodeIgniter\CodeIgniter->handleRequest(null, Object(Config\Cache), false)
11 SYSTEMPATH\Boot.php(334): CodeIgniter\CodeIgniter->run()
12 SYSTEMPATH\Boot.php(67): CodeIgniter\Boot::runCodeIgniter(Object(CodeIgniter\CodeIgniter))
13 FCPATH\index.php(46): CodeIgniter\Boot::bootWeb(Object(Config\Paths))
DEBUG - 2025-09-25 09:34:50 --> Session: Class initialized using 'CodeIgniter\Session\Handlers\FileHandler' driver.
CRITICAL - 2025-09-25 09:34:50 --> ErrorException: Undefined array key "patient_id_code"
[Method: GET, Route: laboratory/reports/view/1]
in APPPATH\Views\laboratory\view_report_page.php on line 18.
 1 APPPATH\Views\laboratory\view_report_page.php(18): CodeIgniter\Debug\Exceptions->errorHandler(2, 'Undefined array key "patient_id_code"', 'C:\\xampp\\htdocs\\hms_ram\\app\\Views\\laboratory\\view_report_page.php', 18)
 2 SYSTEMPATH\View\View.php(224): include('C:\\xampp\\htdocs\\hms_ram\\app\\Views\\laboratory\\view_report_page.php')
 3 SYSTEMPATH\View\View.php(227): CodeIgniter\View\View->CodeIgniter\View\{closure}()
 4 SYSTEMPATH\Common.php(1173): CodeIgniter\View\View->render('laboratory/view_report_page', [], true)
 5 APPPATH\Controllers\Laboratory\Laboratory.php(379): view('laboratory/view_report_page', [...])
 6 SYSTEMPATH\CodeIgniter.php(933): App\Controllers\Laboratory\Laboratory->viewReport('1')
 7 SYSTEMPATH\CodeIgniter.php(507): CodeIgniter\CodeIgniter->runController(Object(App\Controllers\Laboratory\Laboratory))
 8 SYSTEMPATH\CodeIgniter.php(354): CodeIgniter\CodeIgniter->handleRequest(null, Object(Config\Cache), false)
 9 SYSTEMPATH\Boot.php(334): CodeIgniter\CodeIgniter->run()
10 SYSTEMPATH\Boot.php(67): CodeIgniter\Boot::runCodeIgniter(Object(CodeIgniter\CodeIgniter))
11 FCPATH\index.php(46): CodeIgniter\Boot::bootWeb(Object(Config\Paths))
DEBUG - 2025-09-25 09:35:35 --> Session: Class initialized using 'CodeIgniter\Session\Handlers\FileHandler' driver.
CRITICAL - 2025-09-25 09:35:35 --> ErrorException: Undefined array key "patient_id_code"
[Method: GET, Route: laboratory/reports/view/1]
in APPPATH\Views\laboratory\view_report_page.php on line 18.
 1 APPPATH\Views\laboratory\view_report_page.php(18): CodeIgniter\Debug\Exceptions->errorHandler(2, 'Undefined array key "patient_id_code"', 'C:\\xampp\\htdocs\\hms_ram\\app\\Views\\laboratory\\view_report_page.php', 18)
 2 SYSTEMPATH\View\View.php(224): include('C:\\xampp\\htdocs\\hms_ram\\app\\Views\\laboratory\\view_report_page.php')
 3 SYSTEMPATH\View\View.php(227): CodeIgniter\View\View->CodeIgniter\View\{closure}()
 4 SYSTEMPATH\Common.php(1173): CodeIgniter\View\View->render('laboratory/view_report_page', [], true)
 5 APPPATH\Controllers\Laboratory\Laboratory.php(379): view('laboratory/view_report_page', [...])
 6 SYSTEMPATH\CodeIgniter.php(933): App\Controllers\Laboratory\Laboratory->viewReport('1')
 7 SYSTEMPATH\CodeIgniter.php(507): CodeIgniter\CodeIgniter->runController(Object(App\Controllers\Laboratory\Laboratory))
 8 SYSTEMPATH\CodeIgniter.php(354): CodeIgniter\CodeIgniter->handleRequest(null, Object(Config\Cache), false)
 9 SYSTEMPATH\Boot.php(334): CodeIgniter\CodeIgniter->run()
10 SYSTEMPATH\Boot.php(67): CodeIgniter\Boot::runCodeIgniter(Object(CodeIgniter\CodeIgniter))
11 FCPATH\index.php(46): CodeIgniter\Boot::bootWeb(Object(Config\Paths))
DEBUG - 2025-09-25 09:35:36 --> Session: Class initialized using 'CodeIgniter\Session\Handlers\FileHandler' driver.
CRITICAL - 2025-09-25 09:35:36 --> ErrorException: Undefined array key "patient_id_code"
[Method: GET, Route: laboratory/reports/view/1]
in APPPATH\Views\laboratory\view_report_page.php on line 18.
 1 APPPATH\Views\laboratory\view_report_page.php(18): CodeIgniter\Debug\Exceptions->errorHandler(2, 'Undefined array key "patient_id_code"', 'C:\\xampp\\htdocs\\hms_ram\\app\\Views\\laboratory\\view_report_page.php', 18)
 2 SYSTEMPATH\View\View.php(224): include('C:\\xampp\\htdocs\\hms_ram\\app\\Views\\laboratory\\view_report_page.php')
 3 SYSTEMPATH\View\View.php(227): CodeIgniter\View\View->CodeIgniter\View\{closure}()
 4 SYSTEMPATH\Common.php(1173): CodeIgniter\View\View->render('laboratory/view_report_page', [], true)
 5 APPPATH\Controllers\Laboratory\Laboratory.php(379): view('laboratory/view_report_page', [...])
 6 SYSTEMPATH\CodeIgniter.php(933): App\Controllers\Laboratory\Laboratory->viewReport('1')
 7 SYSTEMPATH\CodeIgniter.php(507): CodeIgniter\CodeIgniter->runController(Object(App\Controllers\Laboratory\Laboratory))
 8 SYSTEMPATH\CodeIgniter.php(354): CodeIgniter\CodeIgniter->handleRequest(null, Object(Config\Cache), false)
 9 SYSTEMPATH\Boot.php(334): CodeIgniter\CodeIgniter->run()
10 SYSTEMPATH\Boot.php(67): CodeIgniter\Boot::runCodeIgniter(Object(CodeIgniter\CodeIgniter))
11 FCPATH\index.php(46): CodeIgniter\Boot::bootWeb(Object(Config\Paths))
DEBUG - 2025-09-25 09:36:04 --> Session: Class initialized using 'CodeIgniter\Session\Handlers\FileHandler' driver.
CRITICAL - 2025-09-25 09:36:04 --> ErrorException: Undefined array key "patient_id_code"
[Method: GET, Route: laboratory/reports/view/1]
in APPPATH\Views\laboratory\view_report_page.php on line 18.
 1 APPPATH\Views\laboratory\view_report_page.php(18): CodeIgniter\Debug\Exceptions->errorHandler(2, 'Undefined array key "patient_id_code"', 'C:\\xampp\\htdocs\\hms_ram\\app\\Views\\laboratory\\view_report_page.php', 18)
 2 SYSTEMPATH\View\View.php(224): include('C:\\xampp\\htdocs\\hms_ram\\app\\Views\\laboratory\\view_report_page.php')
 3 SYSTEMPATH\View\View.php(227): CodeIgniter\View\View->CodeIgniter\View\{closure}()
 4 SYSTEMPATH\Common.php(1173): CodeIgniter\View\View->render('laboratory/view_report_page', [], true)
 5 APPPATH\Controllers\Laboratory\Laboratory.php(380): view('laboratory/view_report_page', [...])
 6 SYSTEMPATH\CodeIgniter.php(933): App\Controllers\Laboratory\Laboratory->viewReport('1')
 7 SYSTEMPATH\CodeIgniter.php(507): CodeIgniter\CodeIgniter->runController(Object(App\Controllers\Laboratory\Laboratory))
 8 SYSTEMPATH\CodeIgniter.php(354): CodeIgniter\CodeIgniter->handleRequest(null, Object(Config\Cache), false)
 9 SYSTEMPATH\Boot.php(334): CodeIgniter\CodeIgniter->run()
10 SYSTEMPATH\Boot.php(67): CodeIgniter\Boot::runCodeIgniter(Object(CodeIgniter\CodeIgniter))
11 FCPATH\index.php(46): CodeIgniter\Boot::bootWeb(Object(Config\Paths))
DEBUG - 2025-09-25 09:36:04 --> Session: Class initialized using 'CodeIgniter\Session\Handlers\FileHandler' driver.
CRITICAL - 2025-09-25 09:36:04 --> ErrorException: Undefined array key "patient_id_code"
[Method: GET, Route: laboratory/reports/view/1]
in APPPATH\Views\laboratory\view_report_page.php on line 18.
 1 APPPATH\Views\laboratory\view_report_page.php(18): CodeIgniter\Debug\Exceptions->errorHandler(2, 'Undefined array key "patient_id_code"', 'C:\\xampp\\htdocs\\hms_ram\\app\\Views\\laboratory\\view_report_page.php', 18)
 2 SYSTEMPATH\View\View.php(224): include('C:\\xampp\\htdocs\\hms_ram\\app\\Views\\laboratory\\view_report_page.php')
 3 SYSTEMPATH\View\View.php(227): CodeIgniter\View\View->CodeIgniter\View\{closure}()
 4 SYSTEMPATH\Common.php(1173): CodeIgniter\View\View->render('laboratory/view_report_page', [], true)
 5 APPPATH\Controllers\Laboratory\Laboratory.php(380): view('laboratory/view_report_page', [...])
 6 SYSTEMPATH\CodeIgniter.php(933): App\Controllers\Laboratory\Laboratory->viewReport('1')
 7 SYSTEMPATH\CodeIgniter.php(507): CodeIgniter\CodeIgniter->runController(Object(App\Controllers\Laboratory\Laboratory))
 8 SYSTEMPATH\CodeIgniter.php(354): CodeIgniter\CodeIgniter->handleRequest(null, Object(Config\Cache), false)
 9 SYSTEMPATH\Boot.php(334): CodeIgniter\CodeIgniter->run()
10 SYSTEMPATH\Boot.php(67): CodeIgniter\Boot::runCodeIgniter(Object(CodeIgniter\CodeIgniter))
11 FCPATH\index.php(46): CodeIgniter\Boot::bootWeb(Object(Config\Paths))
DEBUG - 2025-09-25 09:36:05 --> Session: Class initialized using 'CodeIgniter\Session\Handlers\FileHandler' driver.
CRITICAL - 2025-09-25 09:36:05 --> ErrorException: Undefined array key "patient_id_code"
[Method: GET, Route: laboratory/reports/view/1]
in APPPATH\Views\laboratory\view_report_page.php on line 18.
 1 APPPATH\Views\laboratory\view_report_page.php(18): CodeIgniter\Debug\Exceptions->errorHandler(2, 'Undefined array key "patient_id_code"', 'C:\\xampp\\htdocs\\hms_ram\\app\\Views\\laboratory\\view_report_page.php', 18)
 2 SYSTEMPATH\View\View.php(224): include('C:\\xampp\\htdocs\\hms_ram\\app\\Views\\laboratory\\view_report_page.php')
 3 SYSTEMPATH\View\View.php(227): CodeIgniter\View\View->CodeIgniter\View\{closure}()
 4 SYSTEMPATH\Common.php(1173): CodeIgniter\View\View->render('laboratory/view_report_page', [], true)
 5 APPPATH\Controllers\Laboratory\Laboratory.php(380): view('laboratory/view_report_page', [...])
 6 SYSTEMPATH\CodeIgniter.php(933): App\Controllers\Laboratory\Laboratory->viewReport('1')
 7 SYSTEMPATH\CodeIgniter.php(507): CodeIgniter\CodeIgniter->runController(Object(App\Controllers\Laboratory\Laboratory))
 8 SYSTEMPATH\CodeIgniter.php(354): CodeIgniter\CodeIgniter->handleRequest(null, Object(Config\Cache), false)
 9 SYSTEMPATH\Boot.php(334): CodeIgniter\CodeIgniter->run()
10 SYSTEMPATH\Boot.php(67): CodeIgniter\Boot::runCodeIgniter(Object(CodeIgniter\CodeIgniter))
11 FCPATH\index.php(46): CodeIgniter\Boot::bootWeb(Object(Config\Paths))
DEBUG - 2025-09-25 09:36:05 --> Session: Class initialized using 'CodeIgniter\Session\Handlers\FileHandler' driver.
CRITICAL - 2025-09-25 09:36:05 --> ErrorException: Undefined array key "patient_id_code"
[Method: GET, Route: laboratory/reports/view/1]
in APPPATH\Views\laboratory\view_report_page.php on line 18.
 1 APPPATH\Views\laboratory\view_report_page.php(18): CodeIgniter\Debug\Exceptions->errorHandler(2, 'Undefined array key "patient_id_code"', 'C:\\xampp\\htdocs\\hms_ram\\app\\Views\\laboratory\\view_report_page.php', 18)
 2 SYSTEMPATH\View\View.php(224): include('C:\\xampp\\htdocs\\hms_ram\\app\\Views\\laboratory\\view_report_page.php')
 3 SYSTEMPATH\View\View.php(227): CodeIgniter\View\View->CodeIgniter\View\{closure}()
 4 SYSTEMPATH\Common.php(1173): CodeIgniter\View\View->render('laboratory/view_report_page', [], true)
 5 APPPATH\Controllers\Laboratory\Laboratory.php(380): view('laboratory/view_report_page', [...])
 6 SYSTEMPATH\CodeIgniter.php(933): App\Controllers\Laboratory\Laboratory->viewReport('1')
 7 SYSTEMPATH\CodeIgniter.php(507): CodeIgniter\CodeIgniter->runController(Object(App\Controllers\Laboratory\Laboratory))
 8 SYSTEMPATH\CodeIgniter.php(354): CodeIgniter\CodeIgniter->handleRequest(null, Object(Config\Cache), false)
 9 SYSTEMPATH\Boot.php(334): CodeIgniter\CodeIgniter->run()
10 SYSTEMPATH\Boot.php(67): CodeIgniter\Boot::runCodeIgniter(Object(CodeIgniter\CodeIgniter))
11 FCPATH\index.php(46): CodeIgniter\Boot::bootWeb(Object(Config\Paths))
DEBUG - 2025-09-25 09:36:06 --> Session: Class initialized using 'CodeIgniter\Session\Handlers\FileHandler' driver.
CRITICAL - 2025-09-25 09:36:06 --> ErrorException: Undefined array key "patient_id_code"
[Method: GET, Route: laboratory/reports/view/1]
in APPPATH\Views\laboratory\view_report_page.php on line 18.
 1 APPPATH\Views\laboratory\view_report_page.php(18): CodeIgniter\Debug\Exceptions->errorHandler(2, 'Undefined array key "patient_id_code"', 'C:\\xampp\\htdocs\\hms_ram\\app\\Views\\laboratory\\view_report_page.php', 18)
 2 SYSTEMPATH\View\View.php(224): include('C:\\xampp\\htdocs\\hms_ram\\app\\Views\\laboratory\\view_report_page.php')
 3 SYSTEMPATH\View\View.php(227): CodeIgniter\View\View->CodeIgniter\View\{closure}()
 4 SYSTEMPATH\Common.php(1173): CodeIgniter\View\View->render('laboratory/view_report_page', [], true)
 5 APPPATH\Controllers\Laboratory\Laboratory.php(380): view('laboratory/view_report_page', [...])
 6 SYSTEMPATH\CodeIgniter.php(933): App\Controllers\Laboratory\Laboratory->viewReport('1')
 7 SYSTEMPATH\CodeIgniter.php(507): CodeIgniter\CodeIgniter->runController(Object(App\Controllers\Laboratory\Laboratory))
 8 SYSTEMPATH\CodeIgniter.php(354): CodeIgniter\CodeIgniter->handleRequest(null, Object(Config\Cache), false)
 9 SYSTEMPATH\Boot.php(334): CodeIgniter\CodeIgniter->run()
10 SYSTEMPATH\Boot.php(67): CodeIgniter\Boot::runCodeIgniter(Object(CodeIgniter\CodeIgniter))
11 FCPATH\index.php(46): CodeIgniter\Boot::bootWeb(Object(Config\Paths))
DEBUG - 2025-09-25 09:36:38 --> Session: Class initialized using 'CodeIgniter\Session\Handlers\FileHandler' driver.
ERROR - 2025-09-25 09:36:38 --> mysqli_sql_exception: Unknown column 'lab_orders.patient_id_code' in 'field list' in C:\xampp\htdocs\hms_ram\system\Database\MySQLi\Connection.php:327
Stack trace:
#0 C:\xampp\htdocs\hms_ram\system\Database\MySQLi\Connection.php(327): mysqli->query('SELECT `lab_ord...', 0)
#1 C:\xampp\htdocs\hms_ram\system\Database\BaseConnection.php(738): CodeIgniter\Database\MySQLi\Connection->execute('SELECT `lab_ord...')
#2 C:\xampp\htdocs\hms_ram\system\Database\BaseConnection.php(652): CodeIgniter\Database\BaseConnection->simpleQuery('SELECT `lab_ord...')
#3 C:\xampp\htdocs\hms_ram\system\Database\BaseBuilder.php(1649): CodeIgniter\Database\BaseConnection->query('SELECT `lab_ord...', Array, false)
#4 C:\xampp\htdocs\hms_ram\system\Model.php(330): CodeIgniter\Database\BaseBuilder->get()
#5 C:\xampp\htdocs\hms_ram\system\BaseModel.php(717): CodeIgniter\Model->doFirst()
#6 C:\xampp\htdocs\hms_ram\app\Controllers\Laboratory\Laboratory.php(356): CodeIgniter\BaseModel->first()
#7 C:\xampp\htdocs\hms_ram\system\CodeIgniter.php(933): App\Controllers\Laboratory\Laboratory->viewReport('1')
#8 C:\xampp\htdocs\hms_ram\system\CodeIgniter.php(507): CodeIgniter\CodeIgniter->runController(Object(App\Controllers\Laboratory\Laboratory))
#9 C:\xampp\htdocs\hms_ram\system\CodeIgniter.php(354): CodeIgniter\CodeIgniter->handleRequest(NULL, Object(Config\Cache), false)
#10 C:\xampp\htdocs\hms_ram\system\Boot.php(334): CodeIgniter\CodeIgniter->run()
#11 C:\xampp\htdocs\hms_ram\system\Boot.php(67): CodeIgniter\Boot::runCodeIgniter(Object(CodeIgniter\CodeIgniter))
#12 C:\xampp\htdocs\hms_ram\index.php(46): CodeIgniter\Boot::bootWeb(Object(Config\Paths))
#13 {main}
CRITICAL - 2025-09-25 09:36:38 --> CodeIgniter\Database\Exceptions\DatabaseException: Unknown column 'lab_orders.patient_id_code' in 'field list'
[Method: GET, Route: laboratory/reports/view/1]
in SYSTEMPATH\Database\BaseConnection.php on line 692.
 1 SYSTEMPATH\Database\BaseBuilder.php(1649): CodeIgniter\Database\BaseConnection->query('SELECT `lab_orders`.*, `patients`.`first_name` as `patient_first_name`, `patients`.`last_name` as `patient_last_name`, `lab_orders`.`patient_id_code`, `lab_orders`.`phone_number`
FROM `lab_orders`
JOIN `patients` ON `patients`.`id` = `lab_orders`.`patient_id`
WHERE `lab_orders`.`id` = :lab_orders.id:
 LIMIT 1', [...], false)
 2 SYSTEMPATH\Model.php(330): CodeIgniter\Database\BaseBuilder->get()
 3 SYSTEMPATH\BaseModel.php(717): CodeIgniter\Model->doFirst()
 4 APPPATH\Controllers\Laboratory\Laboratory.php(356): CodeIgniter\BaseModel->first()
 5 SYSTEMPATH\CodeIgniter.php(933): App\Controllers\Laboratory\Laboratory->viewReport('1')
 6 SYSTEMPATH\CodeIgniter.php(507): CodeIgniter\CodeIgniter->runController(Object(App\Controllers\Laboratory\Laboratory))
 7 SYSTEMPATH\CodeIgniter.php(354): CodeIgniter\CodeIgniter->handleRequest(null, Object(Config\Cache), false)
 8 SYSTEMPATH\Boot.php(334): CodeIgniter\CodeIgniter->run()
 9 SYSTEMPATH\Boot.php(67): CodeIgniter\Boot::runCodeIgniter(Object(CodeIgniter\CodeIgniter))
10 FCPATH\index.php(46): CodeIgniter\Boot::bootWeb(Object(Config\Paths))
CRITICAL - 2025-09-25 09:36:38 --> [Caused by] CodeIgniter\Database\Exceptions\DatabaseException: Unknown column 'lab_orders.patient_id_code' in 'field list'
in SYSTEMPATH\Database\MySQLi\Connection.php on line 332.
 1 SYSTEMPATH\Database\BaseConnection.php(738): CodeIgniter\Database\MySQLi\Connection->execute('SELECT `lab_orders`.*, `patients`.`first_name` as `patient_first_name`, `patients`.`last_name` as `patient_last_name`, `lab_orders`.`patient_id_code`, `lab_orders`.`phone_number`
FROM `lab_orders`
JOIN `patients` ON `patients`.`id` = `lab_orders`.`patient_id`
WHERE `lab_orders`.`id` = \'1\'
 LIMIT 1')
 2 SYSTEMPATH\Database\BaseConnection.php(652): CodeIgniter\Database\BaseConnection->simpleQuery('SELECT `lab_orders`.*, `patients`.`first_name` as `patient_first_name`, `patients`.`last_name` as `patient_last_name`, `lab_orders`.`patient_id_code`, `lab_orders`.`phone_number`
FROM `lab_orders`
JOIN `patients` ON `patients`.`id` = `lab_orders`.`patient_id`
WHERE `lab_orders`.`id` = \'1\'
 LIMIT 1')
 3 SYSTEMPATH\Database\BaseBuilder.php(1649): CodeIgniter\Database\BaseConnection->query('SELECT `lab_orders`.*, `patients`.`first_name` as `patient_first_name`, `patients`.`last_name` as `patient_last_name`, `lab_orders`.`patient_id_code`, `lab_orders`.`phone_number`
FROM `lab_orders`
JOIN `patients` ON `patients`.`id` = `lab_orders`.`patient_id`
WHERE `lab_orders`.`id` = :lab_orders.id:
 LIMIT 1', [...], false)
 4 SYSTEMPATH\Model.php(330): CodeIgniter\Database\BaseBuilder->get()
 5 SYSTEMPATH\BaseModel.php(717): CodeIgniter\Model->doFirst()
 6 APPPATH\Controllers\Laboratory\Laboratory.php(356): CodeIgniter\BaseModel->first()
 7 SYSTEMPATH\CodeIgniter.php(933): App\Controllers\Laboratory\Laboratory->viewReport('1')
 8 SYSTEMPATH\CodeIgniter.php(507): CodeIgniter\CodeIgniter->runController(Object(App\Controllers\Laboratory\Laboratory))
 9 SYSTEMPATH\CodeIgniter.php(354): CodeIgniter\CodeIgniter->handleRequest(null, Object(Config\Cache), false)
10 SYSTEMPATH\Boot.php(334): CodeIgniter\CodeIgniter->run()
11 SYSTEMPATH\Boot.php(67): CodeIgniter\Boot::runCodeIgniter(Object(CodeIgniter\CodeIgniter))
12 FCPATH\index.php(46): CodeIgniter\Boot::bootWeb(Object(Config\Paths))
CRITICAL - 2025-09-25 09:36:38 --> [Caused by] mysqli_sql_exception: Unknown column 'lab_orders.patient_id_code' in 'field list'
in SYSTEMPATH\Database\MySQLi\Connection.php on line 327.
 1 SYSTEMPATH\Database\MySQLi\Connection.php(327): mysqli->query('SELECT `lab_orders`.*, `patients`.`first_name` as `patient_first_name`, `patients`.`last_name` as `patient_last_name`, `lab_orders`.`patient_id_code`, `lab_orders`.`phone_number`
FROM `lab_orders`
JOIN `patients` ON `patients`.`id` = `lab_orders`.`patient_id`
WHERE `lab_orders`.`id` = \'1\'
 LIMIT 1', 0)
 2 SYSTEMPATH\Database\BaseConnection.php(738): CodeIgniter\Database\MySQLi\Connection->execute('SELECT `lab_orders`.*, `patients`.`first_name` as `patient_first_name`, `patients`.`last_name` as `patient_last_name`, `lab_orders`.`patient_id_code`, `lab_orders`.`phone_number`
FROM `lab_orders`
JOIN `patients` ON `patients`.`id` = `lab_orders`.`patient_id`
WHERE `lab_orders`.`id` = \'1\'
 LIMIT 1')
 3 SYSTEMPATH\Database\BaseConnection.php(652): CodeIgniter\Database\BaseConnection->simpleQuery('SELECT `lab_orders`.*, `patients`.`first_name` as `patient_first_name`, `patients`.`last_name` as `patient_last_name`, `lab_orders`.`patient_id_code`, `lab_orders`.`phone_number`
FROM `lab_orders`
JOIN `patients` ON `patients`.`id` = `lab_orders`.`patient_id`
WHERE `lab_orders`.`id` = \'1\'
 LIMIT 1')
 4 SYSTEMPATH\Database\BaseBuilder.php(1649): CodeIgniter\Database\BaseConnection->query('SELECT `lab_orders`.*, `patients`.`first_name` as `patient_first_name`, `patients`.`last_name` as `patient_last_name`, `lab_orders`.`patient_id_code`, `lab_orders`.`phone_number`
FROM `lab_orders`
JOIN `patients` ON `patients`.`id` = `lab_orders`.`patient_id`
WHERE `lab_orders`.`id` = :lab_orders.id:
 LIMIT 1', [...], false)
 5 SYSTEMPATH\Model.php(330): CodeIgniter\Database\BaseBuilder->get()
 6 SYSTEMPATH\BaseModel.php(717): CodeIgniter\Model->doFirst()
 7 APPPATH\Controllers\Laboratory\Laboratory.php(356): CodeIgniter\BaseModel->first()
 8 SYSTEMPATH\CodeIgniter.php(933): App\Controllers\Laboratory\Laboratory->viewReport('1')
 9 SYSTEMPATH\CodeIgniter.php(507): CodeIgniter\CodeIgniter->runController(Object(App\Controllers\Laboratory\Laboratory))
10 SYSTEMPATH\CodeIgniter.php(354): CodeIgniter\CodeIgniter->handleRequest(null, Object(Config\Cache), false)
11 SYSTEMPATH\Boot.php(334): CodeIgniter\CodeIgniter->run()
12 SYSTEMPATH\Boot.php(67): CodeIgniter\Boot::runCodeIgniter(Object(CodeIgniter\CodeIgniter))
13 FCPATH\index.php(46): CodeIgniter\Boot::bootWeb(Object(Config\Paths))
DEBUG - 2025-09-25 09:37:20 --> Session: Class initialized using 'CodeIgniter\Session\Handlers\FileHandler' driver.
ERROR - 2025-09-25 09:37:20 --> mysqli_sql_exception: Unknown column 'patients.id_code' in 'field list' in C:\xampp\htdocs\hms_ram\system\Database\MySQLi\Connection.php:327
Stack trace:
#0 C:\xampp\htdocs\hms_ram\system\Database\MySQLi\Connection.php(327): mysqli->query('SELECT `lab_ord...', 0)
#1 C:\xampp\htdocs\hms_ram\system\Database\BaseConnection.php(738): CodeIgniter\Database\MySQLi\Connection->execute('SELECT `lab_ord...')
#2 C:\xampp\htdocs\hms_ram\system\Database\BaseConnection.php(652): CodeIgniter\Database\BaseConnection->simpleQuery('SELECT `lab_ord...')
#3 C:\xampp\htdocs\hms_ram\system\Database\BaseBuilder.php(1649): CodeIgniter\Database\BaseConnection->query('SELECT `lab_ord...', Array, false)
#4 C:\xampp\htdocs\hms_ram\system\Model.php(330): CodeIgniter\Database\BaseBuilder->get()
#5 C:\xampp\htdocs\hms_ram\system\BaseModel.php(717): CodeIgniter\Model->doFirst()
#6 C:\xampp\htdocs\hms_ram\app\Controllers\Laboratory\Laboratory.php(356): CodeIgniter\BaseModel->first()
#7 C:\xampp\htdocs\hms_ram\system\CodeIgniter.php(933): App\Controllers\Laboratory\Laboratory->viewReport('1')
#8 C:\xampp\htdocs\hms_ram\system\CodeIgniter.php(507): CodeIgniter\CodeIgniter->runController(Object(App\Controllers\Laboratory\Laboratory))
#9 C:\xampp\htdocs\hms_ram\system\CodeIgniter.php(354): CodeIgniter\CodeIgniter->handleRequest(NULL, Object(Config\Cache), false)
#10 C:\xampp\htdocs\hms_ram\system\Boot.php(334): CodeIgniter\CodeIgniter->run()
#11 C:\xampp\htdocs\hms_ram\system\Boot.php(67): CodeIgniter\Boot::runCodeIgniter(Object(CodeIgniter\CodeIgniter))
#12 C:\xampp\htdocs\hms_ram\index.php(46): CodeIgniter\Boot::bootWeb(Object(Config\Paths))
#13 {main}
CRITICAL - 2025-09-25 09:37:20 --> CodeIgniter\Database\Exceptions\DatabaseException: Unknown column 'patients.id_code' in 'field list'
[Method: GET, Route: laboratory/reports/view/1]
in SYSTEMPATH\Database\BaseConnection.php on line 692.
 1 SYSTEMPATH\Database\BaseBuilder.php(1649): CodeIgniter\Database\BaseConnection->query('SELECT `lab_orders`.*, `patients`.`first_name` as `patient_first_name`, `patients`.`last_name` as `patient_last_name`, `patients`.`id_code` as `patient_id_code`, `patients`.`phone_number` as `patient_phone_number`, `users`.`first_name` as `doctor_first_name`, `users`.`last_name` as `doctor_last_name`
FROM `lab_orders`
JOIN `patients` ON `patients`.`id` = `lab_orders`.`patient_id`
JOIN `users` ON `users`.`id` = `lab_orders`.`ordered_by`
WHERE `lab_orders`.`id` = :lab_orders.id:
 LIMIT 1', [...], false)
 2 SYSTEMPATH\Model.php(330): CodeIgniter\Database\BaseBuilder->get()
 3 SYSTEMPATH\BaseModel.php(717): CodeIgniter\Model->doFirst()
 4 APPPATH\Controllers\Laboratory\Laboratory.php(356): CodeIgniter\BaseModel->first()
 5 SYSTEMPATH\CodeIgniter.php(933): App\Controllers\Laboratory\Laboratory->viewReport('1')
 6 SYSTEMPATH\CodeIgniter.php(507): CodeIgniter\CodeIgniter->runController(Object(App\Controllers\Laboratory\Laboratory))
 7 SYSTEMPATH\CodeIgniter.php(354): CodeIgniter\CodeIgniter->handleRequest(null, Object(Config\Cache), false)
 8 SYSTEMPATH\Boot.php(334): CodeIgniter\CodeIgniter->run()
 9 SYSTEMPATH\Boot.php(67): CodeIgniter\Boot::runCodeIgniter(Object(CodeIgniter\CodeIgniter))
10 FCPATH\index.php(46): CodeIgniter\Boot::bootWeb(Object(Config\Paths))
CRITICAL - 2025-09-25 09:37:20 --> [Caused by] CodeIgniter\Database\Exceptions\DatabaseException: Unknown column 'patients.id_code' in 'field list'
in SYSTEMPATH\Database\MySQLi\Connection.php on line 332.
 1 SYSTEMPATH\Database\BaseConnection.php(738): CodeIgniter\Database\MySQLi\Connection->execute('SELECT `lab_orders`.*, `patients`.`first_name` as `patient_first_name`, `patients`.`last_name` as `patient_last_name`, `patients`.`id_code` as `patient_id_code`, `patients`.`phone_number` as `patient_phone_number`, `users`.`first_name` as `doctor_first_name`, `users`.`last_name` as `doctor_last_name`
FROM `lab_orders`
JOIN `patients` ON `patients`.`id` = `lab_orders`.`patient_id`
JOIN `users` ON `users`.`id` = `lab_orders`.`ordered_by`
WHERE `lab_orders`.`id` = \'1\'
 LIMIT 1')
 2 SYSTEMPATH\Database\BaseConnection.php(652): CodeIgniter\Database\BaseConnection->simpleQuery('SELECT `lab_orders`.*, `patients`.`first_name` as `patient_first_name`, `patients`.`last_name` as `patient_last_name`, `patients`.`id_code` as `patient_id_code`, `patients`.`phone_number` as `patient_phone_number`, `users`.`first_name` as `doctor_first_name`, `users`.`last_name` as `doctor_last_name`
FROM `lab_orders`
JOIN `patients` ON `patients`.`id` = `lab_orders`.`patient_id`
JOIN `users` ON `users`.`id` = `lab_orders`.`ordered_by`
WHERE `lab_orders`.`id` = \'1\'
 LIMIT 1')
 3 SYSTEMPATH\Database\BaseBuilder.php(1649): CodeIgniter\Database\BaseConnection->query('SELECT `lab_orders`.*, `patients`.`first_name` as `patient_first_name`, `patients`.`last_name` as `patient_last_name`, `patients`.`id_code` as `patient_id_code`, `patients`.`phone_number` as `patient_phone_number`, `users`.`first_name` as `doctor_first_name`, `users`.`last_name` as `doctor_last_name`
FROM `lab_orders`
JOIN `patients` ON `patients`.`id` = `lab_orders`.`patient_id`
JOIN `users` ON `users`.`id` = `lab_orders`.`ordered_by`
WHERE `lab_orders`.`id` = :lab_orders.id:
 LIMIT 1', [...], false)
 4 SYSTEMPATH\Model.php(330): CodeIgniter\Database\BaseBuilder->get()
 5 SYSTEMPATH\BaseModel.php(717): CodeIgniter\Model->doFirst()
 6 APPPATH\Controllers\Laboratory\Laboratory.php(356): CodeIgniter\BaseModel->first()
 7 SYSTEMPATH\CodeIgniter.php(933): App\Controllers\Laboratory\Laboratory->viewReport('1')
 8 SYSTEMPATH\CodeIgniter.php(507): CodeIgniter\CodeIgniter->runController(Object(App\Controllers\Laboratory\Laboratory))
 9 SYSTEMPATH\CodeIgniter.php(354): CodeIgniter\CodeIgniter->handleRequest(null, Object(Config\Cache), false)
10 SYSTEMPATH\Boot.php(334): CodeIgniter\CodeIgniter->run()
11 SYSTEMPATH\Boot.php(67): CodeIgniter\Boot::runCodeIgniter(Object(CodeIgniter\CodeIgniter))
12 FCPATH\index.php(46): CodeIgniter\Boot::bootWeb(Object(Config\Paths))
CRITICAL - 2025-09-25 09:37:20 --> [Caused by] mysqli_sql_exception: Unknown column 'patients.id_code' in 'field list'
in SYSTEMPATH\Database\MySQLi\Connection.php on line 327.
 1 SYSTEMPATH\Database\MySQLi\Connection.php(327): mysqli->query('SELECT `lab_orders`.*, `patients`.`first_name` as `patient_first_name`, `patients`.`last_name` as `patient_last_name`, `patients`.`id_code` as `patient_id_code`, `patients`.`phone_number` as `patient_phone_number`, `users`.`first_name` as `doctor_first_name`, `users`.`last_name` as `doctor_last_name`
FROM `lab_orders`
JOIN `patients` ON `patients`.`id` = `lab_orders`.`patient_id`
JOIN `users` ON `users`.`id` = `lab_orders`.`ordered_by`
WHERE `lab_orders`.`id` = \'1\'
 LIMIT 1', 0)
 2 SYSTEMPATH\Database\BaseConnection.php(738): CodeIgniter\Database\MySQLi\Connection->execute('SELECT `lab_orders`.*, `patients`.`first_name` as `patient_first_name`, `patients`.`last_name` as `patient_last_name`, `patients`.`id_code` as `patient_id_code`, `patients`.`phone_number` as `patient_phone_number`, `users`.`first_name` as `doctor_first_name`, `users`.`last_name` as `doctor_last_name`
FROM `lab_orders`
JOIN `patients` ON `patients`.`id` = `lab_orders`.`patient_id`
JOIN `users` ON `users`.`id` = `lab_orders`.`ordered_by`
WHERE `lab_orders`.`id` = \'1\'
 LIMIT 1')
 3 SYSTEMPATH\Database\BaseConnection.php(652): CodeIgniter\Database\BaseConnection->simpleQuery('SELECT `lab_orders`.*, `patients`.`first_name` as `patient_first_name`, `patients`.`last_name` as `patient_last_name`, `patients`.`id_code` as `patient_id_code`, `patients`.`phone_number` as `patient_phone_number`, `users`.`first_name` as `doctor_first_name`, `users`.`last_name` as `doctor_last_name`
FROM `lab_orders`
JOIN `patients` ON `patients`.`id` = `lab_orders`.`patient_id`
JOIN `users` ON `users`.`id` = `lab_orders`.`ordered_by`
WHERE `lab_orders`.`id` = \'1\'
 LIMIT 1')
 4 SYSTEMPATH\Database\BaseBuilder.php(1649): CodeIgniter\Database\BaseConnection->query('SELECT `lab_orders`.*, `patients`.`first_name` as `patient_first_name`, `patients`.`last_name` as `patient_last_name`, `patients`.`id_code` as `patient_id_code`, `patients`.`phone_number` as `patient_phone_number`, `users`.`first_name` as `doctor_first_name`, `users`.`last_name` as `doctor_last_name`
FROM `lab_orders`
JOIN `patients` ON `patients`.`id` = `lab_orders`.`patient_id`
JOIN `users` ON `users`.`id` = `lab_orders`.`ordered_by`
WHERE `lab_orders`.`id` = :lab_orders.id:
 LIMIT 1', [...], false)
 5 SYSTEMPATH\Model.php(330): CodeIgniter\Database\BaseBuilder->get()
 6 SYSTEMPATH\BaseModel.php(717): CodeIgniter\Model->doFirst()
 7 APPPATH\Controllers\Laboratory\Laboratory.php(356): CodeIgniter\BaseModel->first()
 8 SYSTEMPATH\CodeIgniter.php(933): App\Controllers\Laboratory\Laboratory->viewReport('1')
 9 SYSTEMPATH\CodeIgniter.php(507): CodeIgniter\CodeIgniter->runController(Object(App\Controllers\Laboratory\Laboratory))
10 SYSTEMPATH\CodeIgniter.php(354): CodeIgniter\CodeIgniter->handleRequest(null, Object(Config\Cache), false)
11 SYSTEMPATH\Boot.php(334): CodeIgniter\CodeIgniter->run()
12 SYSTEMPATH\Boot.php(67): CodeIgniter\Boot::runCodeIgniter(Object(CodeIgniter\CodeIgniter))
13 FCPATH\index.php(46): CodeIgniter\Boot::bootWeb(Object(Config\Paths))
DEBUG - 2025-09-25 09:37:21 --> Session: Class initialized using 'CodeIgniter\Session\Handlers\FileHandler' driver.
ERROR - 2025-09-25 09:37:21 --> mysqli_sql_exception: Unknown column 'patients.id_code' in 'field list' in C:\xampp\htdocs\hms_ram\system\Database\MySQLi\Connection.php:327
Stack trace:
#0 C:\xampp\htdocs\hms_ram\system\Database\MySQLi\Connection.php(327): mysqli->query('SELECT `lab_ord...', 0)
#1 C:\xampp\htdocs\hms_ram\system\Database\BaseConnection.php(738): CodeIgniter\Database\MySQLi\Connection->execute('SELECT `lab_ord...')
#2 C:\xampp\htdocs\hms_ram\system\Database\BaseConnection.php(652): CodeIgniter\Database\BaseConnection->simpleQuery('SELECT `lab_ord...')
#3 C:\xampp\htdocs\hms_ram\system\Database\BaseBuilder.php(1649): CodeIgniter\Database\BaseConnection->query('SELECT `lab_ord...', Array, false)
#4 C:\xampp\htdocs\hms_ram\system\Model.php(330): CodeIgniter\Database\BaseBuilder->get()
#5 C:\xampp\htdocs\hms_ram\system\BaseModel.php(717): CodeIgniter\Model->doFirst()
#6 C:\xampp\htdocs\hms_ram\app\Controllers\Laboratory\Laboratory.php(356): CodeIgniter\BaseModel->first()
#7 C:\xampp\htdocs\hms_ram\system\CodeIgniter.php(933): App\Controllers\Laboratory\Laboratory->viewReport('1')
#8 C:\xampp\htdocs\hms_ram\system\CodeIgniter.php(507): CodeIgniter\CodeIgniter->runController(Object(App\Controllers\Laboratory\Laboratory))
#9 C:\xampp\htdocs\hms_ram\system\CodeIgniter.php(354): CodeIgniter\CodeIgniter->handleRequest(NULL, Object(Config\Cache), false)
#10 C:\xampp\htdocs\hms_ram\system\Boot.php(334): CodeIgniter\CodeIgniter->run()
#11 C:\xampp\htdocs\hms_ram\system\Boot.php(67): CodeIgniter\Boot::runCodeIgniter(Object(CodeIgniter\CodeIgniter))
#12 C:\xampp\htdocs\hms_ram\index.php(46): CodeIgniter\Boot::bootWeb(Object(Config\Paths))
#13 {main}
CRITICAL - 2025-09-25 09:37:21 --> CodeIgniter\Database\Exceptions\DatabaseException: Unknown column 'patients.id_code' in 'field list'
[Method: GET, Route: laboratory/reports/view/1]
in SYSTEMPATH\Database\BaseConnection.php on line 692.
 1 SYSTEMPATH\Database\BaseBuilder.php(1649): CodeIgniter\Database\BaseConnection->query('SELECT `lab_orders`.*, `patients`.`first_name` as `patient_first_name`, `patients`.`last_name` as `patient_last_name`, `patients`.`id_code` as `patient_id_code`, `patients`.`phone_number` as `patient_phone_number`, `users`.`first_name` as `doctor_first_name`, `users`.`last_name` as `doctor_last_name`
FROM `lab_orders`
JOIN `patients` ON `patients`.`id` = `lab_orders`.`patient_id`
JOIN `users` ON `users`.`id` = `lab_orders`.`ordered_by`
WHERE `lab_orders`.`id` = :lab_orders.id:
 LIMIT 1', [...], false)
 2 SYSTEMPATH\Model.php(330): CodeIgniter\Database\BaseBuilder->get()
 3 SYSTEMPATH\BaseModel.php(717): CodeIgniter\Model->doFirst()
 4 APPPATH\Controllers\Laboratory\Laboratory.php(356): CodeIgniter\BaseModel->first()
 5 SYSTEMPATH\CodeIgniter.php(933): App\Controllers\Laboratory\Laboratory->viewReport('1')
 6 SYSTEMPATH\CodeIgniter.php(507): CodeIgniter\CodeIgniter->runController(Object(App\Controllers\Laboratory\Laboratory))
 7 SYSTEMPATH\CodeIgniter.php(354): CodeIgniter\CodeIgniter->handleRequest(null, Object(Config\Cache), false)
 8 SYSTEMPATH\Boot.php(334): CodeIgniter\CodeIgniter->run()
 9 SYSTEMPATH\Boot.php(67): CodeIgniter\Boot::runCodeIgniter(Object(CodeIgniter\CodeIgniter))
10 FCPATH\index.php(46): CodeIgniter\Boot::bootWeb(Object(Config\Paths))
CRITICAL - 2025-09-25 09:37:21 --> [Caused by] CodeIgniter\Database\Exceptions\DatabaseException: Unknown column 'patients.id_code' in 'field list'
in SYSTEMPATH\Database\MySQLi\Connection.php on line 332.
 1 SYSTEMPATH\Database\BaseConnection.php(738): CodeIgniter\Database\MySQLi\Connection->execute('SELECT `lab_orders`.*, `patients`.`first_name` as `patient_first_name`, `patients`.`last_name` as `patient_last_name`, `patients`.`id_code` as `patient_id_code`, `patients`.`phone_number` as `patient_phone_number`, `users`.`first_name` as `doctor_first_name`, `users`.`last_name` as `doctor_last_name`
FROM `lab_orders`
JOIN `patients` ON `patients`.`id` = `lab_orders`.`patient_id`
JOIN `users` ON `users`.`id` = `lab_orders`.`ordered_by`
WHERE `lab_orders`.`id` = \'1\'
 LIMIT 1')
 2 SYSTEMPATH\Database\BaseConnection.php(652): CodeIgniter\Database\BaseConnection->simpleQuery('SELECT `lab_orders`.*, `patients`.`first_name` as `patient_first_name`, `patients`.`last_name` as `patient_last_name`, `patients`.`id_code` as `patient_id_code`, `patients`.`phone_number` as `patient_phone_number`, `users`.`first_name` as `doctor_first_name`, `users`.`last_name` as `doctor_last_name`
FROM `lab_orders`
JOIN `patients` ON `patients`.`id` = `lab_orders`.`patient_id`
JOIN `users` ON `users`.`id` = `lab_orders`.`ordered_by`
WHERE `lab_orders`.`id` = \'1\'
 LIMIT 1')
 3 SYSTEMPATH\Database\BaseBuilder.php(1649): CodeIgniter\Database\BaseConnection->query('SELECT `lab_orders`.*, `patients`.`first_name` as `patient_first_name`, `patients`.`last_name` as `patient_last_name`, `patients`.`id_code` as `patient_id_code`, `patients`.`phone_number` as `patient_phone_number`, `users`.`first_name` as `doctor_first_name`, `users`.`last_name` as `doctor_last_name`
FROM `lab_orders`
JOIN `patients` ON `patients`.`id` = `lab_orders`.`patient_id`
JOIN `users` ON `users`.`id` = `lab_orders`.`ordered_by`
WHERE `lab_orders`.`id` = :lab_orders.id:
 LIMIT 1', [...], false)
 4 SYSTEMPATH\Model.php(330): CodeIgniter\Database\BaseBuilder->get()
 5 SYSTEMPATH\BaseModel.php(717): CodeIgniter\Model->doFirst()
 6 APPPATH\Controllers\Laboratory\Laboratory.php(356): CodeIgniter\BaseModel->first()
 7 SYSTEMPATH\CodeIgniter.php(933): App\Controllers\Laboratory\Laboratory->viewReport('1')
 8 SYSTEMPATH\CodeIgniter.php(507): CodeIgniter\CodeIgniter->runController(Object(App\Controllers\Laboratory\Laboratory))
 9 SYSTEMPATH\CodeIgniter.php(354): CodeIgniter\CodeIgniter->handleRequest(null, Object(Config\Cache), false)
10 SYSTEMPATH\Boot.php(334): CodeIgniter\CodeIgniter->run()
11 SYSTEMPATH\Boot.php(67): CodeIgniter\Boot::runCodeIgniter(Object(CodeIgniter\CodeIgniter))
12 FCPATH\index.php(46): CodeIgniter\Boot::bootWeb(Object(Config\Paths))
CRITICAL - 2025-09-25 09:37:21 --> [Caused by] mysqli_sql_exception: Unknown column 'patients.id_code' in 'field list'
in SYSTEMPATH\Database\MySQLi\Connection.php on line 327.
 1 SYSTEMPATH\Database\MySQLi\Connection.php(327): mysqli->query('SELECT `lab_orders`.*, `patients`.`first_name` as `patient_first_name`, `patients`.`last_name` as `patient_last_name`, `patients`.`id_code` as `patient_id_code`, `patients`.`phone_number` as `patient_phone_number`, `users`.`first_name` as `doctor_first_name`, `users`.`last_name` as `doctor_last_name`
FROM `lab_orders`
JOIN `patients` ON `patients`.`id` = `lab_orders`.`patient_id`
JOIN `users` ON `users`.`id` = `lab_orders`.`ordered_by`
WHERE `lab_orders`.`id` = \'1\'
 LIMIT 1', 0)
 2 SYSTEMPATH\Database\BaseConnection.php(738): CodeIgniter\Database\MySQLi\Connection->execute('SELECT `lab_orders`.*, `patients`.`first_name` as `patient_first_name`, `patients`.`last_name` as `patient_last_name`, `patients`.`id_code` as `patient_id_code`, `patients`.`phone_number` as `patient_phone_number`, `users`.`first_name` as `doctor_first_name`, `users`.`last_name` as `doctor_last_name`
FROM `lab_orders`
JOIN `patients` ON `patients`.`id` = `lab_orders`.`patient_id`
JOIN `users` ON `users`.`id` = `lab_orders`.`ordered_by`
WHERE `lab_orders`.`id` = \'1\'
 LIMIT 1')
 3 SYSTEMPATH\Database\BaseConnection.php(652): CodeIgniter\Database\BaseConnection->simpleQuery('SELECT `lab_orders`.*, `patients`.`first_name` as `patient_first_name`, `patients`.`last_name` as `patient_last_name`, `patients`.`id_code` as `patient_id_code`, `patients`.`phone_number` as `patient_phone_number`, `users`.`first_name` as `doctor_first_name`, `users`.`last_name` as `doctor_last_name`
FROM `lab_orders`
JOIN `patients` ON `patients`.`id` = `lab_orders`.`patient_id`
JOIN `users` ON `users`.`id` = `lab_orders`.`ordered_by`
WHERE `lab_orders`.`id` = \'1\'
 LIMIT 1')
 4 SYSTEMPATH\Database\BaseBuilder.php(1649): CodeIgniter\Database\BaseConnection->query('SELECT `lab_orders`.*, `patients`.`first_name` as `patient_first_name`, `patients`.`last_name` as `patient_last_name`, `patients`.`id_code` as `patient_id_code`, `patients`.`phone_number` as `patient_phone_number`, `users`.`first_name` as `doctor_first_name`, `users`.`last_name` as `doctor_last_name`
FROM `lab_orders`
JOIN `patients` ON `patients`.`id` = `lab_orders`.`patient_id`
JOIN `users` ON `users`.`id` = `lab_orders`.`ordered_by`
WHERE `lab_orders`.`id` = :lab_orders.id:
 LIMIT 1', [...], false)
 5 SYSTEMPATH\Model.php(330): CodeIgniter\Database\BaseBuilder->get()
 6 SYSTEMPATH\BaseModel.php(717): CodeIgniter\Model->doFirst()
 7 APPPATH\Controllers\Laboratory\Laboratory.php(356): CodeIgniter\BaseModel->first()
 8 SYSTEMPATH\CodeIgniter.php(933): App\Controllers\Laboratory\Laboratory->viewReport('1')
 9 SYSTEMPATH\CodeIgniter.php(507): CodeIgniter\CodeIgniter->runController(Object(App\Controllers\Laboratory\Laboratory))
10 SYSTEMPATH\CodeIgniter.php(354): CodeIgniter\CodeIgniter->handleRequest(null, Object(Config\Cache), false)
11 SYSTEMPATH\Boot.php(334): CodeIgniter\CodeIgniter->run()
12 SYSTEMPATH\Boot.php(67): CodeIgniter\Boot::runCodeIgniter(Object(CodeIgniter\CodeIgniter))
13 FCPATH\index.php(46): CodeIgniter\Boot::bootWeb(Object(Config\Paths))
DEBUG - 2025-09-25 09:37:55 --> Session: Class initialized using 'CodeIgniter\Session\Handlers\FileHandler' driver.
CRITICAL - 2025-09-25 09:37:55 --> ErrorException: Undefined array key "phone_number"
[Method: GET, Route: laboratory/reports/view/1]
in APPPATH\Views\laboratory\view_report_page.php on line 19.
 1 APPPATH\Views\laboratory\view_report_page.php(19): CodeIgniter\Debug\Exceptions->errorHandler(2, 'Undefined array key "phone_number"', 'C:\\xampp\\htdocs\\hms_ram\\app\\Views\\laboratory\\view_report_page.php', 19)
 2 SYSTEMPATH\View\View.php(224): include('C:\\xampp\\htdocs\\hms_ram\\app\\Views\\laboratory\\view_report_page.php')
 3 SYSTEMPATH\View\View.php(227): CodeIgniter\View\View->CodeIgniter\View\{closure}()
 4 SYSTEMPATH\Common.php(1173): CodeIgniter\View\View->render('laboratory/view_report_page', [], true)
 5 APPPATH\Controllers\Laboratory\Laboratory.php(383): view('laboratory/view_report_page', [...])
 6 SYSTEMPATH\CodeIgniter.php(933): App\Controllers\Laboratory\Laboratory->viewReport('1')
 7 SYSTEMPATH\CodeIgniter.php(507): CodeIgniter\CodeIgniter->runController(Object(App\Controllers\Laboratory\Laboratory))
 8 SYSTEMPATH\CodeIgniter.php(354): CodeIgniter\CodeIgniter->handleRequest(null, Object(Config\Cache), false)
 9 SYSTEMPATH\Boot.php(334): CodeIgniter\CodeIgniter->run()
10 SYSTEMPATH\Boot.php(67): CodeIgniter\Boot::runCodeIgniter(Object(CodeIgniter\CodeIgniter))
11 FCPATH\index.php(46): CodeIgniter\Boot::bootWeb(Object(Config\Paths))
DEBUG - 2025-09-25 09:38:29 --> Session: Class initialized using 'CodeIgniter\Session\Handlers\FileHandler' driver.
DEBUG - 2025-09-25 09:38:45 --> Session: Class initialized using 'CodeIgniter\Session\Handlers\FileHandler' driver.
DEBUG - 2025-09-25 09:38:46 --> Session: Class initialized using 'CodeIgniter\Session\Handlers\FileHandler' driver.
DEBUG - 2025-09-25 09:38:49 --> Session: Class initialized using 'CodeIgniter\Session\Handlers\FileHandler' driver.
DEBUG - 2025-09-25 09:38:51 --> Session: Class initialized using 'CodeIgniter\Session\Handlers\FileHandler' driver.
DEBUG - 2025-09-25 09:38:55 --> Session: Class initialized using 'CodeIgniter\Session\Handlers\FileHandler' driver.
DEBUG - 2025-09-25 09:38:56 --> Session: Class initialized using 'CodeIgniter\Session\Handlers\FileHandler' driver.
DEBUG - 2025-09-25 09:39:01 --> Session: Class initialized using 'CodeIgniter\Session\Handlers\FileHandler' driver.
DEBUG - 2025-09-25 09:39:03 --> Session: Class initialized using 'CodeIgniter\Session\Handlers\FileHandler' driver.
DEBUG - 2025-09-25 09:39:04 --> Session: Class initialized using 'CodeIgniter\Session\Handlers\FileHandler' driver.
DEBUG - 2025-09-25 09:39:07 --> Session: Class initialized using 'CodeIgniter\Session\Handlers\FileHandler' driver.
DEBUG - 2025-09-25 09:39:39 --> Session: Class initialized using 'CodeIgniter\Session\Handlers\FileHandler' driver.
DEBUG - 2025-09-25 09:39:43 --> Session: Class initialized using 'CodeIgniter\Session\Handlers\FileHandler' driver.
DEBUG - 2025-09-25 09:40:32 --> Session: Class initialized using 'CodeIgniter\Session\Handlers\FileHandler' driver.
DEBUG - 2025-09-25 09:40:36 --> Session: Class initialized using 'CodeIgniter\Session\Handlers\FileHandler' driver.
DEBUG - 2025-09-25 09:41:22 --> Session: Class initialized using 'CodeIgniter\Session\Handlers\FileHandler' driver.
DEBUG - 2025-09-25 09:41:23 --> Session: Class initialized using 'CodeIgniter\Session\Handlers\FileHandler' driver.
DEBUG - 2025-09-25 09:42:46 --> Session: Class initialized using 'CodeIgniter\Session\Handlers\FileHandler' driver.
DEBUG - 2025-09-25 09:42:48 --> Session: Class initialized using 'CodeIgniter\Session\Handlers\FileHandler' driver.
DEBUG - 2025-09-25 09:44:38 --> Session: Class initialized using 'CodeIgniter\Session\Handlers\FileHandler' driver.
ERROR - 2025-09-25 09:44:38 --> mysqli_sql_exception: Unknown column 'patients.id_code' in 'field list' in C:\xampp\htdocs\hms_ram\system\Database\MySQLi\Connection.php:327
Stack trace:
#0 C:\xampp\htdocs\hms_ram\system\Database\MySQLi\Connection.php(327): mysqli->query('SELECT `lab_ord...', 0)
#1 C:\xampp\htdocs\hms_ram\system\Database\BaseConnection.php(738): CodeIgniter\Database\MySQLi\Connection->execute('SELECT `lab_ord...')
#2 C:\xampp\htdocs\hms_ram\system\Database\BaseConnection.php(652): CodeIgniter\Database\BaseConnection->simpleQuery('SELECT `lab_ord...')
#3 C:\xampp\htdocs\hms_ram\system\Database\BaseBuilder.php(1649): CodeIgniter\Database\BaseConnection->query('SELECT `lab_ord...', Array, false)
#4 C:\xampp\htdocs\hms_ram\system\Model.php(330): CodeIgniter\Database\BaseBuilder->get()
#5 C:\xampp\htdocs\hms_ram\system\BaseModel.php(717): CodeIgniter\Model->doFirst()
#6 C:\xampp\htdocs\hms_ram\app\Controllers\Laboratory\Laboratory.php(356): CodeIgniter\BaseModel->first()
#7 C:\xampp\htdocs\hms_ram\system\CodeIgniter.php(933): App\Controllers\Laboratory\Laboratory->viewReport('1')
#8 C:\xampp\htdocs\hms_ram\system\CodeIgniter.php(507): CodeIgniter\CodeIgniter->runController(Object(App\Controllers\Laboratory\Laboratory))
#9 C:\xampp\htdocs\hms_ram\system\CodeIgniter.php(354): CodeIgniter\CodeIgniter->handleRequest(NULL, Object(Config\Cache), false)
#10 C:\xampp\htdocs\hms_ram\system\Boot.php(334): CodeIgniter\CodeIgniter->run()
#11 C:\xampp\htdocs\hms_ram\system\Boot.php(67): CodeIgniter\Boot::runCodeIgniter(Object(CodeIgniter\CodeIgniter))
#12 C:\xampp\htdocs\hms_ram\index.php(46): CodeIgniter\Boot::bootWeb(Object(Config\Paths))
#13 {main}
CRITICAL - 2025-09-25 09:44:38 --> CodeIgniter\Database\Exceptions\DatabaseException: Unknown column 'patients.id_code' in 'field list'
[Method: GET, Route: laboratory/reports/view/1]
in SYSTEMPATH\Database\BaseConnection.php on line 692.
 1 SYSTEMPATH\Database\BaseBuilder.php(1649): CodeIgniter\Database\BaseConnection->query('SELECT `lab_orders`.*, `patients`.`first_name` as `patient_first_name`, `patients`.`last_name` as `patient_last_name`, `patients`.`id_code` as `patient_id_code`, `patients`.`phone_number` as `phone_number`, `users`.`first_name` as `doctor_first_name`, `users`.`last_name` as `doctor_last_name`
FROM `lab_orders`
JOIN `patients` ON `patients`.`id` = `lab_orders`.`patient_id`
JOIN `users` ON `users`.`id` = `lab_orders`.`ordered_by`
WHERE `lab_orders`.`id` = :lab_orders.id:
 LIMIT 1', [...], false)
 2 SYSTEMPATH\Model.php(330): CodeIgniter\Database\BaseBuilder->get()
 3 SYSTEMPATH\BaseModel.php(717): CodeIgniter\Model->doFirst()
 4 APPPATH\Controllers\Laboratory\Laboratory.php(356): CodeIgniter\BaseModel->first()
 5 SYSTEMPATH\CodeIgniter.php(933): App\Controllers\Laboratory\Laboratory->viewReport('1')
 6 SYSTEMPATH\CodeIgniter.php(507): CodeIgniter\CodeIgniter->runController(Object(App\Controllers\Laboratory\Laboratory))
 7 SYSTEMPATH\CodeIgniter.php(354): CodeIgniter\CodeIgniter->handleRequest(null, Object(Config\Cache), false)
 8 SYSTEMPATH\Boot.php(334): CodeIgniter\CodeIgniter->run()
 9 SYSTEMPATH\Boot.php(67): CodeIgniter\Boot::runCodeIgniter(Object(CodeIgniter\CodeIgniter))
10 FCPATH\index.php(46): CodeIgniter\Boot::bootWeb(Object(Config\Paths))
CRITICAL - 2025-09-25 09:44:38 --> [Caused by] CodeIgniter\Database\Exceptions\DatabaseException: Unknown column 'patients.id_code' in 'field list'
in SYSTEMPATH\Database\MySQLi\Connection.php on line 332.
 1 SYSTEMPATH\Database\BaseConnection.php(738): CodeIgniter\Database\MySQLi\Connection->execute('SELECT `lab_orders`.*, `patients`.`first_name` as `patient_first_name`, `patients`.`last_name` as `patient_last_name`, `patients`.`id_code` as `patient_id_code`, `patients`.`phone_number` as `phone_number`, `users`.`first_name` as `doctor_first_name`, `users`.`last_name` as `doctor_last_name`
FROM `lab_orders`
JOIN `patients` ON `patients`.`id` = `lab_orders`.`patient_id`
JOIN `users` ON `users`.`id` = `lab_orders`.`ordered_by`
WHERE `lab_orders`.`id` = \'1\'
 LIMIT 1')
 2 SYSTEMPATH\Database\BaseConnection.php(652): CodeIgniter\Database\BaseConnection->simpleQuery('SELECT `lab_orders`.*, `patients`.`first_name` as `patient_first_name`, `patients`.`last_name` as `patient_last_name`, `patients`.`id_code` as `patient_id_code`, `patients`.`phone_number` as `phone_number`, `users`.`first_name` as `doctor_first_name`, `users`.`last_name` as `doctor_last_name`
FROM `lab_orders`
JOIN `patients` ON `patients`.`id` = `lab_orders`.`patient_id`
JOIN `users` ON `users`.`id` = `lab_orders`.`ordered_by`
WHERE `lab_orders`.`id` = \'1\'
 LIMIT 1')
 3 SYSTEMPATH\Database\BaseBuilder.php(1649): CodeIgniter\Database\BaseConnection->query('SELECT `lab_orders`.*, `patients`.`first_name` as `patient_first_name`, `patients`.`last_name` as `patient_last_name`, `patients`.`id_code` as `patient_id_code`, `patients`.`phone_number` as `phone_number`, `users`.`first_name` as `doctor_first_name`, `users`.`last_name` as `doctor_last_name`
FROM `lab_orders`
JOIN `patients` ON `patients`.`id` = `lab_orders`.`patient_id`
JOIN `users` ON `users`.`id` = `lab_orders`.`ordered_by`
WHERE `lab_orders`.`id` = :lab_orders.id:
 LIMIT 1', [...], false)
 4 SYSTEMPATH\Model.php(330): CodeIgniter\Database\BaseBuilder->get()
 5 SYSTEMPATH\BaseModel.php(717): CodeIgniter\Model->doFirst()
 6 APPPATH\Controllers\Laboratory\Laboratory.php(356): CodeIgniter\BaseModel->first()
 7 SYSTEMPATH\CodeIgniter.php(933): App\Controllers\Laboratory\Laboratory->viewReport('1')
 8 SYSTEMPATH\CodeIgniter.php(507): CodeIgniter\CodeIgniter->runController(Object(App\Controllers\Laboratory\Laboratory))
 9 SYSTEMPATH\CodeIgniter.php(354): CodeIgniter\CodeIgniter->handleRequest(null, Object(Config\Cache), false)
10 SYSTEMPATH\Boot.php(334): CodeIgniter\CodeIgniter->run()
11 SYSTEMPATH\Boot.php(67): CodeIgniter\Boot::runCodeIgniter(Object(CodeIgniter\CodeIgniter))
12 FCPATH\index.php(46): CodeIgniter\Boot::bootWeb(Object(Config\Paths))
CRITICAL - 2025-09-25 09:44:38 --> [Caused by] mysqli_sql_exception: Unknown column 'patients.id_code' in 'field list'
in SYSTEMPATH\Database\MySQLi\Connection.php on line 327.
 1 SYSTEMPATH\Database\MySQLi\Connection.php(327): mysqli->query('SELECT `lab_orders`.*, `patients`.`first_name` as `patient_first_name`, `patients`.`last_name` as `patient_last_name`, `patients`.`id_code` as `patient_id_code`, `patients`.`phone_number` as `phone_number`, `users`.`first_name` as `doctor_first_name`, `users`.`last_name` as `doctor_last_name`
FROM `lab_orders`
JOIN `patients` ON `patients`.`id` = `lab_orders`.`patient_id`
JOIN `users` ON `users`.`id` = `lab_orders`.`ordered_by`
WHERE `lab_orders`.`id` = \'1\'
 LIMIT 1', 0)
 2 SYSTEMPATH\Database\BaseConnection.php(738): CodeIgniter\Database\MySQLi\Connection->execute('SELECT `lab_orders`.*, `patients`.`first_name` as `patient_first_name`, `patients`.`last_name` as `patient_last_name`, `patients`.`id_code` as `patient_id_code`, `patients`.`phone_number` as `phone_number`, `users`.`first_name` as `doctor_first_name`, `users`.`last_name` as `doctor_last_name`
FROM `lab_orders`
JOIN `patients` ON `patients`.`id` = `lab_orders`.`patient_id`
JOIN `users` ON `users`.`id` = `lab_orders`.`ordered_by`
WHERE `lab_orders`.`id` = \'1\'
 LIMIT 1')
 3 SYSTEMPATH\Database\BaseConnection.php(652): CodeIgniter\Database\BaseConnection->simpleQuery('SELECT `lab_orders`.*, `patients`.`first_name` as `patient_first_name`, `patients`.`last_name` as `patient_last_name`, `patients`.`id_code` as `patient_id_code`, `patients`.`phone_number` as `phone_number`, `users`.`first_name` as `doctor_first_name`, `users`.`last_name` as `doctor_last_name`
FROM `lab_orders`
JOIN `patients` ON `patients`.`id` = `lab_orders`.`patient_id`
JOIN `users` ON `users`.`id` = `lab_orders`.`ordered_by`
WHERE `lab_orders`.`id` = \'1\'
 LIMIT 1')
 4 SYSTEMPATH\Database\BaseBuilder.php(1649): CodeIgniter\Database\BaseConnection->query('SELECT `lab_orders`.*, `patients`.`first_name` as `patient_first_name`, `patients`.`last_name` as `patient_last_name`, `patients`.`id_code` as `patient_id_code`, `patients`.`phone_number` as `phone_number`, `users`.`first_name` as `doctor_first_name`, `users`.`last_name` as `doctor_last_name`
FROM `lab_orders`
JOIN `patients` ON `patients`.`id` = `lab_orders`.`patient_id`
JOIN `users` ON `users`.`id` = `lab_orders`.`ordered_by`
WHERE `lab_orders`.`id` = :lab_orders.id:
 LIMIT 1', [...], false)
 5 SYSTEMPATH\Model.php(330): CodeIgniter\Database\BaseBuilder->get()
 6 SYSTEMPATH\BaseModel.php(717): CodeIgniter\Model->doFirst()
 7 APPPATH\Controllers\Laboratory\Laboratory.php(356): CodeIgniter\BaseModel->first()
 8 SYSTEMPATH\CodeIgniter.php(933): App\Controllers\Laboratory\Laboratory->viewReport('1')
 9 SYSTEMPATH\CodeIgniter.php(507): CodeIgniter\CodeIgniter->runController(Object(App\Controllers\Laboratory\Laboratory))
10 SYSTEMPATH\CodeIgniter.php(354): CodeIgniter\CodeIgniter->handleRequest(null, Object(Config\Cache), false)
11 SYSTEMPATH\Boot.php(334): CodeIgniter\CodeIgniter->run()
12 SYSTEMPATH\Boot.php(67): CodeIgniter\Boot::runCodeIgniter(Object(CodeIgniter\CodeIgniter))
13 FCPATH\index.php(46): CodeIgniter\Boot::bootWeb(Object(Config\Paths))
DEBUG - 2025-09-25 09:45:28 --> Session: Class initialized using 'CodeIgniter\Session\Handlers\FileHandler' driver.
DEBUG - 2025-09-25 09:48:02 --> Session: Class initialized using 'CodeIgniter\Session\Handlers\FileHandler' driver.
DEBUG - 2025-09-25 09:48:04 --> Session: Class initialized using 'CodeIgniter\Session\Handlers\FileHandler' driver.
DEBUG - 2025-09-25 09:48:20 --> Session: Class initialized using 'CodeIgniter\Session\Handlers\FileHandler' driver.
DEBUG - 2025-09-25 09:48:20 --> Session: Class initialized using 'CodeIgniter\Session\Handlers\FileHandler' driver.
DEBUG - 2025-09-25 09:48:24 --> Session: Class initialized using 'CodeIgniter\Session\Handlers\FileHandler' driver.
DEBUG - 2025-09-25 09:48:26 --> Session: Class initialized using 'CodeIgniter\Session\Handlers\FileHandler' driver.
DEBUG - 2025-09-25 09:48:33 --> Session: Class initialized using 'CodeIgniter\Session\Handlers\FileHandler' driver.
DEBUG - 2025-09-25 09:48:34 --> Session: Class initialized using 'CodeIgniter\Session\Handlers\FileHandler' driver.
DEBUG - 2025-09-25 09:51:30 --> Session: Class initialized using 'CodeIgniter\Session\Handlers\FileHandler' driver.
DEBUG - 2025-09-25 09:52:58 --> Session: Class initialized using 'CodeIgniter\Session\Handlers\FileHandler' driver.
DEBUG - 2025-09-25 09:53:57 --> Session: Class initialized using 'CodeIgniter\Session\Handlers\FileHandler' driver.
DEBUG - 2025-09-25 09:53:59 --> Session: Class initialized using 'CodeIgniter\Session\Handlers\FileHandler' driver.
DEBUG - 2025-09-25 09:54:04 --> Session: Class initialized using 'CodeIgniter\Session\Handlers\FileHandler' driver.
DEBUG - 2025-09-25 09:54:05 --> Session: Class initialized using 'CodeIgniter\Session\Handlers\FileHandler' driver.
DEBUG - 2025-09-25 09:54:20 --> Session: Class initialized using 'CodeIgniter\Session\Handlers\FileHandler' driver.
DEBUG - 2025-09-25 09:54:20 --> Session: Class initialized using 'CodeIgniter\Session\Handlers\FileHandler' driver.
DEBUG - 2025-09-25 09:54:22 --> Session: Class initialized using 'CodeIgniter\Session\Handlers\FileHandler' driver.
DEBUG - 2025-09-25 09:54:24 --> Session: Class initialized using 'CodeIgniter\Session\Handlers\FileHandler' driver.
DEBUG - 2025-09-25 09:54:40 --> Session: Class initialized using 'CodeIgniter\Session\Handlers\FileHandler' driver.
DEBUG - 2025-09-25 09:54:58 --> Session: Class initialized using 'CodeIgniter\Session\Handlers\FileHandler' driver.
DEBUG - 2025-09-25 09:55:02 --> Session: Class initialized using 'CodeIgniter\Session\Handlers\FileHandler' driver.
DEBUG - 2025-09-25 09:55:03 --> Session: Class initialized using 'CodeIgniter\Session\Handlers\FileHandler' driver.
DEBUG - 2025-09-25 09:55:08 --> Session: Class initialized using 'CodeIgniter\Session\Handlers\FileHandler' driver.
DEBUG - 2025-09-25 09:55:09 --> Session: Class initialized using 'CodeIgniter\Session\Handlers\FileHandler' driver.
DEBUG - 2025-09-25 09:55:11 --> Session: Class initialized using 'CodeIgniter\Session\Handlers\FileHandler' driver.
DEBUG - 2025-09-25 09:55:12 --> Session: Class initialized using 'CodeIgniter\Session\Handlers\FileHandler' driver.
DEBUG - 2025-09-25 09:55:18 --> Session: Class initialized using 'CodeIgniter\Session\Handlers\FileHandler' driver.
DEBUG - 2025-09-25 09:55:25 --> Session: Class initialized using 'CodeIgniter\Session\Handlers\FileHandler' driver.
DEBUG - 2025-09-25 09:55:37 --> Session: Class initialized using 'CodeIgniter\Session\Handlers\FileHandler' driver.
DEBUG - 2025-09-25 09:55:39 --> Session: Class initialized using 'CodeIgniter\Session\Handlers\FileHandler' driver.
DEBUG - 2025-09-25 09:55:40 --> Session: Class initialized using 'CodeIgniter\Session\Handlers\FileHandler' driver.
DEBUG - 2025-09-25 09:55:42 --> Session: Class initialized using 'CodeIgniter\Session\Handlers\FileHandler' driver.
DEBUG - 2025-09-25 09:55:49 --> Session: Class initialized using 'CodeIgniter\Session\Handlers\FileHandler' driver.
DEBUG - 2025-09-25 09:55:51 --> Session: Class initialized using 'CodeIgniter\Session\Handlers\FileHandler' driver.
DEBUG - 2025-09-25 09:55:58 --> Session: Class initialized using 'CodeIgniter\Session\Handlers\FileHandler' driver.
DEBUG - 2025-09-25 09:56:29 --> Session: Class initialized using 'CodeIgniter\Session\Handlers\FileHandler' driver.
DEBUG - 2025-09-25 09:56:33 --> Session: Class initialized using 'CodeIgniter\Session\Handlers\FileHandler' driver.
DEBUG - 2025-09-25 09:56:34 --> Session: Class initialized using 'CodeIgniter\Session\Handlers\FileHandler' driver.
DEBUG - 2025-09-25 09:56:36 --> Session: Class initialized using 'CodeIgniter\Session\Handlers\FileHandler' driver.
DEBUG - 2025-09-25 09:56:39 --> Session: Class initialized using 'CodeIgniter\Session\Handlers\FileHandler' driver.
DEBUG - 2025-09-25 09:56:43 --> Session: Class initialized using 'CodeIgniter\Session\Handlers\FileHandler' driver.
DEBUG - 2025-09-25 09:56:48 --> Session: Class initialized using 'CodeIgniter\Session\Handlers\FileHandler' driver.
DEBUG - 2025-09-25 09:56:51 --> Session: Class initialized using 'CodeIgniter\Session\Handlers\FileHandler' driver.
DEBUG - 2025-09-25 09:56:52 --> Session: Class initialized using 'CodeIgniter\Session\Handlers\FileHandler' driver.
DEBUG - 2025-09-25 09:56:59 --> Session: Class initialized using 'CodeIgniter\Session\Handlers\FileHandler' driver.
DEBUG - 2025-09-25 09:57:01 --> Session: Class initialized using 'CodeIgniter\Session\Handlers\FileHandler' driver.
DEBUG - 2025-09-25 09:57:04 --> Session: Class initialized using 'CodeIgniter\Session\Handlers\FileHandler' driver.
DEBUG - 2025-09-25 09:57:05 --> Session: Class initialized using 'CodeIgniter\Session\Handlers\FileHandler' driver.
DEBUG - 2025-09-25 09:57:11 --> Session: Class initialized using 'CodeIgniter\Session\Handlers\FileHandler' driver.
DEBUG - 2025-09-25 09:57:11 --> Session: Class initialized using 'CodeIgniter\Session\Handlers\FileHandler' driver.
DEBUG - 2025-09-25 09:57:18 --> Session: Class initialized using 'CodeIgniter\Session\Handlers\FileHandler' driver.
DEBUG - 2025-09-25 09:57:22 --> Session: Class initialized using 'CodeIgniter\Session\Handlers\FileHandler' driver.
DEBUG - 2025-09-25 09:57:24 --> Session: Class initialized using 'CodeIgniter\Session\Handlers\FileHandler' driver.
DEBUG - 2025-09-25 09:57:28 --> Session: Class initialized using 'CodeIgniter\Session\Handlers\FileHandler' driver.
DEBUG - 2025-09-25 09:57:32 --> Session: Class initialized using 'CodeIgniter\Session\Handlers\FileHandler' driver.
DEBUG - 2025-09-25 09:57:33 --> Session: Class initialized using 'CodeIgniter\Session\Handlers\FileHandler' driver.
DEBUG - 2025-09-25 09:57:42 --> Session: Class initialized using 'CodeIgniter\Session\Handlers\FileHandler' driver.
DEBUG - 2025-09-25 09:57:44 --> Session: Class initialized using 'CodeIgniter\Session\Handlers\FileHandler' driver.
DEBUG - 2025-09-25 09:57:46 --> Session: Class initialized using 'CodeIgniter\Session\Handlers\FileHandler' driver.
DEBUG - 2025-09-25 09:57:48 --> Session: Class initialized using 'CodeIgniter\Session\Handlers\FileHandler' driver.
DEBUG - 2025-09-25 09:57:50 --> Session: Class initialized using 'CodeIgniter\Session\Handlers\FileHandler' driver.
DEBUG - 2025-09-25 09:57:51 --> Session: Class initialized using 'CodeIgniter\Session\Handlers\FileHandler' driver.
DEBUG - 2025-09-25 09:57:58 --> Session: Class initialized using 'CodeIgniter\Session\Handlers\FileHandler' driver.
DEBUG - 2025-09-25 09:57:59 --> Session: Class initialized using 'CodeIgniter\Session\Handlers\FileHandler' driver.
DEBUG - 2025-09-25 09:58:03 --> Session: Class initialized using 'CodeIgniter\Session\Handlers\FileHandler' driver.
DEBUG - 2025-09-25 09:58:05 --> Session: Class initialized using 'CodeIgniter\Session\Handlers\FileHandler' driver.
DEBUG - 2025-09-25 09:58:11 --> Session: Class initialized using 'CodeIgniter\Session\Handlers\FileHandler' driver.
DEBUG - 2025-09-25 09:58:12 --> Session: Class initialized using 'CodeIgniter\Session\Handlers\FileHandler' driver.
DEBUG - 2025-09-25 09:58:14 --> Session: Class initialized using 'CodeIgniter\Session\Handlers\FileHandler' driver.
DEBUG - 2025-09-25 09:58:18 --> Session: Class initialized using 'CodeIgniter\Session\Handlers\FileHandler' driver.
DEBUG - 2025-09-25 09:58:21 --> Session: Class initialized using 'CodeIgniter\Session\Handlers\FileHandler' driver.
DEBUG - 2025-09-25 09:58:27 --> Session: Class initialized using 'CodeIgniter\Session\Handlers\FileHandler' driver.
DEBUG - 2025-09-25 09:58:32 --> Session: Class initialized using 'CodeIgniter\Session\Handlers\FileHandler' driver.
DEBUG - 2025-09-25 09:58:34 --> Session: Class initialized using 'CodeIgniter\Session\Handlers\FileHandler' driver.
DEBUG - 2025-09-25 09:58:36 --> Session: Class initialized using 'CodeIgniter\Session\Handlers\FileHandler' driver.
DEBUG - 2025-09-25 09:58:43 --> Session: Class initialized using 'CodeIgniter\Session\Handlers\FileHandler' driver.
DEBUG - 2025-09-25 10:00:03 --> Session: Class initialized using 'CodeIgniter\Session\Handlers\FileHandler' driver.
DEBUG - 2025-09-25 10:00:04 --> Session: Class initialized using 'CodeIgniter\Session\Handlers\FileHandler' driver.
DEBUG - 2025-09-25 10:00:06 --> Session: Class initialized using 'CodeIgniter\Session\Handlers\FileHandler' driver.
DEBUG - 2025-09-25 10:00:07 --> Session: Class initialized using 'CodeIgniter\Session\Handlers\FileHandler' driver.
DEBUG - 2025-09-25 10:00:08 --> Session: Class initialized using 'CodeIgniter\Session\Handlers\FileHandler' driver.
DEBUG - 2025-09-25 10:00:09 --> Session: Class initialized using 'CodeIgniter\Session\Handlers\FileHandler' driver.
DEBUG - 2025-09-25 10:00:12 --> Session: Class initialized using 'CodeIgniter\Session\Handlers\FileHandler' driver.
DEBUG - 2025-09-25 10:00:18 --> Session: Class initialized using 'CodeIgniter\Session\Handlers\FileHandler' driver.
DEBUG - 2025-09-25 10:00:19 --> Session: Class initialized using 'CodeIgniter\Session\Handlers\FileHandler' driver.
DEBUG - 2025-09-25 10:00:22 --> Session: Class initialized using 'CodeIgniter\Session\Handlers\FileHandler' driver.
DEBUG - 2025-09-25 10:00:26 --> Session: Class initialized using 'CodeIgniter\Session\Handlers\FileHandler' driver.
DEBUG - 2025-09-25 10:00:27 --> Session: Class initialized using 'CodeIgniter\Session\Handlers\FileHandler' driver.
DEBUG - 2025-09-25 10:00:29 --> Session: Class initialized using 'CodeIgniter\Session\Handlers\FileHandler' driver.
DEBUG - 2025-09-25 10:00:31 --> Session: Class initialized using 'CodeIgniter\Session\Handlers\FileHandler' driver.
DEBUG - 2025-09-25 10:00:56 --> Session: Class initialized using 'CodeIgniter\Session\Handlers\FileHandler' driver.
DEBUG - 2025-09-25 10:00:58 --> Session: Class initialized using 'CodeIgniter\Session\Handlers\FileHandler' driver.
DEBUG - 2025-09-25 10:01:00 --> Session: Class initialized using 'CodeIgniter\Session\Handlers\FileHandler' driver.
DEBUG - 2025-09-25 10:01:01 --> Session: Class initialized using 'CodeIgniter\Session\Handlers\FileHandler' driver.
DEBUG - 2025-09-25 10:01:02 --> Session: Class initialized using 'CodeIgniter\Session\Handlers\FileHandler' driver.
DEBUG - 2025-09-25 10:01:04 --> Session: Class initialized using 'CodeIgniter\Session\Handlers\FileHandler' driver.
DEBUG - 2025-09-25 10:01:05 --> Session: Class initialized using 'CodeIgniter\Session\Handlers\FileHandler' driver.
DEBUG - 2025-09-25 10:01:06 --> Session: Class initialized using 'CodeIgniter\Session\Handlers\FileHandler' driver.
DEBUG - 2025-09-25 10:01:07 --> Session: Class initialized using 'CodeIgniter\Session\Handlers\FileHandler' driver.
DEBUG - 2025-09-25 10:01:07 --> Session: Class initialized using 'CodeIgniter\Session\Handlers\FileHandler' driver.
DEBUG - 2025-09-25 10:01:08 --> Session: Class initialized using 'CodeIgniter\Session\Handlers\FileHandler' driver.
DEBUG - 2025-09-25 10:01:09 --> Session: Class initialized using 'CodeIgniter\Session\Handlers\FileHandler' driver.
DEBUG - 2025-09-25 10:01:17 --> Session: Class initialized using 'CodeIgniter\Session\Handlers\FileHandler' driver.
DEBUG - 2025-09-25 10:01:18 --> Session: Class initialized using 'CodeIgniter\Session\Handlers\FileHandler' driver.
DEBUG - 2025-09-25 10:01:19 --> Session: Class initialized using 'CodeIgniter\Session\Handlers\FileHandler' driver.
DEBUG - 2025-09-25 10:01:20 --> Session: Class initialized using 'CodeIgniter\Session\Handlers\FileHandler' driver.
DEBUG - 2025-09-25 10:01:22 --> Session: Class initialized using 'CodeIgniter\Session\Handlers\FileHandler' driver.
DEBUG - 2025-09-25 10:01:23 --> Session: Class initialized using 'CodeIgniter\Session\Handlers\FileHandler' driver.
DEBUG - 2025-09-25 10:01:24 --> Session: Class initialized using 'CodeIgniter\Session\Handlers\FileHandler' driver.
DEBUG - 2025-09-25 10:01:26 --> Session: Class initialized using 'CodeIgniter\Session\Handlers\FileHandler' driver.
DEBUG - 2025-09-25 10:01:29 --> Session: Class initialized using 'CodeIgniter\Session\Handlers\FileHandler' driver.
ERROR - 2025-09-25 10:01:29 --> mysqli_sql_exception: Cannot delete or update a parent row: a foreign key constraint fails (`hms_ram`.`lab_order_items`, CONSTRAINT `lab_order_items_ibfk_1` FOREIGN KEY (`lab_order_id`) REFERENCES `lab_orders` (`id`)) in C:\xampp\htdocs\hms_ram\system\Database\MySQLi\Connection.php:327
Stack trace:
#0 C:\xampp\htdocs\hms_ram\system\Database\MySQLi\Connection.php(327): mysqli->query('DELETE FROM `la...', 0)
#1 C:\xampp\htdocs\hms_ram\system\Database\BaseConnection.php(738): CodeIgniter\Database\MySQLi\Connection->execute('DELETE FROM `la...')
#2 C:\xampp\htdocs\hms_ram\system\Database\BaseConnection.php(652): CodeIgniter\Database\BaseConnection->simpleQuery('DELETE FROM `la...')
#3 C:\xampp\htdocs\hms_ram\system\Database\BaseBuilder.php(2848): CodeIgniter\Database\BaseConnection->query('DELETE FROM `la...', Array, false)
#4 C:\xampp\htdocs\hms_ram\system\Model.php(521): CodeIgniter\Database\BaseBuilder->delete()
#5 C:\xampp\htdocs\hms_ram\system\BaseModel.php(1161): CodeIgniter\Model->doDelete(Array, false)
#6 C:\xampp\htdocs\hms_ram\app\Controllers\Laboratory\Laboratory.php(642): CodeIgniter\BaseModel->delete(Array)
#7 C:\xampp\htdocs\hms_ram\system\CodeIgniter.php(933): App\Controllers\Laboratory\Laboratory->delete_report('2')
#8 C:\xampp\htdocs\hms_ram\system\CodeIgniter.php(507): CodeIgniter\CodeIgniter->runController(Object(App\Controllers\Laboratory\Laboratory))
#9 C:\xampp\htdocs\hms_ram\system\CodeIgniter.php(354): CodeIgniter\CodeIgniter->handleRequest(NULL, Object(Config\Cache), false)
#10 C:\xampp\htdocs\hms_ram\system\Boot.php(334): CodeIgniter\CodeIgniter->run()
#11 C:\xampp\htdocs\hms_ram\system\Boot.php(67): CodeIgniter\Boot::runCodeIgniter(Object(CodeIgniter\CodeIgniter))
#12 C:\xampp\htdocs\hms_ram\index.php(46): CodeIgniter\Boot::bootWeb(Object(Config\Paths))
#13 {main}
CRITICAL - 2025-09-25 10:01:29 --> CodeIgniter\Database\Exceptions\DatabaseException: Cannot delete or update a parent row: a foreign key constraint fails (`hms_ram`.`lab_order_items`, CONSTRAINT `lab_order_items_ibfk_1` FOREIGN KEY (`lab_order_id`) REFERENCES `lab_orders` (`id`))
[Method: GET, Route: laboratory/delete_report/2]
in SYSTEMPATH\Database\BaseConnection.php on line 692.
 1 SYSTEMPATH\Database\BaseBuilder.php(2848): CodeIgniter\Database\BaseConnection->query('DELETE FROM `lab_orders`
WHERE `id` IN :id:', [...], false)
 2 SYSTEMPATH\Model.php(521): CodeIgniter\Database\BaseBuilder->delete()
 3 SYSTEMPATH\BaseModel.php(1161): CodeIgniter\Model->doDelete([...], false)
 4 APPPATH\Controllers\Laboratory\Laboratory.php(642): CodeIgniter\BaseModel->delete([...])
 5 SYSTEMPATH\CodeIgniter.php(933): App\Controllers\Laboratory\Laboratory->delete_report('2')
 6 SYSTEMPATH\CodeIgniter.php(507): CodeIgniter\CodeIgniter->runController(Object(App\Controllers\Laboratory\Laboratory))
 7 SYSTEMPATH\CodeIgniter.php(354): CodeIgniter\CodeIgniter->handleRequest(null, Object(Config\Cache), false)
 8 SYSTEMPATH\Boot.php(334): CodeIgniter\CodeIgniter->run()
 9 SYSTEMPATH\Boot.php(67): CodeIgniter\Boot::runCodeIgniter(Object(CodeIgniter\CodeIgniter))
10 FCPATH\index.php(46): CodeIgniter\Boot::bootWeb(Object(Config\Paths))
CRITICAL - 2025-09-25 10:01:29 --> [Caused by] CodeIgniter\Database\Exceptions\DatabaseException: Cannot delete or update a parent row: a foreign key constraint fails (`hms_ram`.`lab_order_items`, CONSTRAINT `lab_order_items_ibfk_1` FOREIGN KEY (`lab_order_id`) REFERENCES `lab_orders` (`id`))
in SYSTEMPATH\Database\MySQLi\Connection.php on line 332.
 1 SYSTEMPATH\Database\BaseConnection.php(738): CodeIgniter\Database\MySQLi\Connection->execute('DELETE FROM `lab_orders`
WHERE `id` IN (\'2\')')
 2 SYSTEMPATH\Database\BaseConnection.php(652): CodeIgniter\Database\BaseConnection->simpleQuery('DELETE FROM `lab_orders`
WHERE `id` IN (\'2\')')
 3 SYSTEMPATH\Database\BaseBuilder.php(2848): CodeIgniter\Database\BaseConnection->query('DELETE FROM `lab_orders`
WHERE `id` IN :id:', [...], false)
 4 SYSTEMPATH\Model.php(521): CodeIgniter\Database\BaseBuilder->delete()
 5 SYSTEMPATH\BaseModel.php(1161): CodeIgniter\Model->doDelete([...], false)
 6 APPPATH\Controllers\Laboratory\Laboratory.php(642): CodeIgniter\BaseModel->delete([...])
 7 SYSTEMPATH\CodeIgniter.php(933): App\Controllers\Laboratory\Laboratory->delete_report('2')
 8 SYSTEMPATH\CodeIgniter.php(507): CodeIgniter\CodeIgniter->runController(Object(App\Controllers\Laboratory\Laboratory))
 9 SYSTEMPATH\CodeIgniter.php(354): CodeIgniter\CodeIgniter->handleRequest(null, Object(Config\Cache), false)
10 SYSTEMPATH\Boot.php(334): CodeIgniter\CodeIgniter->run()
11 SYSTEMPATH\Boot.php(67): CodeIgniter\Boot::runCodeIgniter(Object(CodeIgniter\CodeIgniter))
12 FCPATH\index.php(46): CodeIgniter\Boot::bootWeb(Object(Config\Paths))
CRITICAL - 2025-09-25 10:01:29 --> [Caused by] mysqli_sql_exception: Cannot delete or update a parent row: a foreign key constraint fails (`hms_ram`.`lab_order_items`, CONSTRAINT `lab_order_items_ibfk_1` FOREIGN KEY (`lab_order_id`) REFERENCES `lab_orders` (`id`))
in SYSTEMPATH\Database\MySQLi\Connection.php on line 327.
 1 SYSTEMPATH\Database\MySQLi\Connection.php(327): mysqli->query('DELETE FROM `lab_orders`
WHERE `id` IN (\'2\')', 0)
 2 SYSTEMPATH\Database\BaseConnection.php(738): CodeIgniter\Database\MySQLi\Connection->execute('DELETE FROM `lab_orders`
WHERE `id` IN (\'2\')')
 3 SYSTEMPATH\Database\BaseConnection.php(652): CodeIgniter\Database\BaseConnection->simpleQuery('DELETE FROM `lab_orders`
WHERE `id` IN (\'2\')')
 4 SYSTEMPATH\Database\BaseBuilder.php(2848): CodeIgniter\Database\BaseConnection->query('DELETE FROM `lab_orders`
WHERE `id` IN :id:', [...], false)
 5 SYSTEMPATH\Model.php(521): CodeIgniter\Database\BaseBuilder->delete()
 6 SYSTEMPATH\BaseModel.php(1161): CodeIgniter\Model->doDelete([...], false)
 7 APPPATH\Controllers\Laboratory\Laboratory.php(642): CodeIgniter\BaseModel->delete([...])
 8 SYSTEMPATH\CodeIgniter.php(933): App\Controllers\Laboratory\Laboratory->delete_report('2')
 9 SYSTEMPATH\CodeIgniter.php(507): CodeIgniter\CodeIgniter->runController(Object(App\Controllers\Laboratory\Laboratory))
10 SYSTEMPATH\CodeIgniter.php(354): CodeIgniter\CodeIgniter->handleRequest(null, Object(Config\Cache), false)
11 SYSTEMPATH\Boot.php(334): CodeIgniter\CodeIgniter->run()
12 SYSTEMPATH\Boot.php(67): CodeIgniter\Boot::runCodeIgniter(Object(CodeIgniter\CodeIgniter))
13 FCPATH\index.php(46): CodeIgniter\Boot::bootWeb(Object(Config\Paths))
DEBUG - 2025-09-25 10:01:31 --> Session: Class initialized using 'CodeIgniter\Session\Handlers\FileHandler' driver.
DEBUG - 2025-09-25 10:02:18 --> Session: Class initialized using 'CodeIgniter\Session\Handlers\FileHandler' driver.
DEBUG - 2025-09-25 10:02:25 --> Session: Class initialized using 'CodeIgniter\Session\Handlers\FileHandler' driver.
DEBUG - 2025-09-25 10:02:26 --> Session: Class initialized using 'CodeIgniter\Session\Handlers\FileHandler' driver.
DEBUG - 2025-09-25 10:02:28 --> Session: Class initialized using 'CodeIgniter\Session\Handlers\FileHandler' driver.
DEBUG - 2025-09-25 10:02:53 --> Session: Class initialized using 'CodeIgniter\Session\Handlers\FileHandler' driver.
DEBUG - 2025-09-25 10:02:58 --> Session: Class initialized using 'CodeIgniter\Session\Handlers\FileHandler' driver.
DEBUG - 2025-09-25 10:03:05 --> Session: Class initialized using 'CodeIgniter\Session\Handlers\FileHandler' driver.
DEBUG - 2025-09-25 10:03:07 --> Session: Class initialized using 'CodeIgniter\Session\Handlers\FileHandler' driver.
DEBUG - 2025-09-25 10:03:09 --> Session: Class initialized using 'CodeIgniter\Session\Handlers\FileHandler' driver.
DEBUG - 2025-09-25 10:03:11 --> Session: Class initialized using 'CodeIgniter\Session\Handlers\FileHandler' driver.
DEBUG - 2025-09-25 10:03:12 --> Session: Class initialized using 'CodeIgniter\Session\Handlers\FileHandler' driver.
DEBUG - 2025-09-25 10:03:15 --> Session: Class initialized using 'CodeIgniter\Session\Handlers\FileHandler' driver.
DEBUG - 2025-09-25 10:03:16 --> Session: Class initialized using 'CodeIgniter\Session\Handlers\FileHandler' driver.
DEBUG - 2025-09-25 10:03:18 --> Session: Class initialized using 'CodeIgniter\Session\Handlers\FileHandler' driver.
DEBUG - 2025-09-25 10:03:20 --> Session: Class initialized using 'CodeIgniter\Session\Handlers\FileHandler' driver.
DEBUG - 2025-09-25 10:03:22 --> Session: Class initialized using 'CodeIgniter\Session\Handlers\FileHandler' driver.
DEBUG - 2025-09-25 10:03:24 --> Session: Class initialized using 'CodeIgniter\Session\Handlers\FileHandler' driver.
DEBUG - 2025-09-25 10:03:25 --> Session: Class initialized using 'CodeIgniter\Session\Handlers\FileHandler' driver.
DEBUG - 2025-09-25 10:03:26 --> Session: Class initialized using 'CodeIgniter\Session\Handlers\FileHandler' driver.
DEBUG - 2025-09-25 10:03:30 --> Session: Class initialized using 'CodeIgniter\Session\Handlers\FileHandler' driver.
DEBUG - 2025-09-25 10:03:33 --> Session: Class initialized using 'CodeIgniter\Session\Handlers\FileHandler' driver.
DEBUG - 2025-09-25 10:03:37 --> Session: Class initialized using 'CodeIgniter\Session\Handlers\FileHandler' driver.
DEBUG - 2025-09-25 10:03:38 --> Session: Class initialized using 'CodeIgniter\Session\Handlers\FileHandler' driver.
DEBUG - 2025-09-25 10:08:47 --> Session: Class initialized using 'CodeIgniter\Session\Handlers\FileHandler' driver.
DEBUG - 2025-09-25 10:08:49 --> Session: Class initialized using 'CodeIgniter\Session\Handlers\FileHandler' driver.
DEBUG - 2025-09-25 10:10:44 --> Session: Class initialized using 'CodeIgniter\Session\Handlers\FileHandler' driver.
DEBUG - 2025-09-25 10:10:48 --> Session: Class initialized using 'CodeIgniter\Session\Handlers\FileHandler' driver.
DEBUG - 2025-09-25 10:19:10 --> Session: Class initialized using 'CodeIgniter\Session\Handlers\FileHandler' driver.
DEBUG - 2025-09-25 10:19:26 --> Session: Class initialized using 'CodeIgniter\Session\Handlers\FileHandler' driver.
DEBUG - 2025-09-25 10:19:32 --> Session: Class initialized using 'CodeIgniter\Session\Handlers\FileHandler' driver.
DEBUG - 2025-09-25 10:19:37 --> Session: Class initialized using 'CodeIgniter\Session\Handlers\FileHandler' driver.
DEBUG - 2025-09-25 10:19:38 --> Session: Class initialized using 'CodeIgniter\Session\Handlers\FileHandler' driver.
DEBUG - 2025-09-25 10:25:48 --> Session: Class initialized using 'CodeIgniter\Session\Handlers\FileHandler' driver.
DEBUG - 2025-09-25 10:25:49 --> Session: Class initialized using 'CodeIgniter\Session\Handlers\FileHandler' driver.
DEBUG - 2025-09-25 10:25:51 --> Session: Class initialized using 'CodeIgniter\Session\Handlers\FileHandler' driver.
DEBUG - 2025-09-25 10:25:54 --> Session: Class initialized using 'CodeIgniter\Session\Handlers\FileHandler' driver.
DEBUG - 2025-09-25 10:25:55 --> Session: Class initialized using 'CodeIgniter\Session\Handlers\FileHandler' driver.
DEBUG - 2025-09-25 10:25:56 --> Session: Class initialized using 'CodeIgniter\Session\Handlers\FileHandler' driver.
DEBUG - 2025-09-25 10:25:57 --> Session: Class initialized using 'CodeIgniter\Session\Handlers\FileHandler' driver.
DEBUG - 2025-09-25 10:26:02 --> Session: Class initialized using 'CodeIgniter\Session\Handlers\FileHandler' driver.
DEBUG - 2025-09-25 10:26:02 --> Session: Class initialized using 'CodeIgniter\Session\Handlers\FileHandler' driver.
DEBUG - 2025-09-25 10:26:05 --> Session: Class initialized using 'CodeIgniter\Session\Handlers\FileHandler' driver.
DEBUG - 2025-09-25 10:26:06 --> Session: Class initialized using 'CodeIgniter\Session\Handlers\FileHandler' driver.
DEBUG - 2025-09-25 10:26:09 --> Session: Class initialized using 'CodeIgniter\Session\Handlers\FileHandler' driver.
DEBUG - 2025-09-25 10:26:11 --> Session: Class initialized using 'CodeIgniter\Session\Handlers\FileHandler' driver.
DEBUG - 2025-09-25 10:26:18 --> Session: Class initialized using 'CodeIgniter\Session\Handlers\FileHandler' driver.
DEBUG - 2025-09-25 10:26:20 --> Session: Class initialized using 'CodeIgniter\Session\Handlers\FileHandler' driver.
DEBUG - 2025-09-25 10:26:22 --> Session: Class initialized using 'CodeIgniter\Session\Handlers\FileHandler' driver.
DEBUG - 2025-09-25 10:26:23 --> Session: Class initialized using 'CodeIgniter\Session\Handlers\FileHandler' driver.
DEBUG - 2025-09-25 10:26:24 --> Session: Class initialized using 'CodeIgniter\Session\Handlers\FileHandler' driver.
DEBUG - 2025-09-25 10:26:25 --> Session: Class initialized using 'CodeIgniter\Session\Handlers\FileHandler' driver.
DEBUG - 2025-09-25 10:26:26 --> Session: Class initialized using 'CodeIgniter\Session\Handlers\FileHandler' driver.
DEBUG - 2025-09-25 10:26:28 --> Session: Class initialized using 'CodeIgniter\Session\Handlers\FileHandler' driver.
DEBUG - 2025-09-25 10:26:44 --> Session: Class initialized using 'CodeIgniter\Session\Handlers\FileHandler' driver.
DEBUG - 2025-09-25 10:26:45 --> Session: Class initialized using 'CodeIgniter\Session\Handlers\FileHandler' driver.
DEBUG - 2025-09-25 10:26:47 --> Session: Class initialized using 'CodeIgniter\Session\Handlers\FileHandler' driver.
DEBUG - 2025-09-25 10:26:49 --> Session: Class initialized using 'CodeIgniter\Session\Handlers\FileHandler' driver.
DEBUG - 2025-09-25 10:26:50 --> Session: Class initialized using 'CodeIgniter\Session\Handlers\FileHandler' driver.
DEBUG - 2025-09-25 10:26:52 --> Session: Class initialized using 'CodeIgniter\Session\Handlers\FileHandler' driver.
DEBUG - 2025-09-25 10:26:54 --> Session: Class initialized using 'CodeIgniter\Session\Handlers\FileHandler' driver.
DEBUG - 2025-09-25 10:26:56 --> Session: Class initialized using 'CodeIgniter\Session\Handlers\FileHandler' driver.
DEBUG - 2025-09-25 10:26:57 --> Session: Class initialized using 'CodeIgniter\Session\Handlers\FileHandler' driver.
DEBUG - 2025-09-25 10:26:59 --> Session: Class initialized using 'CodeIgniter\Session\Handlers\FileHandler' driver.
DEBUG - 2025-09-25 10:28:19 --> Session: Class initialized using 'CodeIgniter\Session\Handlers\FileHandler' driver.
DEBUG - 2025-09-25 10:28:21 --> Session: Class initialized using 'CodeIgniter\Session\Handlers\FileHandler' driver.
DEBUG - 2025-09-25 10:28:22 --> Session: Class initialized using 'CodeIgniter\Session\Handlers\FileHandler' driver.
DEBUG - 2025-09-25 10:28:24 --> Session: Class initialized using 'CodeIgniter\Session\Handlers\FileHandler' driver.
DEBUG - 2025-09-25 10:28:25 --> Session: Class initialized using 'CodeIgniter\Session\Handlers\FileHandler' driver.
DEBUG - 2025-09-25 10:28:26 --> Session: Class initialized using 'CodeIgniter\Session\Handlers\FileHandler' driver.
DEBUG - 2025-09-25 10:28:27 --> Session: Class initialized using 'CodeIgniter\Session\Handlers\FileHandler' driver.
DEBUG - 2025-09-25 10:28:28 --> Session: Class initialized using 'CodeIgniter\Session\Handlers\FileHandler' driver.
DEBUG - 2025-09-25 10:28:28 --> Session: Class initialized using 'CodeIgniter\Session\Handlers\FileHandler' driver.
DEBUG - 2025-09-25 10:28:29 --> Session: Class initialized using 'CodeIgniter\Session\Handlers\FileHandler' driver.
DEBUG - 2025-09-25 10:28:30 --> Session: Class initialized using 'CodeIgniter\Session\Handlers\FileHandler' driver.
DEBUG - 2025-09-25 10:28:50 --> Session: Class initialized using 'CodeIgniter\Session\Handlers\FileHandler' driver.
DEBUG - 2025-09-25 10:28:51 --> Session: Class initialized using 'CodeIgniter\Session\Handlers\FileHandler' driver.
DEBUG - 2025-09-25 10:28:55 --> Session: Class initialized using 'CodeIgniter\Session\Handlers\FileHandler' driver.
DEBUG - 2025-09-25 10:28:55 --> Session: Class initialized using 'CodeIgniter\Session\Handlers\FileHandler' driver.
DEBUG - 2025-09-25 10:30:50 --> Session: Class initialized using 'CodeIgniter\Session\Handlers\FileHandler' driver.
DEBUG - 2025-09-25 10:31:44 --> Session: Class initialized using 'CodeIgniter\Session\Handlers\FileHandler' driver.
DEBUG - 2025-09-25 10:31:50 --> Session: Class initialized using 'CodeIgniter\Session\Handlers\FileHandler' driver.
DEBUG - 2025-09-25 10:31:53 --> Session: Class initialized using 'CodeIgniter\Session\Handlers\FileHandler' driver.
DEBUG - 2025-09-25 10:31:54 --> Session: Class initialized using 'CodeIgniter\Session\Handlers\FileHandler' driver.
DEBUG - 2025-09-25 10:32:39 --> Session: Class initialized using 'CodeIgniter\Session\Handlers\FileHandler' driver.
DEBUG - 2025-09-25 10:32:43 --> Session: Class initialized using 'CodeIgniter\Session\Handlers\FileHandler' driver.
DEBUG - 2025-09-25 10:32:48 --> Session: Class initialized using 'CodeIgniter\Session\Handlers\FileHandler' driver.
DEBUG - 2025-09-25 10:32:49 --> Session: Class initialized using 'CodeIgniter\Session\Handlers\FileHandler' driver.
DEBUG - 2025-09-25 10:33:23 --> Session: Class initialized using 'CodeIgniter\Session\Handlers\FileHandler' driver.
DEBUG - 2025-09-25 10:34:36 --> Session: Class initialized using 'CodeIgniter\Session\Handlers\FileHandler' driver.
