DEBUG - 2025-09-09 03:58:01 --> Session: Class initialized using 'CodeIgniter\Session\Handlers\FileHandler' driver.
DEBUG - 2025-09-09 03:58:01 --> Session: Class initialized using 'CodeIgniter\Session\Handlers\FileHandler' driver.
DEBUG - 2025-09-09 03:58:01 --> Session: Class initialized using 'CodeIgniter\Session\Handlers\FileHandler' driver.
ERROR - 2025-09-09 03:58:05 --> Error connecting to the database: mysqli_sql_exception: No connection could be made because the target machine actively refused it in C:\xampp\htdocs\hms_ram\system\Database\MySQLi\Connection.php:201
Stack trace:
#0 C:\xampp\htdocs\hms_ram\system\Database\MySQLi\Connection.php(201): mysqli->real_connect('localhost', 'root', Object(SensitiveParameterValue), 'hms_ram', 3306, '', 0)
#1 C:\xampp\htdocs\hms_ram\system\Database\BaseConnection.php(421): CodeIgniter\Database\MySQLi\Connection->connect(false)
#2 C:\xampp\htdocs\hms_ram\system\Database\BaseConnection.php(620): CodeIgniter\Database\BaseConnection->initialize()
#3 C:\xampp\htdocs\hms_ram\system\Database\BaseBuilder.php(1649): CodeIgniter\Database\BaseConnection->query('SELECT *\nFROM `...', Array, false)
#4 C:\xampp\htdocs\hms_ram\system\Model.php(330): CodeIgniter\Database\BaseBuilder->get()
#5 C:\xampp\htdocs\hms_ram\system\BaseModel.php(717): CodeIgniter\Model->doFirst()
#6 C:\xampp\htdocs\hms_ram\app\Controllers\Pharmacy\Sales.php(264): CodeIgniter\BaseModel->first()
#7 C:\xampp\htdocs\hms_ram\system\CodeIgniter.php(933): App\Controllers\Pharmacy\Sales->invoice('PHM-OP-20250828...')
#8 C:\xampp\htdocs\hms_ram\system\CodeIgniter.php(507): CodeIgniter\CodeIgniter->runController(Object(App\Controllers\Pharmacy\Sales))
#9 C:\xampp\htdocs\hms_ram\system\CodeIgniter.php(354): CodeIgniter\CodeIgniter->handleRequest(NULL, Object(Config\Cache), false)
#10 C:\xampp\htdocs\hms_ram\system\Boot.php(334): CodeIgniter\CodeIgniter->run()
#11 C:\xampp\htdocs\hms_ram\system\Boot.php(67): CodeIgniter\Boot::runCodeIgniter(Object(CodeIgniter\CodeIgniter))
#12 C:\xampp\htdocs\hms_ram\index.php(46): CodeIgniter\Boot::bootWeb(Object(Config\Paths))
#13 {main}

Next CodeIgniter\Database\Exceptions\DatabaseException: No connection could be made because the target machine actively refused it in C:\xampp\htdocs\hms_ram\system\Database\MySQLi\Connection.php:246
Stack trace:
#0 C:\xampp\htdocs\hms_ram\system\Database\BaseConnection.php(421): CodeIgniter\Database\MySQLi\Connection->connect(false)
#1 C:\xampp\htdocs\hms_ram\system\Database\BaseConnection.php(620): CodeIgniter\Database\BaseConnection->initialize()
#2 C:\xampp\htdocs\hms_ram\system\Database\BaseBuilder.php(1649): CodeIgniter\Database\BaseConnection->query('SELECT *\nFROM `...', Array, false)
#3 C:\xampp\htdocs\hms_ram\system\Model.php(330): CodeIgniter\Database\BaseBuilder->get()
#4 C:\xampp\htdocs\hms_ram\system\BaseModel.php(717): CodeIgniter\Model->doFirst()
#5 C:\xampp\htdocs\hms_ram\app\Controllers\Pharmacy\Sales.php(264): CodeIgniter\BaseModel->first()
#6 C:\xampp\htdocs\hms_ram\system\CodeIgniter.php(933): App\Controllers\Pharmacy\Sales->invoice('PHM-OP-20250828...')
#7 C:\xampp\htdocs\hms_ram\system\CodeIgniter.php(507): CodeIgniter\CodeIgniter->runController(Object(App\Controllers\Pharmacy\Sales))
#8 C:\xampp\htdocs\hms_ram\system\CodeIgniter.php(354): CodeIgniter\CodeIgniter->handleRequest(NULL, Object(Config\Cache), false)
#9 C:\xampp\htdocs\hms_ram\system\Boot.php(334): CodeIgniter\CodeIgniter->run()
#10 C:\xampp\htdocs\hms_ram\system\Boot.php(67): CodeIgniter\Boot::runCodeIgniter(Object(CodeIgniter\CodeIgniter))
#11 C:\xampp\htdocs\hms_ram\index.php(46): CodeIgniter\Boot::bootWeb(Object(Config\Paths))
#12 {main}
ERROR - 2025-09-09 03:58:05 --> Error connecting to the database: mysqli_sql_exception: No connection could be made because the target machine actively refused it in C:\xampp\htdocs\hms_ram\system\Database\MySQLi\Connection.php:201
Stack trace:
#0 C:\xampp\htdocs\hms_ram\system\Database\MySQLi\Connection.php(201): mysqli->real_connect('localhost', 'root', Object(SensitiveParameterValue), 'hms_ram', 3306, '', 0)
#1 C:\xampp\htdocs\hms_ram\system\Database\BaseConnection.php(421): CodeIgniter\Database\MySQLi\Connection->connect(false)
#2 C:\xampp\htdocs\hms_ram\system\Database\BaseConnection.php(620): CodeIgniter\Database\BaseConnection->initialize()
#3 C:\xampp\htdocs\hms_ram\system\Database\BaseBuilder.php(1649): CodeIgniter\Database\BaseConnection->query('SELECT `pharmac...', Array, false)
#4 C:\xampp\htdocs\hms_ram\system\Model.php(330): CodeIgniter\Database\BaseBuilder->get()
#5 C:\xampp\htdocs\hms_ram\system\BaseModel.php(717): CodeIgniter\Model->doFirst()
#6 C:\xampp\htdocs\hms_ram\app\Controllers\Pharmacy\Returns.php(169): CodeIgniter\BaseModel->first()
#7 C:\xampp\htdocs\hms_ram\system\CodeIgniter.php(933): App\Controllers\Pharmacy\Returns->approve('19')
#8 C:\xampp\htdocs\hms_ram\system\CodeIgniter.php(507): CodeIgniter\CodeIgniter->runController(Object(App\Controllers\Pharmacy\Returns))
#9 C:\xampp\htdocs\hms_ram\system\CodeIgniter.php(354): CodeIgniter\CodeIgniter->handleRequest(NULL, Object(Config\Cache), false)
#10 C:\xampp\htdocs\hms_ram\system\Boot.php(334): CodeIgniter\CodeIgniter->run()
#11 C:\xampp\htdocs\hms_ram\system\Boot.php(67): CodeIgniter\Boot::runCodeIgniter(Object(CodeIgniter\CodeIgniter))
#12 C:\xampp\htdocs\hms_ram\index.php(46): CodeIgniter\Boot::bootWeb(Object(Config\Paths))
#13 {main}

Next CodeIgniter\Database\Exceptions\DatabaseException: No connection could be made because the target machine actively refused it in C:\xampp\htdocs\hms_ram\system\Database\MySQLi\Connection.php:246
Stack trace:
#0 C:\xampp\htdocs\hms_ram\system\Database\BaseConnection.php(421): CodeIgniter\Database\MySQLi\Connection->connect(false)
#1 C:\xampp\htdocs\hms_ram\system\Database\BaseConnection.php(620): CodeIgniter\Database\BaseConnection->initialize()
#2 C:\xampp\htdocs\hms_ram\system\Database\BaseBuilder.php(1649): CodeIgniter\Database\BaseConnection->query('SELECT `pharmac...', Array, false)
#3 C:\xampp\htdocs\hms_ram\system\Model.php(330): CodeIgniter\Database\BaseBuilder->get()
#4 C:\xampp\htdocs\hms_ram\system\BaseModel.php(717): CodeIgniter\Model->doFirst()
#5 C:\xampp\htdocs\hms_ram\app\Controllers\Pharmacy\Returns.php(169): CodeIgniter\BaseModel->first()
#6 C:\xampp\htdocs\hms_ram\system\CodeIgniter.php(933): App\Controllers\Pharmacy\Returns->approve('19')
#7 C:\xampp\htdocs\hms_ram\system\CodeIgniter.php(507): CodeIgniter\CodeIgniter->runController(Object(App\Controllers\Pharmacy\Returns))
#8 C:\xampp\htdocs\hms_ram\system\CodeIgniter.php(354): CodeIgniter\CodeIgniter->handleRequest(NULL, Object(Config\Cache), false)
#9 C:\xampp\htdocs\hms_ram\system\Boot.php(334): CodeIgniter\CodeIgniter->run()
#10 C:\xampp\htdocs\hms_ram\system\Boot.php(67): CodeIgniter\Boot::runCodeIgniter(Object(CodeIgniter\CodeIgniter))
#11 C:\xampp\htdocs\hms_ram\index.php(46): CodeIgniter\Boot::bootWeb(Object(Config\Paths))
#12 {main}
ERROR - 2025-09-09 03:58:05 --> Error connecting to the database: mysqli_sql_exception: No connection could be made because the target machine actively refused it in C:\xampp\htdocs\hms_ram\system\Database\MySQLi\Connection.php:201
Stack trace:
#0 C:\xampp\htdocs\hms_ram\system\Database\MySQLi\Connection.php(201): mysqli->real_connect('localhost', 'root', Object(SensitiveParameterValue), 'hms_ram', 3306, '', 0)
#1 C:\xampp\htdocs\hms_ram\system\Database\BaseConnection.php(421): CodeIgniter\Database\MySQLi\Connection->connect(false)
#2 C:\xampp\htdocs\hms_ram\system\Database\BaseConnection.php(620): CodeIgniter\Database\BaseConnection->initialize()
#3 C:\xampp\htdocs\hms_ram\system\Database\BaseBuilder.php(1649): CodeIgniter\Database\BaseConnection->query('SELECT *\nFROM `...', Array, false)
#4 C:\xampp\htdocs\hms_ram\system\Model.php(330): CodeIgniter\Database\BaseBuilder->get()
#5 C:\xampp\htdocs\hms_ram\system\BaseModel.php(717): CodeIgniter\Model->doFirst()
#6 C:\xampp\htdocs\hms_ram\app\Controllers\Pharmacy\Sales.php(264): CodeIgniter\BaseModel->first()
#7 C:\xampp\htdocs\hms_ram\system\CodeIgniter.php(933): App\Controllers\Pharmacy\Sales->invoice('PHM-OP-20250903...')
#8 C:\xampp\htdocs\hms_ram\system\CodeIgniter.php(507): CodeIgniter\CodeIgniter->runController(Object(App\Controllers\Pharmacy\Sales))
#9 C:\xampp\htdocs\hms_ram\system\CodeIgniter.php(354): CodeIgniter\CodeIgniter->handleRequest(NULL, Object(Config\Cache), false)
#10 C:\xampp\htdocs\hms_ram\system\Boot.php(334): CodeIgniter\CodeIgniter->run()
#11 C:\xampp\htdocs\hms_ram\system\Boot.php(67): CodeIgniter\Boot::runCodeIgniter(Object(CodeIgniter\CodeIgniter))
#12 C:\xampp\htdocs\hms_ram\index.php(46): CodeIgniter\Boot::bootWeb(Object(Config\Paths))
#13 {main}

Next CodeIgniter\Database\Exceptions\DatabaseException: No connection could be made because the target machine actively refused it in C:\xampp\htdocs\hms_ram\system\Database\MySQLi\Connection.php:246
Stack trace:
#0 C:\xampp\htdocs\hms_ram\system\Database\BaseConnection.php(421): CodeIgniter\Database\MySQLi\Connection->connect(false)
#1 C:\xampp\htdocs\hms_ram\system\Database\BaseConnection.php(620): CodeIgniter\Database\BaseConnection->initialize()
#2 C:\xampp\htdocs\hms_ram\system\Database\BaseBuilder.php(1649): CodeIgniter\Database\BaseConnection->query('SELECT *\nFROM `...', Array, false)
#3 C:\xampp\htdocs\hms_ram\system\Model.php(330): CodeIgniter\Database\BaseBuilder->get()
#4 C:\xampp\htdocs\hms_ram\system\BaseModel.php(717): CodeIgniter\Model->doFirst()
#5 C:\xampp\htdocs\hms_ram\app\Controllers\Pharmacy\Sales.php(264): CodeIgniter\BaseModel->first()
#6 C:\xampp\htdocs\hms_ram\system\CodeIgniter.php(933): App\Controllers\Pharmacy\Sales->invoice('PHM-OP-20250903...')
#7 C:\xampp\htdocs\hms_ram\system\CodeIgniter.php(507): CodeIgniter\CodeIgniter->runController(Object(App\Controllers\Pharmacy\Sales))
#8 C:\xampp\htdocs\hms_ram\system\CodeIgniter.php(354): CodeIgniter\CodeIgniter->handleRequest(NULL, Object(Config\Cache), false)
#9 C:\xampp\htdocs\hms_ram\system\Boot.php(334): CodeIgniter\CodeIgniter->run()
#10 C:\xampp\htdocs\hms_ram\system\Boot.php(67): CodeIgniter\Boot::runCodeIgniter(Object(CodeIgniter\CodeIgniter))
#11 C:\xampp\htdocs\hms_ram\index.php(46): CodeIgniter\Boot::bootWeb(Object(Config\Paths))
#12 {main}
CRITICAL - 2025-09-09 03:58:05 --> CodeIgniter\Database\Exceptions\DatabaseException: Unable to connect to the database.
Main connection [MySQLi]: No connection could be made because the target machine actively refused it
[Method: GET, Route: pharmacy/returns/approve/19]
in SYSTEMPATH\Database\BaseConnection.php on line 467.
 1 SYSTEMPATH\Database\BaseConnection.php(620): CodeIgniter\Database\BaseConnection->initialize()
 2 SYSTEMPATH\Database\BaseBuilder.php(1649): CodeIgniter\Database\BaseConnection->query('SELECT `pharmacy_returns`.*, `ps`.`invoice_number`, `pm`.`generic_name` as `medicine_name`, `pm`.`brand_name`, `pb`.`batch_number`, `psale_item`.`quantity` as `sold_quantity`
FROM `pharmacy_returns`
LEFT JOIN `pharmacy_sales` `ps` ON `ps`.`id` = `pharmacy_returns`.`sale_id`
LEFT JOIN `pharmacy_sale_items` `psale_item` ON `psale_item`.`id` = `pharmacy_returns`.`sale_item_id`
LEFT JOIN `pharmacy_medicines` `pm` ON `pm`.`id` = `pharmacy_returns`.`medicine_id`
LEFT JOIN `pharmacy_batches` `pb` ON `pb`.`id` = `pharmacy_returns`.`batch_id`
WHERE `pharmacy_returns`.`id` = :pharmacy_returns.id:
 LIMIT 1', [...], false)
 3 SYSTEMPATH\Model.php(330): CodeIgniter\Database\BaseBuilder->get()
 4 SYSTEMPATH\BaseModel.php(717): CodeIgniter\Model->doFirst()
 5 APPPATH\Controllers\Pharmacy\Returns.php(169): CodeIgniter\BaseModel->first()
 6 SYSTEMPATH\CodeIgniter.php(933): App\Controllers\Pharmacy\Returns->approve('19')
 7 SYSTEMPATH\CodeIgniter.php(507): CodeIgniter\CodeIgniter->runController(Object(App\Controllers\Pharmacy\Returns))
 8 SYSTEMPATH\CodeIgniter.php(354): CodeIgniter\CodeIgniter->handleRequest(null, Object(Config\Cache), false)
 9 SYSTEMPATH\Boot.php(334): CodeIgniter\CodeIgniter->run()
10 SYSTEMPATH\Boot.php(67): CodeIgniter\Boot::runCodeIgniter(Object(CodeIgniter\CodeIgniter))
11 FCPATH\index.php(46): CodeIgniter\Boot::bootWeb(Object(Config\Paths))
CRITICAL - 2025-09-09 03:58:05 --> CodeIgniter\Database\Exceptions\DatabaseException: Unable to connect to the database.
Main connection [MySQLi]: No connection could be made because the target machine actively refused it
[Method: GET, Route: pharmacy/sales/invoice/PHM-OP-20250903-00013]
in SYSTEMPATH\Database\BaseConnection.php on line 467.
 1 SYSTEMPATH\Database\BaseConnection.php(620): CodeIgniter\Database\BaseConnection->initialize()
 2 SYSTEMPATH\Database\BaseBuilder.php(1649): CodeIgniter\Database\BaseConnection->query('SELECT *
FROM `pharmacy_sales`
WHERE `invoice_number` = :invoice_number:
 LIMIT 1', [...], false)
 3 SYSTEMPATH\Model.php(330): CodeIgniter\Database\BaseBuilder->get()
 4 SYSTEMPATH\BaseModel.php(717): CodeIgniter\Model->doFirst()
 5 APPPATH\Controllers\Pharmacy\Sales.php(264): CodeIgniter\BaseModel->first()
 6 SYSTEMPATH\CodeIgniter.php(933): App\Controllers\Pharmacy\Sales->invoice('PHM-OP-20250903-00013')
 7 SYSTEMPATH\CodeIgniter.php(507): CodeIgniter\CodeIgniter->runController(Object(App\Controllers\Pharmacy\Sales))
 8 SYSTEMPATH\CodeIgniter.php(354): CodeIgniter\CodeIgniter->handleRequest(null, Object(Config\Cache), false)
 9 SYSTEMPATH\Boot.php(334): CodeIgniter\CodeIgniter->run()
10 SYSTEMPATH\Boot.php(67): CodeIgniter\Boot::runCodeIgniter(Object(CodeIgniter\CodeIgniter))
11 FCPATH\index.php(46): CodeIgniter\Boot::bootWeb(Object(Config\Paths))
CRITICAL - 2025-09-09 03:58:05 --> CodeIgniter\Database\Exceptions\DatabaseException: Unable to connect to the database.
Main connection [MySQLi]: No connection could be made because the target machine actively refused it
[Method: GET, Route: pharmacy/sales/invoice/PHM-OP-20250828-00003]
in SYSTEMPATH\Database\BaseConnection.php on line 467.
 1 SYSTEMPATH\Database\BaseConnection.php(620): CodeIgniter\Database\BaseConnection->initialize()
 2 SYSTEMPATH\Database\BaseBuilder.php(1649): CodeIgniter\Database\BaseConnection->query('SELECT *
FROM `pharmacy_sales`
WHERE `invoice_number` = :invoice_number:
 LIMIT 1', [...], false)
 3 SYSTEMPATH\Model.php(330): CodeIgniter\Database\BaseBuilder->get()
 4 SYSTEMPATH\BaseModel.php(717): CodeIgniter\Model->doFirst()
 5 APPPATH\Controllers\Pharmacy\Sales.php(264): CodeIgniter\BaseModel->first()
 6 SYSTEMPATH\CodeIgniter.php(933): App\Controllers\Pharmacy\Sales->invoice('PHM-OP-20250828-00003')
 7 SYSTEMPATH\CodeIgniter.php(507): CodeIgniter\CodeIgniter->runController(Object(App\Controllers\Pharmacy\Sales))
 8 SYSTEMPATH\CodeIgniter.php(354): CodeIgniter\CodeIgniter->handleRequest(null, Object(Config\Cache), false)
 9 SYSTEMPATH\Boot.php(334): CodeIgniter\CodeIgniter->run()
10 SYSTEMPATH\Boot.php(67): CodeIgniter\Boot::runCodeIgniter(Object(CodeIgniter\CodeIgniter))
11 FCPATH\index.php(46): CodeIgniter\Boot::bootWeb(Object(Config\Paths))
DEBUG - 2025-09-09 03:58:08 --> Session: Class initialized using 'CodeIgniter\Session\Handlers\FileHandler' driver.
ERROR - 2025-09-09 03:58:12 --> Error connecting to the database: mysqli_sql_exception: No connection could be made because the target machine actively refused it in C:\xampp\htdocs\hms_ram\system\Database\MySQLi\Connection.php:201
Stack trace:
#0 C:\xampp\htdocs\hms_ram\system\Database\MySQLi\Connection.php(201): mysqli->real_connect('localhost', 'root', Object(SensitiveParameterValue), 'hms_ram', 3306, '', 0)
#1 C:\xampp\htdocs\hms_ram\system\Database\BaseConnection.php(421): CodeIgniter\Database\MySQLi\Connection->connect(false)
#2 C:\xampp\htdocs\hms_ram\system\Database\BaseConnection.php(620): CodeIgniter\Database\BaseConnection->initialize()
#3 C:\xampp\htdocs\hms_ram\system\Database\BaseBuilder.php(1649): CodeIgniter\Database\BaseConnection->query('SELECT *\nFROM `...', Array, false)
#4 C:\xampp\htdocs\hms_ram\system\Model.php(330): CodeIgniter\Database\BaseBuilder->get()
#5 C:\xampp\htdocs\hms_ram\system\BaseModel.php(717): CodeIgniter\Model->doFirst()
#6 C:\xampp\htdocs\hms_ram\app\Controllers\Pharmacy\Sales.php(264): CodeIgniter\BaseModel->first()
#7 C:\xampp\htdocs\hms_ram\system\CodeIgniter.php(933): App\Controllers\Pharmacy\Sales->invoice('PHM-IP-20250908...')
#8 C:\xampp\htdocs\hms_ram\system\CodeIgniter.php(507): CodeIgniter\CodeIgniter->runController(Object(App\Controllers\Pharmacy\Sales))
#9 C:\xampp\htdocs\hms_ram\system\CodeIgniter.php(354): CodeIgniter\CodeIgniter->handleRequest(NULL, Object(Config\Cache), false)
#10 C:\xampp\htdocs\hms_ram\system\Boot.php(334): CodeIgniter\CodeIgniter->run()
#11 C:\xampp\htdocs\hms_ram\system\Boot.php(67): CodeIgniter\Boot::runCodeIgniter(Object(CodeIgniter\CodeIgniter))
#12 C:\xampp\htdocs\hms_ram\index.php(46): CodeIgniter\Boot::bootWeb(Object(Config\Paths))
#13 {main}

Next CodeIgniter\Database\Exceptions\DatabaseException: No connection could be made because the target machine actively refused it in C:\xampp\htdocs\hms_ram\system\Database\MySQLi\Connection.php:246
Stack trace:
#0 C:\xampp\htdocs\hms_ram\system\Database\BaseConnection.php(421): CodeIgniter\Database\MySQLi\Connection->connect(false)
#1 C:\xampp\htdocs\hms_ram\system\Database\BaseConnection.php(620): CodeIgniter\Database\BaseConnection->initialize()
#2 C:\xampp\htdocs\hms_ram\system\Database\BaseBuilder.php(1649): CodeIgniter\Database\BaseConnection->query('SELECT *\nFROM `...', Array, false)
#3 C:\xampp\htdocs\hms_ram\system\Model.php(330): CodeIgniter\Database\BaseBuilder->get()
#4 C:\xampp\htdocs\hms_ram\system\BaseModel.php(717): CodeIgniter\Model->doFirst()
#5 C:\xampp\htdocs\hms_ram\app\Controllers\Pharmacy\Sales.php(264): CodeIgniter\BaseModel->first()
#6 C:\xampp\htdocs\hms_ram\system\CodeIgniter.php(933): App\Controllers\Pharmacy\Sales->invoice('PHM-IP-20250908...')
#7 C:\xampp\htdocs\hms_ram\system\CodeIgniter.php(507): CodeIgniter\CodeIgniter->runController(Object(App\Controllers\Pharmacy\Sales))
#8 C:\xampp\htdocs\hms_ram\system\CodeIgniter.php(354): CodeIgniter\CodeIgniter->handleRequest(NULL, Object(Config\Cache), false)
#9 C:\xampp\htdocs\hms_ram\system\Boot.php(334): CodeIgniter\CodeIgniter->run()
#10 C:\xampp\htdocs\hms_ram\system\Boot.php(67): CodeIgniter\Boot::runCodeIgniter(Object(CodeIgniter\CodeIgniter))
#11 C:\xampp\htdocs\hms_ram\index.php(46): CodeIgniter\Boot::bootWeb(Object(Config\Paths))
#12 {main}
CRITICAL - 2025-09-09 03:58:12 --> CodeIgniter\Database\Exceptions\DatabaseException: Unable to connect to the database.
Main connection [MySQLi]: No connection could be made because the target machine actively refused it
[Method: GET, Route: pharmacy/sales/invoice/PHM-IP-20250908-00013]
in SYSTEMPATH\Database\BaseConnection.php on line 467.
 1 SYSTEMPATH\Database\BaseConnection.php(620): CodeIgniter\Database\BaseConnection->initialize()
 2 SYSTEMPATH\Database\BaseBuilder.php(1649): CodeIgniter\Database\BaseConnection->query('SELECT *
FROM `pharmacy_sales`
WHERE `invoice_number` = :invoice_number:
 LIMIT 1', [...], false)
 3 SYSTEMPATH\Model.php(330): CodeIgniter\Database\BaseBuilder->get()
 4 SYSTEMPATH\BaseModel.php(717): CodeIgniter\Model->doFirst()
 5 APPPATH\Controllers\Pharmacy\Sales.php(264): CodeIgniter\BaseModel->first()
 6 SYSTEMPATH\CodeIgniter.php(933): App\Controllers\Pharmacy\Sales->invoice('PHM-IP-20250908-00013')
 7 SYSTEMPATH\CodeIgniter.php(507): CodeIgniter\CodeIgniter->runController(Object(App\Controllers\Pharmacy\Sales))
 8 SYSTEMPATH\CodeIgniter.php(354): CodeIgniter\CodeIgniter->handleRequest(null, Object(Config\Cache), false)
 9 SYSTEMPATH\Boot.php(334): CodeIgniter\CodeIgniter->run()
10 SYSTEMPATH\Boot.php(67): CodeIgniter\Boot::runCodeIgniter(Object(CodeIgniter\CodeIgniter))
11 FCPATH\index.php(46): CodeIgniter\Boot::bootWeb(Object(Config\Paths))
DEBUG - 2025-09-09 03:58:12 --> Session: Class initialized using 'CodeIgniter\Session\Handlers\FileHandler' driver.
DEBUG - 2025-09-09 04:04:17 --> Session: Class initialized using 'CodeIgniter\Session\Handlers\FileHandler' driver.
DEBUG - 2025-09-09 04:04:20 --> Session: Class initialized using 'CodeIgniter\Session\Handlers\FileHandler' driver.
DEBUG - 2025-09-09 04:04:20 --> Session: Class initialized using 'CodeIgniter\Session\Handlers\FileHandler' driver.
DEBUG - 2025-09-09 04:04:24 --> Session: Class initialized using 'CodeIgniter\Session\Handlers\FileHandler' driver.
DEBUG - 2025-09-09 04:04:24 --> Session: Class initialized using 'CodeIgniter\Session\Handlers\FileHandler' driver.
DEBUG - 2025-09-09 04:04:36 --> Session: Class initialized using 'CodeIgniter\Session\Handlers\FileHandler' driver.
DEBUG - 2025-09-09 04:04:38 --> Session: Class initialized using 'CodeIgniter\Session\Handlers\FileHandler' driver.
DEBUG - 2025-09-09 04:04:40 --> Session: Class initialized using 'CodeIgniter\Session\Handlers\FileHandler' driver.
DEBUG - 2025-09-09 04:04:44 --> Session: Class initialized using 'CodeIgniter\Session\Handlers\FileHandler' driver.
DEBUG - 2025-09-09 04:06:46 --> Session: Class initialized using 'CodeIgniter\Session\Handlers\FileHandler' driver.
DEBUG - 2025-09-09 04:06:46 --> Fetching medicines for invoice: PHM-IP-20250908-00013
DEBUG - 2025-09-09 04:06:46 --> In-hospital billing found with ID: 14
DEBUG - 2025-09-09 04:06:46 --> Found 1 sale items for in-hospital billing
DEBUG - 2025-09-09 04:06:46 --> Session: Class initialized using 'CodeIgniter\Session\Handlers\FileHandler' driver.
DEBUG - 2025-09-09 04:06:46 --> Fetching medicines for invoice: PHM-IP-20250908-00013
DEBUG - 2025-09-09 04:06:46 --> In-hospital billing found with ID: 14
DEBUG - 2025-09-09 04:06:46 --> Found 1 sale items for in-hospital billing
DEBUG - 2025-09-09 04:08:43 --> Session: Class initialized using 'CodeIgniter\Session\Handlers\FileHandler' driver.
DEBUG - 2025-09-09 04:08:43 --> Session: Class initialized using 'CodeIgniter\Session\Handlers\FileHandler' driver.
DEBUG - 2025-09-09 04:09:02 --> Session: Class initialized using 'CodeIgniter\Session\Handlers\FileHandler' driver.
DEBUG - 2025-09-09 04:09:06 --> Session: Class initialized using 'CodeIgniter\Session\Handlers\FileHandler' driver.
DEBUG - 2025-09-09 04:09:06 --> Redirecting to: http://localhost/hms_ram/index.php/pharmacy/sales/invoice/PHM-OP-20250903-00013
DEBUG - 2025-09-09 04:09:06 --> Return approval info - billing_id: NULL, sale_id: 31
DEBUG - 2025-09-09 04:09:06 --> Invoice numbers - billing invoice: NULL, sale invoice: PHM-OP-20250903-00013
DEBUG - 2025-09-09 04:09:06 --> Redirect URL chosen: http://localhost/hms_ram/index.php/pharmacy/sales/invoice/PHM-OP-20250903-00013
DEBUG - 2025-09-09 04:09:06 --> Session: Class initialized using 'CodeIgniter\Session\Handlers\FileHandler' driver.
DEBUG - 2025-09-09 04:09:31 --> Session: Class initialized using 'CodeIgniter\Session\Handlers\FileHandler' driver.
DEBUG - 2025-09-09 04:09:31 --> POST DATA: {"invoice_number":"PHM-IP-20250908-00013","sale_item_id":"53","sale_id":"","billing_id":"14","quantity_returned":"2","medicine_condition":"Good","return_reason":"lkmk lkl  km","notes":""}
DEBUG - 2025-09-09 04:09:31 --> Session: Class initialized using 'CodeIgniter\Session\Handlers\FileHandler' driver.
DEBUG - 2025-09-09 04:09:37 --> Session: Class initialized using 'CodeIgniter\Session\Handlers\FileHandler' driver.
DEBUG - 2025-09-09 04:09:43 --> Session: Class initialized using 'CodeIgniter\Session\Handlers\FileHandler' driver.
DEBUG - 2025-09-09 04:09:43 --> Redirecting to: http://localhost/hms_ram/index.php/pharmacy/sales/invoice/PHM-IP-20250908-00013
DEBUG - 2025-09-09 04:09:43 --> Return approval info - billing_id: 14, sale_id: NULL
DEBUG - 2025-09-09 04:09:43 --> Invoice numbers - billing invoice: PHM-IP-20250908-00013, sale invoice: PHM-IP-20250908-00013
DEBUG - 2025-09-09 04:09:43 --> Redirect URL chosen: http://localhost/hms_ram/index.php/pharmacy/sales/invoice/PHM-IP-20250908-00013
DEBUG - 2025-09-09 04:09:43 --> Session: Class initialized using 'CodeIgniter\Session\Handlers\FileHandler' driver.
DEBUG - 2025-09-09 04:10:06 --> Session: Class initialized using 'CodeIgniter\Session\Handlers\FileHandler' driver.
DEBUG - 2025-09-09 04:10:48 --> Session: Class initialized using 'CodeIgniter\Session\Handlers\FileHandler' driver.
DEBUG - 2025-09-09 04:10:48 --> Session: Class initialized using 'CodeIgniter\Session\Handlers\FileHandler' driver.
DEBUG - 2025-09-09 04:10:50 --> Session: Class initialized using 'CodeIgniter\Session\Handlers\FileHandler' driver.
DEBUG - 2025-09-09 04:11:03 --> Session: Class initialized using 'CodeIgniter\Session\Handlers\FileHandler' driver.
DEBUG - 2025-09-09 04:11:23 --> Session: Class initialized using 'CodeIgniter\Session\Handlers\FileHandler' driver.
DEBUG - 2025-09-09 04:11:23 --> Fetching medicines for invoice: PHM-OP-20250903-00014
DEBUG - 2025-09-09 04:11:23 --> Outside sale found with ID: 32
DEBUG - 2025-09-09 04:11:23 --> Found 2 sale items for outside sale
DEBUG - 2025-09-09 04:11:23 --> Session: Class initialized using 'CodeIgniter\Session\Handlers\FileHandler' driver.
DEBUG - 2025-09-09 04:11:28 --> Session: Class initialized using 'CodeIgniter\Session\Handlers\FileHandler' driver.
DEBUG - 2025-09-09 04:11:28 --> Fetching medicines for invoice: PHM-IP-20250908-00013
DEBUG - 2025-09-09 04:11:28 --> In-hospital billing found with ID: 14
DEBUG - 2025-09-09 04:11:28 --> Found 1 sale items for in-hospital billing
DEBUG - 2025-09-09 04:11:28 --> Session: Class initialized using 'CodeIgniter\Session\Handlers\FileHandler' driver.
DEBUG - 2025-09-09 04:11:28 --> Fetching medicines for invoice: PHM-IP-20250908-00013
DEBUG - 2025-09-09 04:11:28 --> In-hospital billing found with ID: 14
DEBUG - 2025-09-09 04:11:28 --> Found 1 sale items for in-hospital billing
DEBUG - 2025-09-09 04:11:39 --> Session: Class initialized using 'CodeIgniter\Session\Handlers\FileHandler' driver.
DEBUG - 2025-09-09 04:11:39 --> POST DATA: {"invoice_number":"PHM-IP-20250908-00013","sale_item_id":"53","sale_id":"","billing_id":"14","quantity_returned":"1","medicine_condition":"Good","return_reason":"f dfbf fdb","notes":""}
DEBUG - 2025-09-09 04:11:39 --> Session: Class initialized using 'CodeIgniter\Session\Handlers\FileHandler' driver.
DEBUG - 2025-09-09 04:11:43 --> Session: Class initialized using 'CodeIgniter\Session\Handlers\FileHandler' driver.
DEBUG - 2025-09-09 04:11:47 --> Session: Class initialized using 'CodeIgniter\Session\Handlers\FileHandler' driver.
DEBUG - 2025-09-09 04:11:47 --> Session: Class initialized using 'CodeIgniter\Session\Handlers\FileHandler' driver.
DEBUG - 2025-09-09 04:12:00 --> Session: Class initialized using 'CodeIgniter\Session\Handlers\FileHandler' driver.
DEBUG - 2025-09-09 04:12:00 --> Session: Class initialized using 'CodeIgniter\Session\Handlers\FileHandler' driver.
DEBUG - 2025-09-09 04:12:07 --> Session: Class initialized using 'CodeIgniter\Session\Handlers\FileHandler' driver.
DEBUG - 2025-09-09 04:12:07 --> Redirecting to: http://localhost/hms_ram/index.php/pharmacy/sales/invoice/PHM-IP-20250908-00013
DEBUG - 2025-09-09 04:12:07 --> Return approval info - billing_id: 14, sale_id: NULL
DEBUG - 2025-09-09 04:12:07 --> Invoice numbers - billing invoice: PHM-IP-20250908-00013, sale invoice: PHM-IP-20250908-00013
DEBUG - 2025-09-09 04:12:07 --> Redirect URL chosen: http://localhost/hms_ram/index.php/pharmacy/sales/invoice/PHM-IP-20250908-00013
DEBUG - 2025-09-09 04:12:07 --> Session: Class initialized using 'CodeIgniter\Session\Handlers\FileHandler' driver.
DEBUG - 2025-09-09 04:12:31 --> Session: Class initialized using 'CodeIgniter\Session\Handlers\FileHandler' driver.
DEBUG - 2025-09-09 04:12:31 --> Session: Class initialized using 'CodeIgniter\Session\Handlers\FileHandler' driver.
DEBUG - 2025-09-09 04:13:10 --> Session: Class initialized using 'CodeIgniter\Session\Handlers\FileHandler' driver.
DEBUG - 2025-09-09 04:13:17 --> Session: Class initialized using 'CodeIgniter\Session\Handlers\FileHandler' driver.
DEBUG - 2025-09-09 04:13:22 --> Session: Class initialized using 'CodeIgniter\Session\Handlers\FileHandler' driver.
DEBUG - 2025-09-09 04:13:40 --> Session: Class initialized using 'CodeIgniter\Session\Handlers\FileHandler' driver.
DEBUG - 2025-09-09 04:13:44 --> Session: Class initialized using 'CodeIgniter\Session\Handlers\FileHandler' driver.
DEBUG - 2025-09-09 04:13:44 --> Fetching medicines for invoice: PHM-OP-20250902-00012
DEBUG - 2025-09-09 04:13:45 --> Outside sale found with ID: 30
DEBUG - 2025-09-09 04:13:45 --> Found 1 sale items for outside sale
DEBUG - 2025-09-09 04:13:45 --> Session: Class initialized using 'CodeIgniter\Session\Handlers\FileHandler' driver.
DEBUG - 2025-09-09 04:13:45 --> Fetching medicines for invoice: PHM-OP-20250902-00012
DEBUG - 2025-09-09 04:13:45 --> Outside sale found with ID: 30
DEBUG - 2025-09-09 04:13:45 --> Found 1 sale items for outside sale
DEBUG - 2025-09-09 04:14:03 --> Session: Class initialized using 'CodeIgniter\Session\Handlers\FileHandler' driver.
DEBUG - 2025-09-09 04:14:03 --> POST DATA: {"invoice_number":"PHM-OP-20250902-00012","sale_item_id":"43","sale_id":"30","billing_id":"","quantity_returned":"1","medicine_condition":"Good","return_reason":"erhgaeb sb ","notes":""}
DEBUG - 2025-09-09 04:14:03 --> Session: Class initialized using 'CodeIgniter\Session\Handlers\FileHandler' driver.
DEBUG - 2025-09-09 04:14:05 --> Session: Class initialized using 'CodeIgniter\Session\Handlers\FileHandler' driver.
DEBUG - 2025-09-09 04:14:13 --> Session: Class initialized using 'CodeIgniter\Session\Handlers\FileHandler' driver.
DEBUG - 2025-09-09 04:14:13 --> Redirecting to: http://localhost/hms_ram/index.php/pharmacy/returns
DEBUG - 2025-09-09 04:14:13 --> Return approval info - billing_id: NULL, sale_id: 30
DEBUG - 2025-09-09 04:14:13 --> Invoice numbers - billing invoice: NULL, sale invoice: NULL
DEBUG - 2025-09-09 04:14:13 --> Redirect URL chosen: http://localhost/hms_ram/index.php/pharmacy/returns
DEBUG - 2025-09-09 04:14:13 --> Session: Class initialized using 'CodeIgniter\Session\Handlers\FileHandler' driver.
DEBUG - 2025-09-09 04:14:18 --> Session: Class initialized using 'CodeIgniter\Session\Handlers\FileHandler' driver.
DEBUG - 2025-09-09 04:14:26 --> Session: Class initialized using 'CodeIgniter\Session\Handlers\FileHandler' driver.
DEBUG - 2025-09-09 04:14:33 --> Session: Class initialized using 'CodeIgniter\Session\Handlers\FileHandler' driver.
DEBUG - 2025-09-09 04:14:33 --> Fetching medicines for invoice: PHM-OP-20250902-00012
DEBUG - 2025-09-09 04:14:33 --> Outside sale found with ID: 30
DEBUG - 2025-09-09 04:14:33 --> Found 1 sale items for outside sale
DEBUG - 2025-09-09 04:14:33 --> Session: Class initialized using 'CodeIgniter\Session\Handlers\FileHandler' driver.
DEBUG - 2025-09-09 04:14:33 --> Fetching medicines for invoice: PHM-OP-20250902-00012
DEBUG - 2025-09-09 04:14:33 --> Outside sale found with ID: 30
DEBUG - 2025-09-09 04:14:33 --> Found 1 sale items for outside sale
DEBUG - 2025-09-09 04:14:41 --> Session: Class initialized using 'CodeIgniter\Session\Handlers\FileHandler' driver.
DEBUG - 2025-09-09 04:14:41 --> POST DATA: {"invoice_number":"PHM-OP-20250902-00012","sale_item_id":"43","sale_id":"30","billing_id":"","quantity_returned":"1","medicine_condition":"Good","return_reason":"sgr fdd","notes":""}
DEBUG - 2025-09-09 04:14:41 --> Session: Class initialized using 'CodeIgniter\Session\Handlers\FileHandler' driver.
DEBUG - 2025-09-09 04:14:43 --> Session: Class initialized using 'CodeIgniter\Session\Handlers\FileHandler' driver.
DEBUG - 2025-09-09 04:14:46 --> Session: Class initialized using 'CodeIgniter\Session\Handlers\FileHandler' driver.
DEBUG - 2025-09-09 04:14:46 --> Redirecting to: http://localhost/hms_ram/index.php/pharmacy/sales/invoice/PHM-OP-20250902-00012
DEBUG - 2025-09-09 04:14:46 --> Return approval info - billing_id: NULL, sale_id: 30
DEBUG - 2025-09-09 04:14:46 --> Invoice numbers - billing invoice: NULL, sale invoice: PHM-OP-20250902-00012
DEBUG - 2025-09-09 04:14:46 --> Redirect URL chosen: http://localhost/hms_ram/index.php/pharmacy/sales/invoice/PHM-OP-20250902-00012
DEBUG - 2025-09-09 04:14:46 --> Session: Class initialized using 'CodeIgniter\Session\Handlers\FileHandler' driver.
DEBUG - 2025-09-09 04:15:12 --> Session: Class initialized using 'CodeIgniter\Session\Handlers\FileHandler' driver.
DEBUG - 2025-09-09 04:15:21 --> Session: Class initialized using 'CodeIgniter\Session\Handlers\FileHandler' driver.
DEBUG - 2025-09-09 04:15:27 --> Session: Class initialized using 'CodeIgniter\Session\Handlers\FileHandler' driver.
DEBUG - 2025-09-09 04:15:29 --> Session: Class initialized using 'CodeIgniter\Session\Handlers\FileHandler' driver.
DEBUG - 2025-09-09 04:15:33 --> Session: Class initialized using 'CodeIgniter\Session\Handlers\FileHandler' driver.
DEBUG - 2025-09-09 04:15:36 --> Session: Class initialized using 'CodeIgniter\Session\Handlers\FileHandler' driver.
DEBUG - 2025-09-09 04:15:38 --> Session: Class initialized using 'CodeIgniter\Session\Handlers\FileHandler' driver.
DEBUG - 2025-09-09 04:15:49 --> Session: Class initialized using 'CodeIgniter\Session\Handlers\FileHandler' driver.
DEBUG - 2025-09-09 04:15:59 --> Session: Class initialized using 'CodeIgniter\Session\Handlers\FileHandler' driver.
DEBUG - 2025-09-09 04:15:59 --> Fetching medicines for invoice: PHM-IP-20250908-00013
DEBUG - 2025-09-09 04:15:59 --> In-hospital billing found with ID: 14
DEBUG - 2025-09-09 04:15:59 --> Found 1 sale items for in-hospital billing
DEBUG - 2025-09-09 04:15:59 --> Session: Class initialized using 'CodeIgniter\Session\Handlers\FileHandler' driver.
DEBUG - 2025-09-09 04:16:10 --> Session: Class initialized using 'CodeIgniter\Session\Handlers\FileHandler' driver.
DEBUG - 2025-09-09 04:16:10 --> Fetching medicines for invoice: PHM-IP-20250908-00013
DEBUG - 2025-09-09 04:16:10 --> In-hospital billing found with ID: 14
DEBUG - 2025-09-09 04:16:10 --> Found 1 sale items for in-hospital billing
DEBUG - 2025-09-09 04:16:10 --> Session: Class initialized using 'CodeIgniter\Session\Handlers\FileHandler' driver.
DEBUG - 2025-09-09 04:16:10 --> Fetching medicines for invoice: PHM-IP-20250908-00013
DEBUG - 2025-09-09 04:16:10 --> In-hospital billing found with ID: 14
DEBUG - 2025-09-09 04:16:10 --> Found 1 sale items for in-hospital billing
DEBUG - 2025-09-09 04:16:18 --> Session: Class initialized using 'CodeIgniter\Session\Handlers\FileHandler' driver.
DEBUG - 2025-09-09 04:16:18 --> POST DATA: {"invoice_number":"PHM-IP-20250908-00013","sale_item_id":"53","sale_id":"","billing_id":"14","quantity_returned":"1","medicine_condition":"Good","return_reason":"dsv dfb","notes":""}
DEBUG - 2025-09-09 04:16:18 --> Session: Class initialized using 'CodeIgniter\Session\Handlers\FileHandler' driver.
DEBUG - 2025-09-09 04:16:29 --> Session: Class initialized using 'CodeIgniter\Session\Handlers\FileHandler' driver.
DEBUG - 2025-09-09 04:16:37 --> Session: Class initialized using 'CodeIgniter\Session\Handlers\FileHandler' driver.
DEBUG - 2025-09-09 04:16:37 --> Redirecting to: http://localhost/hms_ram/index.php/pharmacy/returns
DEBUG - 2025-09-09 04:16:37 --> Return approval info - billing_id: 14, sale_id: NULL
DEBUG - 2025-09-09 04:16:37 --> Invoice numbers - billing invoice: NULL, sale invoice: NULL
DEBUG - 2025-09-09 04:16:37 --> Redirect URL chosen: http://localhost/hms_ram/index.php/pharmacy/returns
DEBUG - 2025-09-09 04:16:37 --> Session: Class initialized using 'CodeIgniter\Session\Handlers\FileHandler' driver.
DEBUG - 2025-09-09 04:16:46 --> Session: Class initialized using 'CodeIgniter\Session\Handlers\FileHandler' driver.
DEBUG - 2025-09-09 04:16:46 --> Session: Class initialized using 'CodeIgniter\Session\Handlers\FileHandler' driver.
DEBUG - 2025-09-09 04:16:53 --> Session: Class initialized using 'CodeIgniter\Session\Handlers\FileHandler' driver.
DEBUG - 2025-09-09 04:17:08 --> Session: Class initialized using 'CodeIgniter\Session\Handlers\FileHandler' driver.
DEBUG - 2025-09-09 04:17:22 --> Session: Class initialized using 'CodeIgniter\Session\Handlers\FileHandler' driver.
DEBUG - 2025-09-09 04:17:26 --> Session: Class initialized using 'CodeIgniter\Session\Handlers\FileHandler' driver.
DEBUG - 2025-09-09 04:17:33 --> Session: Class initialized using 'CodeIgniter\Session\Handlers\FileHandler' driver.
DEBUG - 2025-09-09 04:34:57 --> Session: Class initialized using 'CodeIgniter\Session\Handlers\FileHandler' driver.
DEBUG - 2025-09-09 04:34:57 --> Session: Class initialized using 'CodeIgniter\Session\Handlers\FileHandler' driver.
DEBUG - 2025-09-09 04:34:57 --> Session: Class initialized using 'CodeIgniter\Session\Handlers\FileHandler' driver.
DEBUG - 2025-09-09 04:34:57 --> Session: Class initialized using 'CodeIgniter\Session\Handlers\FileHandler' driver.
CRITICAL - 2025-09-09 04:34:59 --> ErrorException: unlink(C:\xampp\htdocs\hms_ram\writable\debugbar/debugbar_1757391370.736990.json): No such file or directory
[Method: GET, Route: /]
in SYSTEMPATH\Debug\Toolbar\Collectors\History.php on line 82.
 1 [internal function]: CodeIgniter\Debug\Exceptions->errorHandler(2, 'unlink(C:\\xampp\\htdocs\\hms_ram\\writable\\debugbar/debugbar_1757391370.736990.json): No such file or directory', 'C:\\xampp\\htdocs\\hms_ram\\system\\Debug\\Toolbar\\Collectors\\History.php', 82)
 2 SYSTEMPATH\Debug\Toolbar\Collectors\History.php(82): unlink('C:\\xampp\\htdocs\\hms_ram\\writable\\debugbar/debugbar_1757391370.736990.json')
 3 SYSTEMPATH\Debug\Toolbar.php(517): CodeIgniter\Debug\Toolbar\Collectors\History->setFiles('1757392497.694312', 20)
 4 SYSTEMPATH\Debug\Toolbar.php(496): CodeIgniter\Debug\Toolbar->format([...], 'html')
 5 APPPATH\Config\Events.php(47): CodeIgniter\Debug\Toolbar->respond()
 6 SYSTEMPATH\Events\Events.php(155): CodeIgniter\Events\Events::Config\{closure}()
 7 SYSTEMPATH\CodeIgniter.php(339): CodeIgniter\Events\Events::trigger('pre_system')
 8 SYSTEMPATH\Boot.php(334): CodeIgniter\CodeIgniter->run()
 9 SYSTEMPATH\Boot.php(67): CodeIgniter\Boot::runCodeIgniter(Object(CodeIgniter\CodeIgniter))
10 FCPATH\index.php(46): CodeIgniter\Boot::bootWeb(Object(Config\Paths))
DEBUG - 2025-09-09 04:37:37 --> Session: Class initialized using 'CodeIgniter\Session\Handlers\FileHandler' driver.
DEBUG - 2025-09-09 04:37:37 --> Session: Class initialized using 'CodeIgniter\Session\Handlers\FileHandler' driver.
DEBUG - 2025-09-09 04:37:37 --> Session: Class initialized using 'CodeIgniter\Session\Handlers\FileHandler' driver.
CRITICAL - 2025-09-09 04:37:37 --> ErrorException: Undefined property: App\Controllers\Pharmacy\Sales::$returnModel
[Method: GET, Route: pharmacy/sales/invoice/PHM-IP-20250908-00013]
in APPPATH\Controllers\Pharmacy\Sales.php on line 376.
 1 APPPATH\Controllers\Pharmacy\Sales.php(376): CodeIgniter\Debug\Exceptions->errorHandler(2, 'Undefined property: App\\Controllers\\Pharmacy\\Sales::$returnModel', 'C:\\xampp\\htdocs\\hms_ram\\app\\Controllers\\Pharmacy\\Sales.php', 376)
 2 SYSTEMPATH\CodeIgniter.php(933): App\Controllers\Pharmacy\Sales->invoice('PHM-IP-20250908-00013')
 3 SYSTEMPATH\CodeIgniter.php(507): CodeIgniter\CodeIgniter->runController(Object(App\Controllers\Pharmacy\Sales))
 4 SYSTEMPATH\CodeIgniter.php(354): CodeIgniter\CodeIgniter->handleRequest(null, Object(Config\Cache), false)
 5 SYSTEMPATH\Boot.php(334): CodeIgniter\CodeIgniter->run()
 6 SYSTEMPATH\Boot.php(67): CodeIgniter\Boot::runCodeIgniter(Object(CodeIgniter\CodeIgniter))
 7 FCPATH\index.php(46): CodeIgniter\Boot::bootWeb(Object(Config\Paths))
DEBUG - 2025-09-09 04:37:48 --> Session: Class initialized using 'CodeIgniter\Session\Handlers\FileHandler' driver.
DEBUG - 2025-09-09 04:37:48 --> Session: Class initialized using 'CodeIgniter\Session\Handlers\FileHandler' driver.
DEBUG - 2025-09-09 04:39:22 --> Session: Class initialized using 'CodeIgniter\Session\Handlers\FileHandler' driver.
DEBUG - 2025-09-09 04:39:22 --> Session: Class initialized using 'CodeIgniter\Session\Handlers\FileHandler' driver.
DEBUG - 2025-09-09 04:39:23 --> Session: Class initialized using 'CodeIgniter\Session\Handlers\FileHandler' driver.
DEBUG - 2025-09-09 04:39:23 --> Session: Class initialized using 'CodeIgniter\Session\Handlers\FileHandler' driver.
DEBUG - 2025-09-09 04:39:26 --> Session: Class initialized using 'CodeIgniter\Session\Handlers\FileHandler' driver.
DEBUG - 2025-09-09 04:39:26 --> Session: Class initialized using 'CodeIgniter\Session\Handlers\FileHandler' driver.
DEBUG - 2025-09-09 04:40:01 --> Session: Class initialized using 'CodeIgniter\Session\Handlers\FileHandler' driver.
DEBUG - 2025-09-09 04:40:01 --> Session: Class initialized using 'CodeIgniter\Session\Handlers\FileHandler' driver.
DEBUG - 2025-09-09 04:41:47 --> Session: Class initialized using 'CodeIgniter\Session\Handlers\FileHandler' driver.
DEBUG - 2025-09-09 04:41:47 --> Session: Class initialized using 'CodeIgniter\Session\Handlers\FileHandler' driver.
CRITICAL - 2025-09-09 04:41:49 --> ErrorException: unlink(C:\xampp\htdocs\hms_ram\writable\debugbar/debugbar_1757392668.854312.json): No such file or directory
[Method: GET, Route: /]
in SYSTEMPATH\Debug\Toolbar\Collectors\History.php on line 82.
 1 [internal function]: CodeIgniter\Debug\Exceptions->errorHandler(2, 'unlink(C:\\xampp\\htdocs\\hms_ram\\writable\\debugbar/debugbar_1757392668.854312.json): No such file or directory', 'C:\\xampp\\htdocs\\hms_ram\\system\\Debug\\Toolbar\\Collectors\\History.php', 82)
 2 SYSTEMPATH\Debug\Toolbar\Collectors\History.php(82): unlink('C:\\xampp\\htdocs\\hms_ram\\writable\\debugbar/debugbar_1757392668.854312.json')
 3 SYSTEMPATH\Debug\Toolbar.php(517): CodeIgniter\Debug\Toolbar\Collectors\History->setFiles('1757392908.047038', 20)
 4 SYSTEMPATH\Debug\Toolbar.php(496): CodeIgniter\Debug\Toolbar->format([...], 'html')
 5 APPPATH\Config\Events.php(47): CodeIgniter\Debug\Toolbar->respond()
 6 SYSTEMPATH\Events\Events.php(155): CodeIgniter\Events\Events::Config\{closure}()
 7 SYSTEMPATH\CodeIgniter.php(339): CodeIgniter\Events\Events::trigger('pre_system')
 8 SYSTEMPATH\Boot.php(334): CodeIgniter\CodeIgniter->run()
 9 SYSTEMPATH\Boot.php(67): CodeIgniter\Boot::runCodeIgniter(Object(CodeIgniter\CodeIgniter))
10 FCPATH\index.php(46): CodeIgniter\Boot::bootWeb(Object(Config\Paths))
DEBUG - 2025-09-09 04:43:03 --> Session: Class initialized using 'CodeIgniter\Session\Handlers\FileHandler' driver.
DEBUG - 2025-09-09 04:43:11 --> Session: Class initialized using 'CodeIgniter\Session\Handlers\FileHandler' driver.
DEBUG - 2025-09-09 04:43:19 --> Session: Class initialized using 'CodeIgniter\Session\Handlers\FileHandler' driver.
DEBUG - 2025-09-09 04:44:04 --> Session: Class initialized using 'CodeIgniter\Session\Handlers\FileHandler' driver.
DEBUG - 2025-09-09 04:48:02 --> Session: Class initialized using 'CodeIgniter\Session\Handlers\FileHandler' driver.
DEBUG - 2025-09-09 04:49:33 --> Session: Class initialized using 'CodeIgniter\Session\Handlers\FileHandler' driver.
DEBUG - 2025-09-09 04:49:36 --> Session: Class initialized using 'CodeIgniter\Session\Handlers\FileHandler' driver.
DEBUG - 2025-09-09 04:49:38 --> Session: Class initialized using 'CodeIgniter\Session\Handlers\FileHandler' driver.
DEBUG - 2025-09-09 04:50:56 --> Session: Class initialized using 'CodeIgniter\Session\Handlers\FileHandler' driver.
DEBUG - 2025-09-09 04:50:58 --> Session: Class initialized using 'CodeIgniter\Session\Handlers\FileHandler' driver.
DEBUG - 2025-09-09 04:50:58 --> Fetching medicines for invoice: PHM-OP-20250903-00014
DEBUG - 2025-09-09 04:50:58 --> Outside sale found with ID: 32
DEBUG - 2025-09-09 04:50:58 --> Found 2 sale items for outside sale
DEBUG - 2025-09-09 04:50:59 --> Session: Class initialized using 'CodeIgniter\Session\Handlers\FileHandler' driver.
DEBUG - 2025-09-09 04:50:59 --> Fetching medicines for invoice: PHM-OP-20250903-00014
DEBUG - 2025-09-09 04:50:59 --> Outside sale found with ID: 32
DEBUG - 2025-09-09 04:50:59 --> Found 2 sale items for outside sale
DEBUG - 2025-09-09 04:51:12 --> Session: Class initialized using 'CodeIgniter\Session\Handlers\FileHandler' driver.
DEBUG - 2025-09-09 04:51:12 --> POST DATA: {"invoice_number":"PHM-OP-20250903-00014","sale_item_id":"49","sale_id":"32","billing_id":"","quantity_returned":"1","medicine_condition":"Good","return_reason":"fdv vde","notes":"vevfre"}
DEBUG - 2025-09-09 04:51:12 --> Session: Class initialized using 'CodeIgniter\Session\Handlers\FileHandler' driver.
DEBUG - 2025-09-09 04:53:29 --> Session: Class initialized using 'CodeIgniter\Session\Handlers\FileHandler' driver.
DEBUG - 2025-09-09 04:53:29 --> Session: Class initialized using 'CodeIgniter\Session\Handlers\FileHandler' driver.
DEBUG - 2025-09-09 04:53:29 --> Session: Class initialized using 'CodeIgniter\Session\Handlers\FileHandler' driver.
DEBUG - 2025-09-09 04:53:29 --> Session: Class initialized using 'CodeIgniter\Session\Handlers\FileHandler' driver.
DEBUG - 2025-09-09 04:53:32 --> Session: Class initialized using 'CodeIgniter\Session\Handlers\FileHandler' driver.
DEBUG - 2025-09-09 04:53:33 --> Session: Class initialized using 'CodeIgniter\Session\Handlers\FileHandler' driver.
DEBUG - 2025-09-09 04:53:33 --> Session: Class initialized using 'CodeIgniter\Session\Handlers\FileHandler' driver.
DEBUG - 2025-09-09 04:53:33 --> Session: Class initialized using 'CodeIgniter\Session\Handlers\FileHandler' driver.
DEBUG - 2025-09-09 04:54:57 --> Session: Class initialized using 'CodeIgniter\Session\Handlers\FileHandler' driver.
DEBUG - 2025-09-09 04:54:58 --> Session: Class initialized using 'CodeIgniter\Session\Handlers\FileHandler' driver.
DEBUG - 2025-09-09 04:54:58 --> Session: Class initialized using 'CodeIgniter\Session\Handlers\FileHandler' driver.
DEBUG - 2025-09-09 04:54:58 --> Session: Class initialized using 'CodeIgniter\Session\Handlers\FileHandler' driver.
CRITICAL - 2025-09-09 04:54:59 --> ErrorException: unlink(C:\xampp\htdocs\hms_ram\writable\debugbar/debugbar_1757393609.034224.json): No such file or directory
[Method: GET, Route: /]
in SYSTEMPATH\Debug\Toolbar\Collectors\History.php on line 82.
 1 [internal function]: CodeIgniter\Debug\Exceptions->errorHandler(2, 'unlink(C:\\xampp\\htdocs\\hms_ram\\writable\\debugbar/debugbar_1757393609.034224.json): No such file or directory', 'C:\\xampp\\htdocs\\hms_ram\\system\\Debug\\Toolbar\\Collectors\\History.php', 82)
 2 SYSTEMPATH\Debug\Toolbar\Collectors\History.php(82): unlink('C:\\xampp\\htdocs\\hms_ram\\writable\\debugbar/debugbar_1757393609.034224.json')
 3 SYSTEMPATH\Debug\Toolbar.php(517): CodeIgniter\Debug\Toolbar\Collectors\History->setFiles('1757393698.382534', 20)
 4 SYSTEMPATH\Debug\Toolbar.php(496): CodeIgniter\Debug\Toolbar->format([...], 'html')
 5 APPPATH\Config\Events.php(47): CodeIgniter\Debug\Toolbar->respond()
 6 SYSTEMPATH\Events\Events.php(155): CodeIgniter\Events\Events::Config\{closure}()
 7 SYSTEMPATH\CodeIgniter.php(339): CodeIgniter\Events\Events::trigger('pre_system')
 8 SYSTEMPATH\Boot.php(334): CodeIgniter\CodeIgniter->run()
 9 SYSTEMPATH\Boot.php(67): CodeIgniter\Boot::runCodeIgniter(Object(CodeIgniter\CodeIgniter))
10 FCPATH\index.php(46): CodeIgniter\Boot::bootWeb(Object(Config\Paths))
CRITICAL - 2025-09-09 04:54:59 --> ErrorException: unlink(C:\xampp\htdocs\hms_ram\writable\debugbar/debugbar_1757393609.319635.json): No such file or directory
[Method: GET, Route: /]
in SYSTEMPATH\Debug\Toolbar\Collectors\History.php on line 82.
 1 [internal function]: CodeIgniter\Debug\Exceptions->errorHandler(2, 'unlink(C:\\xampp\\htdocs\\hms_ram\\writable\\debugbar/debugbar_1757393609.319635.json): No such file or directory', 'C:\\xampp\\htdocs\\hms_ram\\system\\Debug\\Toolbar\\Collectors\\History.php', 82)
 2 SYSTEMPATH\Debug\Toolbar\Collectors\History.php(82): unlink('C:\\xampp\\htdocs\\hms_ram\\writable\\debugbar/debugbar_1757393609.319635.json')
 3 SYSTEMPATH\Debug\Toolbar.php(517): CodeIgniter\Debug\Toolbar\Collectors\History->setFiles('1757393697.572989', 20)
 4 SYSTEMPATH\Debug\Toolbar.php(496): CodeIgniter\Debug\Toolbar->format([...], 'html')
 5 APPPATH\Config\Events.php(47): CodeIgniter\Debug\Toolbar->respond()
 6 SYSTEMPATH\Events\Events.php(155): CodeIgniter\Events\Events::Config\{closure}()
 7 SYSTEMPATH\CodeIgniter.php(339): CodeIgniter\Events\Events::trigger('pre_system')
 8 SYSTEMPATH\Boot.php(334): CodeIgniter\CodeIgniter->run()
 9 SYSTEMPATH\Boot.php(67): CodeIgniter\Boot::runCodeIgniter(Object(CodeIgniter\CodeIgniter))
10 FCPATH\index.php(46): CodeIgniter\Boot::bootWeb(Object(Config\Paths))
DEBUG - 2025-09-09 04:55:22 --> Session: Class initialized using 'CodeIgniter\Session\Handlers\FileHandler' driver.
DEBUG - 2025-09-09 04:55:22 --> Session: Class initialized using 'CodeIgniter\Session\Handlers\FileHandler' driver.
DEBUG - 2025-09-09 04:55:24 --> Session: Class initialized using 'CodeIgniter\Session\Handlers\FileHandler' driver.
DEBUG - 2025-09-09 04:55:24 --> Session: Class initialized using 'CodeIgniter\Session\Handlers\FileHandler' driver.
DEBUG - 2025-09-09 04:55:40 --> Session: Class initialized using 'CodeIgniter\Session\Handlers\FileHandler' driver.
DEBUG - 2025-09-09 04:55:40 --> Session: Class initialized using 'CodeIgniter\Session\Handlers\FileHandler' driver.
DEBUG - 2025-09-09 04:55:51 --> Session: Class initialized using 'CodeIgniter\Session\Handlers\FileHandler' driver.
DEBUG - 2025-09-09 04:56:33 --> Session: Class initialized using 'CodeIgniter\Session\Handlers\FileHandler' driver.
DEBUG - 2025-09-09 04:56:57 --> Session: Class initialized using 'CodeIgniter\Session\Handlers\FileHandler' driver.
DEBUG - 2025-09-09 04:56:57 --> Session: Class initialized using 'CodeIgniter\Session\Handlers\FileHandler' driver.
DEBUG - 2025-09-09 04:57:06 --> Session: Class initialized using 'CodeIgniter\Session\Handlers\FileHandler' driver.
DEBUG - 2025-09-09 04:57:06 --> Redirecting to: http://localhost/hms_ram/index.php/pharmacy/returns
DEBUG - 2025-09-09 04:57:06 --> Return approval info - billing_id: NULL, sale_id: 32
DEBUG - 2025-09-09 04:57:06 --> Invoice numbers - billing invoice: NULL, sale invoice: NULL
DEBUG - 2025-09-09 04:57:06 --> Redirect URL chosen: http://localhost/hms_ram/index.php/pharmacy/returns
DEBUG - 2025-09-09 04:57:06 --> Session: Class initialized using 'CodeIgniter\Session\Handlers\FileHandler' driver.
DEBUG - 2025-09-09 05:35:19 --> Session: Class initialized using 'CodeIgniter\Session\Handlers\FileHandler' driver.
DEBUG - 2025-09-09 05:35:19 --> Session: Class initialized using 'CodeIgniter\Session\Handlers\FileHandler' driver.
DEBUG - 2025-09-09 05:35:20 --> Session: Class initialized using 'CodeIgniter\Session\Handlers\FileHandler' driver.
CRITICAL - 2025-09-09 05:35:22 --> ErrorException: unlink(C:\xampp\htdocs\hms_ram\writable\debugbar/debugbar_1757393722.520788.json): Permission denied
[Method: GET, Route: /]
in SYSTEMPATH\Debug\Toolbar\Collectors\History.php on line 82.
 1 [internal function]: CodeIgniter\Debug\Exceptions->errorHandler(2, 'unlink(C:\\xampp\\htdocs\\hms_ram\\writable\\debugbar/debugbar_1757393722.520788.json): Permission denied', 'C:\\xampp\\htdocs\\hms_ram\\system\\Debug\\Toolbar\\Collectors\\History.php', 82)
 2 SYSTEMPATH\Debug\Toolbar\Collectors\History.php(82): unlink('C:\\xampp\\htdocs\\hms_ram\\writable\\debugbar/debugbar_1757393722.520788.json')
 3 SYSTEMPATH\Debug\Toolbar.php(517): CodeIgniter\Debug\Toolbar\Collectors\History->setFiles('1757396120.456575', 20)
 4 SYSTEMPATH\Debug\Toolbar.php(496): CodeIgniter\Debug\Toolbar->format([...], 'html')
 5 APPPATH\Config\Events.php(47): CodeIgniter\Debug\Toolbar->respond()
 6 SYSTEMPATH\Events\Events.php(155): CodeIgniter\Events\Events::Config\{closure}()
 7 SYSTEMPATH\CodeIgniter.php(339): CodeIgniter\Events\Events::trigger('pre_system')
 8 SYSTEMPATH\Boot.php(334): CodeIgniter\CodeIgniter->run()
 9 SYSTEMPATH\Boot.php(67): CodeIgniter\Boot::runCodeIgniter(Object(CodeIgniter\CodeIgniter))
10 FCPATH\index.php(46): CodeIgniter\Boot::bootWeb(Object(Config\Paths))
DEBUG - 2025-09-09 05:38:41 --> Session: Class initialized using 'CodeIgniter\Session\Handlers\FileHandler' driver.
DEBUG - 2025-09-09 05:38:42 --> Session: Class initialized using 'CodeIgniter\Session\Handlers\FileHandler' driver.
CRITICAL - 2025-09-09 05:38:43 --> ErrorException: unlink(C:\xampp\htdocs\hms_ram\writable\debugbar/debugbar_1757393724.394176.json): No such file or directory
[Method: GET, Route: /]
in SYSTEMPATH\Debug\Toolbar\Collectors\History.php on line 82.
 1 [internal function]: CodeIgniter\Debug\Exceptions->errorHandler(2, 'unlink(C:\\xampp\\htdocs\\hms_ram\\writable\\debugbar/debugbar_1757393724.394176.json): No such file or directory', 'C:\\xampp\\htdocs\\hms_ram\\system\\Debug\\Toolbar\\Collectors\\History.php', 82)
 2 SYSTEMPATH\Debug\Toolbar\Collectors\History.php(82): unlink('C:\\xampp\\htdocs\\hms_ram\\writable\\debugbar/debugbar_1757393724.394176.json')
 3 SYSTEMPATH\Debug\Toolbar.php(517): CodeIgniter\Debug\Toolbar\Collectors\History->setFiles('1757396322.039529', 20)
 4 SYSTEMPATH\Debug\Toolbar.php(496): CodeIgniter\Debug\Toolbar->format([...], 'html')
 5 APPPATH\Config\Events.php(47): CodeIgniter\Debug\Toolbar->respond()
 6 SYSTEMPATH\Events\Events.php(155): CodeIgniter\Events\Events::Config\{closure}()
 7 SYSTEMPATH\CodeIgniter.php(339): CodeIgniter\Events\Events::trigger('pre_system')
 8 SYSTEMPATH\Boot.php(334): CodeIgniter\CodeIgniter->run()
 9 SYSTEMPATH\Boot.php(67): CodeIgniter\Boot::runCodeIgniter(Object(CodeIgniter\CodeIgniter))
10 FCPATH\index.php(46): CodeIgniter\Boot::bootWeb(Object(Config\Paths))
DEBUG - 2025-09-09 05:38:45 --> Session: Class initialized using 'CodeIgniter\Session\Handlers\FileHandler' driver.
DEBUG - 2025-09-09 05:38:48 --> Session: Class initialized using 'CodeIgniter\Session\Handlers\FileHandler' driver.
DEBUG - 2025-09-09 05:38:54 --> Session: Class initialized using 'CodeIgniter\Session\Handlers\FileHandler' driver.
DEBUG - 2025-09-09 05:38:56 --> Session: Class initialized using 'CodeIgniter\Session\Handlers\FileHandler' driver.
DEBUG - 2025-09-09 05:39:12 --> Session: Class initialized using 'CodeIgniter\Session\Handlers\FileHandler' driver.
DEBUG - 2025-09-09 05:39:15 --> Session: Class initialized using 'CodeIgniter\Session\Handlers\FileHandler' driver.
DEBUG - 2025-09-09 05:42:25 --> Session: Class initialized using 'CodeIgniter\Session\Handlers\FileHandler' driver.
DEBUG - 2025-09-09 05:42:31 --> Session: Class initialized using 'CodeIgniter\Session\Handlers\FileHandler' driver.
DEBUG - 2025-09-09 05:48:14 --> Session: Class initialized using 'CodeIgniter\Session\Handlers\FileHandler' driver.
DEBUG - 2025-09-09 05:48:18 --> Session: Class initialized using 'CodeIgniter\Session\Handlers\FileHandler' driver.
DEBUG - 2025-09-09 05:48:18 --> Fetching medicines for invoice: PHM-IP-20250908-00013
DEBUG - 2025-09-09 05:48:18 --> In-hospital billing found with ID: 14
DEBUG - 2025-09-09 05:48:18 --> Found 1 sale items for in-hospital billing
DEBUG - 2025-09-09 05:48:18 --> Session: Class initialized using 'CodeIgniter\Session\Handlers\FileHandler' driver.
DEBUG - 2025-09-09 05:48:18 --> Fetching medicines for invoice: PHM-IP-20250908-00013
DEBUG - 2025-09-09 05:48:18 --> In-hospital billing found with ID: 14
DEBUG - 2025-09-09 05:48:18 --> Found 1 sale items for in-hospital billing
DEBUG - 2025-09-09 05:48:33 --> Session: Class initialized using 'CodeIgniter\Session\Handlers\FileHandler' driver.
DEBUG - 2025-09-09 05:48:33 --> POST DATA: {"invoice_number":"PHM-IP-20250908-00013","sale_item_id":"53","sale_id":"","billing_id":"14","quantity_returned":"1","medicine_condition":"Good","return_reason":"sgvgr dfb","notes":""}
DEBUG - 2025-09-09 05:48:33 --> Session: Class initialized using 'CodeIgniter\Session\Handlers\FileHandler' driver.
DEBUG - 2025-09-09 05:48:40 --> Session: Class initialized using 'CodeIgniter\Session\Handlers\FileHandler' driver.
DEBUG - 2025-09-09 05:48:44 --> Session: Class initialized using 'CodeIgniter\Session\Handlers\FileHandler' driver.
DEBUG - 2025-09-09 05:48:44 --> Fetching medicines for invoice: PHM-IP-20250908-00013
DEBUG - 2025-09-09 05:48:44 --> In-hospital billing found with ID: 14
DEBUG - 2025-09-09 05:48:44 --> Found 1 sale items for in-hospital billing
DEBUG - 2025-09-09 05:48:44 --> Session: Class initialized using 'CodeIgniter\Session\Handlers\FileHandler' driver.
DEBUG - 2025-09-09 05:48:44 --> Fetching medicines for invoice: PHM-IP-20250908-00013
DEBUG - 2025-09-09 05:48:44 --> In-hospital billing found with ID: 14
DEBUG - 2025-09-09 05:48:44 --> Found 1 sale items for in-hospital billing
DEBUG - 2025-09-09 05:48:57 --> Session: Class initialized using 'CodeIgniter\Session\Handlers\FileHandler' driver.
DEBUG - 2025-09-09 05:48:57 --> POST DATA: {"invoice_number":"PHM-IP-20250908-00013","sale_item_id":"53","sale_id":"","billing_id":"14","quantity_returned":"1","medicine_condition":"Good","return_reason":"wzb dfs","notes":"checking"}
DEBUG - 2025-09-09 05:48:57 --> Session: Class initialized using 'CodeIgniter\Session\Handlers\FileHandler' driver.
DEBUG - 2025-09-09 05:49:01 --> Session: Class initialized using 'CodeIgniter\Session\Handlers\FileHandler' driver.
DEBUG - 2025-09-09 05:49:09 --> Session: Class initialized using 'CodeIgniter\Session\Handlers\FileHandler' driver.
DEBUG - 2025-09-09 05:49:09 --> Redirecting to: http://localhost/hms_ram/index.php/pharmacy/sales/invoice/PHM-IP-20250908-00013
DEBUG - 2025-09-09 05:49:09 --> Return approval info - billing_id: 14, sale_id: NULL
DEBUG - 2025-09-09 05:49:09 --> Invoice numbers - billing invoice: PHM-IP-20250908-00013, sale invoice: PHM-IP-20250908-00013
DEBUG - 2025-09-09 05:49:09 --> Redirect URL chosen: http://localhost/hms_ram/index.php/pharmacy/sales/invoice/PHM-IP-20250908-00013
DEBUG - 2025-09-09 05:49:09 --> Session: Class initialized using 'CodeIgniter\Session\Handlers\FileHandler' driver.
DEBUG - 2025-09-09 05:49:29 --> Session: Class initialized using 'CodeIgniter\Session\Handlers\FileHandler' driver.
DEBUG - 2025-09-09 05:49:34 --> Session: Class initialized using 'CodeIgniter\Session\Handlers\FileHandler' driver.
DEBUG - 2025-09-09 05:50:30 --> Session: Class initialized using 'CodeIgniter\Session\Handlers\FileHandler' driver.
DEBUG - 2025-09-09 05:50:30 --> Session: Class initialized using 'CodeIgniter\Session\Handlers\FileHandler' driver.
CRITICAL - 2025-09-09 05:50:31 --> ErrorException: unlink(C:\xampp\htdocs\hms_ram\writable\debugbar/debugbar_1757396545.089682.json): No such file or directory
[Method: GET, Route: /]
in SYSTEMPATH\Debug\Toolbar\Collectors\History.php on line 82.
 1 [internal function]: CodeIgniter\Debug\Exceptions->errorHandler(2, 'unlink(C:\\xampp\\htdocs\\hms_ram\\writable\\debugbar/debugbar_1757396545.089682.json): No such file or directory', 'C:\\xampp\\htdocs\\hms_ram\\system\\Debug\\Toolbar\\Collectors\\History.php', 82)
 2 SYSTEMPATH\Debug\Toolbar\Collectors\History.php(82): unlink('C:\\xampp\\htdocs\\hms_ram\\writable\\debugbar/debugbar_1757396545.089682.json')
 3 SYSTEMPATH\Debug\Toolbar.php(517): CodeIgniter\Debug\Toolbar\Collectors\History->setFiles('1757397030.252628', 20)
 4 SYSTEMPATH\Debug\Toolbar.php(496): CodeIgniter\Debug\Toolbar->format([...], 'html')
 5 APPPATH\Config\Events.php(47): CodeIgniter\Debug\Toolbar->respond()
 6 SYSTEMPATH\Events\Events.php(155): CodeIgniter\Events\Events::Config\{closure}()
 7 SYSTEMPATH\CodeIgniter.php(339): CodeIgniter\Events\Events::trigger('pre_system')
 8 SYSTEMPATH\Boot.php(334): CodeIgniter\CodeIgniter->run()
 9 SYSTEMPATH\Boot.php(67): CodeIgniter\Boot::runCodeIgniter(Object(CodeIgniter\CodeIgniter))
10 FCPATH\index.php(46): CodeIgniter\Boot::bootWeb(Object(Config\Paths))
DEBUG - 2025-09-09 05:50:36 --> Session: Class initialized using 'CodeIgniter\Session\Handlers\FileHandler' driver.
DEBUG - 2025-09-09 05:50:39 --> Session: Class initialized using 'CodeIgniter\Session\Handlers\FileHandler' driver.
DEBUG - 2025-09-09 05:52:08 --> Session: Class initialized using 'CodeIgniter\Session\Handlers\FileHandler' driver.
DEBUG - 2025-09-09 05:52:18 --> Session: Class initialized using 'CodeIgniter\Session\Handlers\FileHandler' driver.
DEBUG - 2025-09-09 05:52:18 --> Redirecting to: http://localhost/hms_ram/index.php/pharmacy/sales/invoice/PHM-IP-20250908-00013
DEBUG - 2025-09-09 05:52:18 --> Return approval info - billing_id: 14, sale_id: NULL
DEBUG - 2025-09-09 05:52:18 --> Invoice numbers - billing invoice: PHM-IP-20250908-00013, sale invoice: PHM-IP-20250908-00013
DEBUG - 2025-09-09 05:52:18 --> Redirect URL chosen: http://localhost/hms_ram/index.php/pharmacy/sales/invoice/PHM-IP-20250908-00013
DEBUG - 2025-09-09 05:52:18 --> Session: Class initialized using 'CodeIgniter\Session\Handlers\FileHandler' driver.
DEBUG - 2025-09-09 05:52:20 --> Session: Class initialized using 'CodeIgniter\Session\Handlers\FileHandler' driver.
DEBUG - 2025-09-09 05:52:20 --> Session: Class initialized using 'CodeIgniter\Session\Handlers\FileHandler' driver.
DEBUG - 2025-09-09 05:52:21 --> Session: Class initialized using 'CodeIgniter\Session\Handlers\FileHandler' driver.
DEBUG - 2025-09-09 05:53:55 --> Session: Class initialized using 'CodeIgniter\Session\Handlers\FileHandler' driver.
DEBUG - 2025-09-09 05:54:01 --> Session: Class initialized using 'CodeIgniter\Session\Handlers\FileHandler' driver.
DEBUG - 2025-09-09 05:59:23 --> Session: Class initialized using 'CodeIgniter\Session\Handlers\FileHandler' driver.
DEBUG - 2025-09-09 05:59:23 --> Session: Class initialized using 'CodeIgniter\Session\Handlers\FileHandler' driver.
DEBUG - 2025-09-09 05:59:23 --> Session: Class initialized using 'CodeIgniter\Session\Handlers\FileHandler' driver.
DEBUG - 2025-09-09 05:59:26 --> Session: Class initialized using 'CodeIgniter\Session\Handlers\FileHandler' driver.
DEBUG - 2025-09-09 05:59:26 --> Session: Class initialized using 'CodeIgniter\Session\Handlers\FileHandler' driver.
DEBUG - 2025-09-09 05:59:27 --> Session: Class initialized using 'CodeIgniter\Session\Handlers\FileHandler' driver.
DEBUG - 2025-09-09 05:59:34 --> Session: Class initialized using 'CodeIgniter\Session\Handlers\FileHandler' driver.
DEBUG - 2025-09-09 06:01:33 --> Session: Class initialized using 'CodeIgniter\Session\Handlers\FileHandler' driver.
DEBUG - 2025-09-09 06:01:37 --> Session: Class initialized using 'CodeIgniter\Session\Handlers\FileHandler' driver.
DEBUG - 2025-09-09 06:01:38 --> Session: Class initialized using 'CodeIgniter\Session\Handlers\FileHandler' driver.
DEBUG - 2025-09-09 06:01:46 --> Session: Class initialized using 'CodeIgniter\Session\Handlers\FileHandler' driver.
DEBUG - 2025-09-09 06:05:52 --> Session: Class initialized using 'CodeIgniter\Session\Handlers\FileHandler' driver.
DEBUG - 2025-09-09 06:05:52 --> Session: Class initialized using 'CodeIgniter\Session\Handlers\FileHandler' driver.
DEBUG - 2025-09-09 06:05:53 --> Session: Class initialized using 'CodeIgniter\Session\Handlers\FileHandler' driver.
CRITICAL - 2025-09-09 06:05:53 --> ErrorException: Undefined variable $returns
[Method: GET, Route: pharmacy/sales/printInvoice/PHM-IP-20250908-00013]
in APPPATH\Controllers\Pharmacy\Sales.php on line 696.
 1 APPPATH\Controllers\Pharmacy\Sales.php(696): CodeIgniter\Debug\Exceptions->errorHandler(2, 'Undefined variable $returns', 'C:\\xampp\\htdocs\\hms_ram\\app\\Controllers\\Pharmacy\\Sales.php', 696)
 2 SYSTEMPATH\CodeIgniter.php(933): App\Controllers\Pharmacy\Sales->printInvoice('PHM-IP-20250908-00013')
 3 SYSTEMPATH\CodeIgniter.php(507): CodeIgniter\CodeIgniter->runController(Object(App\Controllers\Pharmacy\Sales))
 4 SYSTEMPATH\CodeIgniter.php(354): CodeIgniter\CodeIgniter->handleRequest(null, Object(Config\Cache), false)
 5 SYSTEMPATH\Boot.php(334): CodeIgniter\CodeIgniter->run()
 6 SYSTEMPATH\Boot.php(67): CodeIgniter\Boot::runCodeIgniter(Object(CodeIgniter\CodeIgniter))
 7 FCPATH\index.php(46): CodeIgniter\Boot::bootWeb(Object(Config\Paths))
CRITICAL - 2025-09-09 06:05:54 --> ErrorException: unlink(C:\xampp\htdocs\hms_ram\writable\debugbar/debugbar_1757397563.276235.json): No such file or directory
[Method: GET, Route: /]
in SYSTEMPATH\Debug\Toolbar\Collectors\History.php on line 82.
 1 [internal function]: CodeIgniter\Debug\Exceptions->errorHandler(2, 'unlink(C:\\xampp\\htdocs\\hms_ram\\writable\\debugbar/debugbar_1757397563.276235.json): No such file or directory', 'C:\\xampp\\htdocs\\hms_ram\\system\\Debug\\Toolbar\\Collectors\\History.php', 82)
 2 SYSTEMPATH\Debug\Toolbar\Collectors\History.php(82): unlink('C:\\xampp\\htdocs\\hms_ram\\writable\\debugbar/debugbar_1757397563.276235.json')
 3 SYSTEMPATH\Debug\Toolbar.php(517): CodeIgniter\Debug\Toolbar\Collectors\History->setFiles('1757397953.026659', 20)
 4 SYSTEMPATH\Debug\Toolbar.php(496): CodeIgniter\Debug\Toolbar->format([...], 'html')
 5 APPPATH\Config\Events.php(47): CodeIgniter\Debug\Toolbar->respond()
 6 SYSTEMPATH\Events\Events.php(155): CodeIgniter\Events\Events::Config\{closure}()
 7 SYSTEMPATH\CodeIgniter.php(339): CodeIgniter\Events\Events::trigger('pre_system')
 8 SYSTEMPATH\Boot.php(334): CodeIgniter\CodeIgniter->run()
 9 SYSTEMPATH\Boot.php(67): CodeIgniter\Boot::runCodeIgniter(Object(CodeIgniter\CodeIgniter))
10 FCPATH\index.php(46): CodeIgniter\Boot::bootWeb(Object(Config\Paths))
DEBUG - 2025-09-09 06:06:11 --> Session: Class initialized using 'CodeIgniter\Session\Handlers\FileHandler' driver.
DEBUG - 2025-09-09 06:06:13 --> Session: Class initialized using 'CodeIgniter\Session\Handlers\FileHandler' driver.
DEBUG - 2025-09-09 06:06:53 --> Session: Class initialized using 'CodeIgniter\Session\Handlers\FileHandler' driver.
DEBUG - 2025-09-09 06:07:18 --> Session: Class initialized using 'CodeIgniter\Session\Handlers\FileHandler' driver.
DEBUG - 2025-09-09 06:08:15 --> Session: Class initialized using 'CodeIgniter\Session\Handlers\FileHandler' driver.
DEBUG - 2025-09-09 06:08:18 --> Session: Class initialized using 'CodeIgniter\Session\Handlers\FileHandler' driver.
DEBUG - 2025-09-09 06:08:22 --> Session: Class initialized using 'CodeIgniter\Session\Handlers\FileHandler' driver.
DEBUG - 2025-09-09 06:08:55 --> Session: Class initialized using 'CodeIgniter\Session\Handlers\FileHandler' driver.
DEBUG - 2025-09-09 06:09:03 --> Session: Class initialized using 'CodeIgniter\Session\Handlers\FileHandler' driver.
DEBUG - 2025-09-09 06:09:24 --> Session: Class initialized using 'CodeIgniter\Session\Handlers\FileHandler' driver.
DEBUG - 2025-09-09 06:09:28 --> Session: Class initialized using 'CodeIgniter\Session\Handlers\FileHandler' driver.
DEBUG - 2025-09-09 06:09:34 --> Session: Class initialized using 'CodeIgniter\Session\Handlers\FileHandler' driver.
DEBUG - 2025-09-09 06:09:35 --> Session: Class initialized using 'CodeIgniter\Session\Handlers\FileHandler' driver.
DEBUG - 2025-09-09 06:09:36 --> Session: Class initialized using 'CodeIgniter\Session\Handlers\FileHandler' driver.
DEBUG - 2025-09-09 06:09:40 --> Session: Class initialized using 'CodeIgniter\Session\Handlers\FileHandler' driver.
DEBUG - 2025-09-09 06:10:30 --> Session: Class initialized using 'CodeIgniter\Session\Handlers\FileHandler' driver.
CRITICAL - 2025-09-09 06:10:30 --> ErrorException: Undefined array key "name"
[Method: GET, Route: pharmacy/purchases/create]
in APPPATH\Views\pharmacy\purchases\create.php on line 85.
 1 APPPATH\Views\pharmacy\purchases\create.php(85): CodeIgniter\Debug\Exceptions->errorHandler(2, 'Undefined array key "name"', 'C:\\xampp\\htdocs\\hms_ram\\app\\Views\\pharmacy\\purchases\\create.php', 85)
 2 SYSTEMPATH\View\View.php(224): include('C:\\xampp\\htdocs\\hms_ram\\app\\Views\\pharmacy\\purchases\\create.php')
 3 SYSTEMPATH\View\View.php(227): CodeIgniter\View\View->CodeIgniter\View\{closure}()
 4 SYSTEMPATH\Common.php(1173): CodeIgniter\View\View->render('pharmacy/purchases/create', [], true)
 5 APPPATH\Controllers\Pharmacy\Purchases.php(69): view('pharmacy/purchases/create', [...])
 6 SYSTEMPATH\CodeIgniter.php(933): App\Controllers\Pharmacy\Purchases->create()
 7 SYSTEMPATH\CodeIgniter.php(507): CodeIgniter\CodeIgniter->runController(Object(App\Controllers\Pharmacy\Purchases))
 8 SYSTEMPATH\CodeIgniter.php(354): CodeIgniter\CodeIgniter->handleRequest(null, Object(Config\Cache), false)
 9 SYSTEMPATH\Boot.php(334): CodeIgniter\CodeIgniter->run()
10 SYSTEMPATH\Boot.php(67): CodeIgniter\Boot::runCodeIgniter(Object(CodeIgniter\CodeIgniter))
11 FCPATH\index.php(46): CodeIgniter\Boot::bootWeb(Object(Config\Paths))
DEBUG - 2025-09-09 06:10:32 --> Session: Class initialized using 'CodeIgniter\Session\Handlers\FileHandler' driver.
DEBUG - 2025-09-09 07:53:16 --> Session: Class initialized using 'CodeIgniter\Session\Handlers\FileHandler' driver.
DEBUG - 2025-09-09 07:53:26 --> Session: Class initialized using 'CodeIgniter\Session\Handlers\FileHandler' driver.
DEBUG - 2025-09-09 07:56:11 --> Session: Class initialized using 'CodeIgniter\Session\Handlers\FileHandler' driver.
CRITICAL - 2025-09-09 08:01:37 --> ErrorException: Cannot redeclare App\Controllers\Pharmacy\Purchases::index()
[Method: GET, Route: pharmacy/purchases]
in APPPATH\Controllers\Pharmacy\Purchases.php on line 55.
 1 [internal function]: CodeIgniter\Debug\Exceptions->shutdownHandler()
DEBUG - 2025-09-09 08:01:37 --> Session: Class initialized using 'CodeIgniter\Session\Handlers\FileHandler' driver.
DEBUG - 2025-09-09 08:01:50 --> Session: Class initialized using 'CodeIgniter\Session\Handlers\FileHandler' driver.
DEBUG - 2025-09-09 08:01:52 --> Session: Class initialized using 'CodeIgniter\Session\Handlers\FileHandler' driver.
DEBUG - 2025-09-09 08:01:55 --> Session: Class initialized using 'CodeIgniter\Session\Handlers\FileHandler' driver.
DEBUG - 2025-09-09 08:02:40 --> Session: Class initialized using 'CodeIgniter\Session\Handlers\FileHandler' driver.
DEBUG - 2025-09-09 08:02:40 --> Session: Class initialized using 'CodeIgniter\Session\Handlers\FileHandler' driver.
DEBUG - 2025-09-09 08:02:54 --> Session: Class initialized using 'CodeIgniter\Session\Handlers\FileHandler' driver.
DEBUG - 2025-09-09 08:02:54 --> Session: Class initialized using 'CodeIgniter\Session\Handlers\FileHandler' driver.
DEBUG - 2025-09-09 09:01:40 --> Session: Class initialized using 'CodeIgniter\Session\Handlers\FileHandler' driver.
DEBUG - 2025-09-09 09:14:02 --> Session: Class initialized using 'CodeIgniter\Session\Handlers\FileHandler' driver.
DEBUG - 2025-09-09 09:14:02 --> Session: Class initialized using 'CodeIgniter\Session\Handlers\FileHandler' driver.
CRITICAL - 2025-09-09 09:14:03 --> ErrorException: unlink(C:\xampp\htdocs\hms_ram\writable\debugbar/debugbar_1757404406.541716.json): No such file or directory
[Method: GET, Route: /]
in SYSTEMPATH\Debug\Toolbar\Collectors\History.php on line 82.
 1 [internal function]: CodeIgniter\Debug\Exceptions->errorHandler(2, 'unlink(C:\\xampp\\htdocs\\hms_ram\\writable\\debugbar/debugbar_1757404406.541716.json): No such file or directory', 'C:\\xampp\\htdocs\\hms_ram\\system\\Debug\\Toolbar\\Collectors\\History.php', 82)
 2 SYSTEMPATH\Debug\Toolbar\Collectors\History.php(82): unlink('C:\\xampp\\htdocs\\hms_ram\\writable\\debugbar/debugbar_1757404406.541716.json')
 3 SYSTEMPATH\Debug\Toolbar.php(517): CodeIgniter\Debug\Toolbar\Collectors\History->setFiles('1757409242.565334', 20)
 4 SYSTEMPATH\Debug\Toolbar.php(496): CodeIgniter\Debug\Toolbar->format([...], 'html')
 5 APPPATH\Config\Events.php(47): CodeIgniter\Debug\Toolbar->respond()
 6 SYSTEMPATH\Events\Events.php(155): CodeIgniter\Events\Events::Config\{closure}()
 7 SYSTEMPATH\CodeIgniter.php(339): CodeIgniter\Events\Events::trigger('pre_system')
 8 SYSTEMPATH\Boot.php(334): CodeIgniter\CodeIgniter->run()
 9 SYSTEMPATH\Boot.php(67): CodeIgniter\Boot::runCodeIgniter(Object(CodeIgniter\CodeIgniter))
10 FCPATH\index.php(46): CodeIgniter\Boot::bootWeb(Object(Config\Paths))
DEBUG - 2025-09-09 09:14:05 --> Session: Class initialized using 'CodeIgniter\Session\Handlers\FileHandler' driver.
DEBUG - 2025-09-09 09:17:02 --> Session: Class initialized using 'CodeIgniter\Session\Handlers\FileHandler' driver.
DEBUG - 2025-09-09 09:17:04 --> Session: Class initialized using 'CodeIgniter\Session\Handlers\FileHandler' driver.
DEBUG - 2025-09-09 09:29:11 --> Session: Class initialized using 'CodeIgniter\Session\Handlers\FileHandler' driver.
DEBUG - 2025-09-09 09:29:59 --> Session: Class initialized using 'CodeIgniter\Session\Handlers\FileHandler' driver.
CRITICAL - 2025-09-09 09:29:59 --> ErrorException: Undefined array key "name"
[Method: GET, Route: pharmacy/purchases/create]
in APPPATH\Views\pharmacy\purchases\create.php on line 85.
 1 APPPATH\Views\pharmacy\purchases\create.php(85): CodeIgniter\Debug\Exceptions->errorHandler(2, 'Undefined array key "name"', 'C:\\xampp\\htdocs\\hms_ram\\app\\Views\\pharmacy\\purchases\\create.php', 85)
 2 SYSTEMPATH\View\View.php(224): include('C:\\xampp\\htdocs\\hms_ram\\app\\Views\\pharmacy\\purchases\\create.php')
 3 SYSTEMPATH\View\View.php(227): CodeIgniter\View\View->CodeIgniter\View\{closure}()
 4 SYSTEMPATH\Common.php(1173): CodeIgniter\View\View->render('pharmacy/purchases/create', [], true)
 5 APPPATH\Controllers\Pharmacy\Purchases.php(94): view('pharmacy/purchases/create', [...])
 6 SYSTEMPATH\CodeIgniter.php(933): App\Controllers\Pharmacy\Purchases->create()
 7 SYSTEMPATH\CodeIgniter.php(507): CodeIgniter\CodeIgniter->runController(Object(App\Controllers\Pharmacy\Purchases))
 8 SYSTEMPATH\CodeIgniter.php(354): CodeIgniter\CodeIgniter->handleRequest(null, Object(Config\Cache), false)
 9 SYSTEMPATH\Boot.php(334): CodeIgniter\CodeIgniter->run()
10 SYSTEMPATH\Boot.php(67): CodeIgniter\Boot::runCodeIgniter(Object(CodeIgniter\CodeIgniter))
11 FCPATH\index.php(46): CodeIgniter\Boot::bootWeb(Object(Config\Paths))
DEBUG - 2025-09-09 09:30:01 --> Session: Class initialized using 'CodeIgniter\Session\Handlers\FileHandler' driver.
DEBUG - 2025-09-09 09:30:36 --> Session: Class initialized using 'CodeIgniter\Session\Handlers\FileHandler' driver.
DEBUG - 2025-09-09 09:30:37 --> Session: Class initialized using 'CodeIgniter\Session\Handlers\FileHandler' driver.
DEBUG - 2025-09-09 09:30:41 --> Session: Class initialized using 'CodeIgniter\Session\Handlers\FileHandler' driver.
DEBUG - 2025-09-09 09:30:41 --> Session: Class initialized using 'CodeIgniter\Session\Handlers\FileHandler' driver.
DEBUG - 2025-09-09 09:36:02 --> Session: Class initialized using 'CodeIgniter\Session\Handlers\FileHandler' driver.
CRITICAL - 2025-09-09 09:36:02 --> ErrorException: Undefined array key "name"
[Method: GET, Route: pharmacy/purchases/create]
in APPPATH\Views\pharmacy\purchases\create.php on line 85.
 1 APPPATH\Views\pharmacy\purchases\create.php(85): CodeIgniter\Debug\Exceptions->errorHandler(2, 'Undefined array key "name"', 'C:\\xampp\\htdocs\\hms_ram\\app\\Views\\pharmacy\\purchases\\create.php', 85)
 2 SYSTEMPATH\View\View.php(224): include('C:\\xampp\\htdocs\\hms_ram\\app\\Views\\pharmacy\\purchases\\create.php')
 3 SYSTEMPATH\View\View.php(227): CodeIgniter\View\View->CodeIgniter\View\{closure}()
 4 SYSTEMPATH\Common.php(1173): CodeIgniter\View\View->render('pharmacy/purchases/create', [], true)
 5 APPPATH\Controllers\Pharmacy\Purchases.php(94): view('pharmacy/purchases/create', [...])
 6 SYSTEMPATH\CodeIgniter.php(933): App\Controllers\Pharmacy\Purchases->create()
 7 SYSTEMPATH\CodeIgniter.php(507): CodeIgniter\CodeIgniter->runController(Object(App\Controllers\Pharmacy\Purchases))
 8 SYSTEMPATH\CodeIgniter.php(354): CodeIgniter\CodeIgniter->handleRequest(null, Object(Config\Cache), false)
 9 SYSTEMPATH\Boot.php(334): CodeIgniter\CodeIgniter->run()
10 SYSTEMPATH\Boot.php(67): CodeIgniter\Boot::runCodeIgniter(Object(CodeIgniter\CodeIgniter))
11 FCPATH\index.php(46): CodeIgniter\Boot::bootWeb(Object(Config\Paths))
DEBUG - 2025-09-09 09:36:02 --> Session: Class initialized using 'CodeIgniter\Session\Handlers\FileHandler' driver.
DEBUG - 2025-09-09 09:36:29 --> Session: Class initialized using 'CodeIgniter\Session\Handlers\FileHandler' driver.
DEBUG - 2025-09-09 09:36:30 --> Session: Class initialized using 'CodeIgniter\Session\Handlers\FileHandler' driver.
DEBUG - 2025-09-09 09:36:31 --> Session: Class initialized using 'CodeIgniter\Session\Handlers\FileHandler' driver.
DEBUG - 2025-09-09 09:36:35 --> Session: Class initialized using 'CodeIgniter\Session\Handlers\FileHandler' driver.
DEBUG - 2025-09-09 09:36:35 --> Session: Class initialized using 'CodeIgniter\Session\Handlers\FileHandler' driver.
DEBUG - 2025-09-09 09:36:38 --> Session: Class initialized using 'CodeIgniter\Session\Handlers\FileHandler' driver.
DEBUG - 2025-09-09 09:36:38 --> Session: Class initialized using 'CodeIgniter\Session\Handlers\FileHandler' driver.
DEBUG - 2025-09-09 09:36:40 --> Session: Class initialized using 'CodeIgniter\Session\Handlers\FileHandler' driver.
DEBUG - 2025-09-09 09:36:41 --> Session: Class initialized using 'CodeIgniter\Session\Handlers\FileHandler' driver.
DEBUG - 2025-09-09 09:36:59 --> Session: Class initialized using 'CodeIgniter\Session\Handlers\FileHandler' driver.
DEBUG - 2025-09-09 09:37:00 --> Session: Class initialized using 'CodeIgniter\Session\Handlers\FileHandler' driver.
DEBUG - 2025-09-09 09:37:32 --> Session: Class initialized using 'CodeIgniter\Session\Handlers\FileHandler' driver.
CRITICAL - 2025-09-09 09:37:32 --> ErrorException: Undefined array key "name"
[Method: GET, Route: pharmacy/purchases/create]
in APPPATH\Views\pharmacy\purchases\create.php on line 85.
 1 APPPATH\Views\pharmacy\purchases\create.php(85): CodeIgniter\Debug\Exceptions->errorHandler(2, 'Undefined array key "name"', 'C:\\xampp\\htdocs\\hms_ram\\app\\Views\\pharmacy\\purchases\\create.php', 85)
 2 SYSTEMPATH\View\View.php(224): include('C:\\xampp\\htdocs\\hms_ram\\app\\Views\\pharmacy\\purchases\\create.php')
 3 SYSTEMPATH\View\View.php(227): CodeIgniter\View\View->CodeIgniter\View\{closure}()
 4 SYSTEMPATH\Common.php(1173): CodeIgniter\View\View->render('pharmacy/purchases/create', [], true)
 5 APPPATH\Controllers\Pharmacy\Purchases.php(92): view('pharmacy/purchases/create', [...])
 6 SYSTEMPATH\CodeIgniter.php(933): App\Controllers\Pharmacy\Purchases->create()
 7 SYSTEMPATH\CodeIgniter.php(507): CodeIgniter\CodeIgniter->runController(Object(App\Controllers\Pharmacy\Purchases))
 8 SYSTEMPATH\CodeIgniter.php(354): CodeIgniter\CodeIgniter->handleRequest(null, Object(Config\Cache), false)
 9 SYSTEMPATH\Boot.php(334): CodeIgniter\CodeIgniter->run()
10 SYSTEMPATH\Boot.php(67): CodeIgniter\Boot::runCodeIgniter(Object(CodeIgniter\CodeIgniter))
11 FCPATH\index.php(46): CodeIgniter\Boot::bootWeb(Object(Config\Paths))
DEBUG - 2025-09-09 09:40:04 --> Session: Class initialized using 'CodeIgniter\Session\Handlers\FileHandler' driver.
DEBUG - 2025-09-09 09:40:12 --> Session: Class initialized using 'CodeIgniter\Session\Handlers\FileHandler' driver.
DEBUG - 2025-09-09 09:40:17 --> Session: Class initialized using 'CodeIgniter\Session\Handlers\FileHandler' driver.
DEBUG - 2025-09-09 09:40:41 --> Session: Class initialized using 'CodeIgniter\Session\Handlers\FileHandler' driver.
DEBUG - 2025-09-09 09:40:44 --> Session: Class initialized using 'CodeIgniter\Session\Handlers\FileHandler' driver.
DEBUG - 2025-09-09 09:41:04 --> Session: Class initialized using 'CodeIgniter\Session\Handlers\FileHandler' driver.
DEBUG - 2025-09-09 09:42:33 --> Session: Class initialized using 'CodeIgniter\Session\Handlers\FileHandler' driver.
DEBUG - 2025-09-09 09:47:28 --> Session: Class initialized using 'CodeIgniter\Session\Handlers\FileHandler' driver.
DEBUG - 2025-09-09 09:47:29 --> Session: Class initialized using 'CodeIgniter\Session\Handlers\FileHandler' driver.
DEBUG - 2025-09-09 09:47:29 --> Session: Class initialized using 'CodeIgniter\Session\Handlers\FileHandler' driver.
CRITICAL - 2025-09-09 09:47:30 --> ErrorException: unlink(C:\xampp\htdocs\hms_ram\writable\debugbar/debugbar_1757410619.624099.json): No such file or directory
[Method: GET, Route: /]
in SYSTEMPATH\Debug\Toolbar\Collectors\History.php on line 82.
 1 [internal function]: CodeIgniter\Debug\Exceptions->errorHandler(2, 'unlink(C:\\xampp\\htdocs\\hms_ram\\writable\\debugbar/debugbar_1757410619.624099.json): No such file or directory', 'C:\\xampp\\htdocs\\hms_ram\\system\\Debug\\Toolbar\\Collectors\\History.php', 82)
 2 SYSTEMPATH\Debug\Toolbar\Collectors\History.php(82): unlink('C:\\xampp\\htdocs\\hms_ram\\writable\\debugbar/debugbar_1757410619.624099.json')
 3 SYSTEMPATH\Debug\Toolbar.php(517): CodeIgniter\Debug\Toolbar\Collectors\History->setFiles('1757411248.661505', 20)
 4 SYSTEMPATH\Debug\Toolbar.php(496): CodeIgniter\Debug\Toolbar->format([...], 'html')
 5 APPPATH\Config\Events.php(47): CodeIgniter\Debug\Toolbar->respond()
 6 SYSTEMPATH\Events\Events.php(155): CodeIgniter\Events\Events::Config\{closure}()
 7 SYSTEMPATH\CodeIgniter.php(339): CodeIgniter\Events\Events::trigger('pre_system')
 8 SYSTEMPATH\Boot.php(334): CodeIgniter\CodeIgniter->run()
 9 SYSTEMPATH\Boot.php(67): CodeIgniter\Boot::runCodeIgniter(Object(CodeIgniter\CodeIgniter))
10 FCPATH\index.php(46): CodeIgniter\Boot::bootWeb(Object(Config\Paths))
DEBUG - 2025-09-09 09:47:33 --> Session: Class initialized using 'CodeIgniter\Session\Handlers\FileHandler' driver.
DEBUG - 2025-09-09 09:47:33 --> Session: Class initialized using 'CodeIgniter\Session\Handlers\FileHandler' driver.
DEBUG - 2025-09-09 09:47:34 --> Session: Class initialized using 'CodeIgniter\Session\Handlers\FileHandler' driver.
DEBUG - 2025-09-09 09:48:07 --> Session: Class initialized using 'CodeIgniter\Session\Handlers\FileHandler' driver.
DEBUG - 2025-09-09 09:48:07 --> Session: Class initialized using 'CodeIgniter\Session\Handlers\FileHandler' driver.
DEBUG - 2025-09-09 09:48:10 --> Session: Class initialized using 'CodeIgniter\Session\Handlers\FileHandler' driver.
DEBUG - 2025-09-09 09:48:56 --> Session: Class initialized using 'CodeIgniter\Session\Handlers\FileHandler' driver.
DEBUG - 2025-09-09 09:49:00 --> Session: Class initialized using 'CodeIgniter\Session\Handlers\FileHandler' driver.
DEBUG - 2025-09-09 09:58:38 --> Session: Class initialized using 'CodeIgniter\Session\Handlers\FileHandler' driver.
DEBUG - 2025-09-09 09:58:38 --> Session: Class initialized using 'CodeIgniter\Session\Handlers\FileHandler' driver.
DEBUG - 2025-09-09 09:58:38 --> Session: Class initialized using 'CodeIgniter\Session\Handlers\FileHandler' driver.
DEBUG - 2025-09-09 09:59:08 --> Session: Class initialized using 'CodeIgniter\Session\Handlers\FileHandler' driver.
DEBUG - 2025-09-09 09:59:08 --> Session: Class initialized using 'CodeIgniter\Session\Handlers\FileHandler' driver.
DEBUG - 2025-09-09 09:59:08 --> Session: Class initialized using 'CodeIgniter\Session\Handlers\FileHandler' driver.
DEBUG - 2025-09-09 09:59:44 --> Session: Class initialized using 'CodeIgniter\Session\Handlers\FileHandler' driver.
DEBUG - 2025-09-09 10:03:14 --> Session: Class initialized using 'CodeIgniter\Session\Handlers\FileHandler' driver.
DEBUG - 2025-09-09 10:03:19 --> Session: Class initialized using 'CodeIgniter\Session\Handlers\FileHandler' driver.
DEBUG - 2025-09-09 10:03:25 --> Session: Class initialized using 'CodeIgniter\Session\Handlers\FileHandler' driver.
DEBUG - 2025-09-09 10:14:16 --> Session: Class initialized using 'CodeIgniter\Session\Handlers\FileHandler' driver.
DEBUG - 2025-09-09 10:15:33 --> Session: Class initialized using 'CodeIgniter\Session\Handlers\FileHandler' driver.
DEBUG - 2025-09-09 10:17:17 --> Session: Class initialized using 'CodeIgniter\Session\Handlers\FileHandler' driver.
DEBUG - 2025-09-09 10:17:17 --> Session: Class initialized using 'CodeIgniter\Session\Handlers\FileHandler' driver.
DEBUG - 2025-09-09 10:17:18 --> Session: Class initialized using 'CodeIgniter\Session\Handlers\FileHandler' driver.
DEBUG - 2025-09-09 10:17:18 --> Session: Class initialized using 'CodeIgniter\Session\Handlers\FileHandler' driver.
DEBUG - 2025-09-09 10:17:29 --> Session: Class initialized using 'CodeIgniter\Session\Handlers\FileHandler' driver.
DEBUG - 2025-09-09 10:17:29 --> Session: Class initialized using 'CodeIgniter\Session\Handlers\FileHandler' driver.
DEBUG - 2025-09-09 10:17:29 --> Session: Class initialized using 'CodeIgniter\Session\Handlers\FileHandler' driver.
DEBUG - 2025-09-09 10:17:29 --> Session: Class initialized using 'CodeIgniter\Session\Handlers\FileHandler' driver.
DEBUG - 2025-09-09 10:17:32 --> Session: Class initialized using 'CodeIgniter\Session\Handlers\FileHandler' driver.
DEBUG - 2025-09-09 10:17:32 --> Session: Class initialized using 'CodeIgniter\Session\Handlers\FileHandler' driver.
DEBUG - 2025-09-09 10:17:32 --> Session: Class initialized using 'CodeIgniter\Session\Handlers\FileHandler' driver.
CRITICAL - 2025-09-09 10:17:33 --> ErrorException: unlink(C:\xampp\htdocs\hms_ram\writable\debugbar/debugbar_1757413037.788415.json): No such file or directory
[Method: GET, Route: /]
in SYSTEMPATH\Debug\Toolbar\Collectors\History.php on line 82.
 1 [internal function]: CodeIgniter\Debug\Exceptions->errorHandler(2, 'unlink(C:\\xampp\\htdocs\\hms_ram\\writable\\debugbar/debugbar_1757413037.788415.json): No such file or directory', 'C:\\xampp\\htdocs\\hms_ram\\system\\Debug\\Toolbar\\Collectors\\History.php', 82)
 2 SYSTEMPATH\Debug\Toolbar\Collectors\History.php(82): unlink('C:\\xampp\\htdocs\\hms_ram\\writable\\debugbar/debugbar_1757413037.788415.json')
 3 SYSTEMPATH\Debug\Toolbar.php(517): CodeIgniter\Debug\Toolbar\Collectors\History->setFiles('1757413052.682039', 20)
 4 SYSTEMPATH\Debug\Toolbar.php(496): CodeIgniter\Debug\Toolbar->format([...], 'html')
 5 APPPATH\Config\Events.php(47): CodeIgniter\Debug\Toolbar->respond()
 6 SYSTEMPATH\Events\Events.php(155): CodeIgniter\Events\Events::Config\{closure}()
 7 SYSTEMPATH\CodeIgniter.php(339): CodeIgniter\Events\Events::trigger('pre_system')
 8 SYSTEMPATH\Boot.php(334): CodeIgniter\CodeIgniter->run()
 9 SYSTEMPATH\Boot.php(67): CodeIgniter\Boot::runCodeIgniter(Object(CodeIgniter\CodeIgniter))
10 FCPATH\index.php(46): CodeIgniter\Boot::bootWeb(Object(Config\Paths))
DEBUG - 2025-09-09 10:17:33 --> Session: Class initialized using 'CodeIgniter\Session\Handlers\FileHandler' driver.
DEBUG - 2025-09-09 10:17:37 --> Session: Class initialized using 'CodeIgniter\Session\Handlers\FileHandler' driver.
DEBUG - 2025-09-09 10:17:37 --> Session: Class initialized using 'CodeIgniter\Session\Handlers\FileHandler' driver.
DEBUG - 2025-09-09 10:17:38 --> Session: Class initialized using 'CodeIgniter\Session\Handlers\FileHandler' driver.
DEBUG - 2025-09-09 10:17:39 --> Session: Class initialized using 'CodeIgniter\Session\Handlers\FileHandler' driver.
DEBUG - 2025-09-09 10:17:39 --> Session: Class initialized using 'CodeIgniter\Session\Handlers\FileHandler' driver.
DEBUG - 2025-09-09 10:17:40 --> Session: Class initialized using 'CodeIgniter\Session\Handlers\FileHandler' driver.
DEBUG - 2025-09-09 10:17:41 --> Session: Class initialized using 'CodeIgniter\Session\Handlers\FileHandler' driver.
DEBUG - 2025-09-09 10:17:50 --> Session: Class initialized using 'CodeIgniter\Session\Handlers\FileHandler' driver.
DEBUG - 2025-09-09 10:17:51 --> Session: Class initialized using 'CodeIgniter\Session\Handlers\FileHandler' driver.
DEBUG - 2025-09-09 10:17:51 --> Session: Class initialized using 'CodeIgniter\Session\Handlers\FileHandler' driver.
DEBUG - 2025-09-09 10:17:53 --> Session: Class initialized using 'CodeIgniter\Session\Handlers\FileHandler' driver.
DEBUG - 2025-09-09 10:17:53 --> Session: Class initialized using 'CodeIgniter\Session\Handlers\FileHandler' driver.
DEBUG - 2025-09-09 10:17:53 --> Session: Class initialized using 'CodeIgniter\Session\Handlers\FileHandler' driver.
DEBUG - 2025-09-09 10:17:57 --> Session: Class initialized using 'CodeIgniter\Session\Handlers\FileHandler' driver.
DEBUG - 2025-09-09 10:17:57 --> Session: Class initialized using 'CodeIgniter\Session\Handlers\FileHandler' driver.
DEBUG - 2025-09-09 10:17:57 --> Session: Class initialized using 'CodeIgniter\Session\Handlers\FileHandler' driver.
DEBUG - 2025-09-09 10:17:59 --> Session: Class initialized using 'CodeIgniter\Session\Handlers\FileHandler' driver.
DEBUG - 2025-09-09 10:17:59 --> Session: Class initialized using 'CodeIgniter\Session\Handlers\FileHandler' driver.
DEBUG - 2025-09-09 10:18:00 --> Session: Class initialized using 'CodeIgniter\Session\Handlers\FileHandler' driver.
DEBUG - 2025-09-09 10:18:07 --> Session: Class initialized using 'CodeIgniter\Session\Handlers\FileHandler' driver.
DEBUG - 2025-09-09 10:18:07 --> Session: Class initialized using 'CodeIgniter\Session\Handlers\FileHandler' driver.
DEBUG - 2025-09-09 10:18:07 --> Session: Class initialized using 'CodeIgniter\Session\Handlers\FileHandler' driver.
DEBUG - 2025-09-09 10:18:11 --> Session: Class initialized using 'CodeIgniter\Session\Handlers\FileHandler' driver.
DEBUG - 2025-09-09 10:22:34 --> Session: Class initialized using 'CodeIgniter\Session\Handlers\FileHandler' driver.
DEBUG - 2025-09-09 10:22:35 --> Session: Class initialized using 'CodeIgniter\Session\Handlers\FileHandler' driver.
DEBUG - 2025-09-09 10:22:35 --> Session: Class initialized using 'CodeIgniter\Session\Handlers\FileHandler' driver.
DEBUG - 2025-09-09 10:22:35 --> Session: Class initialized using 'CodeIgniter\Session\Handlers\FileHandler' driver.
DEBUG - 2025-09-09 10:23:47 --> Session: Class initialized using 'CodeIgniter\Session\Handlers\FileHandler' driver.
DEBUG - 2025-09-09 10:23:53 --> Session: Class initialized using 'CodeIgniter\Session\Handlers\FileHandler' driver.
DEBUG - 2025-09-09 10:23:55 --> Session: Class initialized using 'CodeIgniter\Session\Handlers\FileHandler' driver.
DEBUG - 2025-09-09 10:23:58 --> Session: Class initialized using 'CodeIgniter\Session\Handlers\FileHandler' driver.
DEBUG - 2025-09-09 10:24:10 --> Session: Class initialized using 'CodeIgniter\Session\Handlers\FileHandler' driver.
DEBUG - 2025-09-09 10:24:23 --> Session: Class initialized using 'CodeIgniter\Session\Handlers\FileHandler' driver.
DEBUG - 2025-09-09 10:24:55 --> Session: Class initialized using 'CodeIgniter\Session\Handlers\FileHandler' driver.
DEBUG - 2025-09-09 10:25:48 --> Session: Class initialized using 'CodeIgniter\Session\Handlers\FileHandler' driver.
DEBUG - 2025-09-09 10:25:56 --> Session: Class initialized using 'CodeIgniter\Session\Handlers\FileHandler' driver.
DEBUG - 2025-09-09 10:26:06 --> Session: Class initialized using 'CodeIgniter\Session\Handlers\FileHandler' driver.
DEBUG - 2025-09-09 10:26:07 --> Session: Class initialized using 'CodeIgniter\Session\Handlers\FileHandler' driver.
DEBUG - 2025-09-09 10:26:14 --> Session: Class initialized using 'CodeIgniter\Session\Handlers\FileHandler' driver.
DEBUG - 2025-09-09 10:26:16 --> Session: Class initialized using 'CodeIgniter\Session\Handlers\FileHandler' driver.
DEBUG - 2025-09-09 10:26:21 --> Session: Class initialized using 'CodeIgniter\Session\Handlers\FileHandler' driver.
DEBUG - 2025-09-09 10:27:19 --> Session: Class initialized using 'CodeIgniter\Session\Handlers\FileHandler' driver.
DEBUG - 2025-09-09 10:27:20 --> Session: Class initialized using 'CodeIgniter\Session\Handlers\FileHandler' driver.
DEBUG - 2025-09-09 10:27:20 --> Session: Class initialized using 'CodeIgniter\Session\Handlers\FileHandler' driver.
DEBUG - 2025-09-09 10:27:20 --> Session: Class initialized using 'CodeIgniter\Session\Handlers\FileHandler' driver.
DEBUG - 2025-09-09 10:30:02 --> Session: Class initialized using 'CodeIgniter\Session\Handlers\FileHandler' driver.
DEBUG - 2025-09-09 10:30:18 --> Session: Class initialized using 'CodeIgniter\Session\Handlers\FileHandler' driver.
DEBUG - 2025-09-09 10:30:26 --> Session: Class initialized using 'CodeIgniter\Session\Handlers\FileHandler' driver.
DEBUG - 2025-09-09 10:30:27 --> Session: Class initialized using 'CodeIgniter\Session\Handlers\FileHandler' driver.
DEBUG - 2025-09-09 10:30:29 --> Session: Class initialized using 'CodeIgniter\Session\Handlers\FileHandler' driver.
DEBUG - 2025-09-09 10:48:13 --> Session: Class initialized using 'CodeIgniter\Session\Handlers\FileHandler' driver.
DEBUG - 2025-09-09 10:48:14 --> Session: Class initialized using 'CodeIgniter\Session\Handlers\FileHandler' driver.
DEBUG - 2025-09-09 10:48:14 --> Session: Class initialized using 'CodeIgniter\Session\Handlers\FileHandler' driver.
DEBUG - 2025-09-09 10:48:14 --> Session: Class initialized using 'CodeIgniter\Session\Handlers\FileHandler' driver.
CRITICAL - 2025-09-09 10:48:15 --> ErrorException: unlink(C:\xampp\htdocs\hms_ram\writable\debugbar/debugbar_1757413639.788979.json): No such file or directory
[Method: GET, Route: /]
in SYSTEMPATH\Debug\Toolbar\Collectors\History.php on line 82.
 1 [internal function]: CodeIgniter\Debug\Exceptions->errorHandler(2, 'unlink(C:\\xampp\\htdocs\\hms_ram\\writable\\debugbar/debugbar_1757413639.788979.json): No such file or directory', 'C:\\xampp\\htdocs\\hms_ram\\system\\Debug\\Toolbar\\Collectors\\History.php', 82)
 2 SYSTEMPATH\Debug\Toolbar\Collectors\History.php(82): unlink('C:\\xampp\\htdocs\\hms_ram\\writable\\debugbar/debugbar_1757413639.788979.json')
 3 SYSTEMPATH\Debug\Toolbar.php(517): CodeIgniter\Debug\Toolbar\Collectors\History->setFiles('1757414894.013834', 20)
 4 SYSTEMPATH\Debug\Toolbar.php(496): CodeIgniter\Debug\Toolbar->format([...], 'html')
 5 APPPATH\Config\Events.php(47): CodeIgniter\Debug\Toolbar->respond()
 6 SYSTEMPATH\Events\Events.php(155): CodeIgniter\Events\Events::Config\{closure}()
 7 SYSTEMPATH\CodeIgniter.php(339): CodeIgniter\Events\Events::trigger('pre_system')
 8 SYSTEMPATH\Boot.php(334): CodeIgniter\CodeIgniter->run()
 9 SYSTEMPATH\Boot.php(67): CodeIgniter\Boot::runCodeIgniter(Object(CodeIgniter\CodeIgniter))
10 FCPATH\index.php(46): CodeIgniter\Boot::bootWeb(Object(Config\Paths))
DEBUG - 2025-09-09 10:48:19 --> Session: Class initialized using 'CodeIgniter\Session\Handlers\FileHandler' driver.
DEBUG - 2025-09-09 10:48:19 --> Session: Class initialized using 'CodeIgniter\Session\Handlers\FileHandler' driver.
DEBUG - 2025-09-09 10:48:20 --> Session: Class initialized using 'CodeIgniter\Session\Handlers\FileHandler' driver.
DEBUG - 2025-09-09 10:48:27 --> Session: Class initialized using 'CodeIgniter\Session\Handlers\FileHandler' driver.
DEBUG - 2025-09-09 10:48:27 --> Session: Class initialized using 'CodeIgniter\Session\Handlers\FileHandler' driver.
DEBUG - 2025-09-09 10:48:27 --> Session: Class initialized using 'CodeIgniter\Session\Handlers\FileHandler' driver.
DEBUG - 2025-09-09 10:48:30 --> Session: Class initialized using 'CodeIgniter\Session\Handlers\FileHandler' driver.
DEBUG - 2025-09-09 10:48:30 --> Session: Class initialized using 'CodeIgniter\Session\Handlers\FileHandler' driver.
DEBUG - 2025-09-09 10:48:31 --> Session: Class initialized using 'CodeIgniter\Session\Handlers\FileHandler' driver.
DEBUG - 2025-09-09 10:49:08 --> Session: Class initialized using 'CodeIgniter\Session\Handlers\FileHandler' driver.
DEBUG - 2025-09-09 10:49:08 --> Session: Class initialized using 'CodeIgniter\Session\Handlers\FileHandler' driver.
DEBUG - 2025-09-09 10:49:08 --> Session: Class initialized using 'CodeIgniter\Session\Handlers\FileHandler' driver.
DEBUG - 2025-09-09 10:49:18 --> Session: Class initialized using 'CodeIgniter\Session\Handlers\FileHandler' driver.
DEBUG - 2025-09-09 10:49:18 --> Session: Class initialized using 'CodeIgniter\Session\Handlers\FileHandler' driver.
DEBUG - 2025-09-09 10:49:19 --> Session: Class initialized using 'CodeIgniter\Session\Handlers\FileHandler' driver.
DEBUG - 2025-09-09 10:49:25 --> Session: Class initialized using 'CodeIgniter\Session\Handlers\FileHandler' driver.
DEBUG - 2025-09-09 10:49:25 --> Session: Class initialized using 'CodeIgniter\Session\Handlers\FileHandler' driver.
DEBUG - 2025-09-09 10:49:26 --> Session: Class initialized using 'CodeIgniter\Session\Handlers\FileHandler' driver.
DEBUG - 2025-09-09 10:49:29 --> Session: Class initialized using 'CodeIgniter\Session\Handlers\FileHandler' driver.
DEBUG - 2025-09-09 10:49:29 --> Session: Class initialized using 'CodeIgniter\Session\Handlers\FileHandler' driver.
DEBUG - 2025-09-09 10:49:30 --> Session: Class initialized using 'CodeIgniter\Session\Handlers\FileHandler' driver.
DEBUG - 2025-09-09 10:50:13 --> Session: Class initialized using 'CodeIgniter\Session\Handlers\FileHandler' driver.
DEBUG - 2025-09-09 10:50:13 --> Session: Class initialized using 'CodeIgniter\Session\Handlers\FileHandler' driver.
DEBUG - 2025-09-09 10:50:13 --> Session: Class initialized using 'CodeIgniter\Session\Handlers\FileHandler' driver.
DEBUG - 2025-09-09 10:50:23 --> Session: Class initialized using 'CodeIgniter\Session\Handlers\FileHandler' driver.
DEBUG - 2025-09-09 10:50:24 --> Session: Class initialized using 'CodeIgniter\Session\Handlers\FileHandler' driver.
DEBUG - 2025-09-09 10:50:24 --> Session: Class initialized using 'CodeIgniter\Session\Handlers\FileHandler' driver.
DEBUG - 2025-09-09 10:50:31 --> Session: Class initialized using 'CodeIgniter\Session\Handlers\FileHandler' driver.
DEBUG - 2025-09-09 10:50:32 --> Session: Class initialized using 'CodeIgniter\Session\Handlers\FileHandler' driver.
DEBUG - 2025-09-09 10:50:32 --> Session: Class initialized using 'CodeIgniter\Session\Handlers\FileHandler' driver.
DEBUG - 2025-09-09 10:52:01 --> Session: Class initialized using 'CodeIgniter\Session\Handlers\FileHandler' driver.
DEBUG - 2025-09-09 10:52:01 --> Session: Class initialized using 'CodeIgniter\Session\Handlers\FileHandler' driver.
DEBUG - 2025-09-09 10:52:02 --> Session: Class initialized using 'CodeIgniter\Session\Handlers\FileHandler' driver.
CRITICAL - 2025-09-09 10:52:03 --> ErrorException: unlink(C:\xampp\htdocs\hms_ram\writable\debugbar/debugbar_1757415013.711424.json): No such file or directory
[Method: GET, Route: /]
in SYSTEMPATH\Debug\Toolbar\Collectors\History.php on line 82.
 1 [internal function]: CodeIgniter\Debug\Exceptions->errorHandler(2, 'unlink(C:\\xampp\\htdocs\\hms_ram\\writable\\debugbar/debugbar_1757415013.711424.json): No such file or directory', 'C:\\xampp\\htdocs\\hms_ram\\system\\Debug\\Toolbar\\Collectors\\History.php', 82)
 2 SYSTEMPATH\Debug\Toolbar\Collectors\History.php(82): unlink('C:\\xampp\\htdocs\\hms_ram\\writable\\debugbar/debugbar_1757415013.711424.json')
 3 SYSTEMPATH\Debug\Toolbar.php(517): CodeIgniter\Debug\Toolbar\Collectors\History->setFiles('1757415121.868430', 20)
 4 SYSTEMPATH\Debug\Toolbar.php(496): CodeIgniter\Debug\Toolbar->format([...], 'html')
 5 APPPATH\Config\Events.php(47): CodeIgniter\Debug\Toolbar->respond()
 6 SYSTEMPATH\Events\Events.php(155): CodeIgniter\Events\Events::Config\{closure}()
 7 SYSTEMPATH\CodeIgniter.php(339): CodeIgniter\Events\Events::trigger('pre_system')
 8 SYSTEMPATH\Boot.php(334): CodeIgniter\CodeIgniter->run()
 9 SYSTEMPATH\Boot.php(67): CodeIgniter\Boot::runCodeIgniter(Object(CodeIgniter\CodeIgniter))
10 FCPATH\index.php(46): CodeIgniter\Boot::bootWeb(Object(Config\Paths))
CRITICAL - 2025-09-09 10:52:03 --> ErrorException: unlink(C:\xampp\htdocs\hms_ram\writable\debugbar/debugbar_1757415013.711424.json): No such file or directory
[Method: GET, Route: /]
in SYSTEMPATH\Debug\Toolbar\Collectors\History.php on line 82.
 1 [internal function]: CodeIgniter\Debug\Exceptions->errorHandler(2, 'unlink(C:\\xampp\\htdocs\\hms_ram\\writable\\debugbar/debugbar_1757415013.711424.json): No such file or directory', 'C:\\xampp\\htdocs\\hms_ram\\system\\Debug\\Toolbar\\Collectors\\History.php', 82)
 2 SYSTEMPATH\Debug\Toolbar\Collectors\History.php(82): unlink('C:\\xampp\\htdocs\\hms_ram\\writable\\debugbar/debugbar_1757415013.711424.json')
 3 SYSTEMPATH\Debug\Toolbar.php(517): CodeIgniter\Debug\Toolbar\Collectors\History->setFiles('1757415122.067460', 20)
 4 SYSTEMPATH\Debug\Toolbar.php(496): CodeIgniter\Debug\Toolbar->format([...], 'html')
 5 APPPATH\Config\Events.php(47): CodeIgniter\Debug\Toolbar->respond()
 6 SYSTEMPATH\Events\Events.php(155): CodeIgniter\Events\Events::Config\{closure}()
 7 SYSTEMPATH\CodeIgniter.php(339): CodeIgniter\Events\Events::trigger('pre_system')
 8 SYSTEMPATH\Boot.php(334): CodeIgniter\CodeIgniter->run()
 9 SYSTEMPATH\Boot.php(67): CodeIgniter\Boot::runCodeIgniter(Object(CodeIgniter\CodeIgniter))
10 FCPATH\index.php(46): CodeIgniter\Boot::bootWeb(Object(Config\Paths))
DEBUG - 2025-09-09 10:52:59 --> Session: Class initialized using 'CodeIgniter\Session\Handlers\FileHandler' driver.
DEBUG - 2025-09-09 10:53:01 --> Session: Class initialized using 'CodeIgniter\Session\Handlers\FileHandler' driver.
DEBUG - 2025-09-09 10:53:06 --> Session: Class initialized using 'CodeIgniter\Session\Handlers\FileHandler' driver.
DEBUG - 2025-09-09 10:53:13 --> Session: Class initialized using 'CodeIgniter\Session\Handlers\FileHandler' driver.
DEBUG - 2025-09-09 10:53:19 --> Session: Class initialized using 'CodeIgniter\Session\Handlers\FileHandler' driver.
DEBUG - 2025-09-09 10:54:00 --> Session: Class initialized using 'CodeIgniter\Session\Handlers\FileHandler' driver.
DEBUG - 2025-09-09 10:54:04 --> Session: Class initialized using 'CodeIgniter\Session\Handlers\FileHandler' driver.
DEBUG - 2025-09-09 10:54:11 --> Session: Class initialized using 'CodeIgniter\Session\Handlers\FileHandler' driver.
DEBUG - 2025-09-09 10:54:14 --> Session: Class initialized using 'CodeIgniter\Session\Handlers\FileHandler' driver.
DEBUG - 2025-09-09 10:54:20 --> Session: Class initialized using 'CodeIgniter\Session\Handlers\FileHandler' driver.
DEBUG - 2025-09-09 10:54:22 --> Session: Class initialized using 'CodeIgniter\Session\Handlers\FileHandler' driver.
DEBUG - 2025-09-09 10:57:22 --> Session: Class initialized using 'CodeIgniter\Session\Handlers\FileHandler' driver.
DEBUG - 2025-09-09 10:57:39 --> Session: Class initialized using 'CodeIgniter\Session\Handlers\FileHandler' driver.
DEBUG - 2025-09-09 10:57:40 --> Session: Class initialized using 'CodeIgniter\Session\Handlers\FileHandler' driver.
DEBUG - 2025-09-09 10:58:11 --> Session: Class initialized using 'CodeIgniter\Session\Handlers\FileHandler' driver.
DEBUG - 2025-09-09 11:06:02 --> Session: Class initialized using 'CodeIgniter\Session\Handlers\FileHandler' driver.
DEBUG - 2025-09-09 11:06:07 --> Session: Class initialized using 'CodeIgniter\Session\Handlers\FileHandler' driver.
DEBUG - 2025-09-09 11:06:23 --> Session: Class initialized using 'CodeIgniter\Session\Handlers\FileHandler' driver.
DEBUG - 2025-09-09 11:06:23 --> Session: Class initialized using 'CodeIgniter\Session\Handlers\FileHandler' driver.
DEBUG - 2025-09-09 11:06:54 --> Session: Class initialized using 'CodeIgniter\Session\Handlers\FileHandler' driver.
DEBUG - 2025-09-09 11:06:54 --> Session: Class initialized using 'CodeIgniter\Session\Handlers\FileHandler' driver.
DEBUG - 2025-09-09 11:06:58 --> Session: Class initialized using 'CodeIgniter\Session\Handlers\FileHandler' driver.
DEBUG - 2025-09-09 11:06:59 --> Session: Class initialized using 'CodeIgniter\Session\Handlers\FileHandler' driver.
DEBUG - 2025-09-09 11:07:27 --> Session: Class initialized using 'CodeIgniter\Session\Handlers\FileHandler' driver.
DEBUG - 2025-09-09 11:08:06 --> Session: Class initialized using 'CodeIgniter\Session\Handlers\FileHandler' driver.
DEBUG - 2025-09-09 11:08:23 --> Session: Class initialized using 'CodeIgniter\Session\Handlers\FileHandler' driver.
CRITICAL - 2025-09-09 11:08:28 --> Error: Call to undefined method CodeIgniter\Router\RouteCollection::d()
[Method: GET, Route: pharmacy/suppliers]
in APPPATH\Config\Routes.php on line 156.
 1 SYSTEMPATH\Router\RouteCollection.php(799): CodeIgniter\Router\RouteCollection->{closure}(Object(CodeIgniter\Router\RouteCollection))
 2 APPPATH\Config\Routes.php(147): CodeIgniter\Router\RouteCollection->group('pharmacy', [...], Object(Closure))
 3 SYSTEMPATH\Router\RouteCollection.php(339): require('C:\\xampp\\htdocs\\hms_ram\\app\\Config\\Routes.php')
 4 SYSTEMPATH\CodeIgniter.php(821): CodeIgniter\Router\RouteCollection->loadRoutes()
 5 SYSTEMPATH\CodeIgniter.php(455): CodeIgniter\CodeIgniter->tryToRouteIt(null)
 6 SYSTEMPATH\CodeIgniter.php(354): CodeIgniter\CodeIgniter->handleRequest(null, Object(Config\Cache), false)
 7 SYSTEMPATH\Boot.php(334): CodeIgniter\CodeIgniter->run()
 8 SYSTEMPATH\Boot.php(67): CodeIgniter\Boot::runCodeIgniter(Object(CodeIgniter\CodeIgniter))
 9 FCPATH\index.php(46): CodeIgniter\Boot::bootWeb(Object(Config\Paths))
DEBUG - 2025-09-09 11:08:51 --> Session: Class initialized using 'CodeIgniter\Session\Handlers\FileHandler' driver.
DEBUG - 2025-09-09 11:09:27 --> Session: Class initialized using 'CodeIgniter\Session\Handlers\FileHandler' driver.
DEBUG - 2025-09-09 11:09:29 --> Session: Class initialized using 'CodeIgniter\Session\Handlers\FileHandler' driver.
DEBUG - 2025-09-09 11:09:31 --> Session: Class initialized using 'CodeIgniter\Session\Handlers\FileHandler' driver.
DEBUG - 2025-09-09 11:09:43 --> Session: Class initialized using 'CodeIgniter\Session\Handlers\FileHandler' driver.
DEBUG - 2025-09-09 11:09:44 --> Session: Class initialized using 'CodeIgniter\Session\Handlers\FileHandler' driver.
DEBUG - 2025-09-09 11:09:51 --> Session: Class initialized using 'CodeIgniter\Session\Handlers\FileHandler' driver.
DEBUG - 2025-09-09 11:10:47 --> Session: Class initialized using 'CodeIgniter\Session\Handlers\FileHandler' driver.
CRITICAL - 2025-09-09 11:10:47 --> CodeIgniter\Validation\Exceptions\ValidationException: "brand" is not a valid rule.
[Method: POST, Route: pharmacy/brands/store]
in SYSTEMPATH\Controller.php on line 170.
 1 SYSTEMPATH\Controller.php(170): CodeIgniter\Validation\Exceptions\ValidationException::forRuleNotFound('brand')
 2 SYSTEMPATH\Controller.php(136): CodeIgniter\Controller->setValidator('brand', [])
 3 APPPATH\Controllers\Pharmacy\Brands.php(39): CodeIgniter\Controller->validate('brand')
 4 SYSTEMPATH\CodeIgniter.php(933): App\Controllers\Pharmacy\Brands->store()
 5 SYSTEMPATH\CodeIgniter.php(507): CodeIgniter\CodeIgniter->runController(Object(App\Controllers\Pharmacy\Brands))
 6 SYSTEMPATH\CodeIgniter.php(354): CodeIgniter\CodeIgniter->handleRequest(null, Object(Config\Cache), false)
 7 SYSTEMPATH\Boot.php(334): CodeIgniter\CodeIgniter->run()
 8 SYSTEMPATH\Boot.php(67): CodeIgniter\Boot::runCodeIgniter(Object(CodeIgniter\CodeIgniter))
 9 FCPATH\index.php(46): CodeIgniter\Boot::bootWeb(Object(Config\Paths))
DEBUG - 2025-09-09 11:11:03 --> Session: Class initialized using 'CodeIgniter\Session\Handlers\FileHandler' driver.
DEBUG - 2025-09-09 11:11:05 --> Session: Class initialized using 'CodeIgniter\Session\Handlers\FileHandler' driver.
DEBUG - 2025-09-09 11:11:06 --> Session: Class initialized using 'CodeIgniter\Session\Handlers\FileHandler' driver.
DEBUG - 2025-09-09 11:11:08 --> Session: Class initialized using 'CodeIgniter\Session\Handlers\FileHandler' driver.
CRITICAL - 2025-09-09 11:11:08 --> CodeIgniter\Validation\Exceptions\ValidationException: "generic" is not a valid rule.
[Method: POST, Route: pharmacy/generics/store]
in SYSTEMPATH\Controller.php on line 170.
 1 SYSTEMPATH\Controller.php(170): CodeIgniter\Validation\Exceptions\ValidationException::forRuleNotFound('generic')
 2 SYSTEMPATH\Controller.php(136): CodeIgniter\Controller->setValidator('generic', [])
 3 APPPATH\Controllers\Pharmacy\Generics.php(39): CodeIgniter\Controller->validate('generic')
 4 SYSTEMPATH\CodeIgniter.php(933): App\Controllers\Pharmacy\Generics->store()
 5 SYSTEMPATH\CodeIgniter.php(507): CodeIgniter\CodeIgniter->runController(Object(App\Controllers\Pharmacy\Generics))
 6 SYSTEMPATH\CodeIgniter.php(354): CodeIgniter\CodeIgniter->handleRequest(null, Object(Config\Cache), false)
 7 SYSTEMPATH\Boot.php(334): CodeIgniter\CodeIgniter->run()
 8 SYSTEMPATH\Boot.php(67): CodeIgniter\Boot::runCodeIgniter(Object(CodeIgniter\CodeIgniter))
 9 FCPATH\index.php(46): CodeIgniter\Boot::bootWeb(Object(Config\Paths))
DEBUG - 2025-09-09 11:12:53 --> Session: Class initialized using 'CodeIgniter\Session\Handlers\FileHandler' driver.
DEBUG - 2025-09-09 11:12:57 --> Session: Class initialized using 'CodeIgniter\Session\Handlers\FileHandler' driver.
DEBUG - 2025-09-09 11:12:58 --> Session: Class initialized using 'CodeIgniter\Session\Handlers\FileHandler' driver.
DEBUG - 2025-09-09 11:13:00 --> Session: Class initialized using 'CodeIgniter\Session\Handlers\FileHandler' driver.
DEBUG - 2025-09-09 11:13:00 --> Session: Class initialized using 'CodeIgniter\Session\Handlers\FileHandler' driver.
DEBUG - 2025-09-09 11:13:01 --> Session: Class initialized using 'CodeIgniter\Session\Handlers\FileHandler' driver.
DEBUG - 2025-09-09 11:13:07 --> Session: Class initialized using 'CodeIgniter\Session\Handlers\FileHandler' driver.
DEBUG - 2025-09-09 11:13:07 --> Session: Class initialized using 'CodeIgniter\Session\Handlers\FileHandler' driver.
DEBUG - 2025-09-09 11:13:09 --> Session: Class initialized using 'CodeIgniter\Session\Handlers\FileHandler' driver.
DEBUG - 2025-09-09 11:13:35 --> Session: Class initialized using 'CodeIgniter\Session\Handlers\FileHandler' driver.
DEBUG - 2025-09-09 11:13:35 --> Session: Class initialized using 'CodeIgniter\Session\Handlers\FileHandler' driver.
DEBUG - 2025-09-09 11:13:37 --> Session: Class initialized using 'CodeIgniter\Session\Handlers\FileHandler' driver.
DEBUG - 2025-09-09 11:13:37 --> Session: Class initialized using 'CodeIgniter\Session\Handlers\FileHandler' driver.
DEBUG - 2025-09-09 11:14:30 --> Session: Class initialized using 'CodeIgniter\Session\Handlers\FileHandler' driver.
DEBUG - 2025-09-09 11:14:31 --> Session: Class initialized using 'CodeIgniter\Session\Handlers\FileHandler' driver.
DEBUG - 2025-09-09 11:14:33 --> Session: Class initialized using 'CodeIgniter\Session\Handlers\FileHandler' driver.
DEBUG - 2025-09-09 11:14:34 --> Session: Class initialized using 'CodeIgniter\Session\Handlers\FileHandler' driver.
DEBUG - 2025-09-09 11:14:59 --> Session: Class initialized using 'CodeIgniter\Session\Handlers\FileHandler' driver.
DEBUG - 2025-09-09 11:14:59 --> Session: Class initialized using 'CodeIgniter\Session\Handlers\FileHandler' driver.
DEBUG - 2025-09-09 11:15:01 --> Session: Class initialized using 'CodeIgniter\Session\Handlers\FileHandler' driver.
DEBUG - 2025-09-09 11:15:06 --> Session: Class initialized using 'CodeIgniter\Session\Handlers\FileHandler' driver.
DEBUG - 2025-09-09 11:15:06 --> Session: Class initialized using 'CodeIgniter\Session\Handlers\FileHandler' driver.
DEBUG - 2025-09-09 11:15:10 --> Session: Class initialized using 'CodeIgniter\Session\Handlers\FileHandler' driver.
DEBUG - 2025-09-09 11:16:48 --> Session: Class initialized using 'CodeIgniter\Session\Handlers\FileHandler' driver.
DEBUG - 2025-09-09 11:16:48 --> Session: Class initialized using 'CodeIgniter\Session\Handlers\FileHandler' driver.
DEBUG - 2025-09-09 11:16:55 --> Session: Class initialized using 'CodeIgniter\Session\Handlers\FileHandler' driver.
DEBUG - 2025-09-09 11:16:55 --> Session: Class initialized using 'CodeIgniter\Session\Handlers\FileHandler' driver.
DEBUG - 2025-09-09 11:17:05 --> Session: Class initialized using 'CodeIgniter\Session\Handlers\FileHandler' driver.
DEBUG - 2025-09-09 11:17:05 --> Session: Class initialized using 'CodeIgniter\Session\Handlers\FileHandler' driver.
DEBUG - 2025-09-09 11:18:56 --> Session: Class initialized using 'CodeIgniter\Session\Handlers\FileHandler' driver.
DEBUG - 2025-09-09 11:18:56 --> Session: Class initialized using 'CodeIgniter\Session\Handlers\FileHandler' driver.
DEBUG - 2025-09-09 11:19:02 --> Session: Class initialized using 'CodeIgniter\Session\Handlers\FileHandler' driver.
DEBUG - 2025-09-09 11:19:06 --> Session: Class initialized using 'CodeIgniter\Session\Handlers\FileHandler' driver.
DEBUG - 2025-09-09 11:19:06 --> Session: Class initialized using 'CodeIgniter\Session\Handlers\FileHandler' driver.
DEBUG - 2025-09-09 11:33:31 --> Session: Class initialized using 'CodeIgniter\Session\Handlers\FileHandler' driver.
DEBUG - 2025-09-09 11:33:31 --> Session: Class initialized using 'CodeIgniter\Session\Handlers\FileHandler' driver.
DEBUG - 2025-09-09 11:33:40 --> Session: Class initialized using 'CodeIgniter\Session\Handlers\FileHandler' driver.
DEBUG - 2025-09-09 11:33:40 --> Session: Class initialized using 'CodeIgniter\Session\Handlers\FileHandler' driver.
DEBUG - 2025-09-09 11:33:52 --> Session: Class initialized using 'CodeIgniter\Session\Handlers\FileHandler' driver.
DEBUG - 2025-09-09 11:33:52 --> Session: Class initialized using 'CodeIgniter\Session\Handlers\FileHandler' driver.
DEBUG - 2025-09-09 11:38:53 --> Session: Class initialized using 'CodeIgniter\Session\Handlers\FileHandler' driver.
DEBUG - 2025-09-09 11:38:54 --> Session: Class initialized using 'CodeIgniter\Session\Handlers\FileHandler' driver.
DEBUG - 2025-09-09 11:39:00 --> Session: Class initialized using 'CodeIgniter\Session\Handlers\FileHandler' driver.
DEBUG - 2025-09-09 11:39:03 --> Session: Class initialized using 'CodeIgniter\Session\Handlers\FileHandler' driver.
DEBUG - 2025-09-09 11:39:03 --> Session: Class initialized using 'CodeIgniter\Session\Handlers\FileHandler' driver.
DEBUG - 2025-09-09 11:39:05 --> Session: Class initialized using 'CodeIgniter\Session\Handlers\FileHandler' driver.
DEBUG - 2025-09-09 11:39:07 --> Session: Class initialized using 'CodeIgniter\Session\Handlers\FileHandler' driver.
DEBUG - 2025-09-09 11:39:08 --> Session: Class initialized using 'CodeIgniter\Session\Handlers\FileHandler' driver.
DEBUG - 2025-09-09 11:39:09 --> Session: Class initialized using 'CodeIgniter\Session\Handlers\FileHandler' driver.
DEBUG - 2025-09-09 11:39:10 --> Session: Class initialized using 'CodeIgniter\Session\Handlers\FileHandler' driver.
DEBUG - 2025-09-09 11:39:16 --> Session: Class initialized using 'CodeIgniter\Session\Handlers\FileHandler' driver.
DEBUG - 2025-09-09 11:39:18 --> Session: Class initialized using 'CodeIgniter\Session\Handlers\FileHandler' driver.
DEBUG - 2025-09-09 11:39:18 --> Session: Class initialized using 'CodeIgniter\Session\Handlers\FileHandler' driver.
DEBUG - 2025-09-09 11:39:19 --> Session: Class initialized using 'CodeIgniter\Session\Handlers\FileHandler' driver.
DEBUG - 2025-09-09 11:39:21 --> Session: Class initialized using 'CodeIgniter\Session\Handlers\FileHandler' driver.
DEBUG - 2025-09-09 11:39:21 --> Session: Class initialized using 'CodeIgniter\Session\Handlers\FileHandler' driver.
DEBUG - 2025-09-09 11:39:25 --> Session: Class initialized using 'CodeIgniter\Session\Handlers\FileHandler' driver.
DEBUG - 2025-09-09 11:39:32 --> Session: Class initialized using 'CodeIgniter\Session\Handlers\FileHandler' driver.
DEBUG - 2025-09-09 11:39:32 --> Session: Class initialized using 'CodeIgniter\Session\Handlers\FileHandler' driver.
DEBUG - 2025-09-09 11:46:39 --> Session: Class initialized using 'CodeIgniter\Session\Handlers\FileHandler' driver.
DEBUG - 2025-09-09 11:46:40 --> Session: Class initialized using 'CodeIgniter\Session\Handlers\FileHandler' driver.
CRITICAL - 2025-09-09 11:46:41 --> ErrorException: unlink(C:\xampp\htdocs\hms_ram\writable\debugbar/debugbar_1757417940.117962.json): No such file or directory
[Method: GET, Route: /]
in SYSTEMPATH\Debug\Toolbar\Collectors\History.php on line 82.
 1 [internal function]: CodeIgniter\Debug\Exceptions->errorHandler(2, 'unlink(C:\\xampp\\htdocs\\hms_ram\\writable\\debugbar/debugbar_1757417940.117962.json): No such file or directory', 'C:\\xampp\\htdocs\\hms_ram\\system\\Debug\\Toolbar\\Collectors\\History.php', 82)
 2 SYSTEMPATH\Debug\Toolbar\Collectors\History.php(82): unlink('C:\\xampp\\htdocs\\hms_ram\\writable\\debugbar/debugbar_1757417940.117962.json')
 3 SYSTEMPATH\Debug\Toolbar.php(517): CodeIgniter\Debug\Toolbar\Collectors\History->setFiles('1757418400.170522', 20)
 4 SYSTEMPATH\Debug\Toolbar.php(496): CodeIgniter\Debug\Toolbar->format([...], 'html')
 5 APPPATH\Config\Events.php(47): CodeIgniter\Debug\Toolbar->respond()
 6 SYSTEMPATH\Events\Events.php(155): CodeIgniter\Events\Events::Config\{closure}()
 7 SYSTEMPATH\CodeIgniter.php(339): CodeIgniter\Events\Events::trigger('pre_system')
 8 SYSTEMPATH\Boot.php(334): CodeIgniter\CodeIgniter->run()
 9 SYSTEMPATH\Boot.php(67): CodeIgniter\Boot::runCodeIgniter(Object(CodeIgniter\CodeIgniter))
10 FCPATH\index.php(46): CodeIgniter\Boot::bootWeb(Object(Config\Paths))
DEBUG - 2025-09-09 11:46:57 --> Session: Class initialized using 'CodeIgniter\Session\Handlers\FileHandler' driver.
DEBUG - 2025-09-09 11:46:57 --> Session: Class initialized using 'CodeIgniter\Session\Handlers\FileHandler' driver.
DEBUG - 2025-09-09 11:47:18 --> Session: Class initialized using 'CodeIgniter\Session\Handlers\FileHandler' driver.
DEBUG - 2025-09-09 11:47:29 --> Session: Class initialized using 'CodeIgniter\Session\Handlers\FileHandler' driver.
DEBUG - 2025-09-09 11:47:31 --> Session: Class initialized using 'CodeIgniter\Session\Handlers\FileHandler' driver.
DEBUG - 2025-09-09 11:47:34 --> Session: Class initialized using 'CodeIgniter\Session\Handlers\FileHandler' driver.
DEBUG - 2025-09-09 11:47:37 --> Session: Class initialized using 'CodeIgniter\Session\Handlers\FileHandler' driver.
DEBUG - 2025-09-09 11:47:37 --> Session: Class initialized using 'CodeIgniter\Session\Handlers\FileHandler' driver.
DEBUG - 2025-09-09 11:47:43 --> Session: Class initialized using 'CodeIgniter\Session\Handlers\FileHandler' driver.
DEBUG - 2025-09-09 11:47:45 --> Session: Class initialized using 'CodeIgniter\Session\Handlers\FileHandler' driver.
DEBUG - 2025-09-09 11:48:06 --> Session: Class initialized using 'CodeIgniter\Session\Handlers\FileHandler' driver.
DEBUG - 2025-09-09 11:48:06 --> Session: Class initialized using 'CodeIgniter\Session\Handlers\FileHandler' driver.
DEBUG - 2025-09-09 11:48:12 --> Session: Class initialized using 'CodeIgniter\Session\Handlers\FileHandler' driver.
DEBUG - 2025-09-09 11:48:14 --> Session: Class initialized using 'CodeIgniter\Session\Handlers\FileHandler' driver.
DEBUG - 2025-09-09 11:48:23 --> Session: Class initialized using 'CodeIgniter\Session\Handlers\FileHandler' driver.
DEBUG - 2025-09-09 11:48:23 --> Session: Class initialized using 'CodeIgniter\Session\Handlers\FileHandler' driver.
DEBUG - 2025-09-09 11:48:25 --> Session: Class initialized using 'CodeIgniter\Session\Handlers\FileHandler' driver.
DEBUG - 2025-09-09 11:48:27 --> Session: Class initialized using 'CodeIgniter\Session\Handlers\FileHandler' driver.
DEBUG - 2025-09-09 11:48:41 --> Session: Class initialized using 'CodeIgniter\Session\Handlers\FileHandler' driver.
DEBUG - 2025-09-09 11:48:46 --> Session: Class initialized using 'CodeIgniter\Session\Handlers\FileHandler' driver.
DEBUG - 2025-09-09 11:48:46 --> Session: Class initialized using 'CodeIgniter\Session\Handlers\FileHandler' driver.
DEBUG - 2025-09-09 11:48:56 --> Session: Class initialized using 'CodeIgniter\Session\Handlers\FileHandler' driver.
DEBUG - 2025-09-09 11:49:14 --> Session: Class initialized using 'CodeIgniter\Session\Handlers\FileHandler' driver.
DEBUG - 2025-09-09 11:49:17 --> Session: Class initialized using 'CodeIgniter\Session\Handlers\FileHandler' driver.
DEBUG - 2025-09-09 11:49:17 --> Session: Class initialized using 'CodeIgniter\Session\Handlers\FileHandler' driver.
DEBUG - 2025-09-09 11:49:25 --> Session: Class initialized using 'CodeIgniter\Session\Handlers\FileHandler' driver.
DEBUG - 2025-09-09 11:49:29 --> Session: Class initialized using 'CodeIgniter\Session\Handlers\FileHandler' driver.
DEBUG - 2025-09-09 11:49:29 --> Session: Class initialized using 'CodeIgniter\Session\Handlers\FileHandler' driver.
DEBUG - 2025-09-09 11:57:14 --> Session: Class initialized using 'CodeIgniter\Session\Handlers\FileHandler' driver.
DEBUG - 2025-09-09 11:57:17 --> Session: Class initialized using 'CodeIgniter\Session\Handlers\FileHandler' driver.
DEBUG - 2025-09-09 11:58:58 --> Session: Class initialized using 'CodeIgniter\Session\Handlers\FileHandler' driver.
DEBUG - 2025-09-09 11:58:59 --> Session: Class initialized using 'CodeIgniter\Session\Handlers\FileHandler' driver.
DEBUG - 2025-09-09 11:59:13 --> Session: Class initialized using 'CodeIgniter\Session\Handlers\FileHandler' driver.
DEBUG - 2025-09-09 11:59:15 --> Session: Class initialized using 'CodeIgniter\Session\Handlers\FileHandler' driver.
DEBUG - 2025-09-09 11:59:15 --> Session: Class initialized using 'CodeIgniter\Session\Handlers\FileHandler' driver.
DEBUG - 2025-09-09 11:59:17 --> Session: Class initialized using 'CodeIgniter\Session\Handlers\FileHandler' driver.
DEBUG - 2025-09-09 11:59:20 --> Session: Class initialized using 'CodeIgniter\Session\Handlers\FileHandler' driver.
DEBUG - 2025-09-09 11:59:20 --> Session: Class initialized using 'CodeIgniter\Session\Handlers\FileHandler' driver.
DEBUG - 2025-09-09 11:59:22 --> Session: Class initialized using 'CodeIgniter\Session\Handlers\FileHandler' driver.
DEBUG - 2025-09-09 11:59:22 --> Session: Class initialized using 'CodeIgniter\Session\Handlers\FileHandler' driver.
DEBUG - 2025-09-09 11:59:25 --> Session: Class initialized using 'CodeIgniter\Session\Handlers\FileHandler' driver.
DEBUG - 2025-09-09 11:59:25 --> Session: Class initialized using 'CodeIgniter\Session\Handlers\FileHandler' driver.
DEBUG - 2025-09-09 11:59:31 --> Session: Class initialized using 'CodeIgniter\Session\Handlers\FileHandler' driver.
DEBUG - 2025-09-09 11:59:43 --> Session: Class initialized using 'CodeIgniter\Session\Handlers\FileHandler' driver.
DEBUG - 2025-09-09 11:59:43 --> Session: Class initialized using 'CodeIgniter\Session\Handlers\FileHandler' driver.
DEBUG - 2025-09-09 11:59:45 --> Session: Class initialized using 'CodeIgniter\Session\Handlers\FileHandler' driver.
DEBUG - 2025-09-09 11:59:47 --> Session: Class initialized using 'CodeIgniter\Session\Handlers\FileHandler' driver.
DEBUG - 2025-09-09 11:59:47 --> Session: Class initialized using 'CodeIgniter\Session\Handlers\FileHandler' driver.
DEBUG - 2025-09-09 11:59:51 --> Session: Class initialized using 'CodeIgniter\Session\Handlers\FileHandler' driver.
DEBUG - 2025-09-09 12:00:01 --> Session: Class initialized using 'CodeIgniter\Session\Handlers\FileHandler' driver.
DEBUG - 2025-09-09 12:00:08 --> Session: Class initialized using 'CodeIgniter\Session\Handlers\FileHandler' driver.
DEBUG - 2025-09-09 12:00:15 --> Session: Class initialized using 'CodeIgniter\Session\Handlers\FileHandler' driver.
DEBUG - 2025-09-09 12:00:16 --> Session: Class initialized using 'CodeIgniter\Session\Handlers\FileHandler' driver.
DEBUG - 2025-09-09 12:04:38 --> Session: Class initialized using 'CodeIgniter\Session\Handlers\FileHandler' driver.
DEBUG - 2025-09-09 12:04:38 --> Session: Class initialized using 'CodeIgniter\Session\Handlers\FileHandler' driver.
CRITICAL - 2025-09-09 12:04:40 --> ErrorException: unlink(C:\xampp\htdocs\hms_ram\writable\debugbar/debugbar_1757419160.836448.json): No such file or directory
[Method: GET, Route: /]
in SYSTEMPATH\Debug\Toolbar\Collectors\History.php on line 82.
 1 [internal function]: CodeIgniter\Debug\Exceptions->errorHandler(2, 'unlink(C:\\xampp\\htdocs\\hms_ram\\writable\\debugbar/debugbar_1757419160.836448.json): No such file or directory', 'C:\\xampp\\htdocs\\hms_ram\\system\\Debug\\Toolbar\\Collectors\\History.php', 82)
 2 SYSTEMPATH\Debug\Toolbar\Collectors\History.php(82): unlink('C:\\xampp\\htdocs\\hms_ram\\writable\\debugbar/debugbar_1757419160.836448.json')
 3 SYSTEMPATH\Debug\Toolbar.php(517): CodeIgniter\Debug\Toolbar\Collectors\History->setFiles('1757419478.915518', 20)
 4 SYSTEMPATH\Debug\Toolbar.php(496): CodeIgniter\Debug\Toolbar->format([...], 'html')
 5 APPPATH\Config\Events.php(47): CodeIgniter\Debug\Toolbar->respond()
 6 SYSTEMPATH\Events\Events.php(155): CodeIgniter\Events\Events::Config\{closure}()
 7 SYSTEMPATH\CodeIgniter.php(339): CodeIgniter\Events\Events::trigger('pre_system')
 8 SYSTEMPATH\Boot.php(334): CodeIgniter\CodeIgniter->run()
 9 SYSTEMPATH\Boot.php(67): CodeIgniter\Boot::runCodeIgniter(Object(CodeIgniter\CodeIgniter))
10 FCPATH\index.php(46): CodeIgniter\Boot::bootWeb(Object(Config\Paths))
DEBUG - 2025-09-09 12:04:44 --> Session: Class initialized using 'CodeIgniter\Session\Handlers\FileHandler' driver.
DEBUG - 2025-09-09 12:04:46 --> Session: Class initialized using 'CodeIgniter\Session\Handlers\FileHandler' driver.
DEBUG - 2025-09-09 12:04:49 --> Session: Class initialized using 'CodeIgniter\Session\Handlers\FileHandler' driver.
DEBUG - 2025-09-09 12:04:49 --> Session: Class initialized using 'CodeIgniter\Session\Handlers\FileHandler' driver.
DEBUG - 2025-09-09 12:04:51 --> Session: Class initialized using 'CodeIgniter\Session\Handlers\FileHandler' driver.
DEBUG - 2025-09-09 12:04:53 --> Session: Class initialized using 'CodeIgniter\Session\Handlers\FileHandler' driver.
DEBUG - 2025-09-09 12:04:53 --> Session: Class initialized using 'CodeIgniter\Session\Handlers\FileHandler' driver.
DEBUG - 2025-09-09 12:04:55 --> Session: Class initialized using 'CodeIgniter\Session\Handlers\FileHandler' driver.
DEBUG - 2025-09-09 12:04:55 --> Session: Class initialized using 'CodeIgniter\Session\Handlers\FileHandler' driver.
DEBUG - 2025-09-09 12:06:00 --> Session: Class initialized using 'CodeIgniter\Session\Handlers\FileHandler' driver.
DEBUG - 2025-09-09 12:06:00 --> Session: Class initialized using 'CodeIgniter\Session\Handlers\FileHandler' driver.
DEBUG - 2025-09-09 12:06:03 --> Session: Class initialized using 'CodeIgniter\Session\Handlers\FileHandler' driver.
DEBUG - 2025-09-09 12:06:03 --> Session: Class initialized using 'CodeIgniter\Session\Handlers\FileHandler' driver.
DEBUG - 2025-09-09 12:06:55 --> Session: Class initialized using 'CodeIgniter\Session\Handlers\FileHandler' driver.
DEBUG - 2025-09-09 12:06:55 --> Posted Description: Denots as branda
s sd 
DEBUG - 2025-09-09 12:06:55 --> Session: Class initialized using 'CodeIgniter\Session\Handlers\FileHandler' driver.
DEBUG - 2025-09-09 12:08:05 --> Session: Class initialized using 'CodeIgniter\Session\Handlers\FileHandler' driver.
DEBUG - 2025-09-09 12:08:06 --> Session: Class initialized using 'CodeIgniter\Session\Handlers\FileHandler' driver.
DEBUG - 2025-09-09 12:08:38 --> Session: Class initialized using 'CodeIgniter\Session\Handlers\FileHandler' driver.
DEBUG - 2025-09-09 12:08:39 --> Session: Class initialized using 'CodeIgniter\Session\Handlers\FileHandler' driver.
DEBUG - 2025-09-09 12:08:41 --> Session: Class initialized using 'CodeIgniter\Session\Handlers\FileHandler' driver.
DEBUG - 2025-09-09 12:08:44 --> Session: Class initialized using 'CodeIgniter\Session\Handlers\FileHandler' driver.
DEBUG - 2025-09-09 12:08:44 --> Posted Description: Denots as brandxdsw

DEBUG - 2025-09-09 12:08:44 --> Session: Class initialized using 'CodeIgniter\Session\Handlers\FileHandler' driver.
DEBUG - 2025-09-09 12:09:13 --> Session: Class initialized using 'CodeIgniter\Session\Handlers\FileHandler' driver.
DEBUG - 2025-09-09 12:09:13 --> Session: Class initialized using 'CodeIgniter\Session\Handlers\FileHandler' driver.
DEBUG - 2025-09-09 12:09:18 --> Session: Class initialized using 'CodeIgniter\Session\Handlers\FileHandler' driver.
DEBUG - 2025-09-09 12:09:18 --> Session: Class initialized using 'CodeIgniter\Session\Handlers\FileHandler' driver.
DEBUG - 2025-09-09 12:09:21 --> Session: Class initialized using 'CodeIgniter\Session\Handlers\FileHandler' driver.
DEBUG - 2025-09-09 12:09:21 --> Session: Class initialized using 'CodeIgniter\Session\Handlers\FileHandler' driver.
DEBUG - 2025-09-09 12:09:42 --> Session: Class initialized using 'CodeIgniter\Session\Handlers\FileHandler' driver.
DEBUG - 2025-09-09 12:09:42 --> Session: Class initialized using 'CodeIgniter\Session\Handlers\FileHandler' driver.
DEBUG - 2025-09-09 12:09:45 --> Session: Class initialized using 'CodeIgniter\Session\Handlers\FileHandler' driver.
DEBUG - 2025-09-09 12:09:46 --> Session: Class initialized using 'CodeIgniter\Session\Handlers\FileHandler' driver.
DEBUG - 2025-09-09 12:09:49 --> Session: Class initialized using 'CodeIgniter\Session\Handlers\FileHandler' driver.
DEBUG - 2025-09-09 12:09:49 --> Updating brand ID 1 with data: {"csrf_test_name":"655e6869403a476e9b7608d0e229e65d","brand_name":"Ciplasw","description":"Denots as brandxdswwwww\r\n"}
DEBUG - 2025-09-09 12:09:49 --> Update succeeded for brand ID 1
DEBUG - 2025-09-09 12:09:49 --> Session: Class initialized using 'CodeIgniter\Session\Handlers\FileHandler' driver.
DEBUG - 2025-09-09 12:09:53 --> Session: Class initialized using 'CodeIgniter\Session\Handlers\FileHandler' driver.
DEBUG - 2025-09-09 12:09:55 --> Session: Class initialized using 'CodeIgniter\Session\Handlers\FileHandler' driver.
DEBUG - 2025-09-09 12:09:55 --> Updating brand ID 1 with data: {"csrf_test_name":"655e6869403a476e9b7608d0e229e65d","brand_name":"Ciplaswl","description":"Denots as brandxdswwwww\r\n"}
DEBUG - 2025-09-09 12:09:55 --> Update succeeded for brand ID 1
DEBUG - 2025-09-09 12:09:56 --> Session: Class initialized using 'CodeIgniter\Session\Handlers\FileHandler' driver.
DEBUG - 2025-09-09 12:09:57 --> Session: Class initialized using 'CodeIgniter\Session\Handlers\FileHandler' driver.
DEBUG - 2025-09-09 12:09:59 --> Session: Class initialized using 'CodeIgniter\Session\Handlers\FileHandler' driver.
DEBUG - 2025-09-09 12:09:59 --> Updating brand ID 1 with data: {"csrf_test_name":"655e6869403a476e9b7608d0e229e65d","brand_name":"Ciplaswl","description":"Denots as brandxdswwwwwoo\r\n"}
DEBUG - 2025-09-09 12:09:59 --> Update failed for brand ID 1
DEBUG - 2025-09-09 12:10:00 --> Session: Class initialized using 'CodeIgniter\Session\Handlers\FileHandler' driver.
DEBUG - 2025-09-09 12:10:01 --> Session: Class initialized using 'CodeIgniter\Session\Handlers\FileHandler' driver.
DEBUG - 2025-09-09 12:10:01 --> Updating brand ID 1 with data: {"csrf_test_name":"655e6869403a476e9b7608d0e229e65d","brand_name":"Ciplaswl","description":"Denots as brandxdswwwwwoo\r\n"}
DEBUG - 2025-09-09 12:10:01 --> Update failed for brand ID 1
DEBUG - 2025-09-09 12:10:01 --> Session: Class initialized using 'CodeIgniter\Session\Handlers\FileHandler' driver.
DEBUG - 2025-09-09 12:12:05 --> Session: Class initialized using 'CodeIgniter\Session\Handlers\FileHandler' driver.
DEBUG - 2025-09-09 12:12:05 --> Session: Class initialized using 'CodeIgniter\Session\Handlers\FileHandler' driver.
DEBUG - 2025-09-09 12:12:07 --> Session: Class initialized using 'CodeIgniter\Session\Handlers\FileHandler' driver.
DEBUG - 2025-09-09 12:12:12 --> Session: Class initialized using 'CodeIgniter\Session\Handlers\FileHandler' driver.
DEBUG - 2025-09-09 12:12:12 --> Brand name submitted: Ciplaswl
DEBUG - 2025-09-09 12:12:12 --> Update failed for brand ID 1
DEBUG - 2025-09-09 12:12:12 --> Session: Class initialized using 'CodeIgniter\Session\Handlers\FileHandler' driver.
DEBUG - 2025-09-09 12:12:17 --> Session: Class initialized using 'CodeIgniter\Session\Handlers\FileHandler' driver.
DEBUG - 2025-09-09 12:12:20 --> Session: Class initialized using 'CodeIgniter\Session\Handlers\FileHandler' driver.
DEBUG - 2025-09-09 12:12:29 --> Session: Class initialized using 'CodeIgniter\Session\Handlers\FileHandler' driver.
DEBUG - 2025-09-09 12:12:30 --> Session: Class initialized using 'CodeIgniter\Session\Handlers\FileHandler' driver.
DEBUG - 2025-09-09 12:13:27 --> Session: Class initialized using 'CodeIgniter\Session\Handlers\FileHandler' driver.
DEBUG - 2025-09-09 12:13:29 --> Session: Class initialized using 'CodeIgniter\Session\Handlers\FileHandler' driver.
DEBUG - 2025-09-09 12:14:39 --> Session: Class initialized using 'CodeIgniter\Session\Handlers\FileHandler' driver.
CRITICAL - 2025-09-09 12:14:39 --> ErrorException: Undefined array key "description"
[Method: GET, Route: pharmacy/brands]
in APPPATH\Views\pharmacy\brands\index.php on line 29.
 1 APPPATH\Views\pharmacy\brands\index.php(29): CodeIgniter\Debug\Exceptions->errorHandler(2, 'Undefined array key "description"', 'C:\\xampp\\htdocs\\hms_ram\\app\\Views\\pharmacy\\brands\\index.php', 29)
 2 SYSTEMPATH\View\View.php(224): include('C:\\xampp\\htdocs\\hms_ram\\app\\Views\\pharmacy\\brands\\index.php')
 3 SYSTEMPATH\View\View.php(227): CodeIgniter\View\View->CodeIgniter\View\{closure}()
 4 SYSTEMPATH\Common.php(1173): CodeIgniter\View\View->render('pharmacy/brands/index', [], true)
 5 APPPATH\Controllers\Pharmacy\Brands.php(21): view('pharmacy/brands/index', [...])
 6 SYSTEMPATH\CodeIgniter.php(933): App\Controllers\Pharmacy\Brands->index()
 7 SYSTEMPATH\CodeIgniter.php(507): CodeIgniter\CodeIgniter->runController(Object(App\Controllers\Pharmacy\Brands))
 8 SYSTEMPATH\CodeIgniter.php(354): CodeIgniter\CodeIgniter->handleRequest(null, Object(Config\Cache), false)
 9 SYSTEMPATH\Boot.php(334): CodeIgniter\CodeIgniter->run()
10 SYSTEMPATH\Boot.php(67): CodeIgniter\Boot::runCodeIgniter(Object(CodeIgniter\CodeIgniter))
11 FCPATH\index.php(46): CodeIgniter\Boot::bootWeb(Object(Config\Paths))
DEBUG - 2025-09-09 12:14:39 --> Session: Class initialized using 'CodeIgniter\Session\Handlers\FileHandler' driver.
CRITICAL - 2025-09-09 12:14:39 --> ErrorException: Undefined array key "description"
[Method: GET, Route: pharmacy/generics]
in APPPATH\Views\pharmacy\generics\index.php on line 29.
 1 APPPATH\Views\pharmacy\generics\index.php(29): CodeIgniter\Debug\Exceptions->errorHandler(2, 'Undefined array key "description"', 'C:\\xampp\\htdocs\\hms_ram\\app\\Views\\pharmacy\\generics\\index.php', 29)
 2 SYSTEMPATH\View\View.php(224): include('C:\\xampp\\htdocs\\hms_ram\\app\\Views\\pharmacy\\generics\\index.php')
 3 SYSTEMPATH\View\View.php(227): CodeIgniter\View\View->CodeIgniter\View\{closure}()
 4 SYSTEMPATH\Common.php(1173): CodeIgniter\View\View->render('pharmacy/generics/index', [], true)
 5 APPPATH\Controllers\Pharmacy\Generics.php(21): view('pharmacy/generics/index', [...])
 6 SYSTEMPATH\CodeIgniter.php(933): App\Controllers\Pharmacy\Generics->index()
 7 SYSTEMPATH\CodeIgniter.php(507): CodeIgniter\CodeIgniter->runController(Object(App\Controllers\Pharmacy\Generics))
 8 SYSTEMPATH\CodeIgniter.php(354): CodeIgniter\CodeIgniter->handleRequest(null, Object(Config\Cache), false)
 9 SYSTEMPATH\Boot.php(334): CodeIgniter\CodeIgniter->run()
10 SYSTEMPATH\Boot.php(67): CodeIgniter\Boot::runCodeIgniter(Object(CodeIgniter\CodeIgniter))
11 FCPATH\index.php(46): CodeIgniter\Boot::bootWeb(Object(Config\Paths))
DEBUG - 2025-09-09 12:14:39 --> Session: Class initialized using 'CodeIgniter\Session\Handlers\FileHandler' driver.
DEBUG - 2025-09-09 12:14:42 --> Session: Class initialized using 'CodeIgniter\Session\Handlers\FileHandler' driver.
DEBUG - 2025-09-09 12:14:51 --> Session: Class initialized using 'CodeIgniter\Session\Handlers\FileHandler' driver.
DEBUG - 2025-09-09 12:15:25 --> Session: Class initialized using 'CodeIgniter\Session\Handlers\FileHandler' driver.
DEBUG - 2025-09-09 12:15:30 --> Session: Class initialized using 'CodeIgniter\Session\Handlers\FileHandler' driver.
CRITICAL - 2025-09-09 12:15:30 --> ErrorException: Undefined array key "description"
[Method: GET, Route: pharmacy/brands]
in APPPATH\Views\pharmacy\brands\index.php on line 29.
 1 APPPATH\Views\pharmacy\brands\index.php(29): CodeIgniter\Debug\Exceptions->errorHandler(2, 'Undefined array key "description"', 'C:\\xampp\\htdocs\\hms_ram\\app\\Views\\pharmacy\\brands\\index.php', 29)
 2 SYSTEMPATH\View\View.php(224): include('C:\\xampp\\htdocs\\hms_ram\\app\\Views\\pharmacy\\brands\\index.php')
 3 SYSTEMPATH\View\View.php(227): CodeIgniter\View\View->CodeIgniter\View\{closure}()
 4 SYSTEMPATH\Common.php(1173): CodeIgniter\View\View->render('pharmacy/brands/index', [], true)
 5 APPPATH\Controllers\Pharmacy\Brands.php(21): view('pharmacy/brands/index', [...])
 6 SYSTEMPATH\CodeIgniter.php(933): App\Controllers\Pharmacy\Brands->index()
 7 SYSTEMPATH\CodeIgniter.php(507): CodeIgniter\CodeIgniter->runController(Object(App\Controllers\Pharmacy\Brands))
 8 SYSTEMPATH\CodeIgniter.php(354): CodeIgniter\CodeIgniter->handleRequest(null, Object(Config\Cache), false)
 9 SYSTEMPATH\Boot.php(334): CodeIgniter\CodeIgniter->run()
10 SYSTEMPATH\Boot.php(67): CodeIgniter\Boot::runCodeIgniter(Object(CodeIgniter\CodeIgniter))
11 FCPATH\index.php(46): CodeIgniter\Boot::bootWeb(Object(Config\Paths))
DEBUG - 2025-09-09 12:15:31 --> Session: Class initialized using 'CodeIgniter\Session\Handlers\FileHandler' driver.
CRITICAL - 2025-09-09 12:15:31 --> ErrorException: Undefined array key "description"
[Method: GET, Route: pharmacy/brands/edit/1]
in APPPATH\Views\pharmacy\brands\edit.php on line 19.
 1 APPPATH\Views\pharmacy\brands\edit.php(19): CodeIgniter\Debug\Exceptions->errorHandler(2, 'Undefined array key "description"', 'C:\\xampp\\htdocs\\hms_ram\\app\\Views\\pharmacy\\brands\\edit.php', 19)
 2 SYSTEMPATH\View\View.php(224): include('C:\\xampp\\htdocs\\hms_ram\\app\\Views\\pharmacy\\brands\\edit.php')
 3 SYSTEMPATH\View\View.php(227): CodeIgniter\View\View->CodeIgniter\View\{closure}()
 4 SYSTEMPATH\Common.php(1173): CodeIgniter\View\View->render('pharmacy/brands/edit', [], true)
 5 APPPATH\Controllers\Pharmacy\Brands.php(93): view('pharmacy/brands/edit', [...])
 6 SYSTEMPATH\CodeIgniter.php(933): App\Controllers\Pharmacy\Brands->edit('1')
 7 SYSTEMPATH\CodeIgniter.php(507): CodeIgniter\CodeIgniter->runController(Object(App\Controllers\Pharmacy\Brands))
 8 SYSTEMPATH\CodeIgniter.php(354): CodeIgniter\CodeIgniter->handleRequest(null, Object(Config\Cache), false)
 9 SYSTEMPATH\Boot.php(334): CodeIgniter\CodeIgniter->run()
10 SYSTEMPATH\Boot.php(67): CodeIgniter\Boot::runCodeIgniter(Object(CodeIgniter\CodeIgniter))
11 FCPATH\index.php(46): CodeIgniter\Boot::bootWeb(Object(Config\Paths))
DEBUG - 2025-09-09 12:15:31 --> Session: Class initialized using 'CodeIgniter\Session\Handlers\FileHandler' driver.
CRITICAL - 2025-09-09 12:15:31 --> ErrorException: Undefined array key "description"
[Method: GET, Route: pharmacy/brands/edit/1]
in APPPATH\Views\pharmacy\brands\edit.php on line 19.
 1 APPPATH\Views\pharmacy\brands\edit.php(19): CodeIgniter\Debug\Exceptions->errorHandler(2, 'Undefined array key "description"', 'C:\\xampp\\htdocs\\hms_ram\\app\\Views\\pharmacy\\brands\\edit.php', 19)
 2 SYSTEMPATH\View\View.php(224): include('C:\\xampp\\htdocs\\hms_ram\\app\\Views\\pharmacy\\brands\\edit.php')
 3 SYSTEMPATH\View\View.php(227): CodeIgniter\View\View->CodeIgniter\View\{closure}()
 4 SYSTEMPATH\Common.php(1173): CodeIgniter\View\View->render('pharmacy/brands/edit', [], true)
 5 APPPATH\Controllers\Pharmacy\Brands.php(93): view('pharmacy/brands/edit', [...])
 6 SYSTEMPATH\CodeIgniter.php(933): App\Controllers\Pharmacy\Brands->edit('1')
 7 SYSTEMPATH\CodeIgniter.php(507): CodeIgniter\CodeIgniter->runController(Object(App\Controllers\Pharmacy\Brands))
 8 SYSTEMPATH\CodeIgniter.php(354): CodeIgniter\CodeIgniter->handleRequest(null, Object(Config\Cache), false)
 9 SYSTEMPATH\Boot.php(334): CodeIgniter\CodeIgniter->run()
10 SYSTEMPATH\Boot.php(67): CodeIgniter\Boot::runCodeIgniter(Object(CodeIgniter\CodeIgniter))
11 FCPATH\index.php(46): CodeIgniter\Boot::bootWeb(Object(Config\Paths))
DEBUG - 2025-09-09 12:15:32 --> Session: Class initialized using 'CodeIgniter\Session\Handlers\FileHandler' driver.
CRITICAL - 2025-09-09 12:15:32 --> ErrorException: Undefined array key "description"
[Method: GET, Route: pharmacy/brands/edit/1]
in APPPATH\Views\pharmacy\brands\edit.php on line 19.
 1 APPPATH\Views\pharmacy\brands\edit.php(19): CodeIgniter\Debug\Exceptions->errorHandler(2, 'Undefined array key "description"', 'C:\\xampp\\htdocs\\hms_ram\\app\\Views\\pharmacy\\brands\\edit.php', 19)
 2 SYSTEMPATH\View\View.php(224): include('C:\\xampp\\htdocs\\hms_ram\\app\\Views\\pharmacy\\brands\\edit.php')
 3 SYSTEMPATH\View\View.php(227): CodeIgniter\View\View->CodeIgniter\View\{closure}()
 4 SYSTEMPATH\Common.php(1173): CodeIgniter\View\View->render('pharmacy/brands/edit', [], true)
 5 APPPATH\Controllers\Pharmacy\Brands.php(93): view('pharmacy/brands/edit', [...])
 6 SYSTEMPATH\CodeIgniter.php(933): App\Controllers\Pharmacy\Brands->edit('1')
 7 SYSTEMPATH\CodeIgniter.php(507): CodeIgniter\CodeIgniter->runController(Object(App\Controllers\Pharmacy\Brands))
 8 SYSTEMPATH\CodeIgniter.php(354): CodeIgniter\CodeIgniter->handleRequest(null, Object(Config\Cache), false)
 9 SYSTEMPATH\Boot.php(334): CodeIgniter\CodeIgniter->run()
10 SYSTEMPATH\Boot.php(67): CodeIgniter\Boot::runCodeIgniter(Object(CodeIgniter\CodeIgniter))
11 FCPATH\index.php(46): CodeIgniter\Boot::bootWeb(Object(Config\Paths))
DEBUG - 2025-09-09 12:15:33 --> Session: Class initialized using 'CodeIgniter\Session\Handlers\FileHandler' driver.
CRITICAL - 2025-09-09 12:15:33 --> ErrorException: Undefined array key "description"
[Method: GET, Route: pharmacy/brands]
in APPPATH\Views\pharmacy\brands\index.php on line 29.
 1 APPPATH\Views\pharmacy\brands\index.php(29): CodeIgniter\Debug\Exceptions->errorHandler(2, 'Undefined array key "description"', 'C:\\xampp\\htdocs\\hms_ram\\app\\Views\\pharmacy\\brands\\index.php', 29)
 2 SYSTEMPATH\View\View.php(224): include('C:\\xampp\\htdocs\\hms_ram\\app\\Views\\pharmacy\\brands\\index.php')
 3 SYSTEMPATH\View\View.php(227): CodeIgniter\View\View->CodeIgniter\View\{closure}()
 4 SYSTEMPATH\Common.php(1173): CodeIgniter\View\View->render('pharmacy/brands/index', [], true)
 5 APPPATH\Controllers\Pharmacy\Brands.php(21): view('pharmacy/brands/index', [...])
 6 SYSTEMPATH\CodeIgniter.php(933): App\Controllers\Pharmacy\Brands->index()
 7 SYSTEMPATH\CodeIgniter.php(507): CodeIgniter\CodeIgniter->runController(Object(App\Controllers\Pharmacy\Brands))
 8 SYSTEMPATH\CodeIgniter.php(354): CodeIgniter\CodeIgniter->handleRequest(null, Object(Config\Cache), false)
 9 SYSTEMPATH\Boot.php(334): CodeIgniter\CodeIgniter->run()
10 SYSTEMPATH\Boot.php(67): CodeIgniter\Boot::runCodeIgniter(Object(CodeIgniter\CodeIgniter))
11 FCPATH\index.php(46): CodeIgniter\Boot::bootWeb(Object(Config\Paths))
DEBUG - 2025-09-09 12:15:33 --> Session: Class initialized using 'CodeIgniter\Session\Handlers\FileHandler' driver.
CRITICAL - 2025-09-09 12:15:33 --> ErrorException: Undefined array key "description"
[Method: GET, Route: pharmacy/brands/edit/1]
in APPPATH\Views\pharmacy\brands\edit.php on line 19.
 1 APPPATH\Views\pharmacy\brands\edit.php(19): CodeIgniter\Debug\Exceptions->errorHandler(2, 'Undefined array key "description"', 'C:\\xampp\\htdocs\\hms_ram\\app\\Views\\pharmacy\\brands\\edit.php', 19)
 2 SYSTEMPATH\View\View.php(224): include('C:\\xampp\\htdocs\\hms_ram\\app\\Views\\pharmacy\\brands\\edit.php')
 3 SYSTEMPATH\View\View.php(227): CodeIgniter\View\View->CodeIgniter\View\{closure}()
 4 SYSTEMPATH\Common.php(1173): CodeIgniter\View\View->render('pharmacy/brands/edit', [], true)
 5 APPPATH\Controllers\Pharmacy\Brands.php(93): view('pharmacy/brands/edit', [...])
 6 SYSTEMPATH\CodeIgniter.php(933): App\Controllers\Pharmacy\Brands->edit('1')
 7 SYSTEMPATH\CodeIgniter.php(507): CodeIgniter\CodeIgniter->runController(Object(App\Controllers\Pharmacy\Brands))
 8 SYSTEMPATH\CodeIgniter.php(354): CodeIgniter\CodeIgniter->handleRequest(null, Object(Config\Cache), false)
 9 SYSTEMPATH\Boot.php(334): CodeIgniter\CodeIgniter->run()
10 SYSTEMPATH\Boot.php(67): CodeIgniter\Boot::runCodeIgniter(Object(CodeIgniter\CodeIgniter))
11 FCPATH\index.php(46): CodeIgniter\Boot::bootWeb(Object(Config\Paths))
DEBUG - 2025-09-09 12:15:34 --> Session: Class initialized using 'CodeIgniter\Session\Handlers\FileHandler' driver.
CRITICAL - 2025-09-09 12:15:34 --> ErrorException: Undefined array key "description"
[Method: GET, Route: pharmacy/brands]
in APPPATH\Views\pharmacy\brands\index.php on line 29.
 1 APPPATH\Views\pharmacy\brands\index.php(29): CodeIgniter\Debug\Exceptions->errorHandler(2, 'Undefined array key "description"', 'C:\\xampp\\htdocs\\hms_ram\\app\\Views\\pharmacy\\brands\\index.php', 29)
 2 SYSTEMPATH\View\View.php(224): include('C:\\xampp\\htdocs\\hms_ram\\app\\Views\\pharmacy\\brands\\index.php')
 3 SYSTEMPATH\View\View.php(227): CodeIgniter\View\View->CodeIgniter\View\{closure}()
 4 SYSTEMPATH\Common.php(1173): CodeIgniter\View\View->render('pharmacy/brands/index', [], true)
 5 APPPATH\Controllers\Pharmacy\Brands.php(21): view('pharmacy/brands/index', [...])
 6 SYSTEMPATH\CodeIgniter.php(933): App\Controllers\Pharmacy\Brands->index()
 7 SYSTEMPATH\CodeIgniter.php(507): CodeIgniter\CodeIgniter->runController(Object(App\Controllers\Pharmacy\Brands))
 8 SYSTEMPATH\CodeIgniter.php(354): CodeIgniter\CodeIgniter->handleRequest(null, Object(Config\Cache), false)
 9 SYSTEMPATH\Boot.php(334): CodeIgniter\CodeIgniter->run()
10 SYSTEMPATH\Boot.php(67): CodeIgniter\Boot::runCodeIgniter(Object(CodeIgniter\CodeIgniter))
11 FCPATH\index.php(46): CodeIgniter\Boot::bootWeb(Object(Config\Paths))
DEBUG - 2025-09-09 12:15:34 --> Session: Class initialized using 'CodeIgniter\Session\Handlers\FileHandler' driver.
CRITICAL - 2025-09-09 12:15:34 --> ErrorException: Undefined array key "description"
[Method: GET, Route: pharmacy/brands/edit/1]
in APPPATH\Views\pharmacy\brands\edit.php on line 19.
 1 APPPATH\Views\pharmacy\brands\edit.php(19): CodeIgniter\Debug\Exceptions->errorHandler(2, 'Undefined array key "description"', 'C:\\xampp\\htdocs\\hms_ram\\app\\Views\\pharmacy\\brands\\edit.php', 19)
 2 SYSTEMPATH\View\View.php(224): include('C:\\xampp\\htdocs\\hms_ram\\app\\Views\\pharmacy\\brands\\edit.php')
 3 SYSTEMPATH\View\View.php(227): CodeIgniter\View\View->CodeIgniter\View\{closure}()
 4 SYSTEMPATH\Common.php(1173): CodeIgniter\View\View->render('pharmacy/brands/edit', [], true)
 5 APPPATH\Controllers\Pharmacy\Brands.php(93): view('pharmacy/brands/edit', [...])
 6 SYSTEMPATH\CodeIgniter.php(933): App\Controllers\Pharmacy\Brands->edit('1')
 7 SYSTEMPATH\CodeIgniter.php(507): CodeIgniter\CodeIgniter->runController(Object(App\Controllers\Pharmacy\Brands))
 8 SYSTEMPATH\CodeIgniter.php(354): CodeIgniter\CodeIgniter->handleRequest(null, Object(Config\Cache), false)
 9 SYSTEMPATH\Boot.php(334): CodeIgniter\CodeIgniter->run()
10 SYSTEMPATH\Boot.php(67): CodeIgniter\Boot::runCodeIgniter(Object(CodeIgniter\CodeIgniter))
11 FCPATH\index.php(46): CodeIgniter\Boot::bootWeb(Object(Config\Paths))
DEBUG - 2025-09-09 12:15:35 --> Session: Class initialized using 'CodeIgniter\Session\Handlers\FileHandler' driver.
CRITICAL - 2025-09-09 12:15:35 --> ErrorException: Undefined array key "description"
[Method: GET, Route: pharmacy/brands]
in APPPATH\Views\pharmacy\brands\index.php on line 29.
 1 APPPATH\Views\pharmacy\brands\index.php(29): CodeIgniter\Debug\Exceptions->errorHandler(2, 'Undefined array key "description"', 'C:\\xampp\\htdocs\\hms_ram\\app\\Views\\pharmacy\\brands\\index.php', 29)
 2 SYSTEMPATH\View\View.php(224): include('C:\\xampp\\htdocs\\hms_ram\\app\\Views\\pharmacy\\brands\\index.php')
 3 SYSTEMPATH\View\View.php(227): CodeIgniter\View\View->CodeIgniter\View\{closure}()
 4 SYSTEMPATH\Common.php(1173): CodeIgniter\View\View->render('pharmacy/brands/index', [], true)
 5 APPPATH\Controllers\Pharmacy\Brands.php(21): view('pharmacy/brands/index', [...])
 6 SYSTEMPATH\CodeIgniter.php(933): App\Controllers\Pharmacy\Brands->index()
 7 SYSTEMPATH\CodeIgniter.php(507): CodeIgniter\CodeIgniter->runController(Object(App\Controllers\Pharmacy\Brands))
 8 SYSTEMPATH\CodeIgniter.php(354): CodeIgniter\CodeIgniter->handleRequest(null, Object(Config\Cache), false)
 9 SYSTEMPATH\Boot.php(334): CodeIgniter\CodeIgniter->run()
10 SYSTEMPATH\Boot.php(67): CodeIgniter\Boot::runCodeIgniter(Object(CodeIgniter\CodeIgniter))
11 FCPATH\index.php(46): CodeIgniter\Boot::bootWeb(Object(Config\Paths))
DEBUG - 2025-09-09 12:15:35 --> Session: Class initialized using 'CodeIgniter\Session\Handlers\FileHandler' driver.
CRITICAL - 2025-09-09 12:15:35 --> ErrorException: Undefined array key "description"
[Method: GET, Route: pharmacy/brands/edit/1]
in APPPATH\Views\pharmacy\brands\edit.php on line 19.
 1 APPPATH\Views\pharmacy\brands\edit.php(19): CodeIgniter\Debug\Exceptions->errorHandler(2, 'Undefined array key "description"', 'C:\\xampp\\htdocs\\hms_ram\\app\\Views\\pharmacy\\brands\\edit.php', 19)
 2 SYSTEMPATH\View\View.php(224): include('C:\\xampp\\htdocs\\hms_ram\\app\\Views\\pharmacy\\brands\\edit.php')
 3 SYSTEMPATH\View\View.php(227): CodeIgniter\View\View->CodeIgniter\View\{closure}()
 4 SYSTEMPATH\Common.php(1173): CodeIgniter\View\View->render('pharmacy/brands/edit', [], true)
 5 APPPATH\Controllers\Pharmacy\Brands.php(93): view('pharmacy/brands/edit', [...])
 6 SYSTEMPATH\CodeIgniter.php(933): App\Controllers\Pharmacy\Brands->edit('1')
 7 SYSTEMPATH\CodeIgniter.php(507): CodeIgniter\CodeIgniter->runController(Object(App\Controllers\Pharmacy\Brands))
 8 SYSTEMPATH\CodeIgniter.php(354): CodeIgniter\CodeIgniter->handleRequest(null, Object(Config\Cache), false)
 9 SYSTEMPATH\Boot.php(334): CodeIgniter\CodeIgniter->run()
10 SYSTEMPATH\Boot.php(67): CodeIgniter\Boot::runCodeIgniter(Object(CodeIgniter\CodeIgniter))
11 FCPATH\index.php(46): CodeIgniter\Boot::bootWeb(Object(Config\Paths))
DEBUG - 2025-09-09 12:15:35 --> Session: Class initialized using 'CodeIgniter\Session\Handlers\FileHandler' driver.
CRITICAL - 2025-09-09 12:15:35 --> ErrorException: Undefined array key "description"
[Method: GET, Route: pharmacy/brands/edit/1]
in APPPATH\Views\pharmacy\brands\edit.php on line 19.
 1 APPPATH\Views\pharmacy\brands\edit.php(19): CodeIgniter\Debug\Exceptions->errorHandler(2, 'Undefined array key "description"', 'C:\\xampp\\htdocs\\hms_ram\\app\\Views\\pharmacy\\brands\\edit.php', 19)
 2 SYSTEMPATH\View\View.php(224): include('C:\\xampp\\htdocs\\hms_ram\\app\\Views\\pharmacy\\brands\\edit.php')
 3 SYSTEMPATH\View\View.php(227): CodeIgniter\View\View->CodeIgniter\View\{closure}()
 4 SYSTEMPATH\Common.php(1173): CodeIgniter\View\View->render('pharmacy/brands/edit', [], true)
 5 APPPATH\Controllers\Pharmacy\Brands.php(93): view('pharmacy/brands/edit', [...])
 6 SYSTEMPATH\CodeIgniter.php(933): App\Controllers\Pharmacy\Brands->edit('1')
 7 SYSTEMPATH\CodeIgniter.php(507): CodeIgniter\CodeIgniter->runController(Object(App\Controllers\Pharmacy\Brands))
 8 SYSTEMPATH\CodeIgniter.php(354): CodeIgniter\CodeIgniter->handleRequest(null, Object(Config\Cache), false)
 9 SYSTEMPATH\Boot.php(334): CodeIgniter\CodeIgniter->run()
10 SYSTEMPATH\Boot.php(67): CodeIgniter\Boot::runCodeIgniter(Object(CodeIgniter\CodeIgniter))
11 FCPATH\index.php(46): CodeIgniter\Boot::bootWeb(Object(Config\Paths))
DEBUG - 2025-09-09 12:18:23 --> Session: Class initialized using 'CodeIgniter\Session\Handlers\FileHandler' driver.
DEBUG - 2025-09-09 12:18:32 --> Session: Class initialized using 'CodeIgniter\Session\Handlers\FileHandler' driver.
DEBUG - 2025-09-09 12:18:36 --> Session: Class initialized using 'CodeIgniter\Session\Handlers\FileHandler' driver.
CRITICAL - 2025-09-09 12:18:36 --> ErrorException: Undefined array key "description"
[Method: GET, Route: pharmacy/brands/edit/1]
in APPPATH\Views\pharmacy\brands\edit.php on line 19.
 1 APPPATH\Views\pharmacy\brands\edit.php(19): CodeIgniter\Debug\Exceptions->errorHandler(2, 'Undefined array key "description"', 'C:\\xampp\\htdocs\\hms_ram\\app\\Views\\pharmacy\\brands\\edit.php', 19)
 2 SYSTEMPATH\View\View.php(224): include('C:\\xampp\\htdocs\\hms_ram\\app\\Views\\pharmacy\\brands\\edit.php')
 3 SYSTEMPATH\View\View.php(227): CodeIgniter\View\View->CodeIgniter\View\{closure}()
 4 SYSTEMPATH\Common.php(1173): CodeIgniter\View\View->render('pharmacy/brands/edit', [], true)
 5 APPPATH\Controllers\Pharmacy\Brands.php(63): view('pharmacy/brands/edit', [...])
 6 SYSTEMPATH\CodeIgniter.php(933): App\Controllers\Pharmacy\Brands->edit('1')
 7 SYSTEMPATH\CodeIgniter.php(507): CodeIgniter\CodeIgniter->runController(Object(App\Controllers\Pharmacy\Brands))
 8 SYSTEMPATH\CodeIgniter.php(354): CodeIgniter\CodeIgniter->handleRequest(null, Object(Config\Cache), false)
 9 SYSTEMPATH\Boot.php(334): CodeIgniter\CodeIgniter->run()
10 SYSTEMPATH\Boot.php(67): CodeIgniter\Boot::runCodeIgniter(Object(CodeIgniter\CodeIgniter))
11 FCPATH\index.php(46): CodeIgniter\Boot::bootWeb(Object(Config\Paths))
DEBUG - 2025-09-09 12:18:37 --> Session: Class initialized using 'CodeIgniter\Session\Handlers\FileHandler' driver.
CRITICAL - 2025-09-09 12:18:37 --> ErrorException: Undefined array key "description"
[Method: GET, Route: pharmacy/brands/edit/1]
in APPPATH\Views\pharmacy\brands\edit.php on line 19.
 1 APPPATH\Views\pharmacy\brands\edit.php(19): CodeIgniter\Debug\Exceptions->errorHandler(2, 'Undefined array key "description"', 'C:\\xampp\\htdocs\\hms_ram\\app\\Views\\pharmacy\\brands\\edit.php', 19)
 2 SYSTEMPATH\View\View.php(224): include('C:\\xampp\\htdocs\\hms_ram\\app\\Views\\pharmacy\\brands\\edit.php')
 3 SYSTEMPATH\View\View.php(227): CodeIgniter\View\View->CodeIgniter\View\{closure}()
 4 SYSTEMPATH\Common.php(1173): CodeIgniter\View\View->render('pharmacy/brands/edit', [], true)
 5 APPPATH\Controllers\Pharmacy\Brands.php(63): view('pharmacy/brands/edit', [...])
 6 SYSTEMPATH\CodeIgniter.php(933): App\Controllers\Pharmacy\Brands->edit('1')
 7 SYSTEMPATH\CodeIgniter.php(507): CodeIgniter\CodeIgniter->runController(Object(App\Controllers\Pharmacy\Brands))
 8 SYSTEMPATH\CodeIgniter.php(354): CodeIgniter\CodeIgniter->handleRequest(null, Object(Config\Cache), false)
 9 SYSTEMPATH\Boot.php(334): CodeIgniter\CodeIgniter->run()
10 SYSTEMPATH\Boot.php(67): CodeIgniter\Boot::runCodeIgniter(Object(CodeIgniter\CodeIgniter))
11 FCPATH\index.php(46): CodeIgniter\Boot::bootWeb(Object(Config\Paths))
DEBUG - 2025-09-09 12:18:38 --> Session: Class initialized using 'CodeIgniter\Session\Handlers\FileHandler' driver.
CRITICAL - 2025-09-09 12:18:38 --> ErrorException: Undefined array key "description"
[Method: GET, Route: pharmacy/brands/edit/1]
in APPPATH\Views\pharmacy\brands\edit.php on line 19.
 1 APPPATH\Views\pharmacy\brands\edit.php(19): CodeIgniter\Debug\Exceptions->errorHandler(2, 'Undefined array key "description"', 'C:\\xampp\\htdocs\\hms_ram\\app\\Views\\pharmacy\\brands\\edit.php', 19)
 2 SYSTEMPATH\View\View.php(224): include('C:\\xampp\\htdocs\\hms_ram\\app\\Views\\pharmacy\\brands\\edit.php')
 3 SYSTEMPATH\View\View.php(227): CodeIgniter\View\View->CodeIgniter\View\{closure}()
 4 SYSTEMPATH\Common.php(1173): CodeIgniter\View\View->render('pharmacy/brands/edit', [], true)
 5 APPPATH\Controllers\Pharmacy\Brands.php(63): view('pharmacy/brands/edit', [...])
 6 SYSTEMPATH\CodeIgniter.php(933): App\Controllers\Pharmacy\Brands->edit('1')
 7 SYSTEMPATH\CodeIgniter.php(507): CodeIgniter\CodeIgniter->runController(Object(App\Controllers\Pharmacy\Brands))
 8 SYSTEMPATH\CodeIgniter.php(354): CodeIgniter\CodeIgniter->handleRequest(null, Object(Config\Cache), false)
 9 SYSTEMPATH\Boot.php(334): CodeIgniter\CodeIgniter->run()
10 SYSTEMPATH\Boot.php(67): CodeIgniter\Boot::runCodeIgniter(Object(CodeIgniter\CodeIgniter))
11 FCPATH\index.php(46): CodeIgniter\Boot::bootWeb(Object(Config\Paths))
DEBUG - 2025-09-09 12:18:38 --> Session: Class initialized using 'CodeIgniter\Session\Handlers\FileHandler' driver.
CRITICAL - 2025-09-09 12:18:38 --> ErrorException: Undefined array key "description"
[Method: GET, Route: pharmacy/brands]
in APPPATH\Views\pharmacy\brands\index.php on line 29.
 1 APPPATH\Views\pharmacy\brands\index.php(29): CodeIgniter\Debug\Exceptions->errorHandler(2, 'Undefined array key "description"', 'C:\\xampp\\htdocs\\hms_ram\\app\\Views\\pharmacy\\brands\\index.php', 29)
 2 SYSTEMPATH\View\View.php(224): include('C:\\xampp\\htdocs\\hms_ram\\app\\Views\\pharmacy\\brands\\index.php')
 3 SYSTEMPATH\View\View.php(227): CodeIgniter\View\View->CodeIgniter\View\{closure}()
 4 SYSTEMPATH\Common.php(1173): CodeIgniter\View\View->render('pharmacy/brands/index', [], true)
 5 APPPATH\Controllers\Pharmacy\Brands.php(21): view('pharmacy/brands/index', [...])
 6 SYSTEMPATH\CodeIgniter.php(933): App\Controllers\Pharmacy\Brands->index()
 7 SYSTEMPATH\CodeIgniter.php(507): CodeIgniter\CodeIgniter->runController(Object(App\Controllers\Pharmacy\Brands))
 8 SYSTEMPATH\CodeIgniter.php(354): CodeIgniter\CodeIgniter->handleRequest(null, Object(Config\Cache), false)
 9 SYSTEMPATH\Boot.php(334): CodeIgniter\CodeIgniter->run()
10 SYSTEMPATH\Boot.php(67): CodeIgniter\Boot::runCodeIgniter(Object(CodeIgniter\CodeIgniter))
11 FCPATH\index.php(46): CodeIgniter\Boot::bootWeb(Object(Config\Paths))
DEBUG - 2025-09-09 12:18:40 --> Session: Class initialized using 'CodeIgniter\Session\Handlers\FileHandler' driver.
DEBUG - 2025-09-09 12:18:53 --> Session: Class initialized using 'CodeIgniter\Session\Handlers\FileHandler' driver.
CRITICAL - 2025-09-09 12:18:53 --> ErrorException: Undefined array key "description"
[Method: GET, Route: pharmacy/brands]
in APPPATH\Views\pharmacy\brands\index.php on line 29.
 1 APPPATH\Views\pharmacy\brands\index.php(29): CodeIgniter\Debug\Exceptions->errorHandler(2, 'Undefined array key "description"', 'C:\\xampp\\htdocs\\hms_ram\\app\\Views\\pharmacy\\brands\\index.php', 29)
 2 SYSTEMPATH\View\View.php(224): include('C:\\xampp\\htdocs\\hms_ram\\app\\Views\\pharmacy\\brands\\index.php')
 3 SYSTEMPATH\View\View.php(227): CodeIgniter\View\View->CodeIgniter\View\{closure}()
 4 SYSTEMPATH\Common.php(1173): CodeIgniter\View\View->render('pharmacy/brands/index', [], true)
 5 APPPATH\Controllers\Pharmacy\Brands.php(21): view('pharmacy/brands/index', [...])
 6 SYSTEMPATH\CodeIgniter.php(933): App\Controllers\Pharmacy\Brands->index()
 7 SYSTEMPATH\CodeIgniter.php(507): CodeIgniter\CodeIgniter->runController(Object(App\Controllers\Pharmacy\Brands))
 8 SYSTEMPATH\CodeIgniter.php(354): CodeIgniter\CodeIgniter->handleRequest(null, Object(Config\Cache), false)
 9 SYSTEMPATH\Boot.php(334): CodeIgniter\CodeIgniter->run()
10 SYSTEMPATH\Boot.php(67): CodeIgniter\Boot::runCodeIgniter(Object(CodeIgniter\CodeIgniter))
11 FCPATH\index.php(46): CodeIgniter\Boot::bootWeb(Object(Config\Paths))
DEBUG - 2025-09-09 12:31:39 --> Session: Class initialized using 'CodeIgniter\Session\Handlers\FileHandler' driver.
DEBUG - 2025-09-09 12:31:45 --> Session: Class initialized using 'CodeIgniter\Session\Handlers\FileHandler' driver.
DEBUG - 2025-09-09 12:31:51 --> Session: Class initialized using 'CodeIgniter\Session\Handlers\FileHandler' driver.
DEBUG - 2025-09-09 12:31:58 --> Session: Class initialized using 'CodeIgniter\Session\Handlers\FileHandler' driver.
DEBUG - 2025-09-09 12:32:03 --> Session: Class initialized using 'CodeIgniter\Session\Handlers\FileHandler' driver.
DEBUG - 2025-09-09 12:32:08 --> Session: Class initialized using 'CodeIgniter\Session\Handlers\FileHandler' driver.
DEBUG - 2025-09-09 12:32:11 --> Session: Class initialized using 'CodeIgniter\Session\Handlers\FileHandler' driver.
DEBUG - 2025-09-09 12:32:13 --> Session: Class initialized using 'CodeIgniter\Session\Handlers\FileHandler' driver.
DEBUG - 2025-09-09 12:32:18 --> Session: Class initialized using 'CodeIgniter\Session\Handlers\FileHandler' driver.
DEBUG - 2025-09-09 12:32:18 --> Session: Class initialized using 'CodeIgniter\Session\Handlers\FileHandler' driver.
DEBUG - 2025-09-09 12:32:21 --> Session: Class initialized using 'CodeIgniter\Session\Handlers\FileHandler' driver.
DEBUG - 2025-09-09 12:32:24 --> Session: Class initialized using 'CodeIgniter\Session\Handlers\FileHandler' driver.
DEBUG - 2025-09-09 12:32:24 --> Session: Class initialized using 'CodeIgniter\Session\Handlers\FileHandler' driver.
DEBUG - 2025-09-09 12:32:26 --> Session: Class initialized using 'CodeIgniter\Session\Handlers\FileHandler' driver.
DEBUG - 2025-09-09 12:32:26 --> Session: Class initialized using 'CodeIgniter\Session\Handlers\FileHandler' driver.
DEBUG - 2025-09-09 12:32:35 --> Session: Class initialized using 'CodeIgniter\Session\Handlers\FileHandler' driver.
DEBUG - 2025-09-09 12:32:37 --> Session: Class initialized using 'CodeIgniter\Session\Handlers\FileHandler' driver.
DEBUG - 2025-09-09 12:32:39 --> Session: Class initialized using 'CodeIgniter\Session\Handlers\FileHandler' driver.
DEBUG - 2025-09-09 12:32:39 --> Session: Class initialized using 'CodeIgniter\Session\Handlers\FileHandler' driver.
DEBUG - 2025-09-09 12:32:54 --> Session: Class initialized using 'CodeIgniter\Session\Handlers\FileHandler' driver.
DEBUG - 2025-09-09 12:33:14 --> Session: Class initialized using 'CodeIgniter\Session\Handlers\FileHandler' driver.
DEBUG - 2025-09-09 12:33:19 --> Session: Class initialized using 'CodeIgniter\Session\Handlers\FileHandler' driver.
DEBUG - 2025-09-09 12:33:19 --> Session: Class initialized using 'CodeIgniter\Session\Handlers\FileHandler' driver.
DEBUG - 2025-09-09 12:33:24 --> Session: Class initialized using 'CodeIgniter\Session\Handlers\FileHandler' driver.
DEBUG - 2025-09-09 12:33:24 --> Session: Class initialized using 'CodeIgniter\Session\Handlers\FileHandler' driver.
