DEBUG - 2025-09-19 04:11:27 --> Session: Class initialized using 'CodeIgniter\Session\Handlers\FileHandler' driver.
DEBUG - 2025-09-19 04:11:44 --> Session: Class initialized using 'CodeIgniter\Session\Handlers\FileHandler' driver.
DEBUG - 2025-09-19 04:11:44 --> Session: Class initialized using 'CodeIgniter\Session\Handlers\FileHandler' driver.
DEBUG - 2025-09-19 04:11:46 --> Session: Class initialized using 'CodeIgniter\Session\Handlers\FileHandler' driver.
DEBUG - 2025-09-19 04:11:46 --> Session: Class initialized using 'CodeIgniter\Session\Handlers\FileHandler' driver.
DEBUG - 2025-09-19 04:11:56 --> Session: Class initialized using 'CodeIgniter\Session\Handlers\FileHandler' driver.
DEBUG - 2025-09-19 04:11:56 --> Session: Class initialized using 'CodeIgniter\Session\Handlers\FileHandler' driver.
DEBUG - 2025-09-19 04:12:06 --> Session: Class initialized using 'CodeIgniter\Session\Handlers\FileHandler' driver.
DEBUG - 2025-09-19 04:12:06 --> Session: Class initialized using 'CodeIgniter\Session\Handlers\FileHandler' driver.
DEBUG - 2025-09-19 04:12:08 --> Session: Class initialized using 'CodeIgniter\Session\Handlers\FileHandler' driver.
DEBUG - 2025-09-19 04:12:09 --> Session: Class initialized using 'CodeIgniter\Session\Handlers\FileHandler' driver.
DEBUG - 2025-09-19 04:12:20 --> Session: Class initialized using 'CodeIgniter\Session\Handlers\FileHandler' driver.
DEBUG - 2025-09-19 04:12:24 --> Session: Class initialized using 'CodeIgniter\Session\Handlers\FileHandler' driver.
DEBUG - 2025-09-19 04:12:25 --> Session: Class initialized using 'CodeIgniter\Session\Handlers\FileHandler' driver.
DEBUG - 2025-09-19 04:12:40 --> Session: Class initialized using 'CodeIgniter\Session\Handlers\FileHandler' driver.
DEBUG - 2025-09-19 04:12:50 --> Session: Class initialized using 'CodeIgniter\Session\Handlers\FileHandler' driver.
DEBUG - 2025-09-19 04:13:26 --> Session: Class initialized using 'CodeIgniter\Session\Handlers\FileHandler' driver.
DEBUG - 2025-09-19 04:13:26 --> Session: Class initialized using 'CodeIgniter\Session\Handlers\FileHandler' driver.
DEBUG - 2025-09-19 04:13:28 --> Session: Class initialized using 'CodeIgniter\Session\Handlers\FileHandler' driver.
DEBUG - 2025-09-19 04:13:31 --> Session: Class initialized using 'CodeIgniter\Session\Handlers\FileHandler' driver.
DEBUG - 2025-09-19 04:13:37 --> Session: Class initialized using 'CodeIgniter\Session\Handlers\FileHandler' driver.
DEBUG - 2025-09-19 04:13:48 --> Session: Class initialized using 'CodeIgniter\Session\Handlers\FileHandler' driver.
DEBUG - 2025-09-19 04:13:59 --> Session: Class initialized using 'CodeIgniter\Session\Handlers\FileHandler' driver.
DEBUG - 2025-09-19 04:14:01 --> Session: Class initialized using 'CodeIgniter\Session\Handlers\FileHandler' driver.
DEBUG - 2025-09-19 04:14:07 --> Session: Class initialized using 'CodeIgniter\Session\Handlers\FileHandler' driver.
DEBUG - 2025-09-19 04:14:38 --> Session: Class initialized using 'CodeIgniter\Session\Handlers\FileHandler' driver.
DEBUG - 2025-09-19 04:14:42 --> Session: Class initialized using 'CodeIgniter\Session\Handlers\FileHandler' driver.
DEBUG - 2025-09-19 04:31:45 --> Session: Class initialized using 'CodeIgniter\Session\Handlers\FileHandler' driver.
DEBUG - 2025-09-19 04:31:51 --> Session: Class initialized using 'CodeIgniter\Session\Handlers\FileHandler' driver.
DEBUG - 2025-09-19 04:31:55 --> Session: Class initialized using 'CodeIgniter\Session\Handlers\FileHandler' driver.
DEBUG - 2025-09-19 04:32:34 --> Session: Class initialized using 'CodeIgniter\Session\Handlers\FileHandler' driver.
DEBUG - 2025-09-19 04:32:41 --> Session: Class initialized using 'CodeIgniter\Session\Handlers\FileHandler' driver.
CRITICAL - 2025-09-19 04:32:44 --> Error: Class "App\Models\Pharmacy\PharmacySaleModel" not found
[Method: GET, Route: pharmacy/sales]
in APPPATH\Controllers\Pharmacy\Sales.php on line 43.
 1 SYSTEMPATH\CodeIgniter.php(903): App\Controllers\Pharmacy\Sales->__construct()
 2 SYSTEMPATH\CodeIgniter.php(498): CodeIgniter\CodeIgniter->createController()
 3 SYSTEMPATH\CodeIgniter.php(354): CodeIgniter\CodeIgniter->handleRequest(null, Object(Config\Cache), false)
 4 SYSTEMPATH\Boot.php(334): CodeIgniter\CodeIgniter->run()
 5 SYSTEMPATH\Boot.php(67): CodeIgniter\Boot::runCodeIgniter(Object(CodeIgniter\CodeIgniter))
 6 FCPATH\index.php(46): CodeIgniter\Boot::bootWeb(Object(Config\Paths))
DEBUG - 2025-09-19 04:36:37 --> Session: Class initialized using 'CodeIgniter\Session\Handlers\FileHandler' driver.
DEBUG - 2025-09-19 04:36:43 --> Session: Class initialized using 'CodeIgniter\Session\Handlers\FileHandler' driver.
DEBUG - 2025-09-19 04:37:02 --> Session: Class initialized using 'CodeIgniter\Session\Handlers\FileHandler' driver.
DEBUG - 2025-09-19 04:37:23 --> Session: Class initialized using 'CodeIgniter\Session\Handlers\FileHandler' driver.
DEBUG - 2025-09-19 04:37:25 --> Session: Class initialized using 'CodeIgniter\Session\Handlers\FileHandler' driver.
DEBUG - 2025-09-19 04:37:28 --> Session: Class initialized using 'CodeIgniter\Session\Handlers\FileHandler' driver.
DEBUG - 2025-09-19 04:37:53 --> Session: Class initialized using 'CodeIgniter\Session\Handlers\FileHandler' driver.
DEBUG - 2025-09-19 04:37:55 --> Session: Class initialized using 'CodeIgniter\Session\Handlers\FileHandler' driver.
DEBUG - 2025-09-19 04:38:02 --> Session: Class initialized using 'CodeIgniter\Session\Handlers\FileHandler' driver.
DEBUG - 2025-09-19 04:38:12 --> Session: Class initialized using 'CodeIgniter\Session\Handlers\FileHandler' driver.
DEBUG - 2025-09-19 04:38:18 --> Session: Class initialized using 'CodeIgniter\Session\Handlers\FileHandler' driver.
DEBUG - 2025-09-19 04:38:38 --> Session: Class initialized using 'CodeIgniter\Session\Handlers\FileHandler' driver.
DEBUG - 2025-09-19 04:38:41 --> Session: Class initialized using 'CodeIgniter\Session\Handlers\FileHandler' driver.
DEBUG - 2025-09-19 04:38:53 --> Session: Class initialized using 'CodeIgniter\Session\Handlers\FileHandler' driver.
DEBUG - 2025-09-19 04:38:56 --> Session: Class initialized using 'CodeIgniter\Session\Handlers\FileHandler' driver.
DEBUG - 2025-09-19 04:38:58 --> Session: Class initialized using 'CodeIgniter\Session\Handlers\FileHandler' driver.
DEBUG - 2025-09-19 04:39:08 --> Session: Class initialized using 'CodeIgniter\Session\Handlers\FileHandler' driver.
DEBUG - 2025-09-19 04:39:08 --> Session: Class initialized using 'CodeIgniter\Session\Handlers\FileHandler' driver.
DEBUG - 2025-09-19 04:39:17 --> Session: Class initialized using 'CodeIgniter\Session\Handlers\FileHandler' driver.
DEBUG - 2025-09-19 04:39:28 --> Session: Class initialized using 'CodeIgniter\Session\Handlers\FileHandler' driver.
DEBUG - 2025-09-19 04:39:29 --> Session: Class initialized using 'CodeIgniter\Session\Handlers\FileHandler' driver.
DEBUG - 2025-09-19 04:39:35 --> Session: Class initialized using 'CodeIgniter\Session\Handlers\FileHandler' driver.
DEBUG - 2025-09-19 04:39:47 --> Session: Class initialized using 'CodeIgniter\Session\Handlers\FileHandler' driver.
CRITICAL - 2025-09-19 04:39:47 --> ErrorException: Undefined variable $sale
[Method: GET, Route: pharmacy/reports/viewInvoice/PHM-IP-20250919-00029]
in APPPATH\Views\pharmacy\sales\invoice.php on line 109.
 1 APPPATH\Views\pharmacy\sales\invoice.php(109): CodeIgniter\Debug\Exceptions->errorHandler(2, 'Undefined variable $sale', 'C:\\xampp\\htdocs\\hms_ram\\app\\Views\\pharmacy\\sales\\invoice.php', 109)
 2 SYSTEMPATH\View\View.php(224): include('C:\\xampp\\htdocs\\hms_ram\\app\\Views\\pharmacy\\sales\\invoice.php')
 3 SYSTEMPATH\View\View.php(227): CodeIgniter\View\View->CodeIgniter\View\{closure}()
 4 SYSTEMPATH\Common.php(1173): CodeIgniter\View\View->render('pharmacy/sales/invoice', [], true)
 5 APPPATH\Controllers\Pharmacy\Reports.php(116): view('pharmacy/sales/invoice', [...])
 6 SYSTEMPATH\CodeIgniter.php(933): App\Controllers\Pharmacy\Reports->viewInvoice('PHM-IP-20250919-00029')
 7 SYSTEMPATH\CodeIgniter.php(507): CodeIgniter\CodeIgniter->runController(Object(App\Controllers\Pharmacy\Reports))
 8 SYSTEMPATH\CodeIgniter.php(354): CodeIgniter\CodeIgniter->handleRequest(null, Object(Config\Cache), false)
 9 SYSTEMPATH\Boot.php(334): CodeIgniter\CodeIgniter->run()
10 SYSTEMPATH\Boot.php(67): CodeIgniter\Boot::runCodeIgniter(Object(CodeIgniter\CodeIgniter))
11 FCPATH\index.php(46): CodeIgniter\Boot::bootWeb(Object(Config\Paths))
DEBUG - 2025-09-19 04:39:58 --> Session: Class initialized using 'CodeIgniter\Session\Handlers\FileHandler' driver.
DEBUG - 2025-09-19 04:40:02 --> Session: Class initialized using 'CodeIgniter\Session\Handlers\FileHandler' driver.
DEBUG - 2025-09-19 04:40:08 --> Session: Class initialized using 'CodeIgniter\Session\Handlers\FileHandler' driver.
DEBUG - 2025-09-19 04:40:11 --> Session: Class initialized using 'CodeIgniter\Session\Handlers\FileHandler' driver.
DEBUG - 2025-09-19 04:40:14 --> Session: Class initialized using 'CodeIgniter\Session\Handlers\FileHandler' driver.
DEBUG - 2025-09-19 04:41:01 --> Session: Class initialized using 'CodeIgniter\Session\Handlers\FileHandler' driver.
DEBUG - 2025-09-19 04:41:03 --> Session: Class initialized using 'CodeIgniter\Session\Handlers\FileHandler' driver.
CRITICAL - 2025-09-19 04:41:03 --> ErrorException: Undefined variable $sale
[Method: GET, Route: pharmacy/reports/viewInvoice/PHM-OP-20250918-00029]
in APPPATH\Views\pharmacy\sales\invoice.php on line 109.
 1 APPPATH\Views\pharmacy\sales\invoice.php(109): CodeIgniter\Debug\Exceptions->errorHandler(2, 'Undefined variable $sale', 'C:\\xampp\\htdocs\\hms_ram\\app\\Views\\pharmacy\\sales\\invoice.php', 109)
 2 SYSTEMPATH\View\View.php(224): include('C:\\xampp\\htdocs\\hms_ram\\app\\Views\\pharmacy\\sales\\invoice.php')
 3 SYSTEMPATH\View\View.php(227): CodeIgniter\View\View->CodeIgniter\View\{closure}()
 4 SYSTEMPATH\Common.php(1173): CodeIgniter\View\View->render('pharmacy/sales/invoice', [], true)
 5 APPPATH\Controllers\Pharmacy\Reports.php(116): view('pharmacy/sales/invoice', [...])
 6 SYSTEMPATH\CodeIgniter.php(933): App\Controllers\Pharmacy\Reports->viewInvoice('PHM-OP-20250918-00029')
 7 SYSTEMPATH\CodeIgniter.php(507): CodeIgniter\CodeIgniter->runController(Object(App\Controllers\Pharmacy\Reports))
 8 SYSTEMPATH\CodeIgniter.php(354): CodeIgniter\CodeIgniter->handleRequest(null, Object(Config\Cache), false)
 9 SYSTEMPATH\Boot.php(334): CodeIgniter\CodeIgniter->run()
10 SYSTEMPATH\Boot.php(67): CodeIgniter\Boot::runCodeIgniter(Object(CodeIgniter\CodeIgniter))
11 FCPATH\index.php(46): CodeIgniter\Boot::bootWeb(Object(Config\Paths))
DEBUG - 2025-09-19 04:42:40 --> Session: Class initialized using 'CodeIgniter\Session\Handlers\FileHandler' driver.
CRITICAL - 2025-09-19 04:42:40 --> ErrorException: Undefined variable $sale
[Method: GET, Route: pharmacy/reports/viewInvoice/PHM-OP-20250918-00029]
in APPPATH\Views\pharmacy\sales\invoice.php on line 109.
 1 APPPATH\Views\pharmacy\sales\invoice.php(109): CodeIgniter\Debug\Exceptions->errorHandler(2, 'Undefined variable $sale', 'C:\\xampp\\htdocs\\hms_ram\\app\\Views\\pharmacy\\sales\\invoice.php', 109)
 2 SYSTEMPATH\View\View.php(224): include('C:\\xampp\\htdocs\\hms_ram\\app\\Views\\pharmacy\\sales\\invoice.php')
 3 SYSTEMPATH\View\View.php(227): CodeIgniter\View\View->CodeIgniter\View\{closure}()
 4 SYSTEMPATH\Common.php(1173): CodeIgniter\View\View->render('pharmacy/sales/invoice', [], true)
 5 APPPATH\Controllers\Pharmacy\Reports.php(116): view('pharmacy/sales/invoice', [...])
 6 SYSTEMPATH\CodeIgniter.php(933): App\Controllers\Pharmacy\Reports->viewInvoice('PHM-OP-20250918-00029')
 7 SYSTEMPATH\CodeIgniter.php(507): CodeIgniter\CodeIgniter->runController(Object(App\Controllers\Pharmacy\Reports))
 8 SYSTEMPATH\CodeIgniter.php(354): CodeIgniter\CodeIgniter->handleRequest(null, Object(Config\Cache), false)
 9 SYSTEMPATH\Boot.php(334): CodeIgniter\CodeIgniter->run()
10 SYSTEMPATH\Boot.php(67): CodeIgniter\Boot::runCodeIgniter(Object(CodeIgniter\CodeIgniter))
11 FCPATH\index.php(46): CodeIgniter\Boot::bootWeb(Object(Config\Paths))
DEBUG - 2025-09-19 04:46:32 --> Session: Class initialized using 'CodeIgniter\Session\Handlers\FileHandler' driver.
DEBUG - 2025-09-19 04:46:35 --> Session: Class initialized using 'CodeIgniter\Session\Handlers\FileHandler' driver.
DEBUG - 2025-09-19 04:46:37 --> Session: Class initialized using 'CodeIgniter\Session\Handlers\FileHandler' driver.
DEBUG - 2025-09-19 04:47:18 --> Session: Class initialized using 'CodeIgniter\Session\Handlers\FileHandler' driver.
DEBUG - 2025-09-19 04:47:44 --> Session: Class initialized using 'CodeIgniter\Session\Handlers\FileHandler' driver.
DEBUG - 2025-09-19 04:47:45 --> Session: Class initialized using 'CodeIgniter\Session\Handlers\FileHandler' driver.
DEBUG - 2025-09-19 04:47:48 --> Session: Class initialized using 'CodeIgniter\Session\Handlers\FileHandler' driver.
DEBUG - 2025-09-19 04:47:51 --> Session: Class initialized using 'CodeIgniter\Session\Handlers\FileHandler' driver.
DEBUG - 2025-09-19 04:47:56 --> Session: Class initialized using 'CodeIgniter\Session\Handlers\FileHandler' driver.
DEBUG - 2025-09-19 04:48:03 --> Session: Class initialized using 'CodeIgniter\Session\Handlers\FileHandler' driver.
DEBUG - 2025-09-19 04:48:04 --> Session: Class initialized using 'CodeIgniter\Session\Handlers\FileHandler' driver.
DEBUG - 2025-09-19 04:48:10 --> Session: Class initialized using 'CodeIgniter\Session\Handlers\FileHandler' driver.
DEBUG - 2025-09-19 04:48:33 --> Session: Class initialized using 'CodeIgniter\Session\Handlers\FileHandler' driver.
DEBUG - 2025-09-19 04:48:47 --> Session: Class initialized using 'CodeIgniter\Session\Handlers\FileHandler' driver.
DEBUG - 2025-09-19 04:48:52 --> Session: Class initialized using 'CodeIgniter\Session\Handlers\FileHandler' driver.
DEBUG - 2025-09-19 04:48:55 --> Session: Class initialized using 'CodeIgniter\Session\Handlers\FileHandler' driver.
DEBUG - 2025-09-19 04:49:04 --> Session: Class initialized using 'CodeIgniter\Session\Handlers\FileHandler' driver.
DEBUG - 2025-09-19 04:49:06 --> Session: Class initialized using 'CodeIgniter\Session\Handlers\FileHandler' driver.
DEBUG - 2025-09-19 04:49:09 --> Session: Class initialized using 'CodeIgniter\Session\Handlers\FileHandler' driver.
DEBUG - 2025-09-19 04:49:14 --> Session: Class initialized using 'CodeIgniter\Session\Handlers\FileHandler' driver.
DEBUG - 2025-09-19 04:49:17 --> Session: Class initialized using 'CodeIgniter\Session\Handlers\FileHandler' driver.
DEBUG - 2025-09-19 04:49:23 --> Session: Class initialized using 'CodeIgniter\Session\Handlers\FileHandler' driver.
DEBUG - 2025-09-19 04:49:23 --> Session: Class initialized using 'CodeIgniter\Session\Handlers\FileHandler' driver.
DEBUG - 2025-09-19 04:49:31 --> Session: Class initialized using 'CodeIgniter\Session\Handlers\FileHandler' driver.
DEBUG - 2025-09-19 04:50:21 --> Session: Class initialized using 'CodeIgniter\Session\Handlers\FileHandler' driver.
DEBUG - 2025-09-19 04:50:21 --> Session: Class initialized using 'CodeIgniter\Session\Handlers\FileHandler' driver.
DEBUG - 2025-09-19 04:50:57 --> Session: Class initialized using 'CodeIgniter\Session\Handlers\FileHandler' driver.
DEBUG - 2025-09-19 04:50:58 --> Session: Class initialized using 'CodeIgniter\Session\Handlers\FileHandler' driver.
DEBUG - 2025-09-19 04:51:02 --> Session: Class initialized using 'CodeIgniter\Session\Handlers\FileHandler' driver.
DEBUG - 2025-09-19 04:51:03 --> Session: Class initialized using 'CodeIgniter\Session\Handlers\FileHandler' driver.
DEBUG - 2025-09-19 04:51:05 --> Session: Class initialized using 'CodeIgniter\Session\Handlers\FileHandler' driver.
DEBUG - 2025-09-19 04:51:08 --> Session: Class initialized using 'CodeIgniter\Session\Handlers\FileHandler' driver.
DEBUG - 2025-09-19 04:51:12 --> Session: Class initialized using 'CodeIgniter\Session\Handlers\FileHandler' driver.
DEBUG - 2025-09-19 04:51:12 --> Session: Class initialized using 'CodeIgniter\Session\Handlers\FileHandler' driver.
DEBUG - 2025-09-19 04:51:15 --> Session: Class initialized using 'CodeIgniter\Session\Handlers\FileHandler' driver.
DEBUG - 2025-09-19 04:51:16 --> Session: Class initialized using 'CodeIgniter\Session\Handlers\FileHandler' driver.
DEBUG - 2025-09-19 04:51:23 --> Session: Class initialized using 'CodeIgniter\Session\Handlers\FileHandler' driver.
DEBUG - 2025-09-19 04:51:28 --> Session: Class initialized using 'CodeIgniter\Session\Handlers\FileHandler' driver.
DEBUG - 2025-09-19 04:51:32 --> Session: Class initialized using 'CodeIgniter\Session\Handlers\FileHandler' driver.
DEBUG - 2025-09-19 04:51:33 --> Session: Class initialized using 'CodeIgniter\Session\Handlers\FileHandler' driver.
DEBUG - 2025-09-19 04:51:39 --> Session: Class initialized using 'CodeIgniter\Session\Handlers\FileHandler' driver.
DEBUG - 2025-09-19 04:51:40 --> Session: Class initialized using 'CodeIgniter\Session\Handlers\FileHandler' driver.
DEBUG - 2025-09-19 04:51:43 --> Session: Class initialized using 'CodeIgniter\Session\Handlers\FileHandler' driver.
DEBUG - 2025-09-19 04:52:34 --> Session: Class initialized using 'CodeIgniter\Session\Handlers\FileHandler' driver.
DEBUG - 2025-09-19 04:52:36 --> Session: Class initialized using 'CodeIgniter\Session\Handlers\FileHandler' driver.
DEBUG - 2025-09-19 04:52:40 --> Session: Class initialized using 'CodeIgniter\Session\Handlers\FileHandler' driver.
DEBUG - 2025-09-19 04:53:03 --> Session: Class initialized using 'CodeIgniter\Session\Handlers\FileHandler' driver.
DEBUG - 2025-09-19 04:53:04 --> Session: Class initialized using 'CodeIgniter\Session\Handlers\FileHandler' driver.
DEBUG - 2025-09-19 04:53:33 --> Session: Class initialized using 'CodeIgniter\Session\Handlers\FileHandler' driver.
DEBUG - 2025-09-19 04:53:33 --> Session: Class initialized using 'CodeIgniter\Session\Handlers\FileHandler' driver.
DEBUG - 2025-09-19 04:54:13 --> Session: Class initialized using 'CodeIgniter\Session\Handlers\FileHandler' driver.
DEBUG - 2025-09-19 04:54:18 --> Session: Class initialized using 'CodeIgniter\Session\Handlers\FileHandler' driver.
DEBUG - 2025-09-19 04:54:22 --> Session: Class initialized using 'CodeIgniter\Session\Handlers\FileHandler' driver.
DEBUG - 2025-09-19 04:55:05 --> Session: Class initialized using 'CodeIgniter\Session\Handlers\FileHandler' driver.
DEBUG - 2025-09-19 05:07:42 --> Session: Class initialized using 'CodeIgniter\Session\Handlers\FileHandler' driver.
DEBUG - 2025-09-19 05:08:14 --> Session: Class initialized using 'CodeIgniter\Session\Handlers\FileHandler' driver.
DEBUG - 2025-09-19 05:08:20 --> Session: Class initialized using 'CodeIgniter\Session\Handlers\FileHandler' driver.
DEBUG - 2025-09-19 05:08:23 --> Session: Class initialized using 'CodeIgniter\Session\Handlers\FileHandler' driver.
DEBUG - 2025-09-19 05:08:28 --> Session: Class initialized using 'CodeIgniter\Session\Handlers\FileHandler' driver.
DEBUG - 2025-09-19 05:08:34 --> Session: Class initialized using 'CodeIgniter\Session\Handlers\FileHandler' driver.
CRITICAL - 2025-09-19 05:08:34 --> ErrorException: Undefined array key "brand_name"
[Method: GET, Route: pharmacy/medicines/create]
in APPPATH\Views\pharmacy\medicines\create.php on line 32.
 1 APPPATH\Views\pharmacy\medicines\create.php(32): CodeIgniter\Debug\Exceptions->errorHandler(2, 'Undefined array key "brand_name"', 'C:\\xampp\\htdocs\\hms_ram\\app\\Views\\pharmacy\\medicines\\create.php', 32)
 2 SYSTEMPATH\View\View.php(224): include('C:\\xampp\\htdocs\\hms_ram\\app\\Views\\pharmacy\\medicines\\create.php')
 3 SYSTEMPATH\View\View.php(227): CodeIgniter\View\View->CodeIgniter\View\{closure}()
 4 SYSTEMPATH\Common.php(1173): CodeIgniter\View\View->render('pharmacy/medicines/create', [], true)
 5 APPPATH\Controllers\Pharmacy\Medicines.php(110): view('pharmacy/medicines/create', [...])
 6 SYSTEMPATH\CodeIgniter.php(933): App\Controllers\Pharmacy\Medicines->create()
 7 SYSTEMPATH\CodeIgniter.php(507): CodeIgniter\CodeIgniter->runController(Object(App\Controllers\Pharmacy\Medicines))
 8 SYSTEMPATH\CodeIgniter.php(354): CodeIgniter\CodeIgniter->handleRequest(null, Object(Config\Cache), false)
 9 SYSTEMPATH\Boot.php(334): CodeIgniter\CodeIgniter->run()
10 SYSTEMPATH\Boot.php(67): CodeIgniter\Boot::runCodeIgniter(Object(CodeIgniter\CodeIgniter))
11 FCPATH\index.php(46): CodeIgniter\Boot::bootWeb(Object(Config\Paths))
DEBUG - 2025-09-19 05:08:44 --> Session: Class initialized using 'CodeIgniter\Session\Handlers\FileHandler' driver.
DEBUG - 2025-09-19 05:08:46 --> Session: Class initialized using 'CodeIgniter\Session\Handlers\FileHandler' driver.
DEBUG - 2025-09-19 05:08:47 --> Session: Class initialized using 'CodeIgniter\Session\Handlers\FileHandler' driver.
DEBUG - 2025-09-19 05:08:48 --> Session: Class initialized using 'CodeIgniter\Session\Handlers\FileHandler' driver.
CRITICAL - 2025-09-19 05:08:48 --> ErrorException: Undefined array key "brand_name"
[Method: GET, Route: pharmacy/medicines/create]
in APPPATH\Views\pharmacy\medicines\create.php on line 32.
 1 APPPATH\Views\pharmacy\medicines\create.php(32): CodeIgniter\Debug\Exceptions->errorHandler(2, 'Undefined array key "brand_name"', 'C:\\xampp\\htdocs\\hms_ram\\app\\Views\\pharmacy\\medicines\\create.php', 32)
 2 SYSTEMPATH\View\View.php(224): include('C:\\xampp\\htdocs\\hms_ram\\app\\Views\\pharmacy\\medicines\\create.php')
 3 SYSTEMPATH\View\View.php(227): CodeIgniter\View\View->CodeIgniter\View\{closure}()
 4 SYSTEMPATH\Common.php(1173): CodeIgniter\View\View->render('pharmacy/medicines/create', [], true)
 5 APPPATH\Controllers\Pharmacy\Medicines.php(110): view('pharmacy/medicines/create', [...])
 6 SYSTEMPATH\CodeIgniter.php(933): App\Controllers\Pharmacy\Medicines->create()
 7 SYSTEMPATH\CodeIgniter.php(507): CodeIgniter\CodeIgniter->runController(Object(App\Controllers\Pharmacy\Medicines))
 8 SYSTEMPATH\CodeIgniter.php(354): CodeIgniter\CodeIgniter->handleRequest(null, Object(Config\Cache), false)
 9 SYSTEMPATH\Boot.php(334): CodeIgniter\CodeIgniter->run()
10 SYSTEMPATH\Boot.php(67): CodeIgniter\Boot::runCodeIgniter(Object(CodeIgniter\CodeIgniter))
11 FCPATH\index.php(46): CodeIgniter\Boot::bootWeb(Object(Config\Paths))
DEBUG - 2025-09-19 05:09:06 --> Session: Class initialized using 'CodeIgniter\Session\Handlers\FileHandler' driver.
DEBUG - 2025-09-19 05:09:13 --> Session: Class initialized using 'CodeIgniter\Session\Handlers\FileHandler' driver.
DEBUG - 2025-09-19 05:09:15 --> Session: Class initialized using 'CodeIgniter\Session\Handlers\FileHandler' driver.
DEBUG - 2025-09-19 05:09:29 --> Session: Class initialized using 'CodeIgniter\Session\Handlers\FileHandler' driver.
DEBUG - 2025-09-19 05:09:30 --> Session: Class initialized using 'CodeIgniter\Session\Handlers\FileHandler' driver.
DEBUG - 2025-09-19 05:24:59 --> Session: Class initialized using 'CodeIgniter\Session\Handlers\FileHandler' driver.
DEBUG - 2025-09-19 05:25:31 --> Session: Class initialized using 'CodeIgniter\Session\Handlers\FileHandler' driver.
DEBUG - 2025-09-19 05:27:50 --> Session: Class initialized using 'CodeIgniter\Session\Handlers\FileHandler' driver.
DEBUG - 2025-09-19 05:31:31 --> Session: Class initialized using 'CodeIgniter\Session\Handlers\FileHandler' driver.
DEBUG - 2025-09-19 05:31:35 --> Session: Class initialized using 'CodeIgniter\Session\Handlers\FileHandler' driver.
ERROR - 2025-09-19 05:31:35 --> mysqli_sql_exception: Unknown column 'pharmacy_medicines.generic_name' in 'field list' in C:\xampp\htdocs\hms_ram\system\Database\MySQLi\Connection.php:327
Stack trace:
#0 C:\xampp\htdocs\hms_ram\system\Database\MySQLi\Connection.php(327): mysqli->query('SELECT `pharmac...', 0)
#1 C:\xampp\htdocs\hms_ram\system\Database\BaseConnection.php(738): CodeIgniter\Database\MySQLi\Connection->execute('SELECT `pharmac...')
#2 C:\xampp\htdocs\hms_ram\system\Database\BaseConnection.php(652): CodeIgniter\Database\BaseConnection->simpleQuery('SELECT `pharmac...')
#3 C:\xampp\htdocs\hms_ram\system\Database\BaseBuilder.php(1649): CodeIgniter\Database\BaseConnection->query('SELECT `pharmac...', Array, false)
#4 C:\xampp\htdocs\hms_ram\system\Model.php(286): CodeIgniter\Database\BaseBuilder->get()
#5 C:\xampp\htdocs\hms_ram\system\BaseModel.php(679): CodeIgniter\Model->doFindAll(0, 0)
#6 C:\xampp\htdocs\hms_ram\app\Controllers\Pharmacy\Reports.php(144): CodeIgniter\BaseModel->findAll()
#7 C:\xampp\htdocs\hms_ram\system\CodeIgniter.php(933): App\Controllers\Pharmacy\Reports->stock()
#8 C:\xampp\htdocs\hms_ram\system\CodeIgniter.php(507): CodeIgniter\CodeIgniter->runController(Object(App\Controllers\Pharmacy\Reports))
#9 C:\xampp\htdocs\hms_ram\system\CodeIgniter.php(354): CodeIgniter\CodeIgniter->handleRequest(NULL, Object(Config\Cache), false)
#10 C:\xampp\htdocs\hms_ram\system\Boot.php(334): CodeIgniter\CodeIgniter->run()
#11 C:\xampp\htdocs\hms_ram\system\Boot.php(67): CodeIgniter\Boot::runCodeIgniter(Object(CodeIgniter\CodeIgniter))
#12 C:\xampp\htdocs\hms_ram\index.php(46): CodeIgniter\Boot::bootWeb(Object(Config\Paths))
#13 {main}
CRITICAL - 2025-09-19 05:31:35 --> CodeIgniter\Database\Exceptions\DatabaseException: Unknown column 'pharmacy_medicines.generic_name' in 'field list'
[Method: GET, Route: pharmacy/reports/stock]
in SYSTEMPATH\Database\BaseConnection.php on line 692.
 1 SYSTEMPATH\Database\BaseBuilder.php(1649): CodeIgniter\Database\BaseConnection->query('SELECT `pharmacy_medicines`.`id`, `pharmacy_medicines`.`generic_name`, `pharmacy_medicines`.`brand_name`, `pharmacy_medicines`.`strength`, `pharmacy_medicines`.`reorder_level`, `pm`.`name` as `manufacturer_name`, `pc`.`name` as `category_name`, SUM(pb.current_stock) as total_stock, COUNT(pb.id) as num_batches
FROM `pharmacy_medicines`
LEFT JOIN `pharmacy_batches` `pb` ON `pb`.`medicine_id` = `pharmacy_medicines`.`id`
JOIN `pharmacy_manufacturers` `pm` ON `pm`.`id` = `pharmacy_medicines`.`manufacturer_id`
JOIN `pharmacy_categories` `pc` ON `pc`.`id` = `pharmacy_medicines`.`category_id`
GROUP BY `pharmacy_medicines`.`id`', [], false)
 2 SYSTEMPATH\Model.php(286): CodeIgniter\Database\BaseBuilder->get()
 3 SYSTEMPATH\BaseModel.php(679): CodeIgniter\Model->doFindAll(0, 0)
 4 APPPATH\Controllers\Pharmacy\Reports.php(144): CodeIgniter\BaseModel->findAll()
 5 SYSTEMPATH\CodeIgniter.php(933): App\Controllers\Pharmacy\Reports->stock()
 6 SYSTEMPATH\CodeIgniter.php(507): CodeIgniter\CodeIgniter->runController(Object(App\Controllers\Pharmacy\Reports))
 7 SYSTEMPATH\CodeIgniter.php(354): CodeIgniter\CodeIgniter->handleRequest(null, Object(Config\Cache), false)
 8 SYSTEMPATH\Boot.php(334): CodeIgniter\CodeIgniter->run()
 9 SYSTEMPATH\Boot.php(67): CodeIgniter\Boot::runCodeIgniter(Object(CodeIgniter\CodeIgniter))
10 FCPATH\index.php(46): CodeIgniter\Boot::bootWeb(Object(Config\Paths))
CRITICAL - 2025-09-19 05:31:35 --> [Caused by] CodeIgniter\Database\Exceptions\DatabaseException: Unknown column 'pharmacy_medicines.generic_name' in 'field list'
in SYSTEMPATH\Database\MySQLi\Connection.php on line 332.
 1 SYSTEMPATH\Database\BaseConnection.php(738): CodeIgniter\Database\MySQLi\Connection->execute('SELECT `pharmacy_medicines`.`id`, `pharmacy_medicines`.`generic_name`, `pharmacy_medicines`.`brand_name`, `pharmacy_medicines`.`strength`, `pharmacy_medicines`.`reorder_level`, `pm`.`name` as `manufacturer_name`, `pc`.`name` as `category_name`, SUM(pb.current_stock) as total_stock, COUNT(pb.id) as num_batches
FROM `pharmacy_medicines`
LEFT JOIN `pharmacy_batches` `pb` ON `pb`.`medicine_id` = `pharmacy_medicines`.`id`
JOIN `pharmacy_manufacturers` `pm` ON `pm`.`id` = `pharmacy_medicines`.`manufacturer_id`
JOIN `pharmacy_categories` `pc` ON `pc`.`id` = `pharmacy_medicines`.`category_id`
GROUP BY `pharmacy_medicines`.`id`')
 2 SYSTEMPATH\Database\BaseConnection.php(652): CodeIgniter\Database\BaseConnection->simpleQuery('SELECT `pharmacy_medicines`.`id`, `pharmacy_medicines`.`generic_name`, `pharmacy_medicines`.`brand_name`, `pharmacy_medicines`.`strength`, `pharmacy_medicines`.`reorder_level`, `pm`.`name` as `manufacturer_name`, `pc`.`name` as `category_name`, SUM(pb.current_stock) as total_stock, COUNT(pb.id) as num_batches
FROM `pharmacy_medicines`
LEFT JOIN `pharmacy_batches` `pb` ON `pb`.`medicine_id` = `pharmacy_medicines`.`id`
JOIN `pharmacy_manufacturers` `pm` ON `pm`.`id` = `pharmacy_medicines`.`manufacturer_id`
JOIN `pharmacy_categories` `pc` ON `pc`.`id` = `pharmacy_medicines`.`category_id`
GROUP BY `pharmacy_medicines`.`id`')
 3 SYSTEMPATH\Database\BaseBuilder.php(1649): CodeIgniter\Database\BaseConnection->query('SELECT `pharmacy_medicines`.`id`, `pharmacy_medicines`.`generic_name`, `pharmacy_medicines`.`brand_name`, `pharmacy_medicines`.`strength`, `pharmacy_medicines`.`reorder_level`, `pm`.`name` as `manufacturer_name`, `pc`.`name` as `category_name`, SUM(pb.current_stock) as total_stock, COUNT(pb.id) as num_batches
FROM `pharmacy_medicines`
LEFT JOIN `pharmacy_batches` `pb` ON `pb`.`medicine_id` = `pharmacy_medicines`.`id`
JOIN `pharmacy_manufacturers` `pm` ON `pm`.`id` = `pharmacy_medicines`.`manufacturer_id`
JOIN `pharmacy_categories` `pc` ON `pc`.`id` = `pharmacy_medicines`.`category_id`
GROUP BY `pharmacy_medicines`.`id`', [], false)
 4 SYSTEMPATH\Model.php(286): CodeIgniter\Database\BaseBuilder->get()
 5 SYSTEMPATH\BaseModel.php(679): CodeIgniter\Model->doFindAll(0, 0)
 6 APPPATH\Controllers\Pharmacy\Reports.php(144): CodeIgniter\BaseModel->findAll()
 7 SYSTEMPATH\CodeIgniter.php(933): App\Controllers\Pharmacy\Reports->stock()
 8 SYSTEMPATH\CodeIgniter.php(507): CodeIgniter\CodeIgniter->runController(Object(App\Controllers\Pharmacy\Reports))
 9 SYSTEMPATH\CodeIgniter.php(354): CodeIgniter\CodeIgniter->handleRequest(null, Object(Config\Cache), false)
10 SYSTEMPATH\Boot.php(334): CodeIgniter\CodeIgniter->run()
11 SYSTEMPATH\Boot.php(67): CodeIgniter\Boot::runCodeIgniter(Object(CodeIgniter\CodeIgniter))
12 FCPATH\index.php(46): CodeIgniter\Boot::bootWeb(Object(Config\Paths))
CRITICAL - 2025-09-19 05:31:35 --> [Caused by] mysqli_sql_exception: Unknown column 'pharmacy_medicines.generic_name' in 'field list'
in SYSTEMPATH\Database\MySQLi\Connection.php on line 327.
 1 SYSTEMPATH\Database\MySQLi\Connection.php(327): mysqli->query('SELECT `pharmacy_medicines`.`id`, `pharmacy_medicines`.`generic_name`, `pharmacy_medicines`.`brand_name`, `pharmacy_medicines`.`strength`, `pharmacy_medicines`.`reorder_level`, `pm`.`name` as `manufacturer_name`, `pc`.`name` as `category_name`, SUM(pb.current_stock) as total_stock, COUNT(pb.id) as num_batches
FROM `pharmacy_medicines`
LEFT JOIN `pharmacy_batches` `pb` ON `pb`.`medicine_id` = `pharmacy_medicines`.`id`
JOIN `pharmacy_manufacturers` `pm` ON `pm`.`id` = `pharmacy_medicines`.`manufacturer_id`
JOIN `pharmacy_categories` `pc` ON `pc`.`id` = `pharmacy_medicines`.`category_id`
GROUP BY `pharmacy_medicines`.`id`', 0)
 2 SYSTEMPATH\Database\BaseConnection.php(738): CodeIgniter\Database\MySQLi\Connection->execute('SELECT `pharmacy_medicines`.`id`, `pharmacy_medicines`.`generic_name`, `pharmacy_medicines`.`brand_name`, `pharmacy_medicines`.`strength`, `pharmacy_medicines`.`reorder_level`, `pm`.`name` as `manufacturer_name`, `pc`.`name` as `category_name`, SUM(pb.current_stock) as total_stock, COUNT(pb.id) as num_batches
FROM `pharmacy_medicines`
LEFT JOIN `pharmacy_batches` `pb` ON `pb`.`medicine_id` = `pharmacy_medicines`.`id`
JOIN `pharmacy_manufacturers` `pm` ON `pm`.`id` = `pharmacy_medicines`.`manufacturer_id`
JOIN `pharmacy_categories` `pc` ON `pc`.`id` = `pharmacy_medicines`.`category_id`
GROUP BY `pharmacy_medicines`.`id`')
 3 SYSTEMPATH\Database\BaseConnection.php(652): CodeIgniter\Database\BaseConnection->simpleQuery('SELECT `pharmacy_medicines`.`id`, `pharmacy_medicines`.`generic_name`, `pharmacy_medicines`.`brand_name`, `pharmacy_medicines`.`strength`, `pharmacy_medicines`.`reorder_level`, `pm`.`name` as `manufacturer_name`, `pc`.`name` as `category_name`, SUM(pb.current_stock) as total_stock, COUNT(pb.id) as num_batches
FROM `pharmacy_medicines`
LEFT JOIN `pharmacy_batches` `pb` ON `pb`.`medicine_id` = `pharmacy_medicines`.`id`
JOIN `pharmacy_manufacturers` `pm` ON `pm`.`id` = `pharmacy_medicines`.`manufacturer_id`
JOIN `pharmacy_categories` `pc` ON `pc`.`id` = `pharmacy_medicines`.`category_id`
GROUP BY `pharmacy_medicines`.`id`')
 4 SYSTEMPATH\Database\BaseBuilder.php(1649): CodeIgniter\Database\BaseConnection->query('SELECT `pharmacy_medicines`.`id`, `pharmacy_medicines`.`generic_name`, `pharmacy_medicines`.`brand_name`, `pharmacy_medicines`.`strength`, `pharmacy_medicines`.`reorder_level`, `pm`.`name` as `manufacturer_name`, `pc`.`name` as `category_name`, SUM(pb.current_stock) as total_stock, COUNT(pb.id) as num_batches
FROM `pharmacy_medicines`
LEFT JOIN `pharmacy_batches` `pb` ON `pb`.`medicine_id` = `pharmacy_medicines`.`id`
JOIN `pharmacy_manufacturers` `pm` ON `pm`.`id` = `pharmacy_medicines`.`manufacturer_id`
JOIN `pharmacy_categories` `pc` ON `pc`.`id` = `pharmacy_medicines`.`category_id`
GROUP BY `pharmacy_medicines`.`id`', [], false)
 5 SYSTEMPATH\Model.php(286): CodeIgniter\Database\BaseBuilder->get()
 6 SYSTEMPATH\BaseModel.php(679): CodeIgniter\Model->doFindAll(0, 0)
 7 APPPATH\Controllers\Pharmacy\Reports.php(144): CodeIgniter\BaseModel->findAll()
 8 SYSTEMPATH\CodeIgniter.php(933): App\Controllers\Pharmacy\Reports->stock()
 9 SYSTEMPATH\CodeIgniter.php(507): CodeIgniter\CodeIgniter->runController(Object(App\Controllers\Pharmacy\Reports))
10 SYSTEMPATH\CodeIgniter.php(354): CodeIgniter\CodeIgniter->handleRequest(null, Object(Config\Cache), false)
11 SYSTEMPATH\Boot.php(334): CodeIgniter\CodeIgniter->run()
12 SYSTEMPATH\Boot.php(67): CodeIgniter\Boot::runCodeIgniter(Object(CodeIgniter\CodeIgniter))
13 FCPATH\index.php(46): CodeIgniter\Boot::bootWeb(Object(Config\Paths))
DEBUG - 2025-09-19 05:31:37 --> Session: Class initialized using 'CodeIgniter\Session\Handlers\FileHandler' driver.
DEBUG - 2025-09-19 05:31:43 --> Session: Class initialized using 'CodeIgniter\Session\Handlers\FileHandler' driver.
ERROR - 2025-09-19 05:31:43 --> mysqli_sql_exception: Unknown column 'pm.generic_name' in 'field list' in C:\xampp\htdocs\hms_ram\system\Database\MySQLi\Connection.php:327
Stack trace:
#0 C:\xampp\htdocs\hms_ram\system\Database\MySQLi\Connection.php(327): mysqli->query('SELECT `pharmac...', 0)
#1 C:\xampp\htdocs\hms_ram\system\Database\BaseConnection.php(738): CodeIgniter\Database\MySQLi\Connection->execute('SELECT `pharmac...')
#2 C:\xampp\htdocs\hms_ram\system\Database\BaseConnection.php(652): CodeIgniter\Database\BaseConnection->simpleQuery('SELECT `pharmac...')
#3 C:\xampp\htdocs\hms_ram\system\Database\BaseBuilder.php(1649): CodeIgniter\Database\BaseConnection->query('SELECT `pharmac...', Array, false)
#4 C:\xampp\htdocs\hms_ram\system\Model.php(286): CodeIgniter\Database\BaseBuilder->get()
#5 C:\xampp\htdocs\hms_ram\system\BaseModel.php(679): CodeIgniter\Model->doFindAll(0, 0)
#6 C:\xampp\htdocs\hms_ram\app\Controllers\Pharmacy\Reports.php(167): CodeIgniter\BaseModel->findAll()
#7 C:\xampp\htdocs\hms_ram\system\CodeIgniter.php(933): App\Controllers\Pharmacy\Reports->expiry()
#8 C:\xampp\htdocs\hms_ram\system\CodeIgniter.php(507): CodeIgniter\CodeIgniter->runController(Object(App\Controllers\Pharmacy\Reports))
#9 C:\xampp\htdocs\hms_ram\system\CodeIgniter.php(354): CodeIgniter\CodeIgniter->handleRequest(NULL, Object(Config\Cache), false)
#10 C:\xampp\htdocs\hms_ram\system\Boot.php(334): CodeIgniter\CodeIgniter->run()
#11 C:\xampp\htdocs\hms_ram\system\Boot.php(67): CodeIgniter\Boot::runCodeIgniter(Object(CodeIgniter\CodeIgniter))
#12 C:\xampp\htdocs\hms_ram\index.php(46): CodeIgniter\Boot::bootWeb(Object(Config\Paths))
#13 {main}
CRITICAL - 2025-09-19 05:31:43 --> CodeIgniter\Database\Exceptions\DatabaseException: Unknown column 'pm.generic_name' in 'field list'
[Method: GET, Route: pharmacy/reports/expiry]
in SYSTEMPATH\Database\BaseConnection.php on line 692.
 1 SYSTEMPATH\Database\BaseBuilder.php(1649): CodeIgniter\Database\BaseConnection->query('SELECT `pharmacy_batches`.*, `pm`.`generic_name`, `pm`.`brand_name`, `pm`.`strength`, `ps`.`name` as `supplier_name`
FROM `pharmacy_batches`
JOIN `pharmacy_medicines` `pm` ON `pm`.`id` = `pharmacy_batches`.`medicine_id`
LEFT JOIN `pharmacy_suppliers` `ps` ON `ps`.`id` = `pharmacy_batches`.`supplier_id`
WHERE `expiry_date` <= :expiry_date:
AND `current_stock` > :current_stock:
ORDER BY `expiry_date` ASC', [...], false)
 2 SYSTEMPATH\Model.php(286): CodeIgniter\Database\BaseBuilder->get()
 3 SYSTEMPATH\BaseModel.php(679): CodeIgniter\Model->doFindAll(0, 0)
 4 APPPATH\Controllers\Pharmacy\Reports.php(167): CodeIgniter\BaseModel->findAll()
 5 SYSTEMPATH\CodeIgniter.php(933): App\Controllers\Pharmacy\Reports->expiry()
 6 SYSTEMPATH\CodeIgniter.php(507): CodeIgniter\CodeIgniter->runController(Object(App\Controllers\Pharmacy\Reports))
 7 SYSTEMPATH\CodeIgniter.php(354): CodeIgniter\CodeIgniter->handleRequest(null, Object(Config\Cache), false)
 8 SYSTEMPATH\Boot.php(334): CodeIgniter\CodeIgniter->run()
 9 SYSTEMPATH\Boot.php(67): CodeIgniter\Boot::runCodeIgniter(Object(CodeIgniter\CodeIgniter))
10 FCPATH\index.php(46): CodeIgniter\Boot::bootWeb(Object(Config\Paths))
CRITICAL - 2025-09-19 05:31:43 --> [Caused by] CodeIgniter\Database\Exceptions\DatabaseException: Unknown column 'pm.generic_name' in 'field list'
in SYSTEMPATH\Database\MySQLi\Connection.php on line 332.
 1 SYSTEMPATH\Database\BaseConnection.php(738): CodeIgniter\Database\MySQLi\Connection->execute('SELECT `pharmacy_batches`.*, `pm`.`generic_name`, `pm`.`brand_name`, `pm`.`strength`, `ps`.`name` as `supplier_name`
FROM `pharmacy_batches`
JOIN `pharmacy_medicines` `pm` ON `pm`.`id` = `pharmacy_batches`.`medicine_id`
LEFT JOIN `pharmacy_suppliers` `ps` ON `ps`.`id` = `pharmacy_batches`.`supplier_id`
WHERE `expiry_date` <= \'2025-12-19\'
AND `current_stock` > 0
ORDER BY `expiry_date` ASC')
 2 SYSTEMPATH\Database\BaseConnection.php(652): CodeIgniter\Database\BaseConnection->simpleQuery('SELECT `pharmacy_batches`.*, `pm`.`generic_name`, `pm`.`brand_name`, `pm`.`strength`, `ps`.`name` as `supplier_name`
FROM `pharmacy_batches`
JOIN `pharmacy_medicines` `pm` ON `pm`.`id` = `pharmacy_batches`.`medicine_id`
LEFT JOIN `pharmacy_suppliers` `ps` ON `ps`.`id` = `pharmacy_batches`.`supplier_id`
WHERE `expiry_date` <= \'2025-12-19\'
AND `current_stock` > 0
ORDER BY `expiry_date` ASC')
 3 SYSTEMPATH\Database\BaseBuilder.php(1649): CodeIgniter\Database\BaseConnection->query('SELECT `pharmacy_batches`.*, `pm`.`generic_name`, `pm`.`brand_name`, `pm`.`strength`, `ps`.`name` as `supplier_name`
FROM `pharmacy_batches`
JOIN `pharmacy_medicines` `pm` ON `pm`.`id` = `pharmacy_batches`.`medicine_id`
LEFT JOIN `pharmacy_suppliers` `ps` ON `ps`.`id` = `pharmacy_batches`.`supplier_id`
WHERE `expiry_date` <= :expiry_date:
AND `current_stock` > :current_stock:
ORDER BY `expiry_date` ASC', [...], false)
 4 SYSTEMPATH\Model.php(286): CodeIgniter\Database\BaseBuilder->get()
 5 SYSTEMPATH\BaseModel.php(679): CodeIgniter\Model->doFindAll(0, 0)
 6 APPPATH\Controllers\Pharmacy\Reports.php(167): CodeIgniter\BaseModel->findAll()
 7 SYSTEMPATH\CodeIgniter.php(933): App\Controllers\Pharmacy\Reports->expiry()
 8 SYSTEMPATH\CodeIgniter.php(507): CodeIgniter\CodeIgniter->runController(Object(App\Controllers\Pharmacy\Reports))
 9 SYSTEMPATH\CodeIgniter.php(354): CodeIgniter\CodeIgniter->handleRequest(null, Object(Config\Cache), false)
10 SYSTEMPATH\Boot.php(334): CodeIgniter\CodeIgniter->run()
11 SYSTEMPATH\Boot.php(67): CodeIgniter\Boot::runCodeIgniter(Object(CodeIgniter\CodeIgniter))
12 FCPATH\index.php(46): CodeIgniter\Boot::bootWeb(Object(Config\Paths))
CRITICAL - 2025-09-19 05:31:43 --> [Caused by] mysqli_sql_exception: Unknown column 'pm.generic_name' in 'field list'
in SYSTEMPATH\Database\MySQLi\Connection.php on line 327.
 1 SYSTEMPATH\Database\MySQLi\Connection.php(327): mysqli->query('SELECT `pharmacy_batches`.*, `pm`.`generic_name`, `pm`.`brand_name`, `pm`.`strength`, `ps`.`name` as `supplier_name`
FROM `pharmacy_batches`
JOIN `pharmacy_medicines` `pm` ON `pm`.`id` = `pharmacy_batches`.`medicine_id`
LEFT JOIN `pharmacy_suppliers` `ps` ON `ps`.`id` = `pharmacy_batches`.`supplier_id`
WHERE `expiry_date` <= \'2025-12-19\'
AND `current_stock` > 0
ORDER BY `expiry_date` ASC', 0)
 2 SYSTEMPATH\Database\BaseConnection.php(738): CodeIgniter\Database\MySQLi\Connection->execute('SELECT `pharmacy_batches`.*, `pm`.`generic_name`, `pm`.`brand_name`, `pm`.`strength`, `ps`.`name` as `supplier_name`
FROM `pharmacy_batches`
JOIN `pharmacy_medicines` `pm` ON `pm`.`id` = `pharmacy_batches`.`medicine_id`
LEFT JOIN `pharmacy_suppliers` `ps` ON `ps`.`id` = `pharmacy_batches`.`supplier_id`
WHERE `expiry_date` <= \'2025-12-19\'
AND `current_stock` > 0
ORDER BY `expiry_date` ASC')
 3 SYSTEMPATH\Database\BaseConnection.php(652): CodeIgniter\Database\BaseConnection->simpleQuery('SELECT `pharmacy_batches`.*, `pm`.`generic_name`, `pm`.`brand_name`, `pm`.`strength`, `ps`.`name` as `supplier_name`
FROM `pharmacy_batches`
JOIN `pharmacy_medicines` `pm` ON `pm`.`id` = `pharmacy_batches`.`medicine_id`
LEFT JOIN `pharmacy_suppliers` `ps` ON `ps`.`id` = `pharmacy_batches`.`supplier_id`
WHERE `expiry_date` <= \'2025-12-19\'
AND `current_stock` > 0
ORDER BY `expiry_date` ASC')
 4 SYSTEMPATH\Database\BaseBuilder.php(1649): CodeIgniter\Database\BaseConnection->query('SELECT `pharmacy_batches`.*, `pm`.`generic_name`, `pm`.`brand_name`, `pm`.`strength`, `ps`.`name` as `supplier_name`
FROM `pharmacy_batches`
JOIN `pharmacy_medicines` `pm` ON `pm`.`id` = `pharmacy_batches`.`medicine_id`
LEFT JOIN `pharmacy_suppliers` `ps` ON `ps`.`id` = `pharmacy_batches`.`supplier_id`
WHERE `expiry_date` <= :expiry_date:
AND `current_stock` > :current_stock:
ORDER BY `expiry_date` ASC', [...], false)
 5 SYSTEMPATH\Model.php(286): CodeIgniter\Database\BaseBuilder->get()
 6 SYSTEMPATH\BaseModel.php(679): CodeIgniter\Model->doFindAll(0, 0)
 7 APPPATH\Controllers\Pharmacy\Reports.php(167): CodeIgniter\BaseModel->findAll()
 8 SYSTEMPATH\CodeIgniter.php(933): App\Controllers\Pharmacy\Reports->expiry()
 9 SYSTEMPATH\CodeIgniter.php(507): CodeIgniter\CodeIgniter->runController(Object(App\Controllers\Pharmacy\Reports))
10 SYSTEMPATH\CodeIgniter.php(354): CodeIgniter\CodeIgniter->handleRequest(null, Object(Config\Cache), false)
11 SYSTEMPATH\Boot.php(334): CodeIgniter\CodeIgniter->run()
12 SYSTEMPATH\Boot.php(67): CodeIgniter\Boot::runCodeIgniter(Object(CodeIgniter\CodeIgniter))
13 FCPATH\index.php(46): CodeIgniter\Boot::bootWeb(Object(Config\Paths))
DEBUG - 2025-09-19 05:31:45 --> Session: Class initialized using 'CodeIgniter\Session\Handlers\FileHandler' driver.
DEBUG - 2025-09-19 05:31:49 --> Session: Class initialized using 'CodeIgniter\Session\Handlers\FileHandler' driver.
ERROR - 2025-09-19 05:31:49 --> mysqli_sql_exception: Unknown column 'pharmacy_medicines.generic_name' in 'field list' in C:\xampp\htdocs\hms_ram\system\Database\MySQLi\Connection.php:327
Stack trace:
#0 C:\xampp\htdocs\hms_ram\system\Database\MySQLi\Connection.php(327): mysqli->query('SELECT `pharmac...', 0)
#1 C:\xampp\htdocs\hms_ram\system\Database\BaseConnection.php(738): CodeIgniter\Database\MySQLi\Connection->execute('SELECT `pharmac...')
#2 C:\xampp\htdocs\hms_ram\system\Database\BaseConnection.php(652): CodeIgniter\Database\BaseConnection->simpleQuery('SELECT `pharmac...')
#3 C:\xampp\htdocs\hms_ram\system\Database\BaseBuilder.php(1649): CodeIgniter\Database\BaseConnection->query('SELECT `pharmac...', Array, false)
#4 C:\xampp\htdocs\hms_ram\system\Model.php(286): CodeIgniter\Database\BaseBuilder->get()
#5 C:\xampp\htdocs\hms_ram\system\BaseModel.php(679): CodeIgniter\Model->doFindAll(0, 0)
#6 C:\xampp\htdocs\hms_ram\app\Controllers\Pharmacy\Reports.php(144): CodeIgniter\BaseModel->findAll()
#7 C:\xampp\htdocs\hms_ram\system\CodeIgniter.php(933): App\Controllers\Pharmacy\Reports->stock()
#8 C:\xampp\htdocs\hms_ram\system\CodeIgniter.php(507): CodeIgniter\CodeIgniter->runController(Object(App\Controllers\Pharmacy\Reports))
#9 C:\xampp\htdocs\hms_ram\system\CodeIgniter.php(354): CodeIgniter\CodeIgniter->handleRequest(NULL, Object(Config\Cache), false)
#10 C:\xampp\htdocs\hms_ram\system\Boot.php(334): CodeIgniter\CodeIgniter->run()
#11 C:\xampp\htdocs\hms_ram\system\Boot.php(67): CodeIgniter\Boot::runCodeIgniter(Object(CodeIgniter\CodeIgniter))
#12 C:\xampp\htdocs\hms_ram\index.php(46): CodeIgniter\Boot::bootWeb(Object(Config\Paths))
#13 {main}
CRITICAL - 2025-09-19 05:31:49 --> CodeIgniter\Database\Exceptions\DatabaseException: Unknown column 'pharmacy_medicines.generic_name' in 'field list'
[Method: GET, Route: pharmacy/reports/stock]
in SYSTEMPATH\Database\BaseConnection.php on line 692.
 1 SYSTEMPATH\Database\BaseBuilder.php(1649): CodeIgniter\Database\BaseConnection->query('SELECT `pharmacy_medicines`.`id`, `pharmacy_medicines`.`generic_name`, `pharmacy_medicines`.`brand_name`, `pharmacy_medicines`.`strength`, `pharmacy_medicines`.`reorder_level`, `pm`.`name` as `manufacturer_name`, `pc`.`name` as `category_name`, SUM(pb.current_stock) as total_stock, COUNT(pb.id) as num_batches
FROM `pharmacy_medicines`
LEFT JOIN `pharmacy_batches` `pb` ON `pb`.`medicine_id` = `pharmacy_medicines`.`id`
JOIN `pharmacy_manufacturers` `pm` ON `pm`.`id` = `pharmacy_medicines`.`manufacturer_id`
JOIN `pharmacy_categories` `pc` ON `pc`.`id` = `pharmacy_medicines`.`category_id`
GROUP BY `pharmacy_medicines`.`id`', [], false)
 2 SYSTEMPATH\Model.php(286): CodeIgniter\Database\BaseBuilder->get()
 3 SYSTEMPATH\BaseModel.php(679): CodeIgniter\Model->doFindAll(0, 0)
 4 APPPATH\Controllers\Pharmacy\Reports.php(144): CodeIgniter\BaseModel->findAll()
 5 SYSTEMPATH\CodeIgniter.php(933): App\Controllers\Pharmacy\Reports->stock()
 6 SYSTEMPATH\CodeIgniter.php(507): CodeIgniter\CodeIgniter->runController(Object(App\Controllers\Pharmacy\Reports))
 7 SYSTEMPATH\CodeIgniter.php(354): CodeIgniter\CodeIgniter->handleRequest(null, Object(Config\Cache), false)
 8 SYSTEMPATH\Boot.php(334): CodeIgniter\CodeIgniter->run()
 9 SYSTEMPATH\Boot.php(67): CodeIgniter\Boot::runCodeIgniter(Object(CodeIgniter\CodeIgniter))
10 FCPATH\index.php(46): CodeIgniter\Boot::bootWeb(Object(Config\Paths))
CRITICAL - 2025-09-19 05:31:49 --> [Caused by] CodeIgniter\Database\Exceptions\DatabaseException: Unknown column 'pharmacy_medicines.generic_name' in 'field list'
in SYSTEMPATH\Database\MySQLi\Connection.php on line 332.
 1 SYSTEMPATH\Database\BaseConnection.php(738): CodeIgniter\Database\MySQLi\Connection->execute('SELECT `pharmacy_medicines`.`id`, `pharmacy_medicines`.`generic_name`, `pharmacy_medicines`.`brand_name`, `pharmacy_medicines`.`strength`, `pharmacy_medicines`.`reorder_level`, `pm`.`name` as `manufacturer_name`, `pc`.`name` as `category_name`, SUM(pb.current_stock) as total_stock, COUNT(pb.id) as num_batches
FROM `pharmacy_medicines`
LEFT JOIN `pharmacy_batches` `pb` ON `pb`.`medicine_id` = `pharmacy_medicines`.`id`
JOIN `pharmacy_manufacturers` `pm` ON `pm`.`id` = `pharmacy_medicines`.`manufacturer_id`
JOIN `pharmacy_categories` `pc` ON `pc`.`id` = `pharmacy_medicines`.`category_id`
GROUP BY `pharmacy_medicines`.`id`')
 2 SYSTEMPATH\Database\BaseConnection.php(652): CodeIgniter\Database\BaseConnection->simpleQuery('SELECT `pharmacy_medicines`.`id`, `pharmacy_medicines`.`generic_name`, `pharmacy_medicines`.`brand_name`, `pharmacy_medicines`.`strength`, `pharmacy_medicines`.`reorder_level`, `pm`.`name` as `manufacturer_name`, `pc`.`name` as `category_name`, SUM(pb.current_stock) as total_stock, COUNT(pb.id) as num_batches
FROM `pharmacy_medicines`
LEFT JOIN `pharmacy_batches` `pb` ON `pb`.`medicine_id` = `pharmacy_medicines`.`id`
JOIN `pharmacy_manufacturers` `pm` ON `pm`.`id` = `pharmacy_medicines`.`manufacturer_id`
JOIN `pharmacy_categories` `pc` ON `pc`.`id` = `pharmacy_medicines`.`category_id`
GROUP BY `pharmacy_medicines`.`id`')
 3 SYSTEMPATH\Database\BaseBuilder.php(1649): CodeIgniter\Database\BaseConnection->query('SELECT `pharmacy_medicines`.`id`, `pharmacy_medicines`.`generic_name`, `pharmacy_medicines`.`brand_name`, `pharmacy_medicines`.`strength`, `pharmacy_medicines`.`reorder_level`, `pm`.`name` as `manufacturer_name`, `pc`.`name` as `category_name`, SUM(pb.current_stock) as total_stock, COUNT(pb.id) as num_batches
FROM `pharmacy_medicines`
LEFT JOIN `pharmacy_batches` `pb` ON `pb`.`medicine_id` = `pharmacy_medicines`.`id`
JOIN `pharmacy_manufacturers` `pm` ON `pm`.`id` = `pharmacy_medicines`.`manufacturer_id`
JOIN `pharmacy_categories` `pc` ON `pc`.`id` = `pharmacy_medicines`.`category_id`
GROUP BY `pharmacy_medicines`.`id`', [], false)
 4 SYSTEMPATH\Model.php(286): CodeIgniter\Database\BaseBuilder->get()
 5 SYSTEMPATH\BaseModel.php(679): CodeIgniter\Model->doFindAll(0, 0)
 6 APPPATH\Controllers\Pharmacy\Reports.php(144): CodeIgniter\BaseModel->findAll()
 7 SYSTEMPATH\CodeIgniter.php(933): App\Controllers\Pharmacy\Reports->stock()
 8 SYSTEMPATH\CodeIgniter.php(507): CodeIgniter\CodeIgniter->runController(Object(App\Controllers\Pharmacy\Reports))
 9 SYSTEMPATH\CodeIgniter.php(354): CodeIgniter\CodeIgniter->handleRequest(null, Object(Config\Cache), false)
10 SYSTEMPATH\Boot.php(334): CodeIgniter\CodeIgniter->run()
11 SYSTEMPATH\Boot.php(67): CodeIgniter\Boot::runCodeIgniter(Object(CodeIgniter\CodeIgniter))
12 FCPATH\index.php(46): CodeIgniter\Boot::bootWeb(Object(Config\Paths))
CRITICAL - 2025-09-19 05:31:49 --> [Caused by] mysqli_sql_exception: Unknown column 'pharmacy_medicines.generic_name' in 'field list'
in SYSTEMPATH\Database\MySQLi\Connection.php on line 327.
 1 SYSTEMPATH\Database\MySQLi\Connection.php(327): mysqli->query('SELECT `pharmacy_medicines`.`id`, `pharmacy_medicines`.`generic_name`, `pharmacy_medicines`.`brand_name`, `pharmacy_medicines`.`strength`, `pharmacy_medicines`.`reorder_level`, `pm`.`name` as `manufacturer_name`, `pc`.`name` as `category_name`, SUM(pb.current_stock) as total_stock, COUNT(pb.id) as num_batches
FROM `pharmacy_medicines`
LEFT JOIN `pharmacy_batches` `pb` ON `pb`.`medicine_id` = `pharmacy_medicines`.`id`
JOIN `pharmacy_manufacturers` `pm` ON `pm`.`id` = `pharmacy_medicines`.`manufacturer_id`
JOIN `pharmacy_categories` `pc` ON `pc`.`id` = `pharmacy_medicines`.`category_id`
GROUP BY `pharmacy_medicines`.`id`', 0)
 2 SYSTEMPATH\Database\BaseConnection.php(738): CodeIgniter\Database\MySQLi\Connection->execute('SELECT `pharmacy_medicines`.`id`, `pharmacy_medicines`.`generic_name`, `pharmacy_medicines`.`brand_name`, `pharmacy_medicines`.`strength`, `pharmacy_medicines`.`reorder_level`, `pm`.`name` as `manufacturer_name`, `pc`.`name` as `category_name`, SUM(pb.current_stock) as total_stock, COUNT(pb.id) as num_batches
FROM `pharmacy_medicines`
LEFT JOIN `pharmacy_batches` `pb` ON `pb`.`medicine_id` = `pharmacy_medicines`.`id`
JOIN `pharmacy_manufacturers` `pm` ON `pm`.`id` = `pharmacy_medicines`.`manufacturer_id`
JOIN `pharmacy_categories` `pc` ON `pc`.`id` = `pharmacy_medicines`.`category_id`
GROUP BY `pharmacy_medicines`.`id`')
 3 SYSTEMPATH\Database\BaseConnection.php(652): CodeIgniter\Database\BaseConnection->simpleQuery('SELECT `pharmacy_medicines`.`id`, `pharmacy_medicines`.`generic_name`, `pharmacy_medicines`.`brand_name`, `pharmacy_medicines`.`strength`, `pharmacy_medicines`.`reorder_level`, `pm`.`name` as `manufacturer_name`, `pc`.`name` as `category_name`, SUM(pb.current_stock) as total_stock, COUNT(pb.id) as num_batches
FROM `pharmacy_medicines`
LEFT JOIN `pharmacy_batches` `pb` ON `pb`.`medicine_id` = `pharmacy_medicines`.`id`
JOIN `pharmacy_manufacturers` `pm` ON `pm`.`id` = `pharmacy_medicines`.`manufacturer_id`
JOIN `pharmacy_categories` `pc` ON `pc`.`id` = `pharmacy_medicines`.`category_id`
GROUP BY `pharmacy_medicines`.`id`')
 4 SYSTEMPATH\Database\BaseBuilder.php(1649): CodeIgniter\Database\BaseConnection->query('SELECT `pharmacy_medicines`.`id`, `pharmacy_medicines`.`generic_name`, `pharmacy_medicines`.`brand_name`, `pharmacy_medicines`.`strength`, `pharmacy_medicines`.`reorder_level`, `pm`.`name` as `manufacturer_name`, `pc`.`name` as `category_name`, SUM(pb.current_stock) as total_stock, COUNT(pb.id) as num_batches
FROM `pharmacy_medicines`
LEFT JOIN `pharmacy_batches` `pb` ON `pb`.`medicine_id` = `pharmacy_medicines`.`id`
JOIN `pharmacy_manufacturers` `pm` ON `pm`.`id` = `pharmacy_medicines`.`manufacturer_id`
JOIN `pharmacy_categories` `pc` ON `pc`.`id` = `pharmacy_medicines`.`category_id`
GROUP BY `pharmacy_medicines`.`id`', [], false)
 5 SYSTEMPATH\Model.php(286): CodeIgniter\Database\BaseBuilder->get()
 6 SYSTEMPATH\BaseModel.php(679): CodeIgniter\Model->doFindAll(0, 0)
 7 APPPATH\Controllers\Pharmacy\Reports.php(144): CodeIgniter\BaseModel->findAll()
 8 SYSTEMPATH\CodeIgniter.php(933): App\Controllers\Pharmacy\Reports->stock()
 9 SYSTEMPATH\CodeIgniter.php(507): CodeIgniter\CodeIgniter->runController(Object(App\Controllers\Pharmacy\Reports))
10 SYSTEMPATH\CodeIgniter.php(354): CodeIgniter\CodeIgniter->handleRequest(null, Object(Config\Cache), false)
11 SYSTEMPATH\Boot.php(334): CodeIgniter\CodeIgniter->run()
12 SYSTEMPATH\Boot.php(67): CodeIgniter\Boot::runCodeIgniter(Object(CodeIgniter\CodeIgniter))
13 FCPATH\index.php(46): CodeIgniter\Boot::bootWeb(Object(Config\Paths))
DEBUG - 2025-09-19 05:32:22 --> Session: Class initialized using 'CodeIgniter\Session\Handlers\FileHandler' driver.
DEBUG - 2025-09-19 05:32:33 --> Session: Class initialized using 'CodeIgniter\Session\Handlers\FileHandler' driver.
DEBUG - 2025-09-19 05:32:44 --> Session: Class initialized using 'CodeIgniter\Session\Handlers\FileHandler' driver.
DEBUG - 2025-09-19 05:34:55 --> Session: Class initialized using 'CodeIgniter\Session\Handlers\FileHandler' driver.
DEBUG - 2025-09-19 05:34:58 --> Session: Class initialized using 'CodeIgniter\Session\Handlers\FileHandler' driver.
DEBUG - 2025-09-19 05:35:02 --> Session: Class initialized using 'CodeIgniter\Session\Handlers\FileHandler' driver.
DEBUG - 2025-09-19 05:35:07 --> Session: Class initialized using 'CodeIgniter\Session\Handlers\FileHandler' driver.
DEBUG - 2025-09-19 05:35:08 --> Session: Class initialized using 'CodeIgniter\Session\Handlers\FileHandler' driver.
DEBUG - 2025-09-19 05:35:10 --> Session: Class initialized using 'CodeIgniter\Session\Handlers\FileHandler' driver.
DEBUG - 2025-09-19 05:35:16 --> Session: Class initialized using 'CodeIgniter\Session\Handlers\FileHandler' driver.
DEBUG - 2025-09-19 05:35:18 --> Session: Class initialized using 'CodeIgniter\Session\Handlers\FileHandler' driver.
DEBUG - 2025-09-19 05:35:20 --> Session: Class initialized using 'CodeIgniter\Session\Handlers\FileHandler' driver.
ERROR - 2025-09-19 05:35:20 --> mysqli_sql_exception: Unknown column 'pharmacy_medicines.generic_name' in 'field list' in C:\xampp\htdocs\hms_ram\system\Database\MySQLi\Connection.php:327
Stack trace:
#0 C:\xampp\htdocs\hms_ram\system\Database\MySQLi\Connection.php(327): mysqli->query('SELECT `pharmac...', 0)
#1 C:\xampp\htdocs\hms_ram\system\Database\BaseConnection.php(738): CodeIgniter\Database\MySQLi\Connection->execute('SELECT `pharmac...')
#2 C:\xampp\htdocs\hms_ram\system\Database\BaseConnection.php(652): CodeIgniter\Database\BaseConnection->simpleQuery('SELECT `pharmac...')
#3 C:\xampp\htdocs\hms_ram\system\Database\BaseBuilder.php(1649): CodeIgniter\Database\BaseConnection->query('SELECT `pharmac...', Array, false)
#4 C:\xampp\htdocs\hms_ram\system\Model.php(286): CodeIgniter\Database\BaseBuilder->get()
#5 C:\xampp\htdocs\hms_ram\system\BaseModel.php(679): CodeIgniter\Model->doFindAll(0, 0)
#6 C:\xampp\htdocs\hms_ram\app\Controllers\Pharmacy\Reports.php(144): CodeIgniter\BaseModel->findAll()
#7 C:\xampp\htdocs\hms_ram\system\CodeIgniter.php(933): App\Controllers\Pharmacy\Reports->stock()
#8 C:\xampp\htdocs\hms_ram\system\CodeIgniter.php(507): CodeIgniter\CodeIgniter->runController(Object(App\Controllers\Pharmacy\Reports))
#9 C:\xampp\htdocs\hms_ram\system\CodeIgniter.php(354): CodeIgniter\CodeIgniter->handleRequest(NULL, Object(Config\Cache), false)
#10 C:\xampp\htdocs\hms_ram\system\Boot.php(334): CodeIgniter\CodeIgniter->run()
#11 C:\xampp\htdocs\hms_ram\system\Boot.php(67): CodeIgniter\Boot::runCodeIgniter(Object(CodeIgniter\CodeIgniter))
#12 C:\xampp\htdocs\hms_ram\index.php(46): CodeIgniter\Boot::bootWeb(Object(Config\Paths))
#13 {main}
CRITICAL - 2025-09-19 05:35:20 --> CodeIgniter\Database\Exceptions\DatabaseException: Unknown column 'pharmacy_medicines.generic_name' in 'field list'
[Method: GET, Route: pharmacy/reports/stock]
in SYSTEMPATH\Database\BaseConnection.php on line 692.
 1 SYSTEMPATH\Database\BaseBuilder.php(1649): CodeIgniter\Database\BaseConnection->query('SELECT `pharmacy_medicines`.`id`, `pharmacy_medicines`.`generic_name`, `pharmacy_medicines`.`brand_name`, `pharmacy_medicines`.`strength`, `pharmacy_medicines`.`reorder_level`, `pm`.`name` as `manufacturer_name`, `pc`.`name` as `category_name`, SUM(pb.current_stock) as total_stock, COUNT(pb.id) as num_batches
FROM `pharmacy_medicines`
LEFT JOIN `pharmacy_batches` `pb` ON `pb`.`medicine_id` = `pharmacy_medicines`.`id`
JOIN `pharmacy_manufacturers` `pm` ON `pm`.`id` = `pharmacy_medicines`.`manufacturer_id`
JOIN `pharmacy_categories` `pc` ON `pc`.`id` = `pharmacy_medicines`.`category_id`
GROUP BY `pharmacy_medicines`.`id`', [], false)
 2 SYSTEMPATH\Model.php(286): CodeIgniter\Database\BaseBuilder->get()
 3 SYSTEMPATH\BaseModel.php(679): CodeIgniter\Model->doFindAll(0, 0)
 4 APPPATH\Controllers\Pharmacy\Reports.php(144): CodeIgniter\BaseModel->findAll()
 5 SYSTEMPATH\CodeIgniter.php(933): App\Controllers\Pharmacy\Reports->stock()
 6 SYSTEMPATH\CodeIgniter.php(507): CodeIgniter\CodeIgniter->runController(Object(App\Controllers\Pharmacy\Reports))
 7 SYSTEMPATH\CodeIgniter.php(354): CodeIgniter\CodeIgniter->handleRequest(null, Object(Config\Cache), false)
 8 SYSTEMPATH\Boot.php(334): CodeIgniter\CodeIgniter->run()
 9 SYSTEMPATH\Boot.php(67): CodeIgniter\Boot::runCodeIgniter(Object(CodeIgniter\CodeIgniter))
10 FCPATH\index.php(46): CodeIgniter\Boot::bootWeb(Object(Config\Paths))
CRITICAL - 2025-09-19 05:35:20 --> [Caused by] CodeIgniter\Database\Exceptions\DatabaseException: Unknown column 'pharmacy_medicines.generic_name' in 'field list'
in SYSTEMPATH\Database\MySQLi\Connection.php on line 332.
 1 SYSTEMPATH\Database\BaseConnection.php(738): CodeIgniter\Database\MySQLi\Connection->execute('SELECT `pharmacy_medicines`.`id`, `pharmacy_medicines`.`generic_name`, `pharmacy_medicines`.`brand_name`, `pharmacy_medicines`.`strength`, `pharmacy_medicines`.`reorder_level`, `pm`.`name` as `manufacturer_name`, `pc`.`name` as `category_name`, SUM(pb.current_stock) as total_stock, COUNT(pb.id) as num_batches
FROM `pharmacy_medicines`
LEFT JOIN `pharmacy_batches` `pb` ON `pb`.`medicine_id` = `pharmacy_medicines`.`id`
JOIN `pharmacy_manufacturers` `pm` ON `pm`.`id` = `pharmacy_medicines`.`manufacturer_id`
JOIN `pharmacy_categories` `pc` ON `pc`.`id` = `pharmacy_medicines`.`category_id`
GROUP BY `pharmacy_medicines`.`id`')
 2 SYSTEMPATH\Database\BaseConnection.php(652): CodeIgniter\Database\BaseConnection->simpleQuery('SELECT `pharmacy_medicines`.`id`, `pharmacy_medicines`.`generic_name`, `pharmacy_medicines`.`brand_name`, `pharmacy_medicines`.`strength`, `pharmacy_medicines`.`reorder_level`, `pm`.`name` as `manufacturer_name`, `pc`.`name` as `category_name`, SUM(pb.current_stock) as total_stock, COUNT(pb.id) as num_batches
FROM `pharmacy_medicines`
LEFT JOIN `pharmacy_batches` `pb` ON `pb`.`medicine_id` = `pharmacy_medicines`.`id`
JOIN `pharmacy_manufacturers` `pm` ON `pm`.`id` = `pharmacy_medicines`.`manufacturer_id`
JOIN `pharmacy_categories` `pc` ON `pc`.`id` = `pharmacy_medicines`.`category_id`
GROUP BY `pharmacy_medicines`.`id`')
 3 SYSTEMPATH\Database\BaseBuilder.php(1649): CodeIgniter\Database\BaseConnection->query('SELECT `pharmacy_medicines`.`id`, `pharmacy_medicines`.`generic_name`, `pharmacy_medicines`.`brand_name`, `pharmacy_medicines`.`strength`, `pharmacy_medicines`.`reorder_level`, `pm`.`name` as `manufacturer_name`, `pc`.`name` as `category_name`, SUM(pb.current_stock) as total_stock, COUNT(pb.id) as num_batches
FROM `pharmacy_medicines`
LEFT JOIN `pharmacy_batches` `pb` ON `pb`.`medicine_id` = `pharmacy_medicines`.`id`
JOIN `pharmacy_manufacturers` `pm` ON `pm`.`id` = `pharmacy_medicines`.`manufacturer_id`
JOIN `pharmacy_categories` `pc` ON `pc`.`id` = `pharmacy_medicines`.`category_id`
GROUP BY `pharmacy_medicines`.`id`', [], false)
 4 SYSTEMPATH\Model.php(286): CodeIgniter\Database\BaseBuilder->get()
 5 SYSTEMPATH\BaseModel.php(679): CodeIgniter\Model->doFindAll(0, 0)
 6 APPPATH\Controllers\Pharmacy\Reports.php(144): CodeIgniter\BaseModel->findAll()
 7 SYSTEMPATH\CodeIgniter.php(933): App\Controllers\Pharmacy\Reports->stock()
 8 SYSTEMPATH\CodeIgniter.php(507): CodeIgniter\CodeIgniter->runController(Object(App\Controllers\Pharmacy\Reports))
 9 SYSTEMPATH\CodeIgniter.php(354): CodeIgniter\CodeIgniter->handleRequest(null, Object(Config\Cache), false)
10 SYSTEMPATH\Boot.php(334): CodeIgniter\CodeIgniter->run()
11 SYSTEMPATH\Boot.php(67): CodeIgniter\Boot::runCodeIgniter(Object(CodeIgniter\CodeIgniter))
12 FCPATH\index.php(46): CodeIgniter\Boot::bootWeb(Object(Config\Paths))
CRITICAL - 2025-09-19 05:35:20 --> [Caused by] mysqli_sql_exception: Unknown column 'pharmacy_medicines.generic_name' in 'field list'
in SYSTEMPATH\Database\MySQLi\Connection.php on line 327.
 1 SYSTEMPATH\Database\MySQLi\Connection.php(327): mysqli->query('SELECT `pharmacy_medicines`.`id`, `pharmacy_medicines`.`generic_name`, `pharmacy_medicines`.`brand_name`, `pharmacy_medicines`.`strength`, `pharmacy_medicines`.`reorder_level`, `pm`.`name` as `manufacturer_name`, `pc`.`name` as `category_name`, SUM(pb.current_stock) as total_stock, COUNT(pb.id) as num_batches
FROM `pharmacy_medicines`
LEFT JOIN `pharmacy_batches` `pb` ON `pb`.`medicine_id` = `pharmacy_medicines`.`id`
JOIN `pharmacy_manufacturers` `pm` ON `pm`.`id` = `pharmacy_medicines`.`manufacturer_id`
JOIN `pharmacy_categories` `pc` ON `pc`.`id` = `pharmacy_medicines`.`category_id`
GROUP BY `pharmacy_medicines`.`id`', 0)
 2 SYSTEMPATH\Database\BaseConnection.php(738): CodeIgniter\Database\MySQLi\Connection->execute('SELECT `pharmacy_medicines`.`id`, `pharmacy_medicines`.`generic_name`, `pharmacy_medicines`.`brand_name`, `pharmacy_medicines`.`strength`, `pharmacy_medicines`.`reorder_level`, `pm`.`name` as `manufacturer_name`, `pc`.`name` as `category_name`, SUM(pb.current_stock) as total_stock, COUNT(pb.id) as num_batches
FROM `pharmacy_medicines`
LEFT JOIN `pharmacy_batches` `pb` ON `pb`.`medicine_id` = `pharmacy_medicines`.`id`
JOIN `pharmacy_manufacturers` `pm` ON `pm`.`id` = `pharmacy_medicines`.`manufacturer_id`
JOIN `pharmacy_categories` `pc` ON `pc`.`id` = `pharmacy_medicines`.`category_id`
GROUP BY `pharmacy_medicines`.`id`')
 3 SYSTEMPATH\Database\BaseConnection.php(652): CodeIgniter\Database\BaseConnection->simpleQuery('SELECT `pharmacy_medicines`.`id`, `pharmacy_medicines`.`generic_name`, `pharmacy_medicines`.`brand_name`, `pharmacy_medicines`.`strength`, `pharmacy_medicines`.`reorder_level`, `pm`.`name` as `manufacturer_name`, `pc`.`name` as `category_name`, SUM(pb.current_stock) as total_stock, COUNT(pb.id) as num_batches
FROM `pharmacy_medicines`
LEFT JOIN `pharmacy_batches` `pb` ON `pb`.`medicine_id` = `pharmacy_medicines`.`id`
JOIN `pharmacy_manufacturers` `pm` ON `pm`.`id` = `pharmacy_medicines`.`manufacturer_id`
JOIN `pharmacy_categories` `pc` ON `pc`.`id` = `pharmacy_medicines`.`category_id`
GROUP BY `pharmacy_medicines`.`id`')
 4 SYSTEMPATH\Database\BaseBuilder.php(1649): CodeIgniter\Database\BaseConnection->query('SELECT `pharmacy_medicines`.`id`, `pharmacy_medicines`.`generic_name`, `pharmacy_medicines`.`brand_name`, `pharmacy_medicines`.`strength`, `pharmacy_medicines`.`reorder_level`, `pm`.`name` as `manufacturer_name`, `pc`.`name` as `category_name`, SUM(pb.current_stock) as total_stock, COUNT(pb.id) as num_batches
FROM `pharmacy_medicines`
LEFT JOIN `pharmacy_batches` `pb` ON `pb`.`medicine_id` = `pharmacy_medicines`.`id`
JOIN `pharmacy_manufacturers` `pm` ON `pm`.`id` = `pharmacy_medicines`.`manufacturer_id`
JOIN `pharmacy_categories` `pc` ON `pc`.`id` = `pharmacy_medicines`.`category_id`
GROUP BY `pharmacy_medicines`.`id`', [], false)
 5 SYSTEMPATH\Model.php(286): CodeIgniter\Database\BaseBuilder->get()
 6 SYSTEMPATH\BaseModel.php(679): CodeIgniter\Model->doFindAll(0, 0)
 7 APPPATH\Controllers\Pharmacy\Reports.php(144): CodeIgniter\BaseModel->findAll()
 8 SYSTEMPATH\CodeIgniter.php(933): App\Controllers\Pharmacy\Reports->stock()
 9 SYSTEMPATH\CodeIgniter.php(507): CodeIgniter\CodeIgniter->runController(Object(App\Controllers\Pharmacy\Reports))
10 SYSTEMPATH\CodeIgniter.php(354): CodeIgniter\CodeIgniter->handleRequest(null, Object(Config\Cache), false)
11 SYSTEMPATH\Boot.php(334): CodeIgniter\CodeIgniter->run()
12 SYSTEMPATH\Boot.php(67): CodeIgniter\Boot::runCodeIgniter(Object(CodeIgniter\CodeIgniter))
13 FCPATH\index.php(46): CodeIgniter\Boot::bootWeb(Object(Config\Paths))
DEBUG - 2025-09-19 05:35:21 --> Session: Class initialized using 'CodeIgniter\Session\Handlers\FileHandler' driver.
ERROR - 2025-09-19 05:35:21 --> mysqli_sql_exception: Unknown column 'pm.generic_name' in 'field list' in C:\xampp\htdocs\hms_ram\system\Database\MySQLi\Connection.php:327
Stack trace:
#0 C:\xampp\htdocs\hms_ram\system\Database\MySQLi\Connection.php(327): mysqli->query('SELECT `pharmac...', 0)
#1 C:\xampp\htdocs\hms_ram\system\Database\BaseConnection.php(738): CodeIgniter\Database\MySQLi\Connection->execute('SELECT `pharmac...')
#2 C:\xampp\htdocs\hms_ram\system\Database\BaseConnection.php(652): CodeIgniter\Database\BaseConnection->simpleQuery('SELECT `pharmac...')
#3 C:\xampp\htdocs\hms_ram\system\Database\BaseBuilder.php(1649): CodeIgniter\Database\BaseConnection->query('SELECT `pharmac...', Array, false)
#4 C:\xampp\htdocs\hms_ram\system\Model.php(286): CodeIgniter\Database\BaseBuilder->get()
#5 C:\xampp\htdocs\hms_ram\system\BaseModel.php(679): CodeIgniter\Model->doFindAll(0, 0)
#6 C:\xampp\htdocs\hms_ram\app\Controllers\Pharmacy\Reports.php(167): CodeIgniter\BaseModel->findAll()
#7 C:\xampp\htdocs\hms_ram\system\CodeIgniter.php(933): App\Controllers\Pharmacy\Reports->expiry()
#8 C:\xampp\htdocs\hms_ram\system\CodeIgniter.php(507): CodeIgniter\CodeIgniter->runController(Object(App\Controllers\Pharmacy\Reports))
#9 C:\xampp\htdocs\hms_ram\system\CodeIgniter.php(354): CodeIgniter\CodeIgniter->handleRequest(NULL, Object(Config\Cache), false)
#10 C:\xampp\htdocs\hms_ram\system\Boot.php(334): CodeIgniter\CodeIgniter->run()
#11 C:\xampp\htdocs\hms_ram\system\Boot.php(67): CodeIgniter\Boot::runCodeIgniter(Object(CodeIgniter\CodeIgniter))
#12 C:\xampp\htdocs\hms_ram\index.php(46): CodeIgniter\Boot::bootWeb(Object(Config\Paths))
#13 {main}
CRITICAL - 2025-09-19 05:35:21 --> CodeIgniter\Database\Exceptions\DatabaseException: Unknown column 'pm.generic_name' in 'field list'
[Method: GET, Route: pharmacy/reports/expiry]
in SYSTEMPATH\Database\BaseConnection.php on line 692.
 1 SYSTEMPATH\Database\BaseBuilder.php(1649): CodeIgniter\Database\BaseConnection->query('SELECT `pharmacy_batches`.*, `pm`.`generic_name`, `pm`.`brand_name`, `pm`.`strength`, `ps`.`name` as `supplier_name`
FROM `pharmacy_batches`
JOIN `pharmacy_medicines` `pm` ON `pm`.`id` = `pharmacy_batches`.`medicine_id`
LEFT JOIN `pharmacy_suppliers` `ps` ON `ps`.`id` = `pharmacy_batches`.`supplier_id`
WHERE `expiry_date` <= :expiry_date:
AND `current_stock` > :current_stock:
ORDER BY `expiry_date` ASC', [...], false)
 2 SYSTEMPATH\Model.php(286): CodeIgniter\Database\BaseBuilder->get()
 3 SYSTEMPATH\BaseModel.php(679): CodeIgniter\Model->doFindAll(0, 0)
 4 APPPATH\Controllers\Pharmacy\Reports.php(167): CodeIgniter\BaseModel->findAll()
 5 SYSTEMPATH\CodeIgniter.php(933): App\Controllers\Pharmacy\Reports->expiry()
 6 SYSTEMPATH\CodeIgniter.php(507): CodeIgniter\CodeIgniter->runController(Object(App\Controllers\Pharmacy\Reports))
 7 SYSTEMPATH\CodeIgniter.php(354): CodeIgniter\CodeIgniter->handleRequest(null, Object(Config\Cache), false)
 8 SYSTEMPATH\Boot.php(334): CodeIgniter\CodeIgniter->run()
 9 SYSTEMPATH\Boot.php(67): CodeIgniter\Boot::runCodeIgniter(Object(CodeIgniter\CodeIgniter))
10 FCPATH\index.php(46): CodeIgniter\Boot::bootWeb(Object(Config\Paths))
CRITICAL - 2025-09-19 05:35:21 --> [Caused by] CodeIgniter\Database\Exceptions\DatabaseException: Unknown column 'pm.generic_name' in 'field list'
in SYSTEMPATH\Database\MySQLi\Connection.php on line 332.
 1 SYSTEMPATH\Database\BaseConnection.php(738): CodeIgniter\Database\MySQLi\Connection->execute('SELECT `pharmacy_batches`.*, `pm`.`generic_name`, `pm`.`brand_name`, `pm`.`strength`, `ps`.`name` as `supplier_name`
FROM `pharmacy_batches`
JOIN `pharmacy_medicines` `pm` ON `pm`.`id` = `pharmacy_batches`.`medicine_id`
LEFT JOIN `pharmacy_suppliers` `ps` ON `ps`.`id` = `pharmacy_batches`.`supplier_id`
WHERE `expiry_date` <= \'2025-12-19\'
AND `current_stock` > 0
ORDER BY `expiry_date` ASC')
 2 SYSTEMPATH\Database\BaseConnection.php(652): CodeIgniter\Database\BaseConnection->simpleQuery('SELECT `pharmacy_batches`.*, `pm`.`generic_name`, `pm`.`brand_name`, `pm`.`strength`, `ps`.`name` as `supplier_name`
FROM `pharmacy_batches`
JOIN `pharmacy_medicines` `pm` ON `pm`.`id` = `pharmacy_batches`.`medicine_id`
LEFT JOIN `pharmacy_suppliers` `ps` ON `ps`.`id` = `pharmacy_batches`.`supplier_id`
WHERE `expiry_date` <= \'2025-12-19\'
AND `current_stock` > 0
ORDER BY `expiry_date` ASC')
 3 SYSTEMPATH\Database\BaseBuilder.php(1649): CodeIgniter\Database\BaseConnection->query('SELECT `pharmacy_batches`.*, `pm`.`generic_name`, `pm`.`brand_name`, `pm`.`strength`, `ps`.`name` as `supplier_name`
FROM `pharmacy_batches`
JOIN `pharmacy_medicines` `pm` ON `pm`.`id` = `pharmacy_batches`.`medicine_id`
LEFT JOIN `pharmacy_suppliers` `ps` ON `ps`.`id` = `pharmacy_batches`.`supplier_id`
WHERE `expiry_date` <= :expiry_date:
AND `current_stock` > :current_stock:
ORDER BY `expiry_date` ASC', [...], false)
 4 SYSTEMPATH\Model.php(286): CodeIgniter\Database\BaseBuilder->get()
 5 SYSTEMPATH\BaseModel.php(679): CodeIgniter\Model->doFindAll(0, 0)
 6 APPPATH\Controllers\Pharmacy\Reports.php(167): CodeIgniter\BaseModel->findAll()
 7 SYSTEMPATH\CodeIgniter.php(933): App\Controllers\Pharmacy\Reports->expiry()
 8 SYSTEMPATH\CodeIgniter.php(507): CodeIgniter\CodeIgniter->runController(Object(App\Controllers\Pharmacy\Reports))
 9 SYSTEMPATH\CodeIgniter.php(354): CodeIgniter\CodeIgniter->handleRequest(null, Object(Config\Cache), false)
10 SYSTEMPATH\Boot.php(334): CodeIgniter\CodeIgniter->run()
11 SYSTEMPATH\Boot.php(67): CodeIgniter\Boot::runCodeIgniter(Object(CodeIgniter\CodeIgniter))
12 FCPATH\index.php(46): CodeIgniter\Boot::bootWeb(Object(Config\Paths))
CRITICAL - 2025-09-19 05:35:21 --> [Caused by] mysqli_sql_exception: Unknown column 'pm.generic_name' in 'field list'
in SYSTEMPATH\Database\MySQLi\Connection.php on line 327.
 1 SYSTEMPATH\Database\MySQLi\Connection.php(327): mysqli->query('SELECT `pharmacy_batches`.*, `pm`.`generic_name`, `pm`.`brand_name`, `pm`.`strength`, `ps`.`name` as `supplier_name`
FROM `pharmacy_batches`
JOIN `pharmacy_medicines` `pm` ON `pm`.`id` = `pharmacy_batches`.`medicine_id`
LEFT JOIN `pharmacy_suppliers` `ps` ON `ps`.`id` = `pharmacy_batches`.`supplier_id`
WHERE `expiry_date` <= \'2025-12-19\'
AND `current_stock` > 0
ORDER BY `expiry_date` ASC', 0)
 2 SYSTEMPATH\Database\BaseConnection.php(738): CodeIgniter\Database\MySQLi\Connection->execute('SELECT `pharmacy_batches`.*, `pm`.`generic_name`, `pm`.`brand_name`, `pm`.`strength`, `ps`.`name` as `supplier_name`
FROM `pharmacy_batches`
JOIN `pharmacy_medicines` `pm` ON `pm`.`id` = `pharmacy_batches`.`medicine_id`
LEFT JOIN `pharmacy_suppliers` `ps` ON `ps`.`id` = `pharmacy_batches`.`supplier_id`
WHERE `expiry_date` <= \'2025-12-19\'
AND `current_stock` > 0
ORDER BY `expiry_date` ASC')
 3 SYSTEMPATH\Database\BaseConnection.php(652): CodeIgniter\Database\BaseConnection->simpleQuery('SELECT `pharmacy_batches`.*, `pm`.`generic_name`, `pm`.`brand_name`, `pm`.`strength`, `ps`.`name` as `supplier_name`
FROM `pharmacy_batches`
JOIN `pharmacy_medicines` `pm` ON `pm`.`id` = `pharmacy_batches`.`medicine_id`
LEFT JOIN `pharmacy_suppliers` `ps` ON `ps`.`id` = `pharmacy_batches`.`supplier_id`
WHERE `expiry_date` <= \'2025-12-19\'
AND `current_stock` > 0
ORDER BY `expiry_date` ASC')
 4 SYSTEMPATH\Database\BaseBuilder.php(1649): CodeIgniter\Database\BaseConnection->query('SELECT `pharmacy_batches`.*, `pm`.`generic_name`, `pm`.`brand_name`, `pm`.`strength`, `ps`.`name` as `supplier_name`
FROM `pharmacy_batches`
JOIN `pharmacy_medicines` `pm` ON `pm`.`id` = `pharmacy_batches`.`medicine_id`
LEFT JOIN `pharmacy_suppliers` `ps` ON `ps`.`id` = `pharmacy_batches`.`supplier_id`
WHERE `expiry_date` <= :expiry_date:
AND `current_stock` > :current_stock:
ORDER BY `expiry_date` ASC', [...], false)
 5 SYSTEMPATH\Model.php(286): CodeIgniter\Database\BaseBuilder->get()
 6 SYSTEMPATH\BaseModel.php(679): CodeIgniter\Model->doFindAll(0, 0)
 7 APPPATH\Controllers\Pharmacy\Reports.php(167): CodeIgniter\BaseModel->findAll()
 8 SYSTEMPATH\CodeIgniter.php(933): App\Controllers\Pharmacy\Reports->expiry()
 9 SYSTEMPATH\CodeIgniter.php(507): CodeIgniter\CodeIgniter->runController(Object(App\Controllers\Pharmacy\Reports))
10 SYSTEMPATH\CodeIgniter.php(354): CodeIgniter\CodeIgniter->handleRequest(null, Object(Config\Cache), false)
11 SYSTEMPATH\Boot.php(334): CodeIgniter\CodeIgniter->run()
12 SYSTEMPATH\Boot.php(67): CodeIgniter\Boot::runCodeIgniter(Object(CodeIgniter\CodeIgniter))
13 FCPATH\index.php(46): CodeIgniter\Boot::bootWeb(Object(Config\Paths))
DEBUG - 2025-09-19 05:35:28 --> Session: Class initialized using 'CodeIgniter\Session\Handlers\FileHandler' driver.
ERROR - 2025-09-19 05:35:28 --> mysqli_sql_exception: Unknown column 'pm.generic_name' in 'field list' in C:\xampp\htdocs\hms_ram\system\Database\MySQLi\Connection.php:327
Stack trace:
#0 C:\xampp\htdocs\hms_ram\system\Database\MySQLi\Connection.php(327): mysqli->query('SELECT `pharmac...', 0)
#1 C:\xampp\htdocs\hms_ram\system\Database\BaseConnection.php(738): CodeIgniter\Database\MySQLi\Connection->execute('SELECT `pharmac...')
#2 C:\xampp\htdocs\hms_ram\system\Database\BaseConnection.php(652): CodeIgniter\Database\BaseConnection->simpleQuery('SELECT `pharmac...')
#3 C:\xampp\htdocs\hms_ram\system\Database\BaseBuilder.php(1649): CodeIgniter\Database\BaseConnection->query('SELECT `pharmac...', Array, false)
#4 C:\xampp\htdocs\hms_ram\system\Model.php(286): CodeIgniter\Database\BaseBuilder->get()
#5 C:\xampp\htdocs\hms_ram\system\BaseModel.php(679): CodeIgniter\Model->doFindAll(0, 0)
#6 C:\xampp\htdocs\hms_ram\app\Controllers\Pharmacy\Reports.php(167): CodeIgniter\BaseModel->findAll()
#7 C:\xampp\htdocs\hms_ram\system\CodeIgniter.php(933): App\Controllers\Pharmacy\Reports->expiry()
#8 C:\xampp\htdocs\hms_ram\system\CodeIgniter.php(507): CodeIgniter\CodeIgniter->runController(Object(App\Controllers\Pharmacy\Reports))
#9 C:\xampp\htdocs\hms_ram\system\CodeIgniter.php(354): CodeIgniter\CodeIgniter->handleRequest(NULL, Object(Config\Cache), false)
#10 C:\xampp\htdocs\hms_ram\system\Boot.php(334): CodeIgniter\CodeIgniter->run()
#11 C:\xampp\htdocs\hms_ram\system\Boot.php(67): CodeIgniter\Boot::runCodeIgniter(Object(CodeIgniter\CodeIgniter))
#12 C:\xampp\htdocs\hms_ram\index.php(46): CodeIgniter\Boot::bootWeb(Object(Config\Paths))
#13 {main}
CRITICAL - 2025-09-19 05:35:28 --> CodeIgniter\Database\Exceptions\DatabaseException: Unknown column 'pm.generic_name' in 'field list'
[Method: GET, Route: pharmacy/reports/expiry]
in SYSTEMPATH\Database\BaseConnection.php on line 692.
 1 SYSTEMPATH\Database\BaseBuilder.php(1649): CodeIgniter\Database\BaseConnection->query('SELECT `pharmacy_batches`.*, `pm`.`generic_name`, `pm`.`brand_name`, `pm`.`strength`, `ps`.`name` as `supplier_name`
FROM `pharmacy_batches`
JOIN `pharmacy_medicines` `pm` ON `pm`.`id` = `pharmacy_batches`.`medicine_id`
LEFT JOIN `pharmacy_suppliers` `ps` ON `ps`.`id` = `pharmacy_batches`.`supplier_id`
WHERE `expiry_date` <= :expiry_date:
AND `current_stock` > :current_stock:
ORDER BY `expiry_date` ASC', [...], false)
 2 SYSTEMPATH\Model.php(286): CodeIgniter\Database\BaseBuilder->get()
 3 SYSTEMPATH\BaseModel.php(679): CodeIgniter\Model->doFindAll(0, 0)
 4 APPPATH\Controllers\Pharmacy\Reports.php(167): CodeIgniter\BaseModel->findAll()
 5 SYSTEMPATH\CodeIgniter.php(933): App\Controllers\Pharmacy\Reports->expiry()
 6 SYSTEMPATH\CodeIgniter.php(507): CodeIgniter\CodeIgniter->runController(Object(App\Controllers\Pharmacy\Reports))
 7 SYSTEMPATH\CodeIgniter.php(354): CodeIgniter\CodeIgniter->handleRequest(null, Object(Config\Cache), false)
 8 SYSTEMPATH\Boot.php(334): CodeIgniter\CodeIgniter->run()
 9 SYSTEMPATH\Boot.php(67): CodeIgniter\Boot::runCodeIgniter(Object(CodeIgniter\CodeIgniter))
10 FCPATH\index.php(46): CodeIgniter\Boot::bootWeb(Object(Config\Paths))
CRITICAL - 2025-09-19 05:35:28 --> [Caused by] CodeIgniter\Database\Exceptions\DatabaseException: Unknown column 'pm.generic_name' in 'field list'
in SYSTEMPATH\Database\MySQLi\Connection.php on line 332.
 1 SYSTEMPATH\Database\BaseConnection.php(738): CodeIgniter\Database\MySQLi\Connection->execute('SELECT `pharmacy_batches`.*, `pm`.`generic_name`, `pm`.`brand_name`, `pm`.`strength`, `ps`.`name` as `supplier_name`
FROM `pharmacy_batches`
JOIN `pharmacy_medicines` `pm` ON `pm`.`id` = `pharmacy_batches`.`medicine_id`
LEFT JOIN `pharmacy_suppliers` `ps` ON `ps`.`id` = `pharmacy_batches`.`supplier_id`
WHERE `expiry_date` <= \'2025-12-19\'
AND `current_stock` > 0
ORDER BY `expiry_date` ASC')
 2 SYSTEMPATH\Database\BaseConnection.php(652): CodeIgniter\Database\BaseConnection->simpleQuery('SELECT `pharmacy_batches`.*, `pm`.`generic_name`, `pm`.`brand_name`, `pm`.`strength`, `ps`.`name` as `supplier_name`
FROM `pharmacy_batches`
JOIN `pharmacy_medicines` `pm` ON `pm`.`id` = `pharmacy_batches`.`medicine_id`
LEFT JOIN `pharmacy_suppliers` `ps` ON `ps`.`id` = `pharmacy_batches`.`supplier_id`
WHERE `expiry_date` <= \'2025-12-19\'
AND `current_stock` > 0
ORDER BY `expiry_date` ASC')
 3 SYSTEMPATH\Database\BaseBuilder.php(1649): CodeIgniter\Database\BaseConnection->query('SELECT `pharmacy_batches`.*, `pm`.`generic_name`, `pm`.`brand_name`, `pm`.`strength`, `ps`.`name` as `supplier_name`
FROM `pharmacy_batches`
JOIN `pharmacy_medicines` `pm` ON `pm`.`id` = `pharmacy_batches`.`medicine_id`
LEFT JOIN `pharmacy_suppliers` `ps` ON `ps`.`id` = `pharmacy_batches`.`supplier_id`
WHERE `expiry_date` <= :expiry_date:
AND `current_stock` > :current_stock:
ORDER BY `expiry_date` ASC', [...], false)
 4 SYSTEMPATH\Model.php(286): CodeIgniter\Database\BaseBuilder->get()
 5 SYSTEMPATH\BaseModel.php(679): CodeIgniter\Model->doFindAll(0, 0)
 6 APPPATH\Controllers\Pharmacy\Reports.php(167): CodeIgniter\BaseModel->findAll()
 7 SYSTEMPATH\CodeIgniter.php(933): App\Controllers\Pharmacy\Reports->expiry()
 8 SYSTEMPATH\CodeIgniter.php(507): CodeIgniter\CodeIgniter->runController(Object(App\Controllers\Pharmacy\Reports))
 9 SYSTEMPATH\CodeIgniter.php(354): CodeIgniter\CodeIgniter->handleRequest(null, Object(Config\Cache), false)
10 SYSTEMPATH\Boot.php(334): CodeIgniter\CodeIgniter->run()
11 SYSTEMPATH\Boot.php(67): CodeIgniter\Boot::runCodeIgniter(Object(CodeIgniter\CodeIgniter))
12 FCPATH\index.php(46): CodeIgniter\Boot::bootWeb(Object(Config\Paths))
CRITICAL - 2025-09-19 05:35:28 --> [Caused by] mysqli_sql_exception: Unknown column 'pm.generic_name' in 'field list'
in SYSTEMPATH\Database\MySQLi\Connection.php on line 327.
 1 SYSTEMPATH\Database\MySQLi\Connection.php(327): mysqli->query('SELECT `pharmacy_batches`.*, `pm`.`generic_name`, `pm`.`brand_name`, `pm`.`strength`, `ps`.`name` as `supplier_name`
FROM `pharmacy_batches`
JOIN `pharmacy_medicines` `pm` ON `pm`.`id` = `pharmacy_batches`.`medicine_id`
LEFT JOIN `pharmacy_suppliers` `ps` ON `ps`.`id` = `pharmacy_batches`.`supplier_id`
WHERE `expiry_date` <= \'2025-12-19\'
AND `current_stock` > 0
ORDER BY `expiry_date` ASC', 0)
 2 SYSTEMPATH\Database\BaseConnection.php(738): CodeIgniter\Database\MySQLi\Connection->execute('SELECT `pharmacy_batches`.*, `pm`.`generic_name`, `pm`.`brand_name`, `pm`.`strength`, `ps`.`name` as `supplier_name`
FROM `pharmacy_batches`
JOIN `pharmacy_medicines` `pm` ON `pm`.`id` = `pharmacy_batches`.`medicine_id`
LEFT JOIN `pharmacy_suppliers` `ps` ON `ps`.`id` = `pharmacy_batches`.`supplier_id`
WHERE `expiry_date` <= \'2025-12-19\'
AND `current_stock` > 0
ORDER BY `expiry_date` ASC')
 3 SYSTEMPATH\Database\BaseConnection.php(652): CodeIgniter\Database\BaseConnection->simpleQuery('SELECT `pharmacy_batches`.*, `pm`.`generic_name`, `pm`.`brand_name`, `pm`.`strength`, `ps`.`name` as `supplier_name`
FROM `pharmacy_batches`
JOIN `pharmacy_medicines` `pm` ON `pm`.`id` = `pharmacy_batches`.`medicine_id`
LEFT JOIN `pharmacy_suppliers` `ps` ON `ps`.`id` = `pharmacy_batches`.`supplier_id`
WHERE `expiry_date` <= \'2025-12-19\'
AND `current_stock` > 0
ORDER BY `expiry_date` ASC')
 4 SYSTEMPATH\Database\BaseBuilder.php(1649): CodeIgniter\Database\BaseConnection->query('SELECT `pharmacy_batches`.*, `pm`.`generic_name`, `pm`.`brand_name`, `pm`.`strength`, `ps`.`name` as `supplier_name`
FROM `pharmacy_batches`
JOIN `pharmacy_medicines` `pm` ON `pm`.`id` = `pharmacy_batches`.`medicine_id`
LEFT JOIN `pharmacy_suppliers` `ps` ON `ps`.`id` = `pharmacy_batches`.`supplier_id`
WHERE `expiry_date` <= :expiry_date:
AND `current_stock` > :current_stock:
ORDER BY `expiry_date` ASC', [...], false)
 5 SYSTEMPATH\Model.php(286): CodeIgniter\Database\BaseBuilder->get()
 6 SYSTEMPATH\BaseModel.php(679): CodeIgniter\Model->doFindAll(0, 0)
 7 APPPATH\Controllers\Pharmacy\Reports.php(167): CodeIgniter\BaseModel->findAll()
 8 SYSTEMPATH\CodeIgniter.php(933): App\Controllers\Pharmacy\Reports->expiry()
 9 SYSTEMPATH\CodeIgniter.php(507): CodeIgniter\CodeIgniter->runController(Object(App\Controllers\Pharmacy\Reports))
10 SYSTEMPATH\CodeIgniter.php(354): CodeIgniter\CodeIgniter->handleRequest(null, Object(Config\Cache), false)
11 SYSTEMPATH\Boot.php(334): CodeIgniter\CodeIgniter->run()
12 SYSTEMPATH\Boot.php(67): CodeIgniter\Boot::runCodeIgniter(Object(CodeIgniter\CodeIgniter))
13 FCPATH\index.php(46): CodeIgniter\Boot::bootWeb(Object(Config\Paths))
DEBUG - 2025-09-19 05:35:31 --> Session: Class initialized using 'CodeIgniter\Session\Handlers\FileHandler' driver.
ERROR - 2025-09-19 05:35:31 --> mysqli_sql_exception: Unknown column 'pharmacy_medicines.generic_name' in 'field list' in C:\xampp\htdocs\hms_ram\system\Database\MySQLi\Connection.php:327
Stack trace:
#0 C:\xampp\htdocs\hms_ram\system\Database\MySQLi\Connection.php(327): mysqli->query('SELECT `pharmac...', 0)
#1 C:\xampp\htdocs\hms_ram\system\Database\BaseConnection.php(738): CodeIgniter\Database\MySQLi\Connection->execute('SELECT `pharmac...')
#2 C:\xampp\htdocs\hms_ram\system\Database\BaseConnection.php(652): CodeIgniter\Database\BaseConnection->simpleQuery('SELECT `pharmac...')
#3 C:\xampp\htdocs\hms_ram\system\Database\BaseBuilder.php(1649): CodeIgniter\Database\BaseConnection->query('SELECT `pharmac...', Array, false)
#4 C:\xampp\htdocs\hms_ram\system\Model.php(286): CodeIgniter\Database\BaseBuilder->get()
#5 C:\xampp\htdocs\hms_ram\system\BaseModel.php(679): CodeIgniter\Model->doFindAll(0, 0)
#6 C:\xampp\htdocs\hms_ram\app\Controllers\Pharmacy\Reports.php(144): CodeIgniter\BaseModel->findAll()
#7 C:\xampp\htdocs\hms_ram\system\CodeIgniter.php(933): App\Controllers\Pharmacy\Reports->stock()
#8 C:\xampp\htdocs\hms_ram\system\CodeIgniter.php(507): CodeIgniter\CodeIgniter->runController(Object(App\Controllers\Pharmacy\Reports))
#9 C:\xampp\htdocs\hms_ram\system\CodeIgniter.php(354): CodeIgniter\CodeIgniter->handleRequest(NULL, Object(Config\Cache), false)
#10 C:\xampp\htdocs\hms_ram\system\Boot.php(334): CodeIgniter\CodeIgniter->run()
#11 C:\xampp\htdocs\hms_ram\system\Boot.php(67): CodeIgniter\Boot::runCodeIgniter(Object(CodeIgniter\CodeIgniter))
#12 C:\xampp\htdocs\hms_ram\index.php(46): CodeIgniter\Boot::bootWeb(Object(Config\Paths))
#13 {main}
CRITICAL - 2025-09-19 05:35:31 --> CodeIgniter\Database\Exceptions\DatabaseException: Unknown column 'pharmacy_medicines.generic_name' in 'field list'
[Method: GET, Route: pharmacy/reports/stock]
in SYSTEMPATH\Database\BaseConnection.php on line 692.
 1 SYSTEMPATH\Database\BaseBuilder.php(1649): CodeIgniter\Database\BaseConnection->query('SELECT `pharmacy_medicines`.`id`, `pharmacy_medicines`.`generic_name`, `pharmacy_medicines`.`brand_name`, `pharmacy_medicines`.`strength`, `pharmacy_medicines`.`reorder_level`, `pm`.`name` as `manufacturer_name`, `pc`.`name` as `category_name`, SUM(pb.current_stock) as total_stock, COUNT(pb.id) as num_batches
FROM `pharmacy_medicines`
LEFT JOIN `pharmacy_batches` `pb` ON `pb`.`medicine_id` = `pharmacy_medicines`.`id`
JOIN `pharmacy_manufacturers` `pm` ON `pm`.`id` = `pharmacy_medicines`.`manufacturer_id`
JOIN `pharmacy_categories` `pc` ON `pc`.`id` = `pharmacy_medicines`.`category_id`
GROUP BY `pharmacy_medicines`.`id`', [], false)
 2 SYSTEMPATH\Model.php(286): CodeIgniter\Database\BaseBuilder->get()
 3 SYSTEMPATH\BaseModel.php(679): CodeIgniter\Model->doFindAll(0, 0)
 4 APPPATH\Controllers\Pharmacy\Reports.php(144): CodeIgniter\BaseModel->findAll()
 5 SYSTEMPATH\CodeIgniter.php(933): App\Controllers\Pharmacy\Reports->stock()
 6 SYSTEMPATH\CodeIgniter.php(507): CodeIgniter\CodeIgniter->runController(Object(App\Controllers\Pharmacy\Reports))
 7 SYSTEMPATH\CodeIgniter.php(354): CodeIgniter\CodeIgniter->handleRequest(null, Object(Config\Cache), false)
 8 SYSTEMPATH\Boot.php(334): CodeIgniter\CodeIgniter->run()
 9 SYSTEMPATH\Boot.php(67): CodeIgniter\Boot::runCodeIgniter(Object(CodeIgniter\CodeIgniter))
10 FCPATH\index.php(46): CodeIgniter\Boot::bootWeb(Object(Config\Paths))
CRITICAL - 2025-09-19 05:35:31 --> [Caused by] CodeIgniter\Database\Exceptions\DatabaseException: Unknown column 'pharmacy_medicines.generic_name' in 'field list'
in SYSTEMPATH\Database\MySQLi\Connection.php on line 332.
 1 SYSTEMPATH\Database\BaseConnection.php(738): CodeIgniter\Database\MySQLi\Connection->execute('SELECT `pharmacy_medicines`.`id`, `pharmacy_medicines`.`generic_name`, `pharmacy_medicines`.`brand_name`, `pharmacy_medicines`.`strength`, `pharmacy_medicines`.`reorder_level`, `pm`.`name` as `manufacturer_name`, `pc`.`name` as `category_name`, SUM(pb.current_stock) as total_stock, COUNT(pb.id) as num_batches
FROM `pharmacy_medicines`
LEFT JOIN `pharmacy_batches` `pb` ON `pb`.`medicine_id` = `pharmacy_medicines`.`id`
JOIN `pharmacy_manufacturers` `pm` ON `pm`.`id` = `pharmacy_medicines`.`manufacturer_id`
JOIN `pharmacy_categories` `pc` ON `pc`.`id` = `pharmacy_medicines`.`category_id`
GROUP BY `pharmacy_medicines`.`id`')
 2 SYSTEMPATH\Database\BaseConnection.php(652): CodeIgniter\Database\BaseConnection->simpleQuery('SELECT `pharmacy_medicines`.`id`, `pharmacy_medicines`.`generic_name`, `pharmacy_medicines`.`brand_name`, `pharmacy_medicines`.`strength`, `pharmacy_medicines`.`reorder_level`, `pm`.`name` as `manufacturer_name`, `pc`.`name` as `category_name`, SUM(pb.current_stock) as total_stock, COUNT(pb.id) as num_batches
FROM `pharmacy_medicines`
LEFT JOIN `pharmacy_batches` `pb` ON `pb`.`medicine_id` = `pharmacy_medicines`.`id`
JOIN `pharmacy_manufacturers` `pm` ON `pm`.`id` = `pharmacy_medicines`.`manufacturer_id`
JOIN `pharmacy_categories` `pc` ON `pc`.`id` = `pharmacy_medicines`.`category_id`
GROUP BY `pharmacy_medicines`.`id`')
 3 SYSTEMPATH\Database\BaseBuilder.php(1649): CodeIgniter\Database\BaseConnection->query('SELECT `pharmacy_medicines`.`id`, `pharmacy_medicines`.`generic_name`, `pharmacy_medicines`.`brand_name`, `pharmacy_medicines`.`strength`, `pharmacy_medicines`.`reorder_level`, `pm`.`name` as `manufacturer_name`, `pc`.`name` as `category_name`, SUM(pb.current_stock) as total_stock, COUNT(pb.id) as num_batches
FROM `pharmacy_medicines`
LEFT JOIN `pharmacy_batches` `pb` ON `pb`.`medicine_id` = `pharmacy_medicines`.`id`
JOIN `pharmacy_manufacturers` `pm` ON `pm`.`id` = `pharmacy_medicines`.`manufacturer_id`
JOIN `pharmacy_categories` `pc` ON `pc`.`id` = `pharmacy_medicines`.`category_id`
GROUP BY `pharmacy_medicines`.`id`', [], false)
 4 SYSTEMPATH\Model.php(286): CodeIgniter\Database\BaseBuilder->get()
 5 SYSTEMPATH\BaseModel.php(679): CodeIgniter\Model->doFindAll(0, 0)
 6 APPPATH\Controllers\Pharmacy\Reports.php(144): CodeIgniter\BaseModel->findAll()
 7 SYSTEMPATH\CodeIgniter.php(933): App\Controllers\Pharmacy\Reports->stock()
 8 SYSTEMPATH\CodeIgniter.php(507): CodeIgniter\CodeIgniter->runController(Object(App\Controllers\Pharmacy\Reports))
 9 SYSTEMPATH\CodeIgniter.php(354): CodeIgniter\CodeIgniter->handleRequest(null, Object(Config\Cache), false)
10 SYSTEMPATH\Boot.php(334): CodeIgniter\CodeIgniter->run()
11 SYSTEMPATH\Boot.php(67): CodeIgniter\Boot::runCodeIgniter(Object(CodeIgniter\CodeIgniter))
12 FCPATH\index.php(46): CodeIgniter\Boot::bootWeb(Object(Config\Paths))
CRITICAL - 2025-09-19 05:35:31 --> [Caused by] mysqli_sql_exception: Unknown column 'pharmacy_medicines.generic_name' in 'field list'
in SYSTEMPATH\Database\MySQLi\Connection.php on line 327.
 1 SYSTEMPATH\Database\MySQLi\Connection.php(327): mysqli->query('SELECT `pharmacy_medicines`.`id`, `pharmacy_medicines`.`generic_name`, `pharmacy_medicines`.`brand_name`, `pharmacy_medicines`.`strength`, `pharmacy_medicines`.`reorder_level`, `pm`.`name` as `manufacturer_name`, `pc`.`name` as `category_name`, SUM(pb.current_stock) as total_stock, COUNT(pb.id) as num_batches
FROM `pharmacy_medicines`
LEFT JOIN `pharmacy_batches` `pb` ON `pb`.`medicine_id` = `pharmacy_medicines`.`id`
JOIN `pharmacy_manufacturers` `pm` ON `pm`.`id` = `pharmacy_medicines`.`manufacturer_id`
JOIN `pharmacy_categories` `pc` ON `pc`.`id` = `pharmacy_medicines`.`category_id`
GROUP BY `pharmacy_medicines`.`id`', 0)
 2 SYSTEMPATH\Database\BaseConnection.php(738): CodeIgniter\Database\MySQLi\Connection->execute('SELECT `pharmacy_medicines`.`id`, `pharmacy_medicines`.`generic_name`, `pharmacy_medicines`.`brand_name`, `pharmacy_medicines`.`strength`, `pharmacy_medicines`.`reorder_level`, `pm`.`name` as `manufacturer_name`, `pc`.`name` as `category_name`, SUM(pb.current_stock) as total_stock, COUNT(pb.id) as num_batches
FROM `pharmacy_medicines`
LEFT JOIN `pharmacy_batches` `pb` ON `pb`.`medicine_id` = `pharmacy_medicines`.`id`
JOIN `pharmacy_manufacturers` `pm` ON `pm`.`id` = `pharmacy_medicines`.`manufacturer_id`
JOIN `pharmacy_categories` `pc` ON `pc`.`id` = `pharmacy_medicines`.`category_id`
GROUP BY `pharmacy_medicines`.`id`')
 3 SYSTEMPATH\Database\BaseConnection.php(652): CodeIgniter\Database\BaseConnection->simpleQuery('SELECT `pharmacy_medicines`.`id`, `pharmacy_medicines`.`generic_name`, `pharmacy_medicines`.`brand_name`, `pharmacy_medicines`.`strength`, `pharmacy_medicines`.`reorder_level`, `pm`.`name` as `manufacturer_name`, `pc`.`name` as `category_name`, SUM(pb.current_stock) as total_stock, COUNT(pb.id) as num_batches
FROM `pharmacy_medicines`
LEFT JOIN `pharmacy_batches` `pb` ON `pb`.`medicine_id` = `pharmacy_medicines`.`id`
JOIN `pharmacy_manufacturers` `pm` ON `pm`.`id` = `pharmacy_medicines`.`manufacturer_id`
JOIN `pharmacy_categories` `pc` ON `pc`.`id` = `pharmacy_medicines`.`category_id`
GROUP BY `pharmacy_medicines`.`id`')
 4 SYSTEMPATH\Database\BaseBuilder.php(1649): CodeIgniter\Database\BaseConnection->query('SELECT `pharmacy_medicines`.`id`, `pharmacy_medicines`.`generic_name`, `pharmacy_medicines`.`brand_name`, `pharmacy_medicines`.`strength`, `pharmacy_medicines`.`reorder_level`, `pm`.`name` as `manufacturer_name`, `pc`.`name` as `category_name`, SUM(pb.current_stock) as total_stock, COUNT(pb.id) as num_batches
FROM `pharmacy_medicines`
LEFT JOIN `pharmacy_batches` `pb` ON `pb`.`medicine_id` = `pharmacy_medicines`.`id`
JOIN `pharmacy_manufacturers` `pm` ON `pm`.`id` = `pharmacy_medicines`.`manufacturer_id`
JOIN `pharmacy_categories` `pc` ON `pc`.`id` = `pharmacy_medicines`.`category_id`
GROUP BY `pharmacy_medicines`.`id`', [], false)
 5 SYSTEMPATH\Model.php(286): CodeIgniter\Database\BaseBuilder->get()
 6 SYSTEMPATH\BaseModel.php(679): CodeIgniter\Model->doFindAll(0, 0)
 7 APPPATH\Controllers\Pharmacy\Reports.php(144): CodeIgniter\BaseModel->findAll()
 8 SYSTEMPATH\CodeIgniter.php(933): App\Controllers\Pharmacy\Reports->stock()
 9 SYSTEMPATH\CodeIgniter.php(507): CodeIgniter\CodeIgniter->runController(Object(App\Controllers\Pharmacy\Reports))
10 SYSTEMPATH\CodeIgniter.php(354): CodeIgniter\CodeIgniter->handleRequest(null, Object(Config\Cache), false)
11 SYSTEMPATH\Boot.php(334): CodeIgniter\CodeIgniter->run()
12 SYSTEMPATH\Boot.php(67): CodeIgniter\Boot::runCodeIgniter(Object(CodeIgniter\CodeIgniter))
13 FCPATH\index.php(46): CodeIgniter\Boot::bootWeb(Object(Config\Paths))
DEBUG - 2025-09-19 05:35:40 --> Session: Class initialized using 'CodeIgniter\Session\Handlers\FileHandler' driver.
DEBUG - 2025-09-19 05:35:41 --> Session: Class initialized using 'CodeIgniter\Session\Handlers\FileHandler' driver.
DEBUG - 2025-09-19 05:35:56 --> Session: Class initialized using 'CodeIgniter\Session\Handlers\FileHandler' driver.
DEBUG - 2025-09-19 05:35:57 --> Session: Class initialized using 'CodeIgniter\Session\Handlers\FileHandler' driver.
DEBUG - 2025-09-19 05:36:02 --> Session: Class initialized using 'CodeIgniter\Session\Handlers\FileHandler' driver.
DEBUG - 2025-09-19 05:36:27 --> Session: Class initialized using 'CodeIgniter\Session\Handlers\FileHandler' driver.
DEBUG - 2025-09-19 05:36:39 --> Session: Class initialized using 'CodeIgniter\Session\Handlers\FileHandler' driver.
DEBUG - 2025-09-19 05:36:55 --> Session: Class initialized using 'CodeIgniter\Session\Handlers\FileHandler' driver.
DEBUG - 2025-09-19 05:36:56 --> Session: Class initialized using 'CodeIgniter\Session\Handlers\FileHandler' driver.
DEBUG - 2025-09-19 05:36:57 --> Session: Class initialized using 'CodeIgniter\Session\Handlers\FileHandler' driver.
DEBUG - 2025-09-19 05:36:58 --> Session: Class initialized using 'CodeIgniter\Session\Handlers\FileHandler' driver.
DEBUG - 2025-09-19 05:37:03 --> Session: Class initialized using 'CodeIgniter\Session\Handlers\FileHandler' driver.
ERROR - 2025-09-19 05:37:03 --> mysqli_sql_exception: Unknown column 'pm.generic_name' in 'field list' in C:\xampp\htdocs\hms_ram\system\Database\MySQLi\Connection.php:327
Stack trace:
#0 C:\xampp\htdocs\hms_ram\system\Database\MySQLi\Connection.php(327): mysqli->query('SELECT `pharmac...', 0)
#1 C:\xampp\htdocs\hms_ram\system\Database\BaseConnection.php(738): CodeIgniter\Database\MySQLi\Connection->execute('SELECT `pharmac...')
#2 C:\xampp\htdocs\hms_ram\system\Database\BaseConnection.php(652): CodeIgniter\Database\BaseConnection->simpleQuery('SELECT `pharmac...')
#3 C:\xampp\htdocs\hms_ram\system\Database\BaseBuilder.php(1649): CodeIgniter\Database\BaseConnection->query('SELECT `pharmac...', Array, false)
#4 C:\xampp\htdocs\hms_ram\system\Model.php(286): CodeIgniter\Database\BaseBuilder->get()
#5 C:\xampp\htdocs\hms_ram\system\BaseModel.php(679): CodeIgniter\Model->doFindAll(0, 0)
#6 C:\xampp\htdocs\hms_ram\app\Controllers\Pharmacy\Reports.php(167): CodeIgniter\BaseModel->findAll()
#7 C:\xampp\htdocs\hms_ram\system\CodeIgniter.php(933): App\Controllers\Pharmacy\Reports->expiry()
#8 C:\xampp\htdocs\hms_ram\system\CodeIgniter.php(507): CodeIgniter\CodeIgniter->runController(Object(App\Controllers\Pharmacy\Reports))
#9 C:\xampp\htdocs\hms_ram\system\CodeIgniter.php(354): CodeIgniter\CodeIgniter->handleRequest(NULL, Object(Config\Cache), false)
#10 C:\xampp\htdocs\hms_ram\system\Boot.php(334): CodeIgniter\CodeIgniter->run()
#11 C:\xampp\htdocs\hms_ram\system\Boot.php(67): CodeIgniter\Boot::runCodeIgniter(Object(CodeIgniter\CodeIgniter))
#12 C:\xampp\htdocs\hms_ram\index.php(46): CodeIgniter\Boot::bootWeb(Object(Config\Paths))
#13 {main}
CRITICAL - 2025-09-19 05:37:03 --> CodeIgniter\Database\Exceptions\DatabaseException: Unknown column 'pm.generic_name' in 'field list'
[Method: GET, Route: pharmacy/reports/expiry]
in SYSTEMPATH\Database\BaseConnection.php on line 692.
 1 SYSTEMPATH\Database\BaseBuilder.php(1649): CodeIgniter\Database\BaseConnection->query('SELECT `pharmacy_batches`.*, `pm`.`generic_name`, `pm`.`brand_name`, `pm`.`strength`, `ps`.`name` as `supplier_name`
FROM `pharmacy_batches`
JOIN `pharmacy_medicines` `pm` ON `pm`.`id` = `pharmacy_batches`.`medicine_id`
LEFT JOIN `pharmacy_suppliers` `ps` ON `ps`.`id` = `pharmacy_batches`.`supplier_id`
WHERE `expiry_date` <= :expiry_date:
AND `current_stock` > :current_stock:
ORDER BY `expiry_date` ASC', [...], false)
 2 SYSTEMPATH\Model.php(286): CodeIgniter\Database\BaseBuilder->get()
 3 SYSTEMPATH\BaseModel.php(679): CodeIgniter\Model->doFindAll(0, 0)
 4 APPPATH\Controllers\Pharmacy\Reports.php(167): CodeIgniter\BaseModel->findAll()
 5 SYSTEMPATH\CodeIgniter.php(933): App\Controllers\Pharmacy\Reports->expiry()
 6 SYSTEMPATH\CodeIgniter.php(507): CodeIgniter\CodeIgniter->runController(Object(App\Controllers\Pharmacy\Reports))
 7 SYSTEMPATH\CodeIgniter.php(354): CodeIgniter\CodeIgniter->handleRequest(null, Object(Config\Cache), false)
 8 SYSTEMPATH\Boot.php(334): CodeIgniter\CodeIgniter->run()
 9 SYSTEMPATH\Boot.php(67): CodeIgniter\Boot::runCodeIgniter(Object(CodeIgniter\CodeIgniter))
10 FCPATH\index.php(46): CodeIgniter\Boot::bootWeb(Object(Config\Paths))
CRITICAL - 2025-09-19 05:37:03 --> [Caused by] CodeIgniter\Database\Exceptions\DatabaseException: Unknown column 'pm.generic_name' in 'field list'
in SYSTEMPATH\Database\MySQLi\Connection.php on line 332.
 1 SYSTEMPATH\Database\BaseConnection.php(738): CodeIgniter\Database\MySQLi\Connection->execute('SELECT `pharmacy_batches`.*, `pm`.`generic_name`, `pm`.`brand_name`, `pm`.`strength`, `ps`.`name` as `supplier_name`
FROM `pharmacy_batches`
JOIN `pharmacy_medicines` `pm` ON `pm`.`id` = `pharmacy_batches`.`medicine_id`
LEFT JOIN `pharmacy_suppliers` `ps` ON `ps`.`id` = `pharmacy_batches`.`supplier_id`
WHERE `expiry_date` <= \'2025-12-19\'
AND `current_stock` > 0
ORDER BY `expiry_date` ASC')
 2 SYSTEMPATH\Database\BaseConnection.php(652): CodeIgniter\Database\BaseConnection->simpleQuery('SELECT `pharmacy_batches`.*, `pm`.`generic_name`, `pm`.`brand_name`, `pm`.`strength`, `ps`.`name` as `supplier_name`
FROM `pharmacy_batches`
JOIN `pharmacy_medicines` `pm` ON `pm`.`id` = `pharmacy_batches`.`medicine_id`
LEFT JOIN `pharmacy_suppliers` `ps` ON `ps`.`id` = `pharmacy_batches`.`supplier_id`
WHERE `expiry_date` <= \'2025-12-19\'
AND `current_stock` > 0
ORDER BY `expiry_date` ASC')
 3 SYSTEMPATH\Database\BaseBuilder.php(1649): CodeIgniter\Database\BaseConnection->query('SELECT `pharmacy_batches`.*, `pm`.`generic_name`, `pm`.`brand_name`, `pm`.`strength`, `ps`.`name` as `supplier_name`
FROM `pharmacy_batches`
JOIN `pharmacy_medicines` `pm` ON `pm`.`id` = `pharmacy_batches`.`medicine_id`
LEFT JOIN `pharmacy_suppliers` `ps` ON `ps`.`id` = `pharmacy_batches`.`supplier_id`
WHERE `expiry_date` <= :expiry_date:
AND `current_stock` > :current_stock:
ORDER BY `expiry_date` ASC', [...], false)
 4 SYSTEMPATH\Model.php(286): CodeIgniter\Database\BaseBuilder->get()
 5 SYSTEMPATH\BaseModel.php(679): CodeIgniter\Model->doFindAll(0, 0)
 6 APPPATH\Controllers\Pharmacy\Reports.php(167): CodeIgniter\BaseModel->findAll()
 7 SYSTEMPATH\CodeIgniter.php(933): App\Controllers\Pharmacy\Reports->expiry()
 8 SYSTEMPATH\CodeIgniter.php(507): CodeIgniter\CodeIgniter->runController(Object(App\Controllers\Pharmacy\Reports))
 9 SYSTEMPATH\CodeIgniter.php(354): CodeIgniter\CodeIgniter->handleRequest(null, Object(Config\Cache), false)
10 SYSTEMPATH\Boot.php(334): CodeIgniter\CodeIgniter->run()
11 SYSTEMPATH\Boot.php(67): CodeIgniter\Boot::runCodeIgniter(Object(CodeIgniter\CodeIgniter))
12 FCPATH\index.php(46): CodeIgniter\Boot::bootWeb(Object(Config\Paths))
CRITICAL - 2025-09-19 05:37:03 --> [Caused by] mysqli_sql_exception: Unknown column 'pm.generic_name' in 'field list'
in SYSTEMPATH\Database\MySQLi\Connection.php on line 327.
 1 SYSTEMPATH\Database\MySQLi\Connection.php(327): mysqli->query('SELECT `pharmacy_batches`.*, `pm`.`generic_name`, `pm`.`brand_name`, `pm`.`strength`, `ps`.`name` as `supplier_name`
FROM `pharmacy_batches`
JOIN `pharmacy_medicines` `pm` ON `pm`.`id` = `pharmacy_batches`.`medicine_id`
LEFT JOIN `pharmacy_suppliers` `ps` ON `ps`.`id` = `pharmacy_batches`.`supplier_id`
WHERE `expiry_date` <= \'2025-12-19\'
AND `current_stock` > 0
ORDER BY `expiry_date` ASC', 0)
 2 SYSTEMPATH\Database\BaseConnection.php(738): CodeIgniter\Database\MySQLi\Connection->execute('SELECT `pharmacy_batches`.*, `pm`.`generic_name`, `pm`.`brand_name`, `pm`.`strength`, `ps`.`name` as `supplier_name`
FROM `pharmacy_batches`
JOIN `pharmacy_medicines` `pm` ON `pm`.`id` = `pharmacy_batches`.`medicine_id`
LEFT JOIN `pharmacy_suppliers` `ps` ON `ps`.`id` = `pharmacy_batches`.`supplier_id`
WHERE `expiry_date` <= \'2025-12-19\'
AND `current_stock` > 0
ORDER BY `expiry_date` ASC')
 3 SYSTEMPATH\Database\BaseConnection.php(652): CodeIgniter\Database\BaseConnection->simpleQuery('SELECT `pharmacy_batches`.*, `pm`.`generic_name`, `pm`.`brand_name`, `pm`.`strength`, `ps`.`name` as `supplier_name`
FROM `pharmacy_batches`
JOIN `pharmacy_medicines` `pm` ON `pm`.`id` = `pharmacy_batches`.`medicine_id`
LEFT JOIN `pharmacy_suppliers` `ps` ON `ps`.`id` = `pharmacy_batches`.`supplier_id`
WHERE `expiry_date` <= \'2025-12-19\'
AND `current_stock` > 0
ORDER BY `expiry_date` ASC')
 4 SYSTEMPATH\Database\BaseBuilder.php(1649): CodeIgniter\Database\BaseConnection->query('SELECT `pharmacy_batches`.*, `pm`.`generic_name`, `pm`.`brand_name`, `pm`.`strength`, `ps`.`name` as `supplier_name`
FROM `pharmacy_batches`
JOIN `pharmacy_medicines` `pm` ON `pm`.`id` = `pharmacy_batches`.`medicine_id`
LEFT JOIN `pharmacy_suppliers` `ps` ON `ps`.`id` = `pharmacy_batches`.`supplier_id`
WHERE `expiry_date` <= :expiry_date:
AND `current_stock` > :current_stock:
ORDER BY `expiry_date` ASC', [...], false)
 5 SYSTEMPATH\Model.php(286): CodeIgniter\Database\BaseBuilder->get()
 6 SYSTEMPATH\BaseModel.php(679): CodeIgniter\Model->doFindAll(0, 0)
 7 APPPATH\Controllers\Pharmacy\Reports.php(167): CodeIgniter\BaseModel->findAll()
 8 SYSTEMPATH\CodeIgniter.php(933): App\Controllers\Pharmacy\Reports->expiry()
 9 SYSTEMPATH\CodeIgniter.php(507): CodeIgniter\CodeIgniter->runController(Object(App\Controllers\Pharmacy\Reports))
10 SYSTEMPATH\CodeIgniter.php(354): CodeIgniter\CodeIgniter->handleRequest(null, Object(Config\Cache), false)
11 SYSTEMPATH\Boot.php(334): CodeIgniter\CodeIgniter->run()
12 SYSTEMPATH\Boot.php(67): CodeIgniter\Boot::runCodeIgniter(Object(CodeIgniter\CodeIgniter))
13 FCPATH\index.php(46): CodeIgniter\Boot::bootWeb(Object(Config\Paths))
DEBUG - 2025-09-19 05:37:08 --> Session: Class initialized using 'CodeIgniter\Session\Handlers\FileHandler' driver.
ERROR - 2025-09-19 05:37:08 --> mysqli_sql_exception: Unknown column 'pm.generic_name' in 'field list' in C:\xampp\htdocs\hms_ram\system\Database\MySQLi\Connection.php:327
Stack trace:
#0 C:\xampp\htdocs\hms_ram\system\Database\MySQLi\Connection.php(327): mysqli->query('SELECT `pharmac...', 0)
#1 C:\xampp\htdocs\hms_ram\system\Database\BaseConnection.php(738): CodeIgniter\Database\MySQLi\Connection->execute('SELECT `pharmac...')
#2 C:\xampp\htdocs\hms_ram\system\Database\BaseConnection.php(652): CodeIgniter\Database\BaseConnection->simpleQuery('SELECT `pharmac...')
#3 C:\xampp\htdocs\hms_ram\system\Database\BaseBuilder.php(1649): CodeIgniter\Database\BaseConnection->query('SELECT `pharmac...', Array, false)
#4 C:\xampp\htdocs\hms_ram\system\Model.php(286): CodeIgniter\Database\BaseBuilder->get()
#5 C:\xampp\htdocs\hms_ram\system\BaseModel.php(679): CodeIgniter\Model->doFindAll(0, 0)
#6 C:\xampp\htdocs\hms_ram\app\Controllers\Pharmacy\Reports.php(167): CodeIgniter\BaseModel->findAll()
#7 C:\xampp\htdocs\hms_ram\system\CodeIgniter.php(933): App\Controllers\Pharmacy\Reports->expiry()
#8 C:\xampp\htdocs\hms_ram\system\CodeIgniter.php(507): CodeIgniter\CodeIgniter->runController(Object(App\Controllers\Pharmacy\Reports))
#9 C:\xampp\htdocs\hms_ram\system\CodeIgniter.php(354): CodeIgniter\CodeIgniter->handleRequest(NULL, Object(Config\Cache), false)
#10 C:\xampp\htdocs\hms_ram\system\Boot.php(334): CodeIgniter\CodeIgniter->run()
#11 C:\xampp\htdocs\hms_ram\system\Boot.php(67): CodeIgniter\Boot::runCodeIgniter(Object(CodeIgniter\CodeIgniter))
#12 C:\xampp\htdocs\hms_ram\index.php(46): CodeIgniter\Boot::bootWeb(Object(Config\Paths))
#13 {main}
CRITICAL - 2025-09-19 05:37:08 --> CodeIgniter\Database\Exceptions\DatabaseException: Unknown column 'pm.generic_name' in 'field list'
[Method: GET, Route: pharmacy/reports/expiry]
in SYSTEMPATH\Database\BaseConnection.php on line 692.
 1 SYSTEMPATH\Database\BaseBuilder.php(1649): CodeIgniter\Database\BaseConnection->query('SELECT `pharmacy_batches`.*, `pm`.`generic_name`, `pm`.`brand_name`, `pm`.`strength`, `ps`.`name` as `supplier_name`
FROM `pharmacy_batches`
JOIN `pharmacy_medicines` `pm` ON `pm`.`id` = `pharmacy_batches`.`medicine_id`
LEFT JOIN `pharmacy_suppliers` `ps` ON `ps`.`id` = `pharmacy_batches`.`supplier_id`
WHERE `expiry_date` <= :expiry_date:
AND `current_stock` > :current_stock:
ORDER BY `expiry_date` ASC', [...], false)
 2 SYSTEMPATH\Model.php(286): CodeIgniter\Database\BaseBuilder->get()
 3 SYSTEMPATH\BaseModel.php(679): CodeIgniter\Model->doFindAll(0, 0)
 4 APPPATH\Controllers\Pharmacy\Reports.php(167): CodeIgniter\BaseModel->findAll()
 5 SYSTEMPATH\CodeIgniter.php(933): App\Controllers\Pharmacy\Reports->expiry()
 6 SYSTEMPATH\CodeIgniter.php(507): CodeIgniter\CodeIgniter->runController(Object(App\Controllers\Pharmacy\Reports))
 7 SYSTEMPATH\CodeIgniter.php(354): CodeIgniter\CodeIgniter->handleRequest(null, Object(Config\Cache), false)
 8 SYSTEMPATH\Boot.php(334): CodeIgniter\CodeIgniter->run()
 9 SYSTEMPATH\Boot.php(67): CodeIgniter\Boot::runCodeIgniter(Object(CodeIgniter\CodeIgniter))
10 FCPATH\index.php(46): CodeIgniter\Boot::bootWeb(Object(Config\Paths))
CRITICAL - 2025-09-19 05:37:08 --> [Caused by] CodeIgniter\Database\Exceptions\DatabaseException: Unknown column 'pm.generic_name' in 'field list'
in SYSTEMPATH\Database\MySQLi\Connection.php on line 332.
 1 SYSTEMPATH\Database\BaseConnection.php(738): CodeIgniter\Database\MySQLi\Connection->execute('SELECT `pharmacy_batches`.*, `pm`.`generic_name`, `pm`.`brand_name`, `pm`.`strength`, `ps`.`name` as `supplier_name`
FROM `pharmacy_batches`
JOIN `pharmacy_medicines` `pm` ON `pm`.`id` = `pharmacy_batches`.`medicine_id`
LEFT JOIN `pharmacy_suppliers` `ps` ON `ps`.`id` = `pharmacy_batches`.`supplier_id`
WHERE `expiry_date` <= \'2025-12-19\'
AND `current_stock` > 0
ORDER BY `expiry_date` ASC')
 2 SYSTEMPATH\Database\BaseConnection.php(652): CodeIgniter\Database\BaseConnection->simpleQuery('SELECT `pharmacy_batches`.*, `pm`.`generic_name`, `pm`.`brand_name`, `pm`.`strength`, `ps`.`name` as `supplier_name`
FROM `pharmacy_batches`
JOIN `pharmacy_medicines` `pm` ON `pm`.`id` = `pharmacy_batches`.`medicine_id`
LEFT JOIN `pharmacy_suppliers` `ps` ON `ps`.`id` = `pharmacy_batches`.`supplier_id`
WHERE `expiry_date` <= \'2025-12-19\'
AND `current_stock` > 0
ORDER BY `expiry_date` ASC')
 3 SYSTEMPATH\Database\BaseBuilder.php(1649): CodeIgniter\Database\BaseConnection->query('SELECT `pharmacy_batches`.*, `pm`.`generic_name`, `pm`.`brand_name`, `pm`.`strength`, `ps`.`name` as `supplier_name`
FROM `pharmacy_batches`
JOIN `pharmacy_medicines` `pm` ON `pm`.`id` = `pharmacy_batches`.`medicine_id`
LEFT JOIN `pharmacy_suppliers` `ps` ON `ps`.`id` = `pharmacy_batches`.`supplier_id`
WHERE `expiry_date` <= :expiry_date:
AND `current_stock` > :current_stock:
ORDER BY `expiry_date` ASC', [...], false)
 4 SYSTEMPATH\Model.php(286): CodeIgniter\Database\BaseBuilder->get()
 5 SYSTEMPATH\BaseModel.php(679): CodeIgniter\Model->doFindAll(0, 0)
 6 APPPATH\Controllers\Pharmacy\Reports.php(167): CodeIgniter\BaseModel->findAll()
 7 SYSTEMPATH\CodeIgniter.php(933): App\Controllers\Pharmacy\Reports->expiry()
 8 SYSTEMPATH\CodeIgniter.php(507): CodeIgniter\CodeIgniter->runController(Object(App\Controllers\Pharmacy\Reports))
 9 SYSTEMPATH\CodeIgniter.php(354): CodeIgniter\CodeIgniter->handleRequest(null, Object(Config\Cache), false)
10 SYSTEMPATH\Boot.php(334): CodeIgniter\CodeIgniter->run()
11 SYSTEMPATH\Boot.php(67): CodeIgniter\Boot::runCodeIgniter(Object(CodeIgniter\CodeIgniter))
12 FCPATH\index.php(46): CodeIgniter\Boot::bootWeb(Object(Config\Paths))
CRITICAL - 2025-09-19 05:37:08 --> [Caused by] mysqli_sql_exception: Unknown column 'pm.generic_name' in 'field list'
in SYSTEMPATH\Database\MySQLi\Connection.php on line 327.
 1 SYSTEMPATH\Database\MySQLi\Connection.php(327): mysqli->query('SELECT `pharmacy_batches`.*, `pm`.`generic_name`, `pm`.`brand_name`, `pm`.`strength`, `ps`.`name` as `supplier_name`
FROM `pharmacy_batches`
JOIN `pharmacy_medicines` `pm` ON `pm`.`id` = `pharmacy_batches`.`medicine_id`
LEFT JOIN `pharmacy_suppliers` `ps` ON `ps`.`id` = `pharmacy_batches`.`supplier_id`
WHERE `expiry_date` <= \'2025-12-19\'
AND `current_stock` > 0
ORDER BY `expiry_date` ASC', 0)
 2 SYSTEMPATH\Database\BaseConnection.php(738): CodeIgniter\Database\MySQLi\Connection->execute('SELECT `pharmacy_batches`.*, `pm`.`generic_name`, `pm`.`brand_name`, `pm`.`strength`, `ps`.`name` as `supplier_name`
FROM `pharmacy_batches`
JOIN `pharmacy_medicines` `pm` ON `pm`.`id` = `pharmacy_batches`.`medicine_id`
LEFT JOIN `pharmacy_suppliers` `ps` ON `ps`.`id` = `pharmacy_batches`.`supplier_id`
WHERE `expiry_date` <= \'2025-12-19\'
AND `current_stock` > 0
ORDER BY `expiry_date` ASC')
 3 SYSTEMPATH\Database\BaseConnection.php(652): CodeIgniter\Database\BaseConnection->simpleQuery('SELECT `pharmacy_batches`.*, `pm`.`generic_name`, `pm`.`brand_name`, `pm`.`strength`, `ps`.`name` as `supplier_name`
FROM `pharmacy_batches`
JOIN `pharmacy_medicines` `pm` ON `pm`.`id` = `pharmacy_batches`.`medicine_id`
LEFT JOIN `pharmacy_suppliers` `ps` ON `ps`.`id` = `pharmacy_batches`.`supplier_id`
WHERE `expiry_date` <= \'2025-12-19\'
AND `current_stock` > 0
ORDER BY `expiry_date` ASC')
 4 SYSTEMPATH\Database\BaseBuilder.php(1649): CodeIgniter\Database\BaseConnection->query('SELECT `pharmacy_batches`.*, `pm`.`generic_name`, `pm`.`brand_name`, `pm`.`strength`, `ps`.`name` as `supplier_name`
FROM `pharmacy_batches`
JOIN `pharmacy_medicines` `pm` ON `pm`.`id` = `pharmacy_batches`.`medicine_id`
LEFT JOIN `pharmacy_suppliers` `ps` ON `ps`.`id` = `pharmacy_batches`.`supplier_id`
WHERE `expiry_date` <= :expiry_date:
AND `current_stock` > :current_stock:
ORDER BY `expiry_date` ASC', [...], false)
 5 SYSTEMPATH\Model.php(286): CodeIgniter\Database\BaseBuilder->get()
 6 SYSTEMPATH\BaseModel.php(679): CodeIgniter\Model->doFindAll(0, 0)
 7 APPPATH\Controllers\Pharmacy\Reports.php(167): CodeIgniter\BaseModel->findAll()
 8 SYSTEMPATH\CodeIgniter.php(933): App\Controllers\Pharmacy\Reports->expiry()
 9 SYSTEMPATH\CodeIgniter.php(507): CodeIgniter\CodeIgniter->runController(Object(App\Controllers\Pharmacy\Reports))
10 SYSTEMPATH\CodeIgniter.php(354): CodeIgniter\CodeIgniter->handleRequest(null, Object(Config\Cache), false)
11 SYSTEMPATH\Boot.php(334): CodeIgniter\CodeIgniter->run()
12 SYSTEMPATH\Boot.php(67): CodeIgniter\Boot::runCodeIgniter(Object(CodeIgniter\CodeIgniter))
13 FCPATH\index.php(46): CodeIgniter\Boot::bootWeb(Object(Config\Paths))
DEBUG - 2025-09-19 05:38:40 --> Session: Class initialized using 'CodeIgniter\Session\Handlers\FileHandler' driver.
ERROR - 2025-09-19 05:38:40 --> mysqli_sql_exception: Unknown column 'pm.generic_name' in 'field list' in C:\xampp\htdocs\hms_ram\system\Database\MySQLi\Connection.php:327
Stack trace:
#0 C:\xampp\htdocs\hms_ram\system\Database\MySQLi\Connection.php(327): mysqli->query('SELECT `pharmac...', 0)
#1 C:\xampp\htdocs\hms_ram\system\Database\BaseConnection.php(738): CodeIgniter\Database\MySQLi\Connection->execute('SELECT `pharmac...')
#2 C:\xampp\htdocs\hms_ram\system\Database\BaseConnection.php(652): CodeIgniter\Database\BaseConnection->simpleQuery('SELECT `pharmac...')
#3 C:\xampp\htdocs\hms_ram\system\Database\BaseBuilder.php(1649): CodeIgniter\Database\BaseConnection->query('SELECT `pharmac...', Array, false)
#4 C:\xampp\htdocs\hms_ram\system\Model.php(286): CodeIgniter\Database\BaseBuilder->get()
#5 C:\xampp\htdocs\hms_ram\system\BaseModel.php(679): CodeIgniter\Model->doFindAll(0, 0)
#6 C:\xampp\htdocs\hms_ram\app\Controllers\Pharmacy\Reports.php(167): CodeIgniter\BaseModel->findAll()
#7 C:\xampp\htdocs\hms_ram\system\CodeIgniter.php(933): App\Controllers\Pharmacy\Reports->expiry()
#8 C:\xampp\htdocs\hms_ram\system\CodeIgniter.php(507): CodeIgniter\CodeIgniter->runController(Object(App\Controllers\Pharmacy\Reports))
#9 C:\xampp\htdocs\hms_ram\system\CodeIgniter.php(354): CodeIgniter\CodeIgniter->handleRequest(NULL, Object(Config\Cache), false)
#10 C:\xampp\htdocs\hms_ram\system\Boot.php(334): CodeIgniter\CodeIgniter->run()
#11 C:\xampp\htdocs\hms_ram\system\Boot.php(67): CodeIgniter\Boot::runCodeIgniter(Object(CodeIgniter\CodeIgniter))
#12 C:\xampp\htdocs\hms_ram\index.php(46): CodeIgniter\Boot::bootWeb(Object(Config\Paths))
#13 {main}
CRITICAL - 2025-09-19 05:38:40 --> CodeIgniter\Database\Exceptions\DatabaseException: Unknown column 'pm.generic_name' in 'field list'
[Method: GET, Route: pharmacy/reports/expiry]
in SYSTEMPATH\Database\BaseConnection.php on line 692.
 1 SYSTEMPATH\Database\BaseBuilder.php(1649): CodeIgniter\Database\BaseConnection->query('SELECT `pharmacy_batches`.*, `pm`.`generic_name`, `pm`.`brand_name`, `pm`.`strength`, `ps`.`name` as `supplier_name`
FROM `pharmacy_batches`
JOIN `pharmacy_medicines` `pm` ON `pm`.`id` = `pharmacy_batches`.`medicine_id`
LEFT JOIN `pharmacy_suppliers` `ps` ON `ps`.`id` = `pharmacy_batches`.`supplier_id`
WHERE `expiry_date` <= :expiry_date:
AND `current_stock` > :current_stock:
ORDER BY `expiry_date` ASC', [...], false)
 2 SYSTEMPATH\Model.php(286): CodeIgniter\Database\BaseBuilder->get()
 3 SYSTEMPATH\BaseModel.php(679): CodeIgniter\Model->doFindAll(0, 0)
 4 APPPATH\Controllers\Pharmacy\Reports.php(167): CodeIgniter\BaseModel->findAll()
 5 SYSTEMPATH\CodeIgniter.php(933): App\Controllers\Pharmacy\Reports->expiry()
 6 SYSTEMPATH\CodeIgniter.php(507): CodeIgniter\CodeIgniter->runController(Object(App\Controllers\Pharmacy\Reports))
 7 SYSTEMPATH\CodeIgniter.php(354): CodeIgniter\CodeIgniter->handleRequest(null, Object(Config\Cache), false)
 8 SYSTEMPATH\Boot.php(334): CodeIgniter\CodeIgniter->run()
 9 SYSTEMPATH\Boot.php(67): CodeIgniter\Boot::runCodeIgniter(Object(CodeIgniter\CodeIgniter))
10 FCPATH\index.php(46): CodeIgniter\Boot::bootWeb(Object(Config\Paths))
CRITICAL - 2025-09-19 05:38:40 --> [Caused by] CodeIgniter\Database\Exceptions\DatabaseException: Unknown column 'pm.generic_name' in 'field list'
in SYSTEMPATH\Database\MySQLi\Connection.php on line 332.
 1 SYSTEMPATH\Database\BaseConnection.php(738): CodeIgniter\Database\MySQLi\Connection->execute('SELECT `pharmacy_batches`.*, `pm`.`generic_name`, `pm`.`brand_name`, `pm`.`strength`, `ps`.`name` as `supplier_name`
FROM `pharmacy_batches`
JOIN `pharmacy_medicines` `pm` ON `pm`.`id` = `pharmacy_batches`.`medicine_id`
LEFT JOIN `pharmacy_suppliers` `ps` ON `ps`.`id` = `pharmacy_batches`.`supplier_id`
WHERE `expiry_date` <= \'2025-12-19\'
AND `current_stock` > 0
ORDER BY `expiry_date` ASC')
 2 SYSTEMPATH\Database\BaseConnection.php(652): CodeIgniter\Database\BaseConnection->simpleQuery('SELECT `pharmacy_batches`.*, `pm`.`generic_name`, `pm`.`brand_name`, `pm`.`strength`, `ps`.`name` as `supplier_name`
FROM `pharmacy_batches`
JOIN `pharmacy_medicines` `pm` ON `pm`.`id` = `pharmacy_batches`.`medicine_id`
LEFT JOIN `pharmacy_suppliers` `ps` ON `ps`.`id` = `pharmacy_batches`.`supplier_id`
WHERE `expiry_date` <= \'2025-12-19\'
AND `current_stock` > 0
ORDER BY `expiry_date` ASC')
 3 SYSTEMPATH\Database\BaseBuilder.php(1649): CodeIgniter\Database\BaseConnection->query('SELECT `pharmacy_batches`.*, `pm`.`generic_name`, `pm`.`brand_name`, `pm`.`strength`, `ps`.`name` as `supplier_name`
FROM `pharmacy_batches`
JOIN `pharmacy_medicines` `pm` ON `pm`.`id` = `pharmacy_batches`.`medicine_id`
LEFT JOIN `pharmacy_suppliers` `ps` ON `ps`.`id` = `pharmacy_batches`.`supplier_id`
WHERE `expiry_date` <= :expiry_date:
AND `current_stock` > :current_stock:
ORDER BY `expiry_date` ASC', [...], false)
 4 SYSTEMPATH\Model.php(286): CodeIgniter\Database\BaseBuilder->get()
 5 SYSTEMPATH\BaseModel.php(679): CodeIgniter\Model->doFindAll(0, 0)
 6 APPPATH\Controllers\Pharmacy\Reports.php(167): CodeIgniter\BaseModel->findAll()
 7 SYSTEMPATH\CodeIgniter.php(933): App\Controllers\Pharmacy\Reports->expiry()
 8 SYSTEMPATH\CodeIgniter.php(507): CodeIgniter\CodeIgniter->runController(Object(App\Controllers\Pharmacy\Reports))
 9 SYSTEMPATH\CodeIgniter.php(354): CodeIgniter\CodeIgniter->handleRequest(null, Object(Config\Cache), false)
10 SYSTEMPATH\Boot.php(334): CodeIgniter\CodeIgniter->run()
11 SYSTEMPATH\Boot.php(67): CodeIgniter\Boot::runCodeIgniter(Object(CodeIgniter\CodeIgniter))
12 FCPATH\index.php(46): CodeIgniter\Boot::bootWeb(Object(Config\Paths))
CRITICAL - 2025-09-19 05:38:40 --> [Caused by] mysqli_sql_exception: Unknown column 'pm.generic_name' in 'field list'
in SYSTEMPATH\Database\MySQLi\Connection.php on line 327.
 1 SYSTEMPATH\Database\MySQLi\Connection.php(327): mysqli->query('SELECT `pharmacy_batches`.*, `pm`.`generic_name`, `pm`.`brand_name`, `pm`.`strength`, `ps`.`name` as `supplier_name`
FROM `pharmacy_batches`
JOIN `pharmacy_medicines` `pm` ON `pm`.`id` = `pharmacy_batches`.`medicine_id`
LEFT JOIN `pharmacy_suppliers` `ps` ON `ps`.`id` = `pharmacy_batches`.`supplier_id`
WHERE `expiry_date` <= \'2025-12-19\'
AND `current_stock` > 0
ORDER BY `expiry_date` ASC', 0)
 2 SYSTEMPATH\Database\BaseConnection.php(738): CodeIgniter\Database\MySQLi\Connection->execute('SELECT `pharmacy_batches`.*, `pm`.`generic_name`, `pm`.`brand_name`, `pm`.`strength`, `ps`.`name` as `supplier_name`
FROM `pharmacy_batches`
JOIN `pharmacy_medicines` `pm` ON `pm`.`id` = `pharmacy_batches`.`medicine_id`
LEFT JOIN `pharmacy_suppliers` `ps` ON `ps`.`id` = `pharmacy_batches`.`supplier_id`
WHERE `expiry_date` <= \'2025-12-19\'
AND `current_stock` > 0
ORDER BY `expiry_date` ASC')
 3 SYSTEMPATH\Database\BaseConnection.php(652): CodeIgniter\Database\BaseConnection->simpleQuery('SELECT `pharmacy_batches`.*, `pm`.`generic_name`, `pm`.`brand_name`, `pm`.`strength`, `ps`.`name` as `supplier_name`
FROM `pharmacy_batches`
JOIN `pharmacy_medicines` `pm` ON `pm`.`id` = `pharmacy_batches`.`medicine_id`
LEFT JOIN `pharmacy_suppliers` `ps` ON `ps`.`id` = `pharmacy_batches`.`supplier_id`
WHERE `expiry_date` <= \'2025-12-19\'
AND `current_stock` > 0
ORDER BY `expiry_date` ASC')
 4 SYSTEMPATH\Database\BaseBuilder.php(1649): CodeIgniter\Database\BaseConnection->query('SELECT `pharmacy_batches`.*, `pm`.`generic_name`, `pm`.`brand_name`, `pm`.`strength`, `ps`.`name` as `supplier_name`
FROM `pharmacy_batches`
JOIN `pharmacy_medicines` `pm` ON `pm`.`id` = `pharmacy_batches`.`medicine_id`
LEFT JOIN `pharmacy_suppliers` `ps` ON `ps`.`id` = `pharmacy_batches`.`supplier_id`
WHERE `expiry_date` <= :expiry_date:
AND `current_stock` > :current_stock:
ORDER BY `expiry_date` ASC', [...], false)
 5 SYSTEMPATH\Model.php(286): CodeIgniter\Database\BaseBuilder->get()
 6 SYSTEMPATH\BaseModel.php(679): CodeIgniter\Model->doFindAll(0, 0)
 7 APPPATH\Controllers\Pharmacy\Reports.php(167): CodeIgniter\BaseModel->findAll()
 8 SYSTEMPATH\CodeIgniter.php(933): App\Controllers\Pharmacy\Reports->expiry()
 9 SYSTEMPATH\CodeIgniter.php(507): CodeIgniter\CodeIgniter->runController(Object(App\Controllers\Pharmacy\Reports))
10 SYSTEMPATH\CodeIgniter.php(354): CodeIgniter\CodeIgniter->handleRequest(null, Object(Config\Cache), false)
11 SYSTEMPATH\Boot.php(334): CodeIgniter\CodeIgniter->run()
12 SYSTEMPATH\Boot.php(67): CodeIgniter\Boot::runCodeIgniter(Object(CodeIgniter\CodeIgniter))
13 FCPATH\index.php(46): CodeIgniter\Boot::bootWeb(Object(Config\Paths))
DEBUG - 2025-09-19 05:41:56 --> Session: Class initialized using 'CodeIgniter\Session\Handlers\FileHandler' driver.
DEBUG - 2025-09-19 05:42:04 --> Session: Class initialized using 'CodeIgniter\Session\Handlers\FileHandler' driver.
CRITICAL - 2025-09-19 05:42:04 --> Error: Class "App\Controllers\Pharmacy\Time" not found
[Method: GET, Route: pharmacy/reports/expiry]
in APPPATH\Controllers\Pharmacy\Reports.php on line 173.
 1 SYSTEMPATH\CodeIgniter.php(933): App\Controllers\Pharmacy\Reports->expiry()
 2 SYSTEMPATH\CodeIgniter.php(507): CodeIgniter\CodeIgniter->runController(Object(App\Controllers\Pharmacy\Reports))
 3 SYSTEMPATH\CodeIgniter.php(354): CodeIgniter\CodeIgniter->handleRequest(null, Object(Config\Cache), false)
 4 SYSTEMPATH\Boot.php(334): CodeIgniter\CodeIgniter->run()
 5 SYSTEMPATH\Boot.php(67): CodeIgniter\Boot::runCodeIgniter(Object(CodeIgniter\CodeIgniter))
 6 FCPATH\index.php(46): CodeIgniter\Boot::bootWeb(Object(Config\Paths))
DEBUG - 2025-09-19 05:42:33 --> Session: Class initialized using 'CodeIgniter\Session\Handlers\FileHandler' driver.
DEBUG - 2025-09-19 05:42:33 --> Session: Class initialized using 'CodeIgniter\Session\Handlers\FileHandler' driver.
DEBUG - 2025-09-19 05:42:43 --> Session: Class initialized using 'CodeIgniter\Session\Handlers\FileHandler' driver.
DEBUG - 2025-09-19 05:42:44 --> Session: Class initialized using 'CodeIgniter\Session\Handlers\FileHandler' driver.
DEBUG - 2025-09-19 05:43:26 --> Session: Class initialized using 'CodeIgniter\Session\Handlers\FileHandler' driver.
DEBUG - 2025-09-19 05:43:28 --> Session: Class initialized using 'CodeIgniter\Session\Handlers\FileHandler' driver.
CRITICAL - 2025-09-19 05:43:28 --> Error: Class "App\Controllers\Pharmacy\Time" not found
[Method: GET, Route: pharmacy/reports/expiry]
in APPPATH\Controllers\Pharmacy\Reports.php on line 173.
 1 SYSTEMPATH\CodeIgniter.php(933): App\Controllers\Pharmacy\Reports->expiry()
 2 SYSTEMPATH\CodeIgniter.php(507): CodeIgniter\CodeIgniter->runController(Object(App\Controllers\Pharmacy\Reports))
 3 SYSTEMPATH\CodeIgniter.php(354): CodeIgniter\CodeIgniter->handleRequest(null, Object(Config\Cache), false)
 4 SYSTEMPATH\Boot.php(334): CodeIgniter\CodeIgniter->run()
 5 SYSTEMPATH\Boot.php(67): CodeIgniter\Boot::runCodeIgniter(Object(CodeIgniter\CodeIgniter))
 6 FCPATH\index.php(46): CodeIgniter\Boot::bootWeb(Object(Config\Paths))
DEBUG - 2025-09-19 05:44:45 --> Session: Class initialized using 'CodeIgniter\Session\Handlers\FileHandler' driver.
DEBUG - 2025-09-19 05:44:48 --> Session: Class initialized using 'CodeIgniter\Session\Handlers\FileHandler' driver.
DEBUG - 2025-09-19 05:48:16 --> Session: Class initialized using 'CodeIgniter\Session\Handlers\FileHandler' driver.
DEBUG - 2025-09-19 05:48:19 --> Session: Class initialized using 'CodeIgniter\Session\Handlers\FileHandler' driver.
DEBUG - 2025-09-19 05:48:20 --> Session: Class initialized using 'CodeIgniter\Session\Handlers\FileHandler' driver.
DEBUG - 2025-09-19 05:49:01 --> Session: Class initialized using 'CodeIgniter\Session\Handlers\FileHandler' driver.
DEBUG - 2025-09-19 05:49:28 --> Session: Class initialized using 'CodeIgniter\Session\Handlers\FileHandler' driver.
DEBUG - 2025-09-19 05:49:42 --> Session: Class initialized using 'CodeIgniter\Session\Handlers\FileHandler' driver.
DEBUG - 2025-09-19 05:49:43 --> Session: Class initialized using 'CodeIgniter\Session\Handlers\FileHandler' driver.
DEBUG - 2025-09-19 05:49:44 --> Session: Class initialized using 'CodeIgniter\Session\Handlers\FileHandler' driver.
ERROR - 2025-09-19 05:49:44 --> mysqli_sql_exception: Unknown column 'pharmacy_medicines.generic_name' in 'field list' in C:\xampp\htdocs\hms_ram\system\Database\MySQLi\Connection.php:327
Stack trace:
#0 C:\xampp\htdocs\hms_ram\system\Database\MySQLi\Connection.php(327): mysqli->query('SELECT `pharmac...', 0)
#1 C:\xampp\htdocs\hms_ram\system\Database\BaseConnection.php(738): CodeIgniter\Database\MySQLi\Connection->execute('SELECT `pharmac...')
#2 C:\xampp\htdocs\hms_ram\system\Database\BaseConnection.php(652): CodeIgniter\Database\BaseConnection->simpleQuery('SELECT `pharmac...')
#3 C:\xampp\htdocs\hms_ram\system\Database\BaseBuilder.php(1649): CodeIgniter\Database\BaseConnection->query('SELECT `pharmac...', Array, false)
#4 C:\xampp\htdocs\hms_ram\system\Model.php(286): CodeIgniter\Database\BaseBuilder->get()
#5 C:\xampp\htdocs\hms_ram\system\BaseModel.php(679): CodeIgniter\Model->doFindAll(0, 0)
#6 C:\xampp\htdocs\hms_ram\app\Controllers\Pharmacy\Reports.php(146): CodeIgniter\BaseModel->findAll()
#7 C:\xampp\htdocs\hms_ram\system\CodeIgniter.php(933): App\Controllers\Pharmacy\Reports->stock()
#8 C:\xampp\htdocs\hms_ram\system\CodeIgniter.php(507): CodeIgniter\CodeIgniter->runController(Object(App\Controllers\Pharmacy\Reports))
#9 C:\xampp\htdocs\hms_ram\system\CodeIgniter.php(354): CodeIgniter\CodeIgniter->handleRequest(NULL, Object(Config\Cache), false)
#10 C:\xampp\htdocs\hms_ram\system\Boot.php(334): CodeIgniter\CodeIgniter->run()
#11 C:\xampp\htdocs\hms_ram\system\Boot.php(67): CodeIgniter\Boot::runCodeIgniter(Object(CodeIgniter\CodeIgniter))
#12 C:\xampp\htdocs\hms_ram\index.php(46): CodeIgniter\Boot::bootWeb(Object(Config\Paths))
#13 {main}
CRITICAL - 2025-09-19 05:49:44 --> CodeIgniter\Database\Exceptions\DatabaseException: Unknown column 'pharmacy_medicines.generic_name' in 'field list'
[Method: GET, Route: pharmacy/reports/stock]
in SYSTEMPATH\Database\BaseConnection.php on line 692.
 1 SYSTEMPATH\Database\BaseBuilder.php(1649): CodeIgniter\Database\BaseConnection->query('SELECT `pharmacy_medicines`.`id`, `pharmacy_medicines`.`generic_name`, `pharmacy_medicines`.`brand_name`, `pharmacy_medicines`.`strength`, `pharmacy_medicines`.`reorder_level`, `pm`.`name` as `manufacturer_name`, `pc`.`name` as `category_name`, SUM(pb.current_stock) as total_stock, COUNT(pb.id) as num_batches
FROM `pharmacy_medicines`
LEFT JOIN `pharmacy_batches` `pb` ON `pb`.`medicine_id` = `pharmacy_medicines`.`id`
JOIN `pharmacy_manufacturers` `pm` ON `pm`.`id` = `pharmacy_medicines`.`manufacturer_id`
JOIN `pharmacy_categories` `pc` ON `pc`.`id` = `pharmacy_medicines`.`category_id`
GROUP BY `pharmacy_medicines`.`id`', [], false)
 2 SYSTEMPATH\Model.php(286): CodeIgniter\Database\BaseBuilder->get()
 3 SYSTEMPATH\BaseModel.php(679): CodeIgniter\Model->doFindAll(0, 0)
 4 APPPATH\Controllers\Pharmacy\Reports.php(146): CodeIgniter\BaseModel->findAll()
 5 SYSTEMPATH\CodeIgniter.php(933): App\Controllers\Pharmacy\Reports->stock()
 6 SYSTEMPATH\CodeIgniter.php(507): CodeIgniter\CodeIgniter->runController(Object(App\Controllers\Pharmacy\Reports))
 7 SYSTEMPATH\CodeIgniter.php(354): CodeIgniter\CodeIgniter->handleRequest(null, Object(Config\Cache), false)
 8 SYSTEMPATH\Boot.php(334): CodeIgniter\CodeIgniter->run()
 9 SYSTEMPATH\Boot.php(67): CodeIgniter\Boot::runCodeIgniter(Object(CodeIgniter\CodeIgniter))
10 FCPATH\index.php(46): CodeIgniter\Boot::bootWeb(Object(Config\Paths))
CRITICAL - 2025-09-19 05:49:44 --> [Caused by] CodeIgniter\Database\Exceptions\DatabaseException: Unknown column 'pharmacy_medicines.generic_name' in 'field list'
in SYSTEMPATH\Database\MySQLi\Connection.php on line 332.
 1 SYSTEMPATH\Database\BaseConnection.php(738): CodeIgniter\Database\MySQLi\Connection->execute('SELECT `pharmacy_medicines`.`id`, `pharmacy_medicines`.`generic_name`, `pharmacy_medicines`.`brand_name`, `pharmacy_medicines`.`strength`, `pharmacy_medicines`.`reorder_level`, `pm`.`name` as `manufacturer_name`, `pc`.`name` as `category_name`, SUM(pb.current_stock) as total_stock, COUNT(pb.id) as num_batches
FROM `pharmacy_medicines`
LEFT JOIN `pharmacy_batches` `pb` ON `pb`.`medicine_id` = `pharmacy_medicines`.`id`
JOIN `pharmacy_manufacturers` `pm` ON `pm`.`id` = `pharmacy_medicines`.`manufacturer_id`
JOIN `pharmacy_categories` `pc` ON `pc`.`id` = `pharmacy_medicines`.`category_id`
GROUP BY `pharmacy_medicines`.`id`')
 2 SYSTEMPATH\Database\BaseConnection.php(652): CodeIgniter\Database\BaseConnection->simpleQuery('SELECT `pharmacy_medicines`.`id`, `pharmacy_medicines`.`generic_name`, `pharmacy_medicines`.`brand_name`, `pharmacy_medicines`.`strength`, `pharmacy_medicines`.`reorder_level`, `pm`.`name` as `manufacturer_name`, `pc`.`name` as `category_name`, SUM(pb.current_stock) as total_stock, COUNT(pb.id) as num_batches
FROM `pharmacy_medicines`
LEFT JOIN `pharmacy_batches` `pb` ON `pb`.`medicine_id` = `pharmacy_medicines`.`id`
JOIN `pharmacy_manufacturers` `pm` ON `pm`.`id` = `pharmacy_medicines`.`manufacturer_id`
JOIN `pharmacy_categories` `pc` ON `pc`.`id` = `pharmacy_medicines`.`category_id`
GROUP BY `pharmacy_medicines`.`id`')
 3 SYSTEMPATH\Database\BaseBuilder.php(1649): CodeIgniter\Database\BaseConnection->query('SELECT `pharmacy_medicines`.`id`, `pharmacy_medicines`.`generic_name`, `pharmacy_medicines`.`brand_name`, `pharmacy_medicines`.`strength`, `pharmacy_medicines`.`reorder_level`, `pm`.`name` as `manufacturer_name`, `pc`.`name` as `category_name`, SUM(pb.current_stock) as total_stock, COUNT(pb.id) as num_batches
FROM `pharmacy_medicines`
LEFT JOIN `pharmacy_batches` `pb` ON `pb`.`medicine_id` = `pharmacy_medicines`.`id`
JOIN `pharmacy_manufacturers` `pm` ON `pm`.`id` = `pharmacy_medicines`.`manufacturer_id`
JOIN `pharmacy_categories` `pc` ON `pc`.`id` = `pharmacy_medicines`.`category_id`
GROUP BY `pharmacy_medicines`.`id`', [], false)
 4 SYSTEMPATH\Model.php(286): CodeIgniter\Database\BaseBuilder->get()
 5 SYSTEMPATH\BaseModel.php(679): CodeIgniter\Model->doFindAll(0, 0)
 6 APPPATH\Controllers\Pharmacy\Reports.php(146): CodeIgniter\BaseModel->findAll()
 7 SYSTEMPATH\CodeIgniter.php(933): App\Controllers\Pharmacy\Reports->stock()
 8 SYSTEMPATH\CodeIgniter.php(507): CodeIgniter\CodeIgniter->runController(Object(App\Controllers\Pharmacy\Reports))
 9 SYSTEMPATH\CodeIgniter.php(354): CodeIgniter\CodeIgniter->handleRequest(null, Object(Config\Cache), false)
10 SYSTEMPATH\Boot.php(334): CodeIgniter\CodeIgniter->run()
11 SYSTEMPATH\Boot.php(67): CodeIgniter\Boot::runCodeIgniter(Object(CodeIgniter\CodeIgniter))
12 FCPATH\index.php(46): CodeIgniter\Boot::bootWeb(Object(Config\Paths))
CRITICAL - 2025-09-19 05:49:44 --> [Caused by] mysqli_sql_exception: Unknown column 'pharmacy_medicines.generic_name' in 'field list'
in SYSTEMPATH\Database\MySQLi\Connection.php on line 327.
 1 SYSTEMPATH\Database\MySQLi\Connection.php(327): mysqli->query('SELECT `pharmacy_medicines`.`id`, `pharmacy_medicines`.`generic_name`, `pharmacy_medicines`.`brand_name`, `pharmacy_medicines`.`strength`, `pharmacy_medicines`.`reorder_level`, `pm`.`name` as `manufacturer_name`, `pc`.`name` as `category_name`, SUM(pb.current_stock) as total_stock, COUNT(pb.id) as num_batches
FROM `pharmacy_medicines`
LEFT JOIN `pharmacy_batches` `pb` ON `pb`.`medicine_id` = `pharmacy_medicines`.`id`
JOIN `pharmacy_manufacturers` `pm` ON `pm`.`id` = `pharmacy_medicines`.`manufacturer_id`
JOIN `pharmacy_categories` `pc` ON `pc`.`id` = `pharmacy_medicines`.`category_id`
GROUP BY `pharmacy_medicines`.`id`', 0)
 2 SYSTEMPATH\Database\BaseConnection.php(738): CodeIgniter\Database\MySQLi\Connection->execute('SELECT `pharmacy_medicines`.`id`, `pharmacy_medicines`.`generic_name`, `pharmacy_medicines`.`brand_name`, `pharmacy_medicines`.`strength`, `pharmacy_medicines`.`reorder_level`, `pm`.`name` as `manufacturer_name`, `pc`.`name` as `category_name`, SUM(pb.current_stock) as total_stock, COUNT(pb.id) as num_batches
FROM `pharmacy_medicines`
LEFT JOIN `pharmacy_batches` `pb` ON `pb`.`medicine_id` = `pharmacy_medicines`.`id`
JOIN `pharmacy_manufacturers` `pm` ON `pm`.`id` = `pharmacy_medicines`.`manufacturer_id`
JOIN `pharmacy_categories` `pc` ON `pc`.`id` = `pharmacy_medicines`.`category_id`
GROUP BY `pharmacy_medicines`.`id`')
 3 SYSTEMPATH\Database\BaseConnection.php(652): CodeIgniter\Database\BaseConnection->simpleQuery('SELECT `pharmacy_medicines`.`id`, `pharmacy_medicines`.`generic_name`, `pharmacy_medicines`.`brand_name`, `pharmacy_medicines`.`strength`, `pharmacy_medicines`.`reorder_level`, `pm`.`name` as `manufacturer_name`, `pc`.`name` as `category_name`, SUM(pb.current_stock) as total_stock, COUNT(pb.id) as num_batches
FROM `pharmacy_medicines`
LEFT JOIN `pharmacy_batches` `pb` ON `pb`.`medicine_id` = `pharmacy_medicines`.`id`
JOIN `pharmacy_manufacturers` `pm` ON `pm`.`id` = `pharmacy_medicines`.`manufacturer_id`
JOIN `pharmacy_categories` `pc` ON `pc`.`id` = `pharmacy_medicines`.`category_id`
GROUP BY `pharmacy_medicines`.`id`')
 4 SYSTEMPATH\Database\BaseBuilder.php(1649): CodeIgniter\Database\BaseConnection->query('SELECT `pharmacy_medicines`.`id`, `pharmacy_medicines`.`generic_name`, `pharmacy_medicines`.`brand_name`, `pharmacy_medicines`.`strength`, `pharmacy_medicines`.`reorder_level`, `pm`.`name` as `manufacturer_name`, `pc`.`name` as `category_name`, SUM(pb.current_stock) as total_stock, COUNT(pb.id) as num_batches
FROM `pharmacy_medicines`
LEFT JOIN `pharmacy_batches` `pb` ON `pb`.`medicine_id` = `pharmacy_medicines`.`id`
JOIN `pharmacy_manufacturers` `pm` ON `pm`.`id` = `pharmacy_medicines`.`manufacturer_id`
JOIN `pharmacy_categories` `pc` ON `pc`.`id` = `pharmacy_medicines`.`category_id`
GROUP BY `pharmacy_medicines`.`id`', [], false)
 5 SYSTEMPATH\Model.php(286): CodeIgniter\Database\BaseBuilder->get()
 6 SYSTEMPATH\BaseModel.php(679): CodeIgniter\Model->doFindAll(0, 0)
 7 APPPATH\Controllers\Pharmacy\Reports.php(146): CodeIgniter\BaseModel->findAll()
 8 SYSTEMPATH\CodeIgniter.php(933): App\Controllers\Pharmacy\Reports->stock()
 9 SYSTEMPATH\CodeIgniter.php(507): CodeIgniter\CodeIgniter->runController(Object(App\Controllers\Pharmacy\Reports))
10 SYSTEMPATH\CodeIgniter.php(354): CodeIgniter\CodeIgniter->handleRequest(null, Object(Config\Cache), false)
11 SYSTEMPATH\Boot.php(334): CodeIgniter\CodeIgniter->run()
12 SYSTEMPATH\Boot.php(67): CodeIgniter\Boot::runCodeIgniter(Object(CodeIgniter\CodeIgniter))
13 FCPATH\index.php(46): CodeIgniter\Boot::bootWeb(Object(Config\Paths))
DEBUG - 2025-09-19 05:49:48 --> Session: Class initialized using 'CodeIgniter\Session\Handlers\FileHandler' driver.
ERROR - 2025-09-19 05:49:48 --> mysqli_sql_exception: Unknown column 'pharmacy_medicines.generic_name' in 'field list' in C:\xampp\htdocs\hms_ram\system\Database\MySQLi\Connection.php:327
Stack trace:
#0 C:\xampp\htdocs\hms_ram\system\Database\MySQLi\Connection.php(327): mysqli->query('SELECT `pharmac...', 0)
#1 C:\xampp\htdocs\hms_ram\system\Database\BaseConnection.php(738): CodeIgniter\Database\MySQLi\Connection->execute('SELECT `pharmac...')
#2 C:\xampp\htdocs\hms_ram\system\Database\BaseConnection.php(652): CodeIgniter\Database\BaseConnection->simpleQuery('SELECT `pharmac...')
#3 C:\xampp\htdocs\hms_ram\system\Database\BaseBuilder.php(1649): CodeIgniter\Database\BaseConnection->query('SELECT `pharmac...', Array, false)
#4 C:\xampp\htdocs\hms_ram\system\Model.php(286): CodeIgniter\Database\BaseBuilder->get()
#5 C:\xampp\htdocs\hms_ram\system\BaseModel.php(679): CodeIgniter\Model->doFindAll(0, 0)
#6 C:\xampp\htdocs\hms_ram\app\Controllers\Pharmacy\Reports.php(146): CodeIgniter\BaseModel->findAll()
#7 C:\xampp\htdocs\hms_ram\system\CodeIgniter.php(933): App\Controllers\Pharmacy\Reports->stock()
#8 C:\xampp\htdocs\hms_ram\system\CodeIgniter.php(507): CodeIgniter\CodeIgniter->runController(Object(App\Controllers\Pharmacy\Reports))
#9 C:\xampp\htdocs\hms_ram\system\CodeIgniter.php(354): CodeIgniter\CodeIgniter->handleRequest(NULL, Object(Config\Cache), false)
#10 C:\xampp\htdocs\hms_ram\system\Boot.php(334): CodeIgniter\CodeIgniter->run()
#11 C:\xampp\htdocs\hms_ram\system\Boot.php(67): CodeIgniter\Boot::runCodeIgniter(Object(CodeIgniter\CodeIgniter))
#12 C:\xampp\htdocs\hms_ram\index.php(46): CodeIgniter\Boot::bootWeb(Object(Config\Paths))
#13 {main}
CRITICAL - 2025-09-19 05:49:48 --> CodeIgniter\Database\Exceptions\DatabaseException: Unknown column 'pharmacy_medicines.generic_name' in 'field list'
[Method: GET, Route: pharmacy/reports/stock]
in SYSTEMPATH\Database\BaseConnection.php on line 692.
 1 SYSTEMPATH\Database\BaseBuilder.php(1649): CodeIgniter\Database\BaseConnection->query('SELECT `pharmacy_medicines`.`id`, `pharmacy_medicines`.`generic_name`, `pharmacy_medicines`.`brand_name`, `pharmacy_medicines`.`strength`, `pharmacy_medicines`.`reorder_level`, `pm`.`name` as `manufacturer_name`, `pc`.`name` as `category_name`, SUM(pb.current_stock) as total_stock, COUNT(pb.id) as num_batches
FROM `pharmacy_medicines`
LEFT JOIN `pharmacy_batches` `pb` ON `pb`.`medicine_id` = `pharmacy_medicines`.`id`
JOIN `pharmacy_manufacturers` `pm` ON `pm`.`id` = `pharmacy_medicines`.`manufacturer_id`
JOIN `pharmacy_categories` `pc` ON `pc`.`id` = `pharmacy_medicines`.`category_id`
GROUP BY `pharmacy_medicines`.`id`', [], false)
 2 SYSTEMPATH\Model.php(286): CodeIgniter\Database\BaseBuilder->get()
 3 SYSTEMPATH\BaseModel.php(679): CodeIgniter\Model->doFindAll(0, 0)
 4 APPPATH\Controllers\Pharmacy\Reports.php(146): CodeIgniter\BaseModel->findAll()
 5 SYSTEMPATH\CodeIgniter.php(933): App\Controllers\Pharmacy\Reports->stock()
 6 SYSTEMPATH\CodeIgniter.php(507): CodeIgniter\CodeIgniter->runController(Object(App\Controllers\Pharmacy\Reports))
 7 SYSTEMPATH\CodeIgniter.php(354): CodeIgniter\CodeIgniter->handleRequest(null, Object(Config\Cache), false)
 8 SYSTEMPATH\Boot.php(334): CodeIgniter\CodeIgniter->run()
 9 SYSTEMPATH\Boot.php(67): CodeIgniter\Boot::runCodeIgniter(Object(CodeIgniter\CodeIgniter))
10 FCPATH\index.php(46): CodeIgniter\Boot::bootWeb(Object(Config\Paths))
CRITICAL - 2025-09-19 05:49:48 --> [Caused by] CodeIgniter\Database\Exceptions\DatabaseException: Unknown column 'pharmacy_medicines.generic_name' in 'field list'
in SYSTEMPATH\Database\MySQLi\Connection.php on line 332.
 1 SYSTEMPATH\Database\BaseConnection.php(738): CodeIgniter\Database\MySQLi\Connection->execute('SELECT `pharmacy_medicines`.`id`, `pharmacy_medicines`.`generic_name`, `pharmacy_medicines`.`brand_name`, `pharmacy_medicines`.`strength`, `pharmacy_medicines`.`reorder_level`, `pm`.`name` as `manufacturer_name`, `pc`.`name` as `category_name`, SUM(pb.current_stock) as total_stock, COUNT(pb.id) as num_batches
FROM `pharmacy_medicines`
LEFT JOIN `pharmacy_batches` `pb` ON `pb`.`medicine_id` = `pharmacy_medicines`.`id`
JOIN `pharmacy_manufacturers` `pm` ON `pm`.`id` = `pharmacy_medicines`.`manufacturer_id`
JOIN `pharmacy_categories` `pc` ON `pc`.`id` = `pharmacy_medicines`.`category_id`
GROUP BY `pharmacy_medicines`.`id`')
 2 SYSTEMPATH\Database\BaseConnection.php(652): CodeIgniter\Database\BaseConnection->simpleQuery('SELECT `pharmacy_medicines`.`id`, `pharmacy_medicines`.`generic_name`, `pharmacy_medicines`.`brand_name`, `pharmacy_medicines`.`strength`, `pharmacy_medicines`.`reorder_level`, `pm`.`name` as `manufacturer_name`, `pc`.`name` as `category_name`, SUM(pb.current_stock) as total_stock, COUNT(pb.id) as num_batches
FROM `pharmacy_medicines`
LEFT JOIN `pharmacy_batches` `pb` ON `pb`.`medicine_id` = `pharmacy_medicines`.`id`
JOIN `pharmacy_manufacturers` `pm` ON `pm`.`id` = `pharmacy_medicines`.`manufacturer_id`
JOIN `pharmacy_categories` `pc` ON `pc`.`id` = `pharmacy_medicines`.`category_id`
GROUP BY `pharmacy_medicines`.`id`')
 3 SYSTEMPATH\Database\BaseBuilder.php(1649): CodeIgniter\Database\BaseConnection->query('SELECT `pharmacy_medicines`.`id`, `pharmacy_medicines`.`generic_name`, `pharmacy_medicines`.`brand_name`, `pharmacy_medicines`.`strength`, `pharmacy_medicines`.`reorder_level`, `pm`.`name` as `manufacturer_name`, `pc`.`name` as `category_name`, SUM(pb.current_stock) as total_stock, COUNT(pb.id) as num_batches
FROM `pharmacy_medicines`
LEFT JOIN `pharmacy_batches` `pb` ON `pb`.`medicine_id` = `pharmacy_medicines`.`id`
JOIN `pharmacy_manufacturers` `pm` ON `pm`.`id` = `pharmacy_medicines`.`manufacturer_id`
JOIN `pharmacy_categories` `pc` ON `pc`.`id` = `pharmacy_medicines`.`category_id`
GROUP BY `pharmacy_medicines`.`id`', [], false)
 4 SYSTEMPATH\Model.php(286): CodeIgniter\Database\BaseBuilder->get()
 5 SYSTEMPATH\BaseModel.php(679): CodeIgniter\Model->doFindAll(0, 0)
 6 APPPATH\Controllers\Pharmacy\Reports.php(146): CodeIgniter\BaseModel->findAll()
 7 SYSTEMPATH\CodeIgniter.php(933): App\Controllers\Pharmacy\Reports->stock()
 8 SYSTEMPATH\CodeIgniter.php(507): CodeIgniter\CodeIgniter->runController(Object(App\Controllers\Pharmacy\Reports))
 9 SYSTEMPATH\CodeIgniter.php(354): CodeIgniter\CodeIgniter->handleRequest(null, Object(Config\Cache), false)
10 SYSTEMPATH\Boot.php(334): CodeIgniter\CodeIgniter->run()
11 SYSTEMPATH\Boot.php(67): CodeIgniter\Boot::runCodeIgniter(Object(CodeIgniter\CodeIgniter))
12 FCPATH\index.php(46): CodeIgniter\Boot::bootWeb(Object(Config\Paths))
CRITICAL - 2025-09-19 05:49:48 --> [Caused by] mysqli_sql_exception: Unknown column 'pharmacy_medicines.generic_name' in 'field list'
in SYSTEMPATH\Database\MySQLi\Connection.php on line 327.
 1 SYSTEMPATH\Database\MySQLi\Connection.php(327): mysqli->query('SELECT `pharmacy_medicines`.`id`, `pharmacy_medicines`.`generic_name`, `pharmacy_medicines`.`brand_name`, `pharmacy_medicines`.`strength`, `pharmacy_medicines`.`reorder_level`, `pm`.`name` as `manufacturer_name`, `pc`.`name` as `category_name`, SUM(pb.current_stock) as total_stock, COUNT(pb.id) as num_batches
FROM `pharmacy_medicines`
LEFT JOIN `pharmacy_batches` `pb` ON `pb`.`medicine_id` = `pharmacy_medicines`.`id`
JOIN `pharmacy_manufacturers` `pm` ON `pm`.`id` = `pharmacy_medicines`.`manufacturer_id`
JOIN `pharmacy_categories` `pc` ON `pc`.`id` = `pharmacy_medicines`.`category_id`
GROUP BY `pharmacy_medicines`.`id`', 0)
 2 SYSTEMPATH\Database\BaseConnection.php(738): CodeIgniter\Database\MySQLi\Connection->execute('SELECT `pharmacy_medicines`.`id`, `pharmacy_medicines`.`generic_name`, `pharmacy_medicines`.`brand_name`, `pharmacy_medicines`.`strength`, `pharmacy_medicines`.`reorder_level`, `pm`.`name` as `manufacturer_name`, `pc`.`name` as `category_name`, SUM(pb.current_stock) as total_stock, COUNT(pb.id) as num_batches
FROM `pharmacy_medicines`
LEFT JOIN `pharmacy_batches` `pb` ON `pb`.`medicine_id` = `pharmacy_medicines`.`id`
JOIN `pharmacy_manufacturers` `pm` ON `pm`.`id` = `pharmacy_medicines`.`manufacturer_id`
JOIN `pharmacy_categories` `pc` ON `pc`.`id` = `pharmacy_medicines`.`category_id`
GROUP BY `pharmacy_medicines`.`id`')
 3 SYSTEMPATH\Database\BaseConnection.php(652): CodeIgniter\Database\BaseConnection->simpleQuery('SELECT `pharmacy_medicines`.`id`, `pharmacy_medicines`.`generic_name`, `pharmacy_medicines`.`brand_name`, `pharmacy_medicines`.`strength`, `pharmacy_medicines`.`reorder_level`, `pm`.`name` as `manufacturer_name`, `pc`.`name` as `category_name`, SUM(pb.current_stock) as total_stock, COUNT(pb.id) as num_batches
FROM `pharmacy_medicines`
LEFT JOIN `pharmacy_batches` `pb` ON `pb`.`medicine_id` = `pharmacy_medicines`.`id`
JOIN `pharmacy_manufacturers` `pm` ON `pm`.`id` = `pharmacy_medicines`.`manufacturer_id`
JOIN `pharmacy_categories` `pc` ON `pc`.`id` = `pharmacy_medicines`.`category_id`
GROUP BY `pharmacy_medicines`.`id`')
 4 SYSTEMPATH\Database\BaseBuilder.php(1649): CodeIgniter\Database\BaseConnection->query('SELECT `pharmacy_medicines`.`id`, `pharmacy_medicines`.`generic_name`, `pharmacy_medicines`.`brand_name`, `pharmacy_medicines`.`strength`, `pharmacy_medicines`.`reorder_level`, `pm`.`name` as `manufacturer_name`, `pc`.`name` as `category_name`, SUM(pb.current_stock) as total_stock, COUNT(pb.id) as num_batches
FROM `pharmacy_medicines`
LEFT JOIN `pharmacy_batches` `pb` ON `pb`.`medicine_id` = `pharmacy_medicines`.`id`
JOIN `pharmacy_manufacturers` `pm` ON `pm`.`id` = `pharmacy_medicines`.`manufacturer_id`
JOIN `pharmacy_categories` `pc` ON `pc`.`id` = `pharmacy_medicines`.`category_id`
GROUP BY `pharmacy_medicines`.`id`', [], false)
 5 SYSTEMPATH\Model.php(286): CodeIgniter\Database\BaseBuilder->get()
 6 SYSTEMPATH\BaseModel.php(679): CodeIgniter\Model->doFindAll(0, 0)
 7 APPPATH\Controllers\Pharmacy\Reports.php(146): CodeIgniter\BaseModel->findAll()
 8 SYSTEMPATH\CodeIgniter.php(933): App\Controllers\Pharmacy\Reports->stock()
 9 SYSTEMPATH\CodeIgniter.php(507): CodeIgniter\CodeIgniter->runController(Object(App\Controllers\Pharmacy\Reports))
10 SYSTEMPATH\CodeIgniter.php(354): CodeIgniter\CodeIgniter->handleRequest(null, Object(Config\Cache), false)
11 SYSTEMPATH\Boot.php(334): CodeIgniter\CodeIgniter->run()
12 SYSTEMPATH\Boot.php(67): CodeIgniter\Boot::runCodeIgniter(Object(CodeIgniter\CodeIgniter))
13 FCPATH\index.php(46): CodeIgniter\Boot::bootWeb(Object(Config\Paths))
DEBUG - 2025-09-19 05:50:47 --> Session: Class initialized using 'CodeIgniter\Session\Handlers\FileHandler' driver.
DEBUG - 2025-09-19 05:50:49 --> Session: Class initialized using 'CodeIgniter\Session\Handlers\FileHandler' driver.
DEBUG - 2025-09-19 05:50:50 --> Session: Class initialized using 'CodeIgniter\Session\Handlers\FileHandler' driver.
ERROR - 2025-09-19 05:50:50 --> mysqli_sql_exception: Unknown column 'pharmacy_medicines.generic_name' in 'field list' in C:\xampp\htdocs\hms_ram\system\Database\MySQLi\Connection.php:327
Stack trace:
#0 C:\xampp\htdocs\hms_ram\system\Database\MySQLi\Connection.php(327): mysqli->query('SELECT `pharmac...', 0)
#1 C:\xampp\htdocs\hms_ram\system\Database\BaseConnection.php(738): CodeIgniter\Database\MySQLi\Connection->execute('SELECT `pharmac...')
#2 C:\xampp\htdocs\hms_ram\system\Database\BaseConnection.php(652): CodeIgniter\Database\BaseConnection->simpleQuery('SELECT `pharmac...')
#3 C:\xampp\htdocs\hms_ram\system\Database\BaseBuilder.php(1649): CodeIgniter\Database\BaseConnection->query('SELECT `pharmac...', Array, false)
#4 C:\xampp\htdocs\hms_ram\system\Model.php(286): CodeIgniter\Database\BaseBuilder->get()
#5 C:\xampp\htdocs\hms_ram\system\BaseModel.php(679): CodeIgniter\Model->doFindAll(0, 0)
#6 C:\xampp\htdocs\hms_ram\app\Controllers\Pharmacy\Reports.php(146): CodeIgniter\BaseModel->findAll()
#7 C:\xampp\htdocs\hms_ram\system\CodeIgniter.php(933): App\Controllers\Pharmacy\Reports->stock()
#8 C:\xampp\htdocs\hms_ram\system\CodeIgniter.php(507): CodeIgniter\CodeIgniter->runController(Object(App\Controllers\Pharmacy\Reports))
#9 C:\xampp\htdocs\hms_ram\system\CodeIgniter.php(354): CodeIgniter\CodeIgniter->handleRequest(NULL, Object(Config\Cache), false)
#10 C:\xampp\htdocs\hms_ram\system\Boot.php(334): CodeIgniter\CodeIgniter->run()
#11 C:\xampp\htdocs\hms_ram\system\Boot.php(67): CodeIgniter\Boot::runCodeIgniter(Object(CodeIgniter\CodeIgniter))
#12 C:\xampp\htdocs\hms_ram\index.php(46): CodeIgniter\Boot::bootWeb(Object(Config\Paths))
#13 {main}
CRITICAL - 2025-09-19 05:50:50 --> CodeIgniter\Database\Exceptions\DatabaseException: Unknown column 'pharmacy_medicines.generic_name' in 'field list'
[Method: GET, Route: pharmacy/reports/stock]
in SYSTEMPATH\Database\BaseConnection.php on line 692.
 1 SYSTEMPATH\Database\BaseBuilder.php(1649): CodeIgniter\Database\BaseConnection->query('SELECT `pharmacy_medicines`.`id`, `pharmacy_medicines`.`generic_name`, `pharmacy_medicines`.`brand_name`, `pharmacy_medicines`.`strength`, `pharmacy_medicines`.`reorder_level`, `pm`.`name` as `manufacturer_name`, `pc`.`name` as `category_name`, SUM(pb.current_stock) as total_stock, COUNT(pb.id) as num_batches
FROM `pharmacy_medicines`
LEFT JOIN `pharmacy_batches` `pb` ON `pb`.`medicine_id` = `pharmacy_medicines`.`id`
JOIN `pharmacy_manufacturers` `pm` ON `pm`.`id` = `pharmacy_medicines`.`manufacturer_id`
JOIN `pharmacy_categories` `pc` ON `pc`.`id` = `pharmacy_medicines`.`category_id`
GROUP BY `pharmacy_medicines`.`id`', [], false)
 2 SYSTEMPATH\Model.php(286): CodeIgniter\Database\BaseBuilder->get()
 3 SYSTEMPATH\BaseModel.php(679): CodeIgniter\Model->doFindAll(0, 0)
 4 APPPATH\Controllers\Pharmacy\Reports.php(146): CodeIgniter\BaseModel->findAll()
 5 SYSTEMPATH\CodeIgniter.php(933): App\Controllers\Pharmacy\Reports->stock()
 6 SYSTEMPATH\CodeIgniter.php(507): CodeIgniter\CodeIgniter->runController(Object(App\Controllers\Pharmacy\Reports))
 7 SYSTEMPATH\CodeIgniter.php(354): CodeIgniter\CodeIgniter->handleRequest(null, Object(Config\Cache), false)
 8 SYSTEMPATH\Boot.php(334): CodeIgniter\CodeIgniter->run()
 9 SYSTEMPATH\Boot.php(67): CodeIgniter\Boot::runCodeIgniter(Object(CodeIgniter\CodeIgniter))
10 FCPATH\index.php(46): CodeIgniter\Boot::bootWeb(Object(Config\Paths))
CRITICAL - 2025-09-19 05:50:50 --> [Caused by] CodeIgniter\Database\Exceptions\DatabaseException: Unknown column 'pharmacy_medicines.generic_name' in 'field list'
in SYSTEMPATH\Database\MySQLi\Connection.php on line 332.
 1 SYSTEMPATH\Database\BaseConnection.php(738): CodeIgniter\Database\MySQLi\Connection->execute('SELECT `pharmacy_medicines`.`id`, `pharmacy_medicines`.`generic_name`, `pharmacy_medicines`.`brand_name`, `pharmacy_medicines`.`strength`, `pharmacy_medicines`.`reorder_level`, `pm`.`name` as `manufacturer_name`, `pc`.`name` as `category_name`, SUM(pb.current_stock) as total_stock, COUNT(pb.id) as num_batches
FROM `pharmacy_medicines`
LEFT JOIN `pharmacy_batches` `pb` ON `pb`.`medicine_id` = `pharmacy_medicines`.`id`
JOIN `pharmacy_manufacturers` `pm` ON `pm`.`id` = `pharmacy_medicines`.`manufacturer_id`
JOIN `pharmacy_categories` `pc` ON `pc`.`id` = `pharmacy_medicines`.`category_id`
GROUP BY `pharmacy_medicines`.`id`')
 2 SYSTEMPATH\Database\BaseConnection.php(652): CodeIgniter\Database\BaseConnection->simpleQuery('SELECT `pharmacy_medicines`.`id`, `pharmacy_medicines`.`generic_name`, `pharmacy_medicines`.`brand_name`, `pharmacy_medicines`.`strength`, `pharmacy_medicines`.`reorder_level`, `pm`.`name` as `manufacturer_name`, `pc`.`name` as `category_name`, SUM(pb.current_stock) as total_stock, COUNT(pb.id) as num_batches
FROM `pharmacy_medicines`
LEFT JOIN `pharmacy_batches` `pb` ON `pb`.`medicine_id` = `pharmacy_medicines`.`id`
JOIN `pharmacy_manufacturers` `pm` ON `pm`.`id` = `pharmacy_medicines`.`manufacturer_id`
JOIN `pharmacy_categories` `pc` ON `pc`.`id` = `pharmacy_medicines`.`category_id`
GROUP BY `pharmacy_medicines`.`id`')
 3 SYSTEMPATH\Database\BaseBuilder.php(1649): CodeIgniter\Database\BaseConnection->query('SELECT `pharmacy_medicines`.`id`, `pharmacy_medicines`.`generic_name`, `pharmacy_medicines`.`brand_name`, `pharmacy_medicines`.`strength`, `pharmacy_medicines`.`reorder_level`, `pm`.`name` as `manufacturer_name`, `pc`.`name` as `category_name`, SUM(pb.current_stock) as total_stock, COUNT(pb.id) as num_batches
FROM `pharmacy_medicines`
LEFT JOIN `pharmacy_batches` `pb` ON `pb`.`medicine_id` = `pharmacy_medicines`.`id`
JOIN `pharmacy_manufacturers` `pm` ON `pm`.`id` = `pharmacy_medicines`.`manufacturer_id`
JOIN `pharmacy_categories` `pc` ON `pc`.`id` = `pharmacy_medicines`.`category_id`
GROUP BY `pharmacy_medicines`.`id`', [], false)
 4 SYSTEMPATH\Model.php(286): CodeIgniter\Database\BaseBuilder->get()
 5 SYSTEMPATH\BaseModel.php(679): CodeIgniter\Model->doFindAll(0, 0)
 6 APPPATH\Controllers\Pharmacy\Reports.php(146): CodeIgniter\BaseModel->findAll()
 7 SYSTEMPATH\CodeIgniter.php(933): App\Controllers\Pharmacy\Reports->stock()
 8 SYSTEMPATH\CodeIgniter.php(507): CodeIgniter\CodeIgniter->runController(Object(App\Controllers\Pharmacy\Reports))
 9 SYSTEMPATH\CodeIgniter.php(354): CodeIgniter\CodeIgniter->handleRequest(null, Object(Config\Cache), false)
10 SYSTEMPATH\Boot.php(334): CodeIgniter\CodeIgniter->run()
11 SYSTEMPATH\Boot.php(67): CodeIgniter\Boot::runCodeIgniter(Object(CodeIgniter\CodeIgniter))
12 FCPATH\index.php(46): CodeIgniter\Boot::bootWeb(Object(Config\Paths))
CRITICAL - 2025-09-19 05:50:50 --> [Caused by] mysqli_sql_exception: Unknown column 'pharmacy_medicines.generic_name' in 'field list'
in SYSTEMPATH\Database\MySQLi\Connection.php on line 327.
 1 SYSTEMPATH\Database\MySQLi\Connection.php(327): mysqli->query('SELECT `pharmacy_medicines`.`id`, `pharmacy_medicines`.`generic_name`, `pharmacy_medicines`.`brand_name`, `pharmacy_medicines`.`strength`, `pharmacy_medicines`.`reorder_level`, `pm`.`name` as `manufacturer_name`, `pc`.`name` as `category_name`, SUM(pb.current_stock) as total_stock, COUNT(pb.id) as num_batches
FROM `pharmacy_medicines`
LEFT JOIN `pharmacy_batches` `pb` ON `pb`.`medicine_id` = `pharmacy_medicines`.`id`
JOIN `pharmacy_manufacturers` `pm` ON `pm`.`id` = `pharmacy_medicines`.`manufacturer_id`
JOIN `pharmacy_categories` `pc` ON `pc`.`id` = `pharmacy_medicines`.`category_id`
GROUP BY `pharmacy_medicines`.`id`', 0)
 2 SYSTEMPATH\Database\BaseConnection.php(738): CodeIgniter\Database\MySQLi\Connection->execute('SELECT `pharmacy_medicines`.`id`, `pharmacy_medicines`.`generic_name`, `pharmacy_medicines`.`brand_name`, `pharmacy_medicines`.`strength`, `pharmacy_medicines`.`reorder_level`, `pm`.`name` as `manufacturer_name`, `pc`.`name` as `category_name`, SUM(pb.current_stock) as total_stock, COUNT(pb.id) as num_batches
FROM `pharmacy_medicines`
LEFT JOIN `pharmacy_batches` `pb` ON `pb`.`medicine_id` = `pharmacy_medicines`.`id`
JOIN `pharmacy_manufacturers` `pm` ON `pm`.`id` = `pharmacy_medicines`.`manufacturer_id`
JOIN `pharmacy_categories` `pc` ON `pc`.`id` = `pharmacy_medicines`.`category_id`
GROUP BY `pharmacy_medicines`.`id`')
 3 SYSTEMPATH\Database\BaseConnection.php(652): CodeIgniter\Database\BaseConnection->simpleQuery('SELECT `pharmacy_medicines`.`id`, `pharmacy_medicines`.`generic_name`, `pharmacy_medicines`.`brand_name`, `pharmacy_medicines`.`strength`, `pharmacy_medicines`.`reorder_level`, `pm`.`name` as `manufacturer_name`, `pc`.`name` as `category_name`, SUM(pb.current_stock) as total_stock, COUNT(pb.id) as num_batches
FROM `pharmacy_medicines`
LEFT JOIN `pharmacy_batches` `pb` ON `pb`.`medicine_id` = `pharmacy_medicines`.`id`
JOIN `pharmacy_manufacturers` `pm` ON `pm`.`id` = `pharmacy_medicines`.`manufacturer_id`
JOIN `pharmacy_categories` `pc` ON `pc`.`id` = `pharmacy_medicines`.`category_id`
GROUP BY `pharmacy_medicines`.`id`')
 4 SYSTEMPATH\Database\BaseBuilder.php(1649): CodeIgniter\Database\BaseConnection->query('SELECT `pharmacy_medicines`.`id`, `pharmacy_medicines`.`generic_name`, `pharmacy_medicines`.`brand_name`, `pharmacy_medicines`.`strength`, `pharmacy_medicines`.`reorder_level`, `pm`.`name` as `manufacturer_name`, `pc`.`name` as `category_name`, SUM(pb.current_stock) as total_stock, COUNT(pb.id) as num_batches
FROM `pharmacy_medicines`
LEFT JOIN `pharmacy_batches` `pb` ON `pb`.`medicine_id` = `pharmacy_medicines`.`id`
JOIN `pharmacy_manufacturers` `pm` ON `pm`.`id` = `pharmacy_medicines`.`manufacturer_id`
JOIN `pharmacy_categories` `pc` ON `pc`.`id` = `pharmacy_medicines`.`category_id`
GROUP BY `pharmacy_medicines`.`id`', [], false)
 5 SYSTEMPATH\Model.php(286): CodeIgniter\Database\BaseBuilder->get()
 6 SYSTEMPATH\BaseModel.php(679): CodeIgniter\Model->doFindAll(0, 0)
 7 APPPATH\Controllers\Pharmacy\Reports.php(146): CodeIgniter\BaseModel->findAll()
 8 SYSTEMPATH\CodeIgniter.php(933): App\Controllers\Pharmacy\Reports->stock()
 9 SYSTEMPATH\CodeIgniter.php(507): CodeIgniter\CodeIgniter->runController(Object(App\Controllers\Pharmacy\Reports))
10 SYSTEMPATH\CodeIgniter.php(354): CodeIgniter\CodeIgniter->handleRequest(null, Object(Config\Cache), false)
11 SYSTEMPATH\Boot.php(334): CodeIgniter\CodeIgniter->run()
12 SYSTEMPATH\Boot.php(67): CodeIgniter\Boot::runCodeIgniter(Object(CodeIgniter\CodeIgniter))
13 FCPATH\index.php(46): CodeIgniter\Boot::bootWeb(Object(Config\Paths))
DEBUG - 2025-09-19 05:52:07 --> Session: Class initialized using 'CodeIgniter\Session\Handlers\FileHandler' driver.
DEBUG - 2025-09-19 05:52:08 --> Session: Class initialized using 'CodeIgniter\Session\Handlers\FileHandler' driver.
DEBUG - 2025-09-19 05:53:42 --> Session: Class initialized using 'CodeIgniter\Session\Handlers\FileHandler' driver.
DEBUG - 2025-09-19 05:54:23 --> Session: Class initialized using 'CodeIgniter\Session\Handlers\FileHandler' driver.
DEBUG - 2025-09-19 05:54:25 --> Session: Class initialized using 'CodeIgniter\Session\Handlers\FileHandler' driver.
DEBUG - 2025-09-19 05:55:24 --> Session: Class initialized using 'CodeIgniter\Session\Handlers\FileHandler' driver.
DEBUG - 2025-09-19 05:55:26 --> Session: Class initialized using 'CodeIgniter\Session\Handlers\FileHandler' driver.
DEBUG - 2025-09-19 05:55:29 --> Session: Class initialized using 'CodeIgniter\Session\Handlers\FileHandler' driver.
DEBUG - 2025-09-19 05:55:39 --> Session: Class initialized using 'CodeIgniter\Session\Handlers\FileHandler' driver.
DEBUG - 2025-09-19 05:55:44 --> Session: Class initialized using 'CodeIgniter\Session\Handlers\FileHandler' driver.
DEBUG - 2025-09-19 05:55:47 --> Session: Class initialized using 'CodeIgniter\Session\Handlers\FileHandler' driver.
CRITICAL - 2025-09-19 05:55:47 --> ErrorException: Undefined property: App\Controllers\Pharmacy\Reports::$purchaseModel
[Method: GET, Route: pharmacy/reports/purchases]
in APPPATH\Controllers\Pharmacy\Reports.php on line 203.
 1 APPPATH\Controllers\Pharmacy\Reports.php(203): CodeIgniter\Debug\Exceptions->errorHandler(2, 'Undefined property: App\\Controllers\\Pharmacy\\Reports::$purchaseModel', 'C:\\xampp\\htdocs\\hms_ram\\app\\Controllers\\Pharmacy\\Reports.php', 203)
 2 SYSTEMPATH\CodeIgniter.php(933): App\Controllers\Pharmacy\Reports->purchases()
 3 SYSTEMPATH\CodeIgniter.php(507): CodeIgniter\CodeIgniter->runController(Object(App\Controllers\Pharmacy\Reports))
 4 SYSTEMPATH\CodeIgniter.php(354): CodeIgniter\CodeIgniter->handleRequest(null, Object(Config\Cache), false)
 5 SYSTEMPATH\Boot.php(334): CodeIgniter\CodeIgniter->run()
 6 SYSTEMPATH\Boot.php(67): CodeIgniter\Boot::runCodeIgniter(Object(CodeIgniter\CodeIgniter))
 7 FCPATH\index.php(46): CodeIgniter\Boot::bootWeb(Object(Config\Paths))
DEBUG - 2025-09-19 05:56:13 --> Session: Class initialized using 'CodeIgniter\Session\Handlers\FileHandler' driver.
DEBUG - 2025-09-19 06:02:28 --> Session: Class initialized using 'CodeIgniter\Session\Handlers\FileHandler' driver.
DEBUG - 2025-09-19 06:03:04 --> Session: Class initialized using 'CodeIgniter\Session\Handlers\FileHandler' driver.
DEBUG - 2025-09-19 06:03:14 --> Session: Class initialized using 'CodeIgniter\Session\Handlers\FileHandler' driver.
DEBUG - 2025-09-19 06:03:19 --> Session: Class initialized using 'CodeIgniter\Session\Handlers\FileHandler' driver.
CRITICAL - 2025-09-19 06:03:19 --> Error: Call to a member function select() on null
[Method: GET, Route: pharmacy/reports/purchases]
in APPPATH\Controllers\Pharmacy\Reports.php on line 206.
 1 SYSTEMPATH\CodeIgniter.php(933): App\Controllers\Pharmacy\Reports->purchases()
 2 SYSTEMPATH\CodeIgniter.php(507): CodeIgniter\CodeIgniter->runController(Object(App\Controllers\Pharmacy\Reports))
 3 SYSTEMPATH\CodeIgniter.php(354): CodeIgniter\CodeIgniter->handleRequest(null, Object(Config\Cache), false)
 4 SYSTEMPATH\Boot.php(334): CodeIgniter\CodeIgniter->run()
 5 SYSTEMPATH\Boot.php(67): CodeIgniter\Boot::runCodeIgniter(Object(CodeIgniter\CodeIgniter))
 6 FCPATH\index.php(46): CodeIgniter\Boot::bootWeb(Object(Config\Paths))
DEBUG - 2025-09-19 06:03:22 --> Session: Class initialized using 'CodeIgniter\Session\Handlers\FileHandler' driver.
CRITICAL - 2025-09-19 06:03:22 --> Error: Call to a member function select() on null
[Method: GET, Route: pharmacy/reports/purchases]
in APPPATH\Controllers\Pharmacy\Reports.php on line 206.
 1 SYSTEMPATH\CodeIgniter.php(933): App\Controllers\Pharmacy\Reports->purchases()
 2 SYSTEMPATH\CodeIgniter.php(507): CodeIgniter\CodeIgniter->runController(Object(App\Controllers\Pharmacy\Reports))
 3 SYSTEMPATH\CodeIgniter.php(354): CodeIgniter\CodeIgniter->handleRequest(null, Object(Config\Cache), false)
 4 SYSTEMPATH\Boot.php(334): CodeIgniter\CodeIgniter->run()
 5 SYSTEMPATH\Boot.php(67): CodeIgniter\Boot::runCodeIgniter(Object(CodeIgniter\CodeIgniter))
 6 FCPATH\index.php(46): CodeIgniter\Boot::bootWeb(Object(Config\Paths))
DEBUG - 2025-09-19 06:04:06 --> Session: Class initialized using 'CodeIgniter\Session\Handlers\FileHandler' driver.
DEBUG - 2025-09-19 06:04:10 --> Session: Class initialized using 'CodeIgniter\Session\Handlers\FileHandler' driver.
CRITICAL - 2025-09-19 06:04:10 --> Error: Call to a member function select() on null
[Method: GET, Route: pharmacy/reports/purchases]
in APPPATH\Controllers\Pharmacy\Reports.php on line 206.
 1 SYSTEMPATH\CodeIgniter.php(933): App\Controllers\Pharmacy\Reports->purchases()
 2 SYSTEMPATH\CodeIgniter.php(507): CodeIgniter\CodeIgniter->runController(Object(App\Controllers\Pharmacy\Reports))
 3 SYSTEMPATH\CodeIgniter.php(354): CodeIgniter\CodeIgniter->handleRequest(null, Object(Config\Cache), false)
 4 SYSTEMPATH\Boot.php(334): CodeIgniter\CodeIgniter->run()
 5 SYSTEMPATH\Boot.php(67): CodeIgniter\Boot::runCodeIgniter(Object(CodeIgniter\CodeIgniter))
 6 FCPATH\index.php(46): CodeIgniter\Boot::bootWeb(Object(Config\Paths))
DEBUG - 2025-09-19 06:04:15 --> Session: Class initialized using 'CodeIgniter\Session\Handlers\FileHandler' driver.
DEBUG - 2025-09-19 06:04:47 --> Session: Class initialized using 'CodeIgniter\Session\Handlers\FileHandler' driver.
DEBUG - 2025-09-19 06:04:53 --> Session: Class initialized using 'CodeIgniter\Session\Handlers\FileHandler' driver.
DEBUG - 2025-09-19 06:05:00 --> Session: Class initialized using 'CodeIgniter\Session\Handlers\FileHandler' driver.
DEBUG - 2025-09-19 06:05:08 --> Session: Class initialized using 'CodeIgniter\Session\Handlers\FileHandler' driver.
DEBUG - 2025-09-19 06:05:32 --> Session: Class initialized using 'CodeIgniter\Session\Handlers\FileHandler' driver.
CRITICAL - 2025-09-19 06:05:32 --> Error: Call to a member function select() on null
[Method: GET, Route: pharmacy/reports/purchases]
in APPPATH\Controllers\Pharmacy\Reports.php on line 206.
 1 SYSTEMPATH\CodeIgniter.php(933): App\Controllers\Pharmacy\Reports->purchases()
 2 SYSTEMPATH\CodeIgniter.php(507): CodeIgniter\CodeIgniter->runController(Object(App\Controllers\Pharmacy\Reports))
 3 SYSTEMPATH\CodeIgniter.php(354): CodeIgniter\CodeIgniter->handleRequest(null, Object(Config\Cache), false)
 4 SYSTEMPATH\Boot.php(334): CodeIgniter\CodeIgniter->run()
 5 SYSTEMPATH\Boot.php(67): CodeIgniter\Boot::runCodeIgniter(Object(CodeIgniter\CodeIgniter))
 6 FCPATH\index.php(46): CodeIgniter\Boot::bootWeb(Object(Config\Paths))
DEBUG - 2025-09-19 06:08:50 --> Session: Class initialized using 'CodeIgniter\Session\Handlers\FileHandler' driver.
DEBUG - 2025-09-19 06:08:53 --> Session: Class initialized using 'CodeIgniter\Session\Handlers\FileHandler' driver.
CRITICAL - 2025-09-19 06:08:53 --> Error: Call to a member function select() on null
[Method: GET, Route: pharmacy/reports/purchases]
in APPPATH\Controllers\Pharmacy\Reports.php on line 206.
 1 SYSTEMPATH\CodeIgniter.php(933): App\Controllers\Pharmacy\Reports->purchases()
 2 SYSTEMPATH\CodeIgniter.php(507): CodeIgniter\CodeIgniter->runController(Object(App\Controllers\Pharmacy\Reports))
 3 SYSTEMPATH\CodeIgniter.php(354): CodeIgniter\CodeIgniter->handleRequest(null, Object(Config\Cache), false)
 4 SYSTEMPATH\Boot.php(334): CodeIgniter\CodeIgniter->run()
 5 SYSTEMPATH\Boot.php(67): CodeIgniter\Boot::runCodeIgniter(Object(CodeIgniter\CodeIgniter))
 6 FCPATH\index.php(46): CodeIgniter\Boot::bootWeb(Object(Config\Paths))
DEBUG - 2025-09-19 06:08:54 --> Session: Class initialized using 'CodeIgniter\Session\Handlers\FileHandler' driver.
CRITICAL - 2025-09-19 06:08:54 --> Error: Call to a member function select() on null
[Method: GET, Route: pharmacy/reports/purchases]
in APPPATH\Controllers\Pharmacy\Reports.php on line 206.
 1 SYSTEMPATH\CodeIgniter.php(933): App\Controllers\Pharmacy\Reports->purchases()
 2 SYSTEMPATH\CodeIgniter.php(507): CodeIgniter\CodeIgniter->runController(Object(App\Controllers\Pharmacy\Reports))
 3 SYSTEMPATH\CodeIgniter.php(354): CodeIgniter\CodeIgniter->handleRequest(null, Object(Config\Cache), false)
 4 SYSTEMPATH\Boot.php(334): CodeIgniter\CodeIgniter->run()
 5 SYSTEMPATH\Boot.php(67): CodeIgniter\Boot::runCodeIgniter(Object(CodeIgniter\CodeIgniter))
 6 FCPATH\index.php(46): CodeIgniter\Boot::bootWeb(Object(Config\Paths))
DEBUG - 2025-09-19 06:08:54 --> Session: Class initialized using 'CodeIgniter\Session\Handlers\FileHandler' driver.
CRITICAL - 2025-09-19 06:08:54 --> Error: Call to a member function select() on null
[Method: GET, Route: pharmacy/reports/purchases]
in APPPATH\Controllers\Pharmacy\Reports.php on line 206.
 1 SYSTEMPATH\CodeIgniter.php(933): App\Controllers\Pharmacy\Reports->purchases()
 2 SYSTEMPATH\CodeIgniter.php(507): CodeIgniter\CodeIgniter->runController(Object(App\Controllers\Pharmacy\Reports))
 3 SYSTEMPATH\CodeIgniter.php(354): CodeIgniter\CodeIgniter->handleRequest(null, Object(Config\Cache), false)
 4 SYSTEMPATH\Boot.php(334): CodeIgniter\CodeIgniter->run()
 5 SYSTEMPATH\Boot.php(67): CodeIgniter\Boot::runCodeIgniter(Object(CodeIgniter\CodeIgniter))
 6 FCPATH\index.php(46): CodeIgniter\Boot::bootWeb(Object(Config\Paths))
DEBUG - 2025-09-19 06:08:55 --> Session: Class initialized using 'CodeIgniter\Session\Handlers\FileHandler' driver.
CRITICAL - 2025-09-19 06:08:55 --> Error: Call to a member function select() on null
[Method: GET, Route: pharmacy/reports/purchases]
in APPPATH\Controllers\Pharmacy\Reports.php on line 206.
 1 SYSTEMPATH\CodeIgniter.php(933): App\Controllers\Pharmacy\Reports->purchases()
 2 SYSTEMPATH\CodeIgniter.php(507): CodeIgniter\CodeIgniter->runController(Object(App\Controllers\Pharmacy\Reports))
 3 SYSTEMPATH\CodeIgniter.php(354): CodeIgniter\CodeIgniter->handleRequest(null, Object(Config\Cache), false)
 4 SYSTEMPATH\Boot.php(334): CodeIgniter\CodeIgniter->run()
 5 SYSTEMPATH\Boot.php(67): CodeIgniter\Boot::runCodeIgniter(Object(CodeIgniter\CodeIgniter))
 6 FCPATH\index.php(46): CodeIgniter\Boot::bootWeb(Object(Config\Paths))
DEBUG - 2025-09-19 06:09:21 --> Session: Class initialized using 'CodeIgniter\Session\Handlers\FileHandler' driver.
DEBUG - 2025-09-19 06:09:58 --> Session: Class initialized using 'CodeIgniter\Session\Handlers\FileHandler' driver.
DEBUG - 2025-09-19 06:10:04 --> Session: Class initialized using 'CodeIgniter\Session\Handlers\FileHandler' driver.
DEBUG - 2025-09-19 06:10:13 --> Session: Class initialized using 'CodeIgniter\Session\Handlers\FileHandler' driver.
DEBUG - 2025-09-19 06:10:15 --> Session: Class initialized using 'CodeIgniter\Session\Handlers\FileHandler' driver.
DEBUG - 2025-09-19 06:10:16 --> Session: Class initialized using 'CodeIgniter\Session\Handlers\FileHandler' driver.
DEBUG - 2025-09-19 06:10:20 --> Session: Class initialized using 'CodeIgniter\Session\Handlers\FileHandler' driver.
CRITICAL - 2025-09-19 06:10:41 --> Error: Class "App\Models\Pharmacy\PharmacyPurchasesModel" not found
[Method: GET, Route: pharmacy/reports/purchases]
in APPPATH\Controllers\Pharmacy\Reports.php on line 59.
 1 SYSTEMPATH\CodeIgniter.php(903): App\Controllers\Pharmacy\Reports->__construct()
 2 SYSTEMPATH\CodeIgniter.php(498): CodeIgniter\CodeIgniter->createController()
 3 SYSTEMPATH\CodeIgniter.php(354): CodeIgniter\CodeIgniter->handleRequest(null, Object(Config\Cache), false)
 4 SYSTEMPATH\Boot.php(334): CodeIgniter\CodeIgniter->run()
 5 SYSTEMPATH\Boot.php(67): CodeIgniter\Boot::runCodeIgniter(Object(CodeIgniter\CodeIgniter))
 6 FCPATH\index.php(46): CodeIgniter\Boot::bootWeb(Object(Config\Paths))
DEBUG - 2025-09-19 06:14:21 --> Session: Class initialized using 'CodeIgniter\Session\Handlers\FileHandler' driver.
DEBUG - 2025-09-19 06:14:29 --> Session: Class initialized using 'CodeIgniter\Session\Handlers\FileHandler' driver.
DEBUG - 2025-09-19 06:14:40 --> Session: Class initialized using 'CodeIgniter\Session\Handlers\FileHandler' driver.
DEBUG - 2025-09-19 06:14:43 --> Session: Class initialized using 'CodeIgniter\Session\Handlers\FileHandler' driver.
DEBUG - 2025-09-19 06:14:55 --> Session: Class initialized using 'CodeIgniter\Session\Handlers\FileHandler' driver.
DEBUG - 2025-09-19 06:15:02 --> Session: Class initialized using 'CodeIgniter\Session\Handlers\FileHandler' driver.
DEBUG - 2025-09-19 06:15:23 --> Session: Class initialized using 'CodeIgniter\Session\Handlers\FileHandler' driver.
DEBUG - 2025-09-19 06:15:25 --> Session: Class initialized using 'CodeIgniter\Session\Handlers\FileHandler' driver.
DEBUG - 2025-09-19 06:15:59 --> Session: Class initialized using 'CodeIgniter\Session\Handlers\FileHandler' driver.
DEBUG - 2025-09-19 06:16:02 --> Session: Class initialized using 'CodeIgniter\Session\Handlers\FileHandler' driver.
DEBUG - 2025-09-19 06:16:03 --> Session: Class initialized using 'CodeIgniter\Session\Handlers\FileHandler' driver.
DEBUG - 2025-09-19 06:16:05 --> Session: Class initialized using 'CodeIgniter\Session\Handlers\FileHandler' driver.
DEBUG - 2025-09-19 06:16:09 --> Session: Class initialized using 'CodeIgniter\Session\Handlers\FileHandler' driver.
DEBUG - 2025-09-19 06:16:10 --> Session: Class initialized using 'CodeIgniter\Session\Handlers\FileHandler' driver.
DEBUG - 2025-09-19 06:16:12 --> Session: Class initialized using 'CodeIgniter\Session\Handlers\FileHandler' driver.
DEBUG - 2025-09-19 06:16:13 --> Session: Class initialized using 'CodeIgniter\Session\Handlers\FileHandler' driver.
DEBUG - 2025-09-19 06:21:28 --> Session: Class initialized using 'CodeIgniter\Session\Handlers\FileHandler' driver.
DEBUG - 2025-09-19 06:30:25 --> Session: Class initialized using 'CodeIgniter\Session\Handlers\FileHandler' driver.
ERROR - 2025-09-19 06:30:25 --> mysqli_sql_exception: Unknown column 'grand_total' in 'field list' in C:\xampp\htdocs\hms_ram\system\Database\MySQLi\Connection.php:327
Stack trace:
#0 C:\xampp\htdocs\hms_ram\system\Database\MySQLi\Connection.php(327): mysqli->query('SELECT SUM(`gra...', 0)
#1 C:\xampp\htdocs\hms_ram\system\Database\BaseConnection.php(738): CodeIgniter\Database\MySQLi\Connection->execute('SELECT SUM(`gra...')
#2 C:\xampp\htdocs\hms_ram\system\Database\BaseConnection.php(652): CodeIgniter\Database\BaseConnection->simpleQuery('SELECT SUM(`gra...')
#3 C:\xampp\htdocs\hms_ram\system\Database\BaseBuilder.php(1649): CodeIgniter\Database\BaseConnection->query('SELECT SUM(`gra...', Array, false)
#4 C:\xampp\htdocs\hms_ram\system\Model.php(330): CodeIgniter\Database\BaseBuilder->get()
#5 C:\xampp\htdocs\hms_ram\system\BaseModel.php(717): CodeIgniter\Model->doFirst()
#6 C:\xampp\htdocs\hms_ram\app\Controllers\Pharmacy\Dashboard.php(52): CodeIgniter\BaseModel->first()
#7 C:\xampp\htdocs\hms_ram\system\CodeIgniter.php(933): App\Controllers\Pharmacy\Dashboard->index()
#8 C:\xampp\htdocs\hms_ram\system\CodeIgniter.php(507): CodeIgniter\CodeIgniter->runController(Object(App\Controllers\Pharmacy\Dashboard))
#9 C:\xampp\htdocs\hms_ram\system\CodeIgniter.php(354): CodeIgniter\CodeIgniter->handleRequest(NULL, Object(Config\Cache), false)
#10 C:\xampp\htdocs\hms_ram\system\Boot.php(334): CodeIgniter\CodeIgniter->run()
#11 C:\xampp\htdocs\hms_ram\system\Boot.php(67): CodeIgniter\Boot::runCodeIgniter(Object(CodeIgniter\CodeIgniter))
#12 C:\xampp\htdocs\hms_ram\index.php(46): CodeIgniter\Boot::bootWeb(Object(Config\Paths))
#13 {main}
CRITICAL - 2025-09-19 06:30:25 --> CodeIgniter\Database\Exceptions\DatabaseException: Unknown column 'grand_total' in 'field list'
[Method: GET, Route: pharmacy/dashboard]
in SYSTEMPATH\Database\BaseConnection.php on line 692.
 1 SYSTEMPATH\Database\BaseBuilder.php(1649): CodeIgniter\Database\BaseConnection->query('SELECT SUM(`grand_total`) AS `grand_total`
FROM `pharmacy_billings`
WHERE DATE(created_at) = :DATE(created_at):
 LIMIT 1', [...], false)
 2 SYSTEMPATH\Model.php(330): CodeIgniter\Database\BaseBuilder->get()
 3 SYSTEMPATH\BaseModel.php(717): CodeIgniter\Model->doFirst()
 4 APPPATH\Controllers\Pharmacy\Dashboard.php(52): CodeIgniter\BaseModel->first()
 5 SYSTEMPATH\CodeIgniter.php(933): App\Controllers\Pharmacy\Dashboard->index()
 6 SYSTEMPATH\CodeIgniter.php(507): CodeIgniter\CodeIgniter->runController(Object(App\Controllers\Pharmacy\Dashboard))
 7 SYSTEMPATH\CodeIgniter.php(354): CodeIgniter\CodeIgniter->handleRequest(null, Object(Config\Cache), false)
 8 SYSTEMPATH\Boot.php(334): CodeIgniter\CodeIgniter->run()
 9 SYSTEMPATH\Boot.php(67): CodeIgniter\Boot::runCodeIgniter(Object(CodeIgniter\CodeIgniter))
10 FCPATH\index.php(46): CodeIgniter\Boot::bootWeb(Object(Config\Paths))
CRITICAL - 2025-09-19 06:30:25 --> [Caused by] CodeIgniter\Database\Exceptions\DatabaseException: Unknown column 'grand_total' in 'field list'
in SYSTEMPATH\Database\MySQLi\Connection.php on line 332.
 1 SYSTEMPATH\Database\BaseConnection.php(738): CodeIgniter\Database\MySQLi\Connection->execute('SELECT SUM(`grand_total`) AS `grand_total`
FROM `pharmacy_billings`
WHERE DATE(created_at) = \'2025-09-19\'
 LIMIT 1')
 2 SYSTEMPATH\Database\BaseConnection.php(652): CodeIgniter\Database\BaseConnection->simpleQuery('SELECT SUM(`grand_total`) AS `grand_total`
FROM `pharmacy_billings`
WHERE DATE(created_at) = \'2025-09-19\'
 LIMIT 1')
 3 SYSTEMPATH\Database\BaseBuilder.php(1649): CodeIgniter\Database\BaseConnection->query('SELECT SUM(`grand_total`) AS `grand_total`
FROM `pharmacy_billings`
WHERE DATE(created_at) = :DATE(created_at):
 LIMIT 1', [...], false)
 4 SYSTEMPATH\Model.php(330): CodeIgniter\Database\BaseBuilder->get()
 5 SYSTEMPATH\BaseModel.php(717): CodeIgniter\Model->doFirst()
 6 APPPATH\Controllers\Pharmacy\Dashboard.php(52): CodeIgniter\BaseModel->first()
 7 SYSTEMPATH\CodeIgniter.php(933): App\Controllers\Pharmacy\Dashboard->index()
 8 SYSTEMPATH\CodeIgniter.php(507): CodeIgniter\CodeIgniter->runController(Object(App\Controllers\Pharmacy\Dashboard))
 9 SYSTEMPATH\CodeIgniter.php(354): CodeIgniter\CodeIgniter->handleRequest(null, Object(Config\Cache), false)
10 SYSTEMPATH\Boot.php(334): CodeIgniter\CodeIgniter->run()
11 SYSTEMPATH\Boot.php(67): CodeIgniter\Boot::runCodeIgniter(Object(CodeIgniter\CodeIgniter))
12 FCPATH\index.php(46): CodeIgniter\Boot::bootWeb(Object(Config\Paths))
CRITICAL - 2025-09-19 06:30:25 --> [Caused by] mysqli_sql_exception: Unknown column 'grand_total' in 'field list'
in SYSTEMPATH\Database\MySQLi\Connection.php on line 327.
 1 SYSTEMPATH\Database\MySQLi\Connection.php(327): mysqli->query('SELECT SUM(`grand_total`) AS `grand_total`
FROM `pharmacy_billings`
WHERE DATE(created_at) = \'2025-09-19\'
 LIMIT 1', 0)
 2 SYSTEMPATH\Database\BaseConnection.php(738): CodeIgniter\Database\MySQLi\Connection->execute('SELECT SUM(`grand_total`) AS `grand_total`
FROM `pharmacy_billings`
WHERE DATE(created_at) = \'2025-09-19\'
 LIMIT 1')
 3 SYSTEMPATH\Database\BaseConnection.php(652): CodeIgniter\Database\BaseConnection->simpleQuery('SELECT SUM(`grand_total`) AS `grand_total`
FROM `pharmacy_billings`
WHERE DATE(created_at) = \'2025-09-19\'
 LIMIT 1')
 4 SYSTEMPATH\Database\BaseBuilder.php(1649): CodeIgniter\Database\BaseConnection->query('SELECT SUM(`grand_total`) AS `grand_total`
FROM `pharmacy_billings`
WHERE DATE(created_at) = :DATE(created_at):
 LIMIT 1', [...], false)
 5 SYSTEMPATH\Model.php(330): CodeIgniter\Database\BaseBuilder->get()
 6 SYSTEMPATH\BaseModel.php(717): CodeIgniter\Model->doFirst()
 7 APPPATH\Controllers\Pharmacy\Dashboard.php(52): CodeIgniter\BaseModel->first()
 8 SYSTEMPATH\CodeIgniter.php(933): App\Controllers\Pharmacy\Dashboard->index()
 9 SYSTEMPATH\CodeIgniter.php(507): CodeIgniter\CodeIgniter->runController(Object(App\Controllers\Pharmacy\Dashboard))
10 SYSTEMPATH\CodeIgniter.php(354): CodeIgniter\CodeIgniter->handleRequest(null, Object(Config\Cache), false)
11 SYSTEMPATH\Boot.php(334): CodeIgniter\CodeIgniter->run()
12 SYSTEMPATH\Boot.php(67): CodeIgniter\Boot::runCodeIgniter(Object(CodeIgniter\CodeIgniter))
13 FCPATH\index.php(46): CodeIgniter\Boot::bootWeb(Object(Config\Paths))
DEBUG - 2025-09-19 06:31:08 --> Session: Class initialized using 'CodeIgniter\Session\Handlers\FileHandler' driver.
ERROR - 2025-09-19 06:31:08 --> mysqli_sql_exception: Unknown column 'grand_total' in 'field list' in C:\xampp\htdocs\hms_ram\system\Database\MySQLi\Connection.php:327
Stack trace:
#0 C:\xampp\htdocs\hms_ram\system\Database\MySQLi\Connection.php(327): mysqli->query('SELECT SUM(`gra...', 0)
#1 C:\xampp\htdocs\hms_ram\system\Database\BaseConnection.php(738): CodeIgniter\Database\MySQLi\Connection->execute('SELECT SUM(`gra...')
#2 C:\xampp\htdocs\hms_ram\system\Database\BaseConnection.php(652): CodeIgniter\Database\BaseConnection->simpleQuery('SELECT SUM(`gra...')
#3 C:\xampp\htdocs\hms_ram\system\Database\BaseBuilder.php(1649): CodeIgniter\Database\BaseConnection->query('SELECT SUM(`gra...', Array, false)
#4 C:\xampp\htdocs\hms_ram\system\Model.php(330): CodeIgniter\Database\BaseBuilder->get()
#5 C:\xampp\htdocs\hms_ram\system\BaseModel.php(717): CodeIgniter\Model->doFirst()
#6 C:\xampp\htdocs\hms_ram\app\Controllers\Pharmacy\Dashboard.php(52): CodeIgniter\BaseModel->first()
#7 C:\xampp\htdocs\hms_ram\system\CodeIgniter.php(933): App\Controllers\Pharmacy\Dashboard->index()
#8 C:\xampp\htdocs\hms_ram\system\CodeIgniter.php(507): CodeIgniter\CodeIgniter->runController(Object(App\Controllers\Pharmacy\Dashboard))
#9 C:\xampp\htdocs\hms_ram\system\CodeIgniter.php(354): CodeIgniter\CodeIgniter->handleRequest(NULL, Object(Config\Cache), false)
#10 C:\xampp\htdocs\hms_ram\system\Boot.php(334): CodeIgniter\CodeIgniter->run()
#11 C:\xampp\htdocs\hms_ram\system\Boot.php(67): CodeIgniter\Boot::runCodeIgniter(Object(CodeIgniter\CodeIgniter))
#12 C:\xampp\htdocs\hms_ram\index.php(46): CodeIgniter\Boot::bootWeb(Object(Config\Paths))
#13 {main}
CRITICAL - 2025-09-19 06:31:08 --> CodeIgniter\Database\Exceptions\DatabaseException: Unknown column 'grand_total' in 'field list'
[Method: GET, Route: pharmacy/dashboard]
in SYSTEMPATH\Database\BaseConnection.php on line 692.
 1 SYSTEMPATH\Database\BaseBuilder.php(1649): CodeIgniter\Database\BaseConnection->query('SELECT SUM(`grand_total`) AS `grand_total`
FROM `pharmacy_billings`
WHERE DATE(created_at) = :DATE(created_at):
 LIMIT 1', [...], false)
 2 SYSTEMPATH\Model.php(330): CodeIgniter\Database\BaseBuilder->get()
 3 SYSTEMPATH\BaseModel.php(717): CodeIgniter\Model->doFirst()
 4 APPPATH\Controllers\Pharmacy\Dashboard.php(52): CodeIgniter\BaseModel->first()
 5 SYSTEMPATH\CodeIgniter.php(933): App\Controllers\Pharmacy\Dashboard->index()
 6 SYSTEMPATH\CodeIgniter.php(507): CodeIgniter\CodeIgniter->runController(Object(App\Controllers\Pharmacy\Dashboard))
 7 SYSTEMPATH\CodeIgniter.php(354): CodeIgniter\CodeIgniter->handleRequest(null, Object(Config\Cache), false)
 8 SYSTEMPATH\Boot.php(334): CodeIgniter\CodeIgniter->run()
 9 SYSTEMPATH\Boot.php(67): CodeIgniter\Boot::runCodeIgniter(Object(CodeIgniter\CodeIgniter))
10 FCPATH\index.php(46): CodeIgniter\Boot::bootWeb(Object(Config\Paths))
CRITICAL - 2025-09-19 06:31:08 --> [Caused by] CodeIgniter\Database\Exceptions\DatabaseException: Unknown column 'grand_total' in 'field list'
in SYSTEMPATH\Database\MySQLi\Connection.php on line 332.
 1 SYSTEMPATH\Database\BaseConnection.php(738): CodeIgniter\Database\MySQLi\Connection->execute('SELECT SUM(`grand_total`) AS `grand_total`
FROM `pharmacy_billings`
WHERE DATE(created_at) = \'2025-09-19\'
 LIMIT 1')
 2 SYSTEMPATH\Database\BaseConnection.php(652): CodeIgniter\Database\BaseConnection->simpleQuery('SELECT SUM(`grand_total`) AS `grand_total`
FROM `pharmacy_billings`
WHERE DATE(created_at) = \'2025-09-19\'
 LIMIT 1')
 3 SYSTEMPATH\Database\BaseBuilder.php(1649): CodeIgniter\Database\BaseConnection->query('SELECT SUM(`grand_total`) AS `grand_total`
FROM `pharmacy_billings`
WHERE DATE(created_at) = :DATE(created_at):
 LIMIT 1', [...], false)
 4 SYSTEMPATH\Model.php(330): CodeIgniter\Database\BaseBuilder->get()
 5 SYSTEMPATH\BaseModel.php(717): CodeIgniter\Model->doFirst()
 6 APPPATH\Controllers\Pharmacy\Dashboard.php(52): CodeIgniter\BaseModel->first()
 7 SYSTEMPATH\CodeIgniter.php(933): App\Controllers\Pharmacy\Dashboard->index()
 8 SYSTEMPATH\CodeIgniter.php(507): CodeIgniter\CodeIgniter->runController(Object(App\Controllers\Pharmacy\Dashboard))
 9 SYSTEMPATH\CodeIgniter.php(354): CodeIgniter\CodeIgniter->handleRequest(null, Object(Config\Cache), false)
10 SYSTEMPATH\Boot.php(334): CodeIgniter\CodeIgniter->run()
11 SYSTEMPATH\Boot.php(67): CodeIgniter\Boot::runCodeIgniter(Object(CodeIgniter\CodeIgniter))
12 FCPATH\index.php(46): CodeIgniter\Boot::bootWeb(Object(Config\Paths))
CRITICAL - 2025-09-19 06:31:08 --> [Caused by] mysqli_sql_exception: Unknown column 'grand_total' in 'field list'
in SYSTEMPATH\Database\MySQLi\Connection.php on line 327.
 1 SYSTEMPATH\Database\MySQLi\Connection.php(327): mysqli->query('SELECT SUM(`grand_total`) AS `grand_total`
FROM `pharmacy_billings`
WHERE DATE(created_at) = \'2025-09-19\'
 LIMIT 1', 0)
 2 SYSTEMPATH\Database\BaseConnection.php(738): CodeIgniter\Database\MySQLi\Connection->execute('SELECT SUM(`grand_total`) AS `grand_total`
FROM `pharmacy_billings`
WHERE DATE(created_at) = \'2025-09-19\'
 LIMIT 1')
 3 SYSTEMPATH\Database\BaseConnection.php(652): CodeIgniter\Database\BaseConnection->simpleQuery('SELECT SUM(`grand_total`) AS `grand_total`
FROM `pharmacy_billings`
WHERE DATE(created_at) = \'2025-09-19\'
 LIMIT 1')
 4 SYSTEMPATH\Database\BaseBuilder.php(1649): CodeIgniter\Database\BaseConnection->query('SELECT SUM(`grand_total`) AS `grand_total`
FROM `pharmacy_billings`
WHERE DATE(created_at) = :DATE(created_at):
 LIMIT 1', [...], false)
 5 SYSTEMPATH\Model.php(330): CodeIgniter\Database\BaseBuilder->get()
 6 SYSTEMPATH\BaseModel.php(717): CodeIgniter\Model->doFirst()
 7 APPPATH\Controllers\Pharmacy\Dashboard.php(52): CodeIgniter\BaseModel->first()
 8 SYSTEMPATH\CodeIgniter.php(933): App\Controllers\Pharmacy\Dashboard->index()
 9 SYSTEMPATH\CodeIgniter.php(507): CodeIgniter\CodeIgniter->runController(Object(App\Controllers\Pharmacy\Dashboard))
10 SYSTEMPATH\CodeIgniter.php(354): CodeIgniter\CodeIgniter->handleRequest(null, Object(Config\Cache), false)
11 SYSTEMPATH\Boot.php(334): CodeIgniter\CodeIgniter->run()
12 SYSTEMPATH\Boot.php(67): CodeIgniter\Boot::runCodeIgniter(Object(CodeIgniter\CodeIgniter))
13 FCPATH\index.php(46): CodeIgniter\Boot::bootWeb(Object(Config\Paths))
DEBUG - 2025-09-19 06:31:51 --> Session: Class initialized using 'CodeIgniter\Session\Handlers\FileHandler' driver.
ERROR - 2025-09-19 06:31:51 --> mysqli_sql_exception: Unknown column 'patient_name' in 'field list' in C:\xampp\htdocs\hms_ram\system\Database\MySQLi\Connection.php:327
Stack trace:
#0 C:\xampp\htdocs\hms_ram\system\Database\MySQLi\Connection.php(327): mysqli->query('SELECT `invoice...', 0)
#1 C:\xampp\htdocs\hms_ram\system\Database\BaseConnection.php(738): CodeIgniter\Database\MySQLi\Connection->execute('SELECT `invoice...')
#2 C:\xampp\htdocs\hms_ram\system\Database\BaseConnection.php(652): CodeIgniter\Database\BaseConnection->simpleQuery('SELECT `invoice...')
#3 C:\xampp\htdocs\hms_ram\system\Database\BaseBuilder.php(1649): CodeIgniter\Database\BaseConnection->query('SELECT `invoice...', Array, false)
#4 C:\xampp\htdocs\hms_ram\system\Model.php(286): CodeIgniter\Database\BaseBuilder->get()
#5 C:\xampp\htdocs\hms_ram\system\BaseModel.php(679): CodeIgniter\Model->doFindAll(0, 0)
#6 C:\xampp\htdocs\hms_ram\app\Controllers\Pharmacy\Dashboard.php(77): CodeIgniter\BaseModel->findAll()
#7 C:\xampp\htdocs\hms_ram\system\CodeIgniter.php(933): App\Controllers\Pharmacy\Dashboard->index()
#8 C:\xampp\htdocs\hms_ram\system\CodeIgniter.php(507): CodeIgniter\CodeIgniter->runController(Object(App\Controllers\Pharmacy\Dashboard))
#9 C:\xampp\htdocs\hms_ram\system\CodeIgniter.php(354): CodeIgniter\CodeIgniter->handleRequest(NULL, Object(Config\Cache), false)
#10 C:\xampp\htdocs\hms_ram\system\Boot.php(334): CodeIgniter\CodeIgniter->run()
#11 C:\xampp\htdocs\hms_ram\system\Boot.php(67): CodeIgniter\Boot::runCodeIgniter(Object(CodeIgniter\CodeIgniter))
#12 C:\xampp\htdocs\hms_ram\index.php(46): CodeIgniter\Boot::bootWeb(Object(Config\Paths))
#13 {main}
CRITICAL - 2025-09-19 06:31:51 --> CodeIgniter\Database\Exceptions\DatabaseException: Unknown column 'patient_name' in 'field list'
[Method: GET, Route: pharmacy/dashboard]
in SYSTEMPATH\Database\BaseConnection.php on line 692.
 1 SYSTEMPATH\Database\BaseBuilder.php(1649): CodeIgniter\Database\BaseConnection->query('SELECT `invoice_number`, `total_amount`, `created_at`, `patient_name`
FROM `pharmacy_sales`
ORDER BY `created_at` DESC
 LIMIT 5', [], false)
 2 SYSTEMPATH\Model.php(286): CodeIgniter\Database\BaseBuilder->get()
 3 SYSTEMPATH\BaseModel.php(679): CodeIgniter\Model->doFindAll(0, 0)
 4 APPPATH\Controllers\Pharmacy\Dashboard.php(77): CodeIgniter\BaseModel->findAll()
 5 SYSTEMPATH\CodeIgniter.php(933): App\Controllers\Pharmacy\Dashboard->index()
 6 SYSTEMPATH\CodeIgniter.php(507): CodeIgniter\CodeIgniter->runController(Object(App\Controllers\Pharmacy\Dashboard))
 7 SYSTEMPATH\CodeIgniter.php(354): CodeIgniter\CodeIgniter->handleRequest(null, Object(Config\Cache), false)
 8 SYSTEMPATH\Boot.php(334): CodeIgniter\CodeIgniter->run()
 9 SYSTEMPATH\Boot.php(67): CodeIgniter\Boot::runCodeIgniter(Object(CodeIgniter\CodeIgniter))
10 FCPATH\index.php(46): CodeIgniter\Boot::bootWeb(Object(Config\Paths))
CRITICAL - 2025-09-19 06:31:51 --> [Caused by] CodeIgniter\Database\Exceptions\DatabaseException: Unknown column 'patient_name' in 'field list'
in SYSTEMPATH\Database\MySQLi\Connection.php on line 332.
 1 SYSTEMPATH\Database\BaseConnection.php(738): CodeIgniter\Database\MySQLi\Connection->execute('SELECT `invoice_number`, `total_amount`, `created_at`, `patient_name`
FROM `pharmacy_sales`
ORDER BY `created_at` DESC
 LIMIT 5')
 2 SYSTEMPATH\Database\BaseConnection.php(652): CodeIgniter\Database\BaseConnection->simpleQuery('SELECT `invoice_number`, `total_amount`, `created_at`, `patient_name`
FROM `pharmacy_sales`
ORDER BY `created_at` DESC
 LIMIT 5')
 3 SYSTEMPATH\Database\BaseBuilder.php(1649): CodeIgniter\Database\BaseConnection->query('SELECT `invoice_number`, `total_amount`, `created_at`, `patient_name`
FROM `pharmacy_sales`
ORDER BY `created_at` DESC
 LIMIT 5', [], false)
 4 SYSTEMPATH\Model.php(286): CodeIgniter\Database\BaseBuilder->get()
 5 SYSTEMPATH\BaseModel.php(679): CodeIgniter\Model->doFindAll(0, 0)
 6 APPPATH\Controllers\Pharmacy\Dashboard.php(77): CodeIgniter\BaseModel->findAll()
 7 SYSTEMPATH\CodeIgniter.php(933): App\Controllers\Pharmacy\Dashboard->index()
 8 SYSTEMPATH\CodeIgniter.php(507): CodeIgniter\CodeIgniter->runController(Object(App\Controllers\Pharmacy\Dashboard))
 9 SYSTEMPATH\CodeIgniter.php(354): CodeIgniter\CodeIgniter->handleRequest(null, Object(Config\Cache), false)
10 SYSTEMPATH\Boot.php(334): CodeIgniter\CodeIgniter->run()
11 SYSTEMPATH\Boot.php(67): CodeIgniter\Boot::runCodeIgniter(Object(CodeIgniter\CodeIgniter))
12 FCPATH\index.php(46): CodeIgniter\Boot::bootWeb(Object(Config\Paths))
CRITICAL - 2025-09-19 06:31:51 --> [Caused by] mysqli_sql_exception: Unknown column 'patient_name' in 'field list'
in SYSTEMPATH\Database\MySQLi\Connection.php on line 327.
 1 SYSTEMPATH\Database\MySQLi\Connection.php(327): mysqli->query('SELECT `invoice_number`, `total_amount`, `created_at`, `patient_name`
FROM `pharmacy_sales`
ORDER BY `created_at` DESC
 LIMIT 5', 0)
 2 SYSTEMPATH\Database\BaseConnection.php(738): CodeIgniter\Database\MySQLi\Connection->execute('SELECT `invoice_number`, `total_amount`, `created_at`, `patient_name`
FROM `pharmacy_sales`
ORDER BY `created_at` DESC
 LIMIT 5')
 3 SYSTEMPATH\Database\BaseConnection.php(652): CodeIgniter\Database\BaseConnection->simpleQuery('SELECT `invoice_number`, `total_amount`, `created_at`, `patient_name`
FROM `pharmacy_sales`
ORDER BY `created_at` DESC
 LIMIT 5')
 4 SYSTEMPATH\Database\BaseBuilder.php(1649): CodeIgniter\Database\BaseConnection->query('SELECT `invoice_number`, `total_amount`, `created_at`, `patient_name`
FROM `pharmacy_sales`
ORDER BY `created_at` DESC
 LIMIT 5', [], false)
 5 SYSTEMPATH\Model.php(286): CodeIgniter\Database\BaseBuilder->get()
 6 SYSTEMPATH\BaseModel.php(679): CodeIgniter\Model->doFindAll(0, 0)
 7 APPPATH\Controllers\Pharmacy\Dashboard.php(77): CodeIgniter\BaseModel->findAll()
 8 SYSTEMPATH\CodeIgniter.php(933): App\Controllers\Pharmacy\Dashboard->index()
 9 SYSTEMPATH\CodeIgniter.php(507): CodeIgniter\CodeIgniter->runController(Object(App\Controllers\Pharmacy\Dashboard))
10 SYSTEMPATH\CodeIgniter.php(354): CodeIgniter\CodeIgniter->handleRequest(null, Object(Config\Cache), false)
11 SYSTEMPATH\Boot.php(334): CodeIgniter\CodeIgniter->run()
12 SYSTEMPATH\Boot.php(67): CodeIgniter\Boot::runCodeIgniter(Object(CodeIgniter\CodeIgniter))
13 FCPATH\index.php(46): CodeIgniter\Boot::bootWeb(Object(Config\Paths))
DEBUG - 2025-09-19 06:33:38 --> Session: Class initialized using 'CodeIgniter\Session\Handlers\FileHandler' driver.
DEBUG - 2025-09-19 06:33:42 --> Session: Class initialized using 'CodeIgniter\Session\Handlers\FileHandler' driver.
DEBUG - 2025-09-19 06:34:04 --> Session: Class initialized using 'CodeIgniter\Session\Handlers\FileHandler' driver.
DEBUG - 2025-09-19 06:34:10 --> Session: Class initialized using 'CodeIgniter\Session\Handlers\FileHandler' driver.
CRITICAL - 2025-09-19 06:34:10 --> ErrorException: Undefined variable $currentType
[Method: GET, Route: pharmacy/sales/list]
in APPPATH\Views\pharmacy\sales\list.php on line 30.
 1 APPPATH\Views\pharmacy\sales\list.php(30): CodeIgniter\Debug\Exceptions->errorHandler(2, 'Undefined variable $currentType', 'C:\\xampp\\htdocs\\hms_ram\\app\\Views\\pharmacy\\sales\\list.php', 30)
 2 SYSTEMPATH\View\View.php(224): include('C:\\xampp\\htdocs\\hms_ram\\app\\Views\\pharmacy\\sales\\list.php')
 3 SYSTEMPATH\View\View.php(227): CodeIgniter\View\View->CodeIgniter\View\{closure}()
 4 SYSTEMPATH\Common.php(1173): CodeIgniter\View\View->render('pharmacy/sales/list', [], true)
 5 APPPATH\Controllers\Pharmacy\Sales.php(305): view('pharmacy/sales/list', [...])
 6 SYSTEMPATH\CodeIgniter.php(933): App\Controllers\Pharmacy\Sales->listSales()
 7 SYSTEMPATH\CodeIgniter.php(507): CodeIgniter\CodeIgniter->runController(Object(App\Controllers\Pharmacy\Sales))
 8 SYSTEMPATH\CodeIgniter.php(354): CodeIgniter\CodeIgniter->handleRequest(null, Object(Config\Cache), false)
 9 SYSTEMPATH\Boot.php(334): CodeIgniter\CodeIgniter->run()
10 SYSTEMPATH\Boot.php(67): CodeIgniter\Boot::runCodeIgniter(Object(CodeIgniter\CodeIgniter))
11 FCPATH\index.php(46): CodeIgniter\Boot::bootWeb(Object(Config\Paths))
DEBUG - 2025-09-19 06:34:12 --> Session: Class initialized using 'CodeIgniter\Session\Handlers\FileHandler' driver.
DEBUG - 2025-09-19 06:34:21 --> Session: Class initialized using 'CodeIgniter\Session\Handlers\FileHandler' driver.
DEBUG - 2025-09-19 06:34:27 --> Session: Class initialized using 'CodeIgniter\Session\Handlers\FileHandler' driver.
DEBUG - 2025-09-19 06:36:03 --> Session: Class initialized using 'CodeIgniter\Session\Handlers\FileHandler' driver.
DEBUG - 2025-09-19 06:36:14 --> Session: Class initialized using 'CodeIgniter\Session\Handlers\FileHandler' driver.
DEBUG - 2025-09-19 06:36:25 --> Session: Class initialized using 'CodeIgniter\Session\Handlers\FileHandler' driver.
DEBUG - 2025-09-19 06:36:27 --> Session: Class initialized using 'CodeIgniter\Session\Handlers\FileHandler' driver.
DEBUG - 2025-09-19 06:37:10 --> Session: Class initialized using 'CodeIgniter\Session\Handlers\FileHandler' driver.
DEBUG - 2025-09-19 06:41:40 --> Session: Class initialized using 'CodeIgniter\Session\Handlers\FileHandler' driver.
DEBUG - 2025-09-19 06:41:41 --> Session: Class initialized using 'CodeIgniter\Session\Handlers\FileHandler' driver.
DEBUG - 2025-09-19 06:41:52 --> Session: Class initialized using 'CodeIgniter\Session\Handlers\FileHandler' driver.
DEBUG - 2025-09-19 06:42:16 --> Session: Class initialized using 'CodeIgniter\Session\Handlers\FileHandler' driver.
DEBUG - 2025-09-19 06:42:21 --> Session: Class initialized using 'CodeIgniter\Session\Handlers\FileHandler' driver.
DEBUG - 2025-09-19 06:42:22 --> Session: Class initialized using 'CodeIgniter\Session\Handlers\FileHandler' driver.
DEBUG - 2025-09-19 06:42:24 --> Session: Class initialized using 'CodeIgniter\Session\Handlers\FileHandler' driver.
DEBUG - 2025-09-19 06:42:34 --> Session: Class initialized using 'CodeIgniter\Session\Handlers\FileHandler' driver.
DEBUG - 2025-09-19 06:42:48 --> Session: Class initialized using 'CodeIgniter\Session\Handlers\FileHandler' driver.
DEBUG - 2025-09-19 06:42:51 --> Session: Class initialized using 'CodeIgniter\Session\Handlers\FileHandler' driver.
DEBUG - 2025-09-19 06:43:16 --> Session: Class initialized using 'CodeIgniter\Session\Handlers\FileHandler' driver.
DEBUG - 2025-09-19 06:44:02 --> Session: Class initialized using 'CodeIgniter\Session\Handlers\FileHandler' driver.
CRITICAL - 2025-09-19 06:44:02 --> ErrorException: Undefined variable $currentType
[Method: GET, Route: pharmacy/sales/list]
in APPPATH\Views\pharmacy\sales\list.php on line 30.
 1 APPPATH\Views\pharmacy\sales\list.php(30): CodeIgniter\Debug\Exceptions->errorHandler(2, 'Undefined variable $currentType', 'C:\\xampp\\htdocs\\hms_ram\\app\\Views\\pharmacy\\sales\\list.php', 30)
 2 SYSTEMPATH\View\View.php(224): include('C:\\xampp\\htdocs\\hms_ram\\app\\Views\\pharmacy\\sales\\list.php')
 3 SYSTEMPATH\View\View.php(227): CodeIgniter\View\View->CodeIgniter\View\{closure}()
 4 SYSTEMPATH\Common.php(1173): CodeIgniter\View\View->render('pharmacy/sales/list', [], true)
 5 APPPATH\Controllers\Pharmacy\Sales.php(305): view('pharmacy/sales/list', [...])
 6 SYSTEMPATH\CodeIgniter.php(933): App\Controllers\Pharmacy\Sales->listSales()
 7 SYSTEMPATH\CodeIgniter.php(507): CodeIgniter\CodeIgniter->runController(Object(App\Controllers\Pharmacy\Sales))
 8 SYSTEMPATH\CodeIgniter.php(354): CodeIgniter\CodeIgniter->handleRequest(null, Object(Config\Cache), false)
 9 SYSTEMPATH\Boot.php(334): CodeIgniter\CodeIgniter->run()
10 SYSTEMPATH\Boot.php(67): CodeIgniter\Boot::runCodeIgniter(Object(CodeIgniter\CodeIgniter))
11 FCPATH\index.php(46): CodeIgniter\Boot::bootWeb(Object(Config\Paths))
DEBUG - 2025-09-19 06:44:04 --> Session: Class initialized using 'CodeIgniter\Session\Handlers\FileHandler' driver.
DEBUG - 2025-09-19 06:44:06 --> Session: Class initialized using 'CodeIgniter\Session\Handlers\FileHandler' driver.
DEBUG - 2025-09-19 06:44:07 --> Session: Class initialized using 'CodeIgniter\Session\Handlers\FileHandler' driver.
DEBUG - 2025-09-19 06:44:11 --> Session: Class initialized using 'CodeIgniter\Session\Handlers\FileHandler' driver.
CRITICAL - 2025-09-19 06:44:11 --> ErrorException: Undefined variable $currentType
[Method: GET, Route: pharmacy/sales/list]
in APPPATH\Views\pharmacy\sales\list.php on line 30.
 1 APPPATH\Views\pharmacy\sales\list.php(30): CodeIgniter\Debug\Exceptions->errorHandler(2, 'Undefined variable $currentType', 'C:\\xampp\\htdocs\\hms_ram\\app\\Views\\pharmacy\\sales\\list.php', 30)
 2 SYSTEMPATH\View\View.php(224): include('C:\\xampp\\htdocs\\hms_ram\\app\\Views\\pharmacy\\sales\\list.php')
 3 SYSTEMPATH\View\View.php(227): CodeIgniter\View\View->CodeIgniter\View\{closure}()
 4 SYSTEMPATH\Common.php(1173): CodeIgniter\View\View->render('pharmacy/sales/list', [], true)
 5 APPPATH\Controllers\Pharmacy\Sales.php(305): view('pharmacy/sales/list', [...])
 6 SYSTEMPATH\CodeIgniter.php(933): App\Controllers\Pharmacy\Sales->listSales()
 7 SYSTEMPATH\CodeIgniter.php(507): CodeIgniter\CodeIgniter->runController(Object(App\Controllers\Pharmacy\Sales))
 8 SYSTEMPATH\CodeIgniter.php(354): CodeIgniter\CodeIgniter->handleRequest(null, Object(Config\Cache), false)
 9 SYSTEMPATH\Boot.php(334): CodeIgniter\CodeIgniter->run()
10 SYSTEMPATH\Boot.php(67): CodeIgniter\Boot::runCodeIgniter(Object(CodeIgniter\CodeIgniter))
11 FCPATH\index.php(46): CodeIgniter\Boot::bootWeb(Object(Config\Paths))
DEBUG - 2025-09-19 06:44:20 --> Session: Class initialized using 'CodeIgniter\Session\Handlers\FileHandler' driver.
CRITICAL - 2025-09-19 06:44:20 --> ErrorException: Undefined variable $currentType
[Method: GET, Route: pharmacy/sales/list]
in APPPATH\Views\pharmacy\sales\list.php on line 30.
 1 APPPATH\Views\pharmacy\sales\list.php(30): CodeIgniter\Debug\Exceptions->errorHandler(2, 'Undefined variable $currentType', 'C:\\xampp\\htdocs\\hms_ram\\app\\Views\\pharmacy\\sales\\list.php', 30)
 2 SYSTEMPATH\View\View.php(224): include('C:\\xampp\\htdocs\\hms_ram\\app\\Views\\pharmacy\\sales\\list.php')
 3 SYSTEMPATH\View\View.php(227): CodeIgniter\View\View->CodeIgniter\View\{closure}()
 4 SYSTEMPATH\Common.php(1173): CodeIgniter\View\View->render('pharmacy/sales/list', [], true)
 5 APPPATH\Controllers\Pharmacy\Sales.php(305): view('pharmacy/sales/list', [...])
 6 SYSTEMPATH\CodeIgniter.php(933): App\Controllers\Pharmacy\Sales->listSales()
 7 SYSTEMPATH\CodeIgniter.php(507): CodeIgniter\CodeIgniter->runController(Object(App\Controllers\Pharmacy\Sales))
 8 SYSTEMPATH\CodeIgniter.php(354): CodeIgniter\CodeIgniter->handleRequest(null, Object(Config\Cache), false)
 9 SYSTEMPATH\Boot.php(334): CodeIgniter\CodeIgniter->run()
10 SYSTEMPATH\Boot.php(67): CodeIgniter\Boot::runCodeIgniter(Object(CodeIgniter\CodeIgniter))
11 FCPATH\index.php(46): CodeIgniter\Boot::bootWeb(Object(Config\Paths))
DEBUG - 2025-09-19 06:44:52 --> Session: Class initialized using 'CodeIgniter\Session\Handlers\FileHandler' driver.
DEBUG - 2025-09-19 06:44:55 --> Session: Class initialized using 'CodeIgniter\Session\Handlers\FileHandler' driver.
DEBUG - 2025-09-19 06:44:56 --> Session: Class initialized using 'CodeIgniter\Session\Handlers\FileHandler' driver.
DEBUG - 2025-09-19 06:44:56 --> Session: Class initialized using 'CodeIgniter\Session\Handlers\FileHandler' driver.
DEBUG - 2025-09-19 06:45:03 --> Session: Class initialized using 'CodeIgniter\Session\Handlers\FileHandler' driver.
DEBUG - 2025-09-19 06:46:54 --> Session: Class initialized using 'CodeIgniter\Session\Handlers\FileHandler' driver.
CRITICAL - 2025-09-19 06:46:54 --> ErrorException: Undefined variable $currentType
[Method: GET, Route: pharmacy/sales/list]
in APPPATH\Views\pharmacy\sales\list.php on line 30.
 1 APPPATH\Views\pharmacy\sales\list.php(30): CodeIgniter\Debug\Exceptions->errorHandler(2, 'Undefined variable $currentType', 'C:\\xampp\\htdocs\\hms_ram\\app\\Views\\pharmacy\\sales\\list.php', 30)
 2 SYSTEMPATH\View\View.php(224): include('C:\\xampp\\htdocs\\hms_ram\\app\\Views\\pharmacy\\sales\\list.php')
 3 SYSTEMPATH\View\View.php(227): CodeIgniter\View\View->CodeIgniter\View\{closure}()
 4 SYSTEMPATH\Common.php(1173): CodeIgniter\View\View->render('pharmacy/sales/list', [], true)
 5 APPPATH\Controllers\Pharmacy\Sales.php(305): view('pharmacy/sales/list', [...])
 6 SYSTEMPATH\CodeIgniter.php(933): App\Controllers\Pharmacy\Sales->listSales()
 7 SYSTEMPATH\CodeIgniter.php(507): CodeIgniter\CodeIgniter->runController(Object(App\Controllers\Pharmacy\Sales))
 8 SYSTEMPATH\CodeIgniter.php(354): CodeIgniter\CodeIgniter->handleRequest(null, Object(Config\Cache), false)
 9 SYSTEMPATH\Boot.php(334): CodeIgniter\CodeIgniter->run()
10 SYSTEMPATH\Boot.php(67): CodeIgniter\Boot::runCodeIgniter(Object(CodeIgniter\CodeIgniter))
11 FCPATH\index.php(46): CodeIgniter\Boot::bootWeb(Object(Config\Paths))
DEBUG - 2025-09-19 06:59:13 --> Session: Class initialized using 'CodeIgniter\Session\Handlers\FileHandler' driver.
DEBUG - 2025-09-19 06:59:20 --> Session: Class initialized using 'CodeIgniter\Session\Handlers\FileHandler' driver.
CRITICAL - 2025-09-19 06:59:20 --> ErrorException: Undefined variable $currentType
[Method: GET, Route: pharmacy/sales/list]
in APPPATH\Views\pharmacy\sales\list.php on line 30.
 1 APPPATH\Views\pharmacy\sales\list.php(30): CodeIgniter\Debug\Exceptions->errorHandler(2, 'Undefined variable $currentType', 'C:\\xampp\\htdocs\\hms_ram\\app\\Views\\pharmacy\\sales\\list.php', 30)
 2 SYSTEMPATH\View\View.php(224): include('C:\\xampp\\htdocs\\hms_ram\\app\\Views\\pharmacy\\sales\\list.php')
 3 SYSTEMPATH\View\View.php(227): CodeIgniter\View\View->CodeIgniter\View\{closure}()
 4 SYSTEMPATH\Common.php(1173): CodeIgniter\View\View->render('pharmacy/sales/list', [], true)
 5 APPPATH\Controllers\Pharmacy\Sales.php(305): view('pharmacy/sales/list', [...])
 6 SYSTEMPATH\CodeIgniter.php(933): App\Controllers\Pharmacy\Sales->listSales()
 7 SYSTEMPATH\CodeIgniter.php(507): CodeIgniter\CodeIgniter->runController(Object(App\Controllers\Pharmacy\Sales))
 8 SYSTEMPATH\CodeIgniter.php(354): CodeIgniter\CodeIgniter->handleRequest(null, Object(Config\Cache), false)
 9 SYSTEMPATH\Boot.php(334): CodeIgniter\CodeIgniter->run()
10 SYSTEMPATH\Boot.php(67): CodeIgniter\Boot::runCodeIgniter(Object(CodeIgniter\CodeIgniter))
11 FCPATH\index.php(46): CodeIgniter\Boot::bootWeb(Object(Config\Paths))
DEBUG - 2025-09-19 06:59:20 --> Session: Class initialized using 'CodeIgniter\Session\Handlers\FileHandler' driver.
CRITICAL - 2025-09-19 06:59:20 --> ErrorException: Undefined variable $currentType
[Method: GET, Route: pharmacy/sales/list]
in APPPATH\Views\pharmacy\sales\list.php on line 30.
 1 APPPATH\Views\pharmacy\sales\list.php(30): CodeIgniter\Debug\Exceptions->errorHandler(2, 'Undefined variable $currentType', 'C:\\xampp\\htdocs\\hms_ram\\app\\Views\\pharmacy\\sales\\list.php', 30)
 2 SYSTEMPATH\View\View.php(224): include('C:\\xampp\\htdocs\\hms_ram\\app\\Views\\pharmacy\\sales\\list.php')
 3 SYSTEMPATH\View\View.php(227): CodeIgniter\View\View->CodeIgniter\View\{closure}()
 4 SYSTEMPATH\Common.php(1173): CodeIgniter\View\View->render('pharmacy/sales/list', [], true)
 5 APPPATH\Controllers\Pharmacy\Sales.php(305): view('pharmacy/sales/list', [...])
 6 SYSTEMPATH\CodeIgniter.php(933): App\Controllers\Pharmacy\Sales->listSales()
 7 SYSTEMPATH\CodeIgniter.php(507): CodeIgniter\CodeIgniter->runController(Object(App\Controllers\Pharmacy\Sales))
 8 SYSTEMPATH\CodeIgniter.php(354): CodeIgniter\CodeIgniter->handleRequest(null, Object(Config\Cache), false)
 9 SYSTEMPATH\Boot.php(334): CodeIgniter\CodeIgniter->run()
10 SYSTEMPATH\Boot.php(67): CodeIgniter\Boot::runCodeIgniter(Object(CodeIgniter\CodeIgniter))
11 FCPATH\index.php(46): CodeIgniter\Boot::bootWeb(Object(Config\Paths))
DEBUG - 2025-09-19 06:59:21 --> Session: Class initialized using 'CodeIgniter\Session\Handlers\FileHandler' driver.
CRITICAL - 2025-09-19 06:59:21 --> ErrorException: Undefined variable $currentType
[Method: GET, Route: pharmacy/sales/list]
in APPPATH\Views\pharmacy\sales\list.php on line 30.
 1 APPPATH\Views\pharmacy\sales\list.php(30): CodeIgniter\Debug\Exceptions->errorHandler(2, 'Undefined variable $currentType', 'C:\\xampp\\htdocs\\hms_ram\\app\\Views\\pharmacy\\sales\\list.php', 30)
 2 SYSTEMPATH\View\View.php(224): include('C:\\xampp\\htdocs\\hms_ram\\app\\Views\\pharmacy\\sales\\list.php')
 3 SYSTEMPATH\View\View.php(227): CodeIgniter\View\View->CodeIgniter\View\{closure}()
 4 SYSTEMPATH\Common.php(1173): CodeIgniter\View\View->render('pharmacy/sales/list', [], true)
 5 APPPATH\Controllers\Pharmacy\Sales.php(305): view('pharmacy/sales/list', [...])
 6 SYSTEMPATH\CodeIgniter.php(933): App\Controllers\Pharmacy\Sales->listSales()
 7 SYSTEMPATH\CodeIgniter.php(507): CodeIgniter\CodeIgniter->runController(Object(App\Controllers\Pharmacy\Sales))
 8 SYSTEMPATH\CodeIgniter.php(354): CodeIgniter\CodeIgniter->handleRequest(null, Object(Config\Cache), false)
 9 SYSTEMPATH\Boot.php(334): CodeIgniter\CodeIgniter->run()
10 SYSTEMPATH\Boot.php(67): CodeIgniter\Boot::runCodeIgniter(Object(CodeIgniter\CodeIgniter))
11 FCPATH\index.php(46): CodeIgniter\Boot::bootWeb(Object(Config\Paths))
DEBUG - 2025-09-19 06:59:22 --> Session: Class initialized using 'CodeIgniter\Session\Handlers\FileHandler' driver.
CRITICAL - 2025-09-19 06:59:22 --> ErrorException: Undefined variable $currentType
[Method: GET, Route: pharmacy/sales/list]
in APPPATH\Views\pharmacy\sales\list.php on line 30.
 1 APPPATH\Views\pharmacy\sales\list.php(30): CodeIgniter\Debug\Exceptions->errorHandler(2, 'Undefined variable $currentType', 'C:\\xampp\\htdocs\\hms_ram\\app\\Views\\pharmacy\\sales\\list.php', 30)
 2 SYSTEMPATH\View\View.php(224): include('C:\\xampp\\htdocs\\hms_ram\\app\\Views\\pharmacy\\sales\\list.php')
 3 SYSTEMPATH\View\View.php(227): CodeIgniter\View\View->CodeIgniter\View\{closure}()
 4 SYSTEMPATH\Common.php(1173): CodeIgniter\View\View->render('pharmacy/sales/list', [], true)
 5 APPPATH\Controllers\Pharmacy\Sales.php(305): view('pharmacy/sales/list', [...])
 6 SYSTEMPATH\CodeIgniter.php(933): App\Controllers\Pharmacy\Sales->listSales()
 7 SYSTEMPATH\CodeIgniter.php(507): CodeIgniter\CodeIgniter->runController(Object(App\Controllers\Pharmacy\Sales))
 8 SYSTEMPATH\CodeIgniter.php(354): CodeIgniter\CodeIgniter->handleRequest(null, Object(Config\Cache), false)
 9 SYSTEMPATH\Boot.php(334): CodeIgniter\CodeIgniter->run()
10 SYSTEMPATH\Boot.php(67): CodeIgniter\Boot::runCodeIgniter(Object(CodeIgniter\CodeIgniter))
11 FCPATH\index.php(46): CodeIgniter\Boot::bootWeb(Object(Config\Paths))
DEBUG - 2025-09-19 07:01:23 --> Session: Class initialized using 'CodeIgniter\Session\Handlers\FileHandler' driver.
DEBUG - 2025-09-19 07:01:26 --> Session: Class initialized using 'CodeIgniter\Session\Handlers\FileHandler' driver.
DEBUG - 2025-09-19 07:01:26 --> Session: Class initialized using 'CodeIgniter\Session\Handlers\FileHandler' driver.
CRITICAL - 2025-09-19 07:01:26 --> ErrorException: Undefined variable $currentType
[Method: GET, Route: pharmacy/sales/list]
in APPPATH\Views\pharmacy\sales\list.php on line 30.
 1 APPPATH\Views\pharmacy\sales\list.php(30): CodeIgniter\Debug\Exceptions->errorHandler(2, 'Undefined variable $currentType', 'C:\\xampp\\htdocs\\hms_ram\\app\\Views\\pharmacy\\sales\\list.php', 30)
 2 SYSTEMPATH\View\View.php(224): include('C:\\xampp\\htdocs\\hms_ram\\app\\Views\\pharmacy\\sales\\list.php')
 3 SYSTEMPATH\View\View.php(227): CodeIgniter\View\View->CodeIgniter\View\{closure}()
 4 SYSTEMPATH\Common.php(1173): CodeIgniter\View\View->render('pharmacy/sales/list', [], true)
 5 APPPATH\Controllers\Pharmacy\Sales.php(305): view('pharmacy/sales/list', [...])
 6 SYSTEMPATH\CodeIgniter.php(933): App\Controllers\Pharmacy\Sales->listSales()
 7 SYSTEMPATH\CodeIgniter.php(507): CodeIgniter\CodeIgniter->runController(Object(App\Controllers\Pharmacy\Sales))
 8 SYSTEMPATH\CodeIgniter.php(354): CodeIgniter\CodeIgniter->handleRequest(null, Object(Config\Cache), false)
 9 SYSTEMPATH\Boot.php(334): CodeIgniter\CodeIgniter->run()
10 SYSTEMPATH\Boot.php(67): CodeIgniter\Boot::runCodeIgniter(Object(CodeIgniter\CodeIgniter))
11 FCPATH\index.php(46): CodeIgniter\Boot::bootWeb(Object(Config\Paths))
DEBUG - 2025-09-19 07:01:27 --> Session: Class initialized using 'CodeIgniter\Session\Handlers\FileHandler' driver.
CRITICAL - 2025-09-19 07:01:27 --> ErrorException: Undefined variable $currentType
[Method: GET, Route: pharmacy/sales/list]
in APPPATH\Views\pharmacy\sales\list.php on line 30.
 1 APPPATH\Views\pharmacy\sales\list.php(30): CodeIgniter\Debug\Exceptions->errorHandler(2, 'Undefined variable $currentType', 'C:\\xampp\\htdocs\\hms_ram\\app\\Views\\pharmacy\\sales\\list.php', 30)
 2 SYSTEMPATH\View\View.php(224): include('C:\\xampp\\htdocs\\hms_ram\\app\\Views\\pharmacy\\sales\\list.php')
 3 SYSTEMPATH\View\View.php(227): CodeIgniter\View\View->CodeIgniter\View\{closure}()
 4 SYSTEMPATH\Common.php(1173): CodeIgniter\View\View->render('pharmacy/sales/list', [], true)
 5 APPPATH\Controllers\Pharmacy\Sales.php(305): view('pharmacy/sales/list', [...])
 6 SYSTEMPATH\CodeIgniter.php(933): App\Controllers\Pharmacy\Sales->listSales()
 7 SYSTEMPATH\CodeIgniter.php(507): CodeIgniter\CodeIgniter->runController(Object(App\Controllers\Pharmacy\Sales))
 8 SYSTEMPATH\CodeIgniter.php(354): CodeIgniter\CodeIgniter->handleRequest(null, Object(Config\Cache), false)
 9 SYSTEMPATH\Boot.php(334): CodeIgniter\CodeIgniter->run()
10 SYSTEMPATH\Boot.php(67): CodeIgniter\Boot::runCodeIgniter(Object(CodeIgniter\CodeIgniter))
11 FCPATH\index.php(46): CodeIgniter\Boot::bootWeb(Object(Config\Paths))
DEBUG - 2025-09-19 07:01:35 --> Session: Class initialized using 'CodeIgniter\Session\Handlers\FileHandler' driver.
DEBUG - 2025-09-19 07:02:12 --> Session: Class initialized using 'CodeIgniter\Session\Handlers\FileHandler' driver.
DEBUG - 2025-09-19 07:02:32 --> Session: Class initialized using 'CodeIgniter\Session\Handlers\FileHandler' driver.
DEBUG - 2025-09-19 07:02:33 --> Session: Class initialized using 'CodeIgniter\Session\Handlers\FileHandler' driver.
CRITICAL - 2025-09-19 07:02:33 --> ErrorException: Undefined variable $currentType
[Method: GET, Route: pharmacy/sales/list]
in APPPATH\Views\pharmacy\sales\list.php on line 30.
 1 APPPATH\Views\pharmacy\sales\list.php(30): CodeIgniter\Debug\Exceptions->errorHandler(2, 'Undefined variable $currentType', 'C:\\xampp\\htdocs\\hms_ram\\app\\Views\\pharmacy\\sales\\list.php', 30)
 2 SYSTEMPATH\View\View.php(224): include('C:\\xampp\\htdocs\\hms_ram\\app\\Views\\pharmacy\\sales\\list.php')
 3 SYSTEMPATH\View\View.php(227): CodeIgniter\View\View->CodeIgniter\View\{closure}()
 4 SYSTEMPATH\Common.php(1173): CodeIgniter\View\View->render('pharmacy/sales/list', [], true)
 5 APPPATH\Controllers\Pharmacy\Sales.php(305): view('pharmacy/sales/list', [...])
 6 SYSTEMPATH\CodeIgniter.php(933): App\Controllers\Pharmacy\Sales->listSales()
 7 SYSTEMPATH\CodeIgniter.php(507): CodeIgniter\CodeIgniter->runController(Object(App\Controllers\Pharmacy\Sales))
 8 SYSTEMPATH\CodeIgniter.php(354): CodeIgniter\CodeIgniter->handleRequest(null, Object(Config\Cache), false)
 9 SYSTEMPATH\Boot.php(334): CodeIgniter\CodeIgniter->run()
10 SYSTEMPATH\Boot.php(67): CodeIgniter\Boot::runCodeIgniter(Object(CodeIgniter\CodeIgniter))
11 FCPATH\index.php(46): CodeIgniter\Boot::bootWeb(Object(Config\Paths))
DEBUG - 2025-09-19 07:02:34 --> Session: Class initialized using 'CodeIgniter\Session\Handlers\FileHandler' driver.
CRITICAL - 2025-09-19 07:02:34 --> ErrorException: Undefined variable $currentType
[Method: GET, Route: pharmacy/sales/list]
in APPPATH\Views\pharmacy\sales\list.php on line 30.
 1 APPPATH\Views\pharmacy\sales\list.php(30): CodeIgniter\Debug\Exceptions->errorHandler(2, 'Undefined variable $currentType', 'C:\\xampp\\htdocs\\hms_ram\\app\\Views\\pharmacy\\sales\\list.php', 30)
 2 SYSTEMPATH\View\View.php(224): include('C:\\xampp\\htdocs\\hms_ram\\app\\Views\\pharmacy\\sales\\list.php')
 3 SYSTEMPATH\View\View.php(227): CodeIgniter\View\View->CodeIgniter\View\{closure}()
 4 SYSTEMPATH\Common.php(1173): CodeIgniter\View\View->render('pharmacy/sales/list', [], true)
 5 APPPATH\Controllers\Pharmacy\Sales.php(305): view('pharmacy/sales/list', [...])
 6 SYSTEMPATH\CodeIgniter.php(933): App\Controllers\Pharmacy\Sales->listSales()
 7 SYSTEMPATH\CodeIgniter.php(507): CodeIgniter\CodeIgniter->runController(Object(App\Controllers\Pharmacy\Sales))
 8 SYSTEMPATH\CodeIgniter.php(354): CodeIgniter\CodeIgniter->handleRequest(null, Object(Config\Cache), false)
 9 SYSTEMPATH\Boot.php(334): CodeIgniter\CodeIgniter->run()
10 SYSTEMPATH\Boot.php(67): CodeIgniter\Boot::runCodeIgniter(Object(CodeIgniter\CodeIgniter))
11 FCPATH\index.php(46): CodeIgniter\Boot::bootWeb(Object(Config\Paths))
DEBUG - 2025-09-19 07:02:38 --> Session: Class initialized using 'CodeIgniter\Session\Handlers\FileHandler' driver.
DEBUG - 2025-09-19 07:04:18 --> Session: Class initialized using 'CodeIgniter\Session\Handlers\FileHandler' driver.
DEBUG - 2025-09-19 07:04:21 --> Session: Class initialized using 'CodeIgniter\Session\Handlers\FileHandler' driver.
DEBUG - 2025-09-19 07:04:25 --> Session: Class initialized using 'CodeIgniter\Session\Handlers\FileHandler' driver.
DEBUG - 2025-09-19 07:04:27 --> Session: Class initialized using 'CodeIgniter\Session\Handlers\FileHandler' driver.
DEBUG - 2025-09-19 07:04:29 --> Session: Class initialized using 'CodeIgniter\Session\Handlers\FileHandler' driver.
DEBUG - 2025-09-19 07:04:32 --> Session: Class initialized using 'CodeIgniter\Session\Handlers\FileHandler' driver.
DEBUG - 2025-09-19 07:04:35 --> Session: Class initialized using 'CodeIgniter\Session\Handlers\FileHandler' driver.
DEBUG - 2025-09-19 07:08:30 --> Session: Class initialized using 'CodeIgniter\Session\Handlers\FileHandler' driver.
DEBUG - 2025-09-19 07:08:33 --> Session: Class initialized using 'CodeIgniter\Session\Handlers\FileHandler' driver.
DEBUG - 2025-09-19 07:08:35 --> Session: Class initialized using 'CodeIgniter\Session\Handlers\FileHandler' driver.
DEBUG - 2025-09-19 07:09:03 --> Session: Class initialized using 'CodeIgniter\Session\Handlers\FileHandler' driver.
DEBUG - 2025-09-19 07:09:12 --> Session: Class initialized using 'CodeIgniter\Session\Handlers\FileHandler' driver.
DEBUG - 2025-09-19 07:09:14 --> Session: Class initialized using 'CodeIgniter\Session\Handlers\FileHandler' driver.
DEBUG - 2025-09-19 07:13:53 --> Session: Class initialized using 'CodeIgniter\Session\Handlers\FileHandler' driver.
DEBUG - 2025-09-19 07:14:18 --> Session: Class initialized using 'CodeIgniter\Session\Handlers\FileHandler' driver.
DEBUG - 2025-09-19 07:14:24 --> Session: Class initialized using 'CodeIgniter\Session\Handlers\FileHandler' driver.
DEBUG - 2025-09-19 07:14:26 --> Session: Class initialized using 'CodeIgniter\Session\Handlers\FileHandler' driver.
DEBUG - 2025-09-19 07:14:27 --> Session: Class initialized using 'CodeIgniter\Session\Handlers\FileHandler' driver.
DEBUG - 2025-09-19 07:14:30 --> Session: Class initialized using 'CodeIgniter\Session\Handlers\FileHandler' driver.
DEBUG - 2025-09-19 07:14:33 --> Session: Class initialized using 'CodeIgniter\Session\Handlers\FileHandler' driver.
DEBUG - 2025-09-19 07:14:36 --> Session: Class initialized using 'CodeIgniter\Session\Handlers\FileHandler' driver.
DEBUG - 2025-09-19 07:14:51 --> Session: Class initialized using 'CodeIgniter\Session\Handlers\FileHandler' driver.
DEBUG - 2025-09-19 07:14:54 --> Session: Class initialized using 'CodeIgniter\Session\Handlers\FileHandler' driver.
DEBUG - 2025-09-19 07:14:57 --> Session: Class initialized using 'CodeIgniter\Session\Handlers\FileHandler' driver.
DEBUG - 2025-09-19 07:15:10 --> Session: Class initialized using 'CodeIgniter\Session\Handlers\FileHandler' driver.
DEBUG - 2025-09-19 07:31:24 --> Session: Class initialized using 'CodeIgniter\Session\Handlers\FileHandler' driver.
DEBUG - 2025-09-19 07:31:26 --> Session: Class initialized using 'CodeIgniter\Session\Handlers\FileHandler' driver.
DEBUG - 2025-09-19 07:31:30 --> Session: Class initialized using 'CodeIgniter\Session\Handlers\FileHandler' driver.
DEBUG - 2025-09-19 07:31:32 --> Session: Class initialized using 'CodeIgniter\Session\Handlers\FileHandler' driver.
DEBUG - 2025-09-19 07:31:34 --> Session: Class initialized using 'CodeIgniter\Session\Handlers\FileHandler' driver.
DEBUG - 2025-09-19 07:33:03 --> Session: Class initialized using 'CodeIgniter\Session\Handlers\FileHandler' driver.
DEBUG - 2025-09-19 07:47:24 --> Session: Class initialized using 'CodeIgniter\Session\Handlers\FileHandler' driver.
DEBUG - 2025-09-19 07:47:50 --> Session: Class initialized using 'CodeIgniter\Session\Handlers\FileHandler' driver.
DEBUG - 2025-09-19 07:47:53 --> Session: Class initialized using 'CodeIgniter\Session\Handlers\FileHandler' driver.
DEBUG - 2025-09-19 07:47:54 --> Session: Class initialized using 'CodeIgniter\Session\Handlers\FileHandler' driver.
DEBUG - 2025-09-19 07:47:55 --> Session: Class initialized using 'CodeIgniter\Session\Handlers\FileHandler' driver.
DEBUG - 2025-09-19 07:47:57 --> Session: Class initialized using 'CodeIgniter\Session\Handlers\FileHandler' driver.
DEBUG - 2025-09-19 07:48:04 --> Session: Class initialized using 'CodeIgniter\Session\Handlers\FileHandler' driver.
DEBUG - 2025-09-19 07:48:05 --> Session: Class initialized using 'CodeIgniter\Session\Handlers\FileHandler' driver.
DEBUG - 2025-09-19 07:48:07 --> Session: Class initialized using 'CodeIgniter\Session\Handlers\FileHandler' driver.
DEBUG - 2025-09-19 07:48:08 --> Session: Class initialized using 'CodeIgniter\Session\Handlers\FileHandler' driver.
DEBUG - 2025-09-19 07:51:52 --> Session: Class initialized using 'CodeIgniter\Session\Handlers\FileHandler' driver.
DEBUG - 2025-09-19 07:52:47 --> Session: Class initialized using 'CodeIgniter\Session\Handlers\FileHandler' driver.
DEBUG - 2025-09-19 07:52:49 --> Session: Class initialized using 'CodeIgniter\Session\Handlers\FileHandler' driver.
DEBUG - 2025-09-19 07:54:38 --> Session: Class initialized using 'CodeIgniter\Session\Handlers\FileHandler' driver.
DEBUG - 2025-09-19 07:56:09 --> Session: Class initialized using 'CodeIgniter\Session\Handlers\FileHandler' driver.
DEBUG - 2025-09-19 07:56:13 --> Session: Class initialized using 'CodeIgniter\Session\Handlers\FileHandler' driver.
DEBUG - 2025-09-19 07:56:30 --> Session: Class initialized using 'CodeIgniter\Session\Handlers\FileHandler' driver.
DEBUG - 2025-09-19 07:56:34 --> Session: Class initialized using 'CodeIgniter\Session\Handlers\FileHandler' driver.
DEBUG - 2025-09-19 07:57:13 --> Session: Class initialized using 'CodeIgniter\Session\Handlers\FileHandler' driver.
DEBUG - 2025-09-19 07:57:16 --> Session: Class initialized using 'CodeIgniter\Session\Handlers\FileHandler' driver.
DEBUG - 2025-09-19 07:57:20 --> Session: Class initialized using 'CodeIgniter\Session\Handlers\FileHandler' driver.
ERROR - 2025-09-19 07:57:20 --> mysqli_sql_exception: Unknown column 'ps.user_id' in 'on clause' in C:\xampp\htdocs\hms_ram\system\Database\MySQLi\Connection.php:327
Stack trace:
#0 C:\xampp\htdocs\hms_ram\system\Database\MySQLi\Connection.php(327): mysqli->query('SELECT `ps`.`in...', 0)
#1 C:\xampp\htdocs\hms_ram\system\Database\BaseConnection.php(738): CodeIgniter\Database\MySQLi\Connection->execute('SELECT `ps`.`in...')
#2 C:\xampp\htdocs\hms_ram\system\Database\BaseConnection.php(652): CodeIgniter\Database\BaseConnection->simpleQuery('SELECT `ps`.`in...')
#3 C:\xampp\htdocs\hms_ram\system\Database\BaseBuilder.php(1649): CodeIgniter\Database\BaseConnection->query('SELECT `ps`.`in...', Array, false)
#4 C:\xampp\htdocs\hms_ram\app\Controllers\Pharmacy\Sales.php(402): CodeIgniter\Database\BaseBuilder->get()
#5 C:\xampp\htdocs\hms_ram\system\CodeIgniter.php(933): App\Controllers\Pharmacy\Sales->listToday()
#6 C:\xampp\htdocs\hms_ram\system\CodeIgniter.php(507): CodeIgniter\CodeIgniter->runController(Object(App\Controllers\Pharmacy\Sales))
#7 C:\xampp\htdocs\hms_ram\system\CodeIgniter.php(354): CodeIgniter\CodeIgniter->handleRequest(NULL, Object(Config\Cache), false)
#8 C:\xampp\htdocs\hms_ram\system\Boot.php(334): CodeIgniter\CodeIgniter->run()
#9 C:\xampp\htdocs\hms_ram\system\Boot.php(67): CodeIgniter\Boot::runCodeIgniter(Object(CodeIgniter\CodeIgniter))
#10 C:\xampp\htdocs\hms_ram\index.php(46): CodeIgniter\Boot::bootWeb(Object(Config\Paths))
#11 {main}
CRITICAL - 2025-09-19 07:57:20 --> CodeIgniter\Database\Exceptions\DatabaseException: Unknown column 'ps.user_id' in 'on clause'
[Method: GET, Route: pharmacy/sales/listToday]
in SYSTEMPATH\Database\BaseConnection.php on line 692.
 1 SYSTEMPATH\Database\BaseBuilder.php(1649): CodeIgniter\Database\BaseConnection->query('SELECT `ps`.`invoice_number` AS `bill_id`, `ps`.`sale_date` AS `date`, `ps`.`outside_patient_name` AS `patient_name`, `ps`.`outside_patient_phone` AS `phone_number`, `ps`.`net_amount` AS `total_amount`, `u`.`first_name` AS `user_name`, "Out-Patient" as `type`
FROM `pharmacy_sales` `ps`
JOIN `users` `u` ON `u`.`id` = `ps`.`user_id`
WHERE DATE(ps.sale_date) = :DATE(ps.sale_date):', [...], false)
 2 APPPATH\Controllers\Pharmacy\Sales.php(402): CodeIgniter\Database\BaseBuilder->get()
 3 SYSTEMPATH\CodeIgniter.php(933): App\Controllers\Pharmacy\Sales->listToday()
 4 SYSTEMPATH\CodeIgniter.php(507): CodeIgniter\CodeIgniter->runController(Object(App\Controllers\Pharmacy\Sales))
 5 SYSTEMPATH\CodeIgniter.php(354): CodeIgniter\CodeIgniter->handleRequest(null, Object(Config\Cache), false)
 6 SYSTEMPATH\Boot.php(334): CodeIgniter\CodeIgniter->run()
 7 SYSTEMPATH\Boot.php(67): CodeIgniter\Boot::runCodeIgniter(Object(CodeIgniter\CodeIgniter))
 8 FCPATH\index.php(46): CodeIgniter\Boot::bootWeb(Object(Config\Paths))
CRITICAL - 2025-09-19 07:57:20 --> [Caused by] CodeIgniter\Database\Exceptions\DatabaseException: Unknown column 'ps.user_id' in 'on clause'
in SYSTEMPATH\Database\MySQLi\Connection.php on line 332.
 1 SYSTEMPATH\Database\BaseConnection.php(738): CodeIgniter\Database\MySQLi\Connection->execute('SELECT `ps`.`invoice_number` AS `bill_id`, `ps`.`sale_date` AS `date`, `ps`.`outside_patient_name` AS `patient_name`, `ps`.`outside_patient_phone` AS `phone_number`, `ps`.`net_amount` AS `total_amount`, `u`.`first_name` AS `user_name`, "Out-Patient" as `type`
FROM `pharmacy_sales` `ps`
JOIN `users` `u` ON `u`.`id` = `ps`.`user_id`
WHERE DATE(ps.sale_date) = \'2025-09-19\'')
 2 SYSTEMPATH\Database\BaseConnection.php(652): CodeIgniter\Database\BaseConnection->simpleQuery('SELECT `ps`.`invoice_number` AS `bill_id`, `ps`.`sale_date` AS `date`, `ps`.`outside_patient_name` AS `patient_name`, `ps`.`outside_patient_phone` AS `phone_number`, `ps`.`net_amount` AS `total_amount`, `u`.`first_name` AS `user_name`, "Out-Patient" as `type`
FROM `pharmacy_sales` `ps`
JOIN `users` `u` ON `u`.`id` = `ps`.`user_id`
WHERE DATE(ps.sale_date) = \'2025-09-19\'')
 3 SYSTEMPATH\Database\BaseBuilder.php(1649): CodeIgniter\Database\BaseConnection->query('SELECT `ps`.`invoice_number` AS `bill_id`, `ps`.`sale_date` AS `date`, `ps`.`outside_patient_name` AS `patient_name`, `ps`.`outside_patient_phone` AS `phone_number`, `ps`.`net_amount` AS `total_amount`, `u`.`first_name` AS `user_name`, "Out-Patient" as `type`
FROM `pharmacy_sales` `ps`
JOIN `users` `u` ON `u`.`id` = `ps`.`user_id`
WHERE DATE(ps.sale_date) = :DATE(ps.sale_date):', [...], false)
 4 APPPATH\Controllers\Pharmacy\Sales.php(402): CodeIgniter\Database\BaseBuilder->get()
 5 SYSTEMPATH\CodeIgniter.php(933): App\Controllers\Pharmacy\Sales->listToday()
 6 SYSTEMPATH\CodeIgniter.php(507): CodeIgniter\CodeIgniter->runController(Object(App\Controllers\Pharmacy\Sales))
 7 SYSTEMPATH\CodeIgniter.php(354): CodeIgniter\CodeIgniter->handleRequest(null, Object(Config\Cache), false)
 8 SYSTEMPATH\Boot.php(334): CodeIgniter\CodeIgniter->run()
 9 SYSTEMPATH\Boot.php(67): CodeIgniter\Boot::runCodeIgniter(Object(CodeIgniter\CodeIgniter))
10 FCPATH\index.php(46): CodeIgniter\Boot::bootWeb(Object(Config\Paths))
CRITICAL - 2025-09-19 07:57:20 --> [Caused by] mysqli_sql_exception: Unknown column 'ps.user_id' in 'on clause'
in SYSTEMPATH\Database\MySQLi\Connection.php on line 327.
 1 SYSTEMPATH\Database\MySQLi\Connection.php(327): mysqli->query('SELECT `ps`.`invoice_number` AS `bill_id`, `ps`.`sale_date` AS `date`, `ps`.`outside_patient_name` AS `patient_name`, `ps`.`outside_patient_phone` AS `phone_number`, `ps`.`net_amount` AS `total_amount`, `u`.`first_name` AS `user_name`, "Out-Patient" as `type`
FROM `pharmacy_sales` `ps`
JOIN `users` `u` ON `u`.`id` = `ps`.`user_id`
WHERE DATE(ps.sale_date) = \'2025-09-19\'', 0)
 2 SYSTEMPATH\Database\BaseConnection.php(738): CodeIgniter\Database\MySQLi\Connection->execute('SELECT `ps`.`invoice_number` AS `bill_id`, `ps`.`sale_date` AS `date`, `ps`.`outside_patient_name` AS `patient_name`, `ps`.`outside_patient_phone` AS `phone_number`, `ps`.`net_amount` AS `total_amount`, `u`.`first_name` AS `user_name`, "Out-Patient" as `type`
FROM `pharmacy_sales` `ps`
JOIN `users` `u` ON `u`.`id` = `ps`.`user_id`
WHERE DATE(ps.sale_date) = \'2025-09-19\'')
 3 SYSTEMPATH\Database\BaseConnection.php(652): CodeIgniter\Database\BaseConnection->simpleQuery('SELECT `ps`.`invoice_number` AS `bill_id`, `ps`.`sale_date` AS `date`, `ps`.`outside_patient_name` AS `patient_name`, `ps`.`outside_patient_phone` AS `phone_number`, `ps`.`net_amount` AS `total_amount`, `u`.`first_name` AS `user_name`, "Out-Patient" as `type`
FROM `pharmacy_sales` `ps`
JOIN `users` `u` ON `u`.`id` = `ps`.`user_id`
WHERE DATE(ps.sale_date) = \'2025-09-19\'')
 4 SYSTEMPATH\Database\BaseBuilder.php(1649): CodeIgniter\Database\BaseConnection->query('SELECT `ps`.`invoice_number` AS `bill_id`, `ps`.`sale_date` AS `date`, `ps`.`outside_patient_name` AS `patient_name`, `ps`.`outside_patient_phone` AS `phone_number`, `ps`.`net_amount` AS `total_amount`, `u`.`first_name` AS `user_name`, "Out-Patient" as `type`
FROM `pharmacy_sales` `ps`
JOIN `users` `u` ON `u`.`id` = `ps`.`user_id`
WHERE DATE(ps.sale_date) = :DATE(ps.sale_date):', [...], false)
 5 APPPATH\Controllers\Pharmacy\Sales.php(402): CodeIgniter\Database\BaseBuilder->get()
 6 SYSTEMPATH\CodeIgniter.php(933): App\Controllers\Pharmacy\Sales->listToday()
 7 SYSTEMPATH\CodeIgniter.php(507): CodeIgniter\CodeIgniter->runController(Object(App\Controllers\Pharmacy\Sales))
 8 SYSTEMPATH\CodeIgniter.php(354): CodeIgniter\CodeIgniter->handleRequest(null, Object(Config\Cache), false)
 9 SYSTEMPATH\Boot.php(334): CodeIgniter\CodeIgniter->run()
10 SYSTEMPATH\Boot.php(67): CodeIgniter\Boot::runCodeIgniter(Object(CodeIgniter\CodeIgniter))
11 FCPATH\index.php(46): CodeIgniter\Boot::bootWeb(Object(Config\Paths))
DEBUG - 2025-09-19 07:59:18 --> Session: Class initialized using 'CodeIgniter\Session\Handlers\FileHandler' driver.
DEBUG - 2025-09-19 07:59:20 --> Session: Class initialized using 'CodeIgniter\Session\Handlers\FileHandler' driver.
ERROR - 2025-09-19 07:59:20 --> mysqli_sql_exception: Unknown column 'pb.user_id' in 'on clause' in C:\xampp\htdocs\hms_ram\system\Database\MySQLi\Connection.php:327
Stack trace:
#0 C:\xampp\htdocs\hms_ram\system\Database\MySQLi\Connection.php(327): mysqli->query('SELECT `pb`.`bi...', 0)
#1 C:\xampp\htdocs\hms_ram\system\Database\BaseConnection.php(738): CodeIgniter\Database\MySQLi\Connection->execute('SELECT `pb`.`bi...')
#2 C:\xampp\htdocs\hms_ram\system\Database\BaseConnection.php(652): CodeIgniter\Database\BaseConnection->simpleQuery('SELECT `pb`.`bi...')
#3 C:\xampp\htdocs\hms_ram\system\Database\BaseBuilder.php(1649): CodeIgniter\Database\BaseConnection->query('SELECT `pb`.`bi...', Array, false)
#4 C:\xampp\htdocs\hms_ram\app\Controllers\Pharmacy\Sales.php(411): CodeIgniter\Database\BaseBuilder->get()
#5 C:\xampp\htdocs\hms_ram\system\CodeIgniter.php(933): App\Controllers\Pharmacy\Sales->listToday()
#6 C:\xampp\htdocs\hms_ram\system\CodeIgniter.php(507): CodeIgniter\CodeIgniter->runController(Object(App\Controllers\Pharmacy\Sales))
#7 C:\xampp\htdocs\hms_ram\system\CodeIgniter.php(354): CodeIgniter\CodeIgniter->handleRequest(NULL, Object(Config\Cache), false)
#8 C:\xampp\htdocs\hms_ram\system\Boot.php(334): CodeIgniter\CodeIgniter->run()
#9 C:\xampp\htdocs\hms_ram\system\Boot.php(67): CodeIgniter\Boot::runCodeIgniter(Object(CodeIgniter\CodeIgniter))
#10 C:\xampp\htdocs\hms_ram\index.php(46): CodeIgniter\Boot::bootWeb(Object(Config\Paths))
#11 {main}
CRITICAL - 2025-09-19 07:59:20 --> CodeIgniter\Database\Exceptions\DatabaseException: Unknown column 'pb.user_id' in 'on clause'
[Method: GET, Route: pharmacy/sales/listToday]
in SYSTEMPATH\Database\BaseConnection.php on line 692.
 1 SYSTEMPATH\Database\BaseBuilder.php(1649): CodeIgniter\Database\BaseConnection->query('SELECT `pb`.`bill_id`, `pb`.`bill_date` AS `date`, CONCAT(p.first_name, " ", p.last_name) AS patient_name, `p`.`phone_number`, `pb`.`total_amount`, `u`.`first_name` AS `user_name`, "In-Patient" as `type`
FROM `pharmacy_billings` `pb`
JOIN `patients` `p` ON `p`.`id` = `pb`.`patient_id`
JOIN `users` `u` ON `u`.`id` = `pb`.`user_id`
WHERE DATE(pb.bill_date) = :DATE(pb.bill_date):', [...], false)
 2 APPPATH\Controllers\Pharmacy\Sales.php(411): CodeIgniter\Database\BaseBuilder->get()
 3 SYSTEMPATH\CodeIgniter.php(933): App\Controllers\Pharmacy\Sales->listToday()
 4 SYSTEMPATH\CodeIgniter.php(507): CodeIgniter\CodeIgniter->runController(Object(App\Controllers\Pharmacy\Sales))
 5 SYSTEMPATH\CodeIgniter.php(354): CodeIgniter\CodeIgniter->handleRequest(null, Object(Config\Cache), false)
 6 SYSTEMPATH\Boot.php(334): CodeIgniter\CodeIgniter->run()
 7 SYSTEMPATH\Boot.php(67): CodeIgniter\Boot::runCodeIgniter(Object(CodeIgniter\CodeIgniter))
 8 FCPATH\index.php(46): CodeIgniter\Boot::bootWeb(Object(Config\Paths))
CRITICAL - 2025-09-19 07:59:20 --> [Caused by] CodeIgniter\Database\Exceptions\DatabaseException: Unknown column 'pb.user_id' in 'on clause'
in SYSTEMPATH\Database\MySQLi\Connection.php on line 332.
 1 SYSTEMPATH\Database\BaseConnection.php(738): CodeIgniter\Database\MySQLi\Connection->execute('SELECT `pb`.`bill_id`, `pb`.`bill_date` AS `date`, CONCAT(p.first_name, " ", p.last_name) AS patient_name, `p`.`phone_number`, `pb`.`total_amount`, `u`.`first_name` AS `user_name`, "In-Patient" as `type`
FROM `pharmacy_billings` `pb`
JOIN `patients` `p` ON `p`.`id` = `pb`.`patient_id`
JOIN `users` `u` ON `u`.`id` = `pb`.`user_id`
WHERE DATE(pb.bill_date) = \'2025-09-19\'')
 2 SYSTEMPATH\Database\BaseConnection.php(652): CodeIgniter\Database\BaseConnection->simpleQuery('SELECT `pb`.`bill_id`, `pb`.`bill_date` AS `date`, CONCAT(p.first_name, " ", p.last_name) AS patient_name, `p`.`phone_number`, `pb`.`total_amount`, `u`.`first_name` AS `user_name`, "In-Patient" as `type`
FROM `pharmacy_billings` `pb`
JOIN `patients` `p` ON `p`.`id` = `pb`.`patient_id`
JOIN `users` `u` ON `u`.`id` = `pb`.`user_id`
WHERE DATE(pb.bill_date) = \'2025-09-19\'')
 3 SYSTEMPATH\Database\BaseBuilder.php(1649): CodeIgniter\Database\BaseConnection->query('SELECT `pb`.`bill_id`, `pb`.`bill_date` AS `date`, CONCAT(p.first_name, " ", p.last_name) AS patient_name, `p`.`phone_number`, `pb`.`total_amount`, `u`.`first_name` AS `user_name`, "In-Patient" as `type`
FROM `pharmacy_billings` `pb`
JOIN `patients` `p` ON `p`.`id` = `pb`.`patient_id`
JOIN `users` `u` ON `u`.`id` = `pb`.`user_id`
WHERE DATE(pb.bill_date) = :DATE(pb.bill_date):', [...], false)
 4 APPPATH\Controllers\Pharmacy\Sales.php(411): CodeIgniter\Database\BaseBuilder->get()
 5 SYSTEMPATH\CodeIgniter.php(933): App\Controllers\Pharmacy\Sales->listToday()
 6 SYSTEMPATH\CodeIgniter.php(507): CodeIgniter\CodeIgniter->runController(Object(App\Controllers\Pharmacy\Sales))
 7 SYSTEMPATH\CodeIgniter.php(354): CodeIgniter\CodeIgniter->handleRequest(null, Object(Config\Cache), false)
 8 SYSTEMPATH\Boot.php(334): CodeIgniter\CodeIgniter->run()
 9 SYSTEMPATH\Boot.php(67): CodeIgniter\Boot::runCodeIgniter(Object(CodeIgniter\CodeIgniter))
10 FCPATH\index.php(46): CodeIgniter\Boot::bootWeb(Object(Config\Paths))
CRITICAL - 2025-09-19 07:59:20 --> [Caused by] mysqli_sql_exception: Unknown column 'pb.user_id' in 'on clause'
in SYSTEMPATH\Database\MySQLi\Connection.php on line 327.
 1 SYSTEMPATH\Database\MySQLi\Connection.php(327): mysqli->query('SELECT `pb`.`bill_id`, `pb`.`bill_date` AS `date`, CONCAT(p.first_name, " ", p.last_name) AS patient_name, `p`.`phone_number`, `pb`.`total_amount`, `u`.`first_name` AS `user_name`, "In-Patient" as `type`
FROM `pharmacy_billings` `pb`
JOIN `patients` `p` ON `p`.`id` = `pb`.`patient_id`
JOIN `users` `u` ON `u`.`id` = `pb`.`user_id`
WHERE DATE(pb.bill_date) = \'2025-09-19\'', 0)
 2 SYSTEMPATH\Database\BaseConnection.php(738): CodeIgniter\Database\MySQLi\Connection->execute('SELECT `pb`.`bill_id`, `pb`.`bill_date` AS `date`, CONCAT(p.first_name, " ", p.last_name) AS patient_name, `p`.`phone_number`, `pb`.`total_amount`, `u`.`first_name` AS `user_name`, "In-Patient" as `type`
FROM `pharmacy_billings` `pb`
JOIN `patients` `p` ON `p`.`id` = `pb`.`patient_id`
JOIN `users` `u` ON `u`.`id` = `pb`.`user_id`
WHERE DATE(pb.bill_date) = \'2025-09-19\'')
 3 SYSTEMPATH\Database\BaseConnection.php(652): CodeIgniter\Database\BaseConnection->simpleQuery('SELECT `pb`.`bill_id`, `pb`.`bill_date` AS `date`, CONCAT(p.first_name, " ", p.last_name) AS patient_name, `p`.`phone_number`, `pb`.`total_amount`, `u`.`first_name` AS `user_name`, "In-Patient" as `type`
FROM `pharmacy_billings` `pb`
JOIN `patients` `p` ON `p`.`id` = `pb`.`patient_id`
JOIN `users` `u` ON `u`.`id` = `pb`.`user_id`
WHERE DATE(pb.bill_date) = \'2025-09-19\'')
 4 SYSTEMPATH\Database\BaseBuilder.php(1649): CodeIgniter\Database\BaseConnection->query('SELECT `pb`.`bill_id`, `pb`.`bill_date` AS `date`, CONCAT(p.first_name, " ", p.last_name) AS patient_name, `p`.`phone_number`, `pb`.`total_amount`, `u`.`first_name` AS `user_name`, "In-Patient" as `type`
FROM `pharmacy_billings` `pb`
JOIN `patients` `p` ON `p`.`id` = `pb`.`patient_id`
JOIN `users` `u` ON `u`.`id` = `pb`.`user_id`
WHERE DATE(pb.bill_date) = :DATE(pb.bill_date):', [...], false)
 5 APPPATH\Controllers\Pharmacy\Sales.php(411): CodeIgniter\Database\BaseBuilder->get()
 6 SYSTEMPATH\CodeIgniter.php(933): App\Controllers\Pharmacy\Sales->listToday()
 7 SYSTEMPATH\CodeIgniter.php(507): CodeIgniter\CodeIgniter->runController(Object(App\Controllers\Pharmacy\Sales))
 8 SYSTEMPATH\CodeIgniter.php(354): CodeIgniter\CodeIgniter->handleRequest(null, Object(Config\Cache), false)
 9 SYSTEMPATH\Boot.php(334): CodeIgniter\CodeIgniter->run()
10 SYSTEMPATH\Boot.php(67): CodeIgniter\Boot::runCodeIgniter(Object(CodeIgniter\CodeIgniter))
11 FCPATH\index.php(46): CodeIgniter\Boot::bootWeb(Object(Config\Paths))
DEBUG - 2025-09-19 07:59:21 --> Session: Class initialized using 'CodeIgniter\Session\Handlers\FileHandler' driver.
ERROR - 2025-09-19 07:59:21 --> mysqli_sql_exception: Unknown column 'pb.user_id' in 'on clause' in C:\xampp\htdocs\hms_ram\system\Database\MySQLi\Connection.php:327
Stack trace:
#0 C:\xampp\htdocs\hms_ram\system\Database\MySQLi\Connection.php(327): mysqli->query('SELECT `pb`.`bi...', 0)
#1 C:\xampp\htdocs\hms_ram\system\Database\BaseConnection.php(738): CodeIgniter\Database\MySQLi\Connection->execute('SELECT `pb`.`bi...')
#2 C:\xampp\htdocs\hms_ram\system\Database\BaseConnection.php(652): CodeIgniter\Database\BaseConnection->simpleQuery('SELECT `pb`.`bi...')
#3 C:\xampp\htdocs\hms_ram\system\Database\BaseBuilder.php(1649): CodeIgniter\Database\BaseConnection->query('SELECT `pb`.`bi...', Array, false)
#4 C:\xampp\htdocs\hms_ram\app\Controllers\Pharmacy\Sales.php(411): CodeIgniter\Database\BaseBuilder->get()
#5 C:\xampp\htdocs\hms_ram\system\CodeIgniter.php(933): App\Controllers\Pharmacy\Sales->listToday()
#6 C:\xampp\htdocs\hms_ram\system\CodeIgniter.php(507): CodeIgniter\CodeIgniter->runController(Object(App\Controllers\Pharmacy\Sales))
#7 C:\xampp\htdocs\hms_ram\system\CodeIgniter.php(354): CodeIgniter\CodeIgniter->handleRequest(NULL, Object(Config\Cache), false)
#8 C:\xampp\htdocs\hms_ram\system\Boot.php(334): CodeIgniter\CodeIgniter->run()
#9 C:\xampp\htdocs\hms_ram\system\Boot.php(67): CodeIgniter\Boot::runCodeIgniter(Object(CodeIgniter\CodeIgniter))
#10 C:\xampp\htdocs\hms_ram\index.php(46): CodeIgniter\Boot::bootWeb(Object(Config\Paths))
#11 {main}
CRITICAL - 2025-09-19 07:59:21 --> CodeIgniter\Database\Exceptions\DatabaseException: Unknown column 'pb.user_id' in 'on clause'
[Method: GET, Route: pharmacy/sales/listToday]
in SYSTEMPATH\Database\BaseConnection.php on line 692.
 1 SYSTEMPATH\Database\BaseBuilder.php(1649): CodeIgniter\Database\BaseConnection->query('SELECT `pb`.`bill_id`, `pb`.`bill_date` AS `date`, CONCAT(p.first_name, " ", p.last_name) AS patient_name, `p`.`phone_number`, `pb`.`total_amount`, `u`.`first_name` AS `user_name`, "In-Patient" as `type`
FROM `pharmacy_billings` `pb`
JOIN `patients` `p` ON `p`.`id` = `pb`.`patient_id`
JOIN `users` `u` ON `u`.`id` = `pb`.`user_id`
WHERE DATE(pb.bill_date) = :DATE(pb.bill_date):', [...], false)
 2 APPPATH\Controllers\Pharmacy\Sales.php(411): CodeIgniter\Database\BaseBuilder->get()
 3 SYSTEMPATH\CodeIgniter.php(933): App\Controllers\Pharmacy\Sales->listToday()
 4 SYSTEMPATH\CodeIgniter.php(507): CodeIgniter\CodeIgniter->runController(Object(App\Controllers\Pharmacy\Sales))
 5 SYSTEMPATH\CodeIgniter.php(354): CodeIgniter\CodeIgniter->handleRequest(null, Object(Config\Cache), false)
 6 SYSTEMPATH\Boot.php(334): CodeIgniter\CodeIgniter->run()
 7 SYSTEMPATH\Boot.php(67): CodeIgniter\Boot::runCodeIgniter(Object(CodeIgniter\CodeIgniter))
 8 FCPATH\index.php(46): CodeIgniter\Boot::bootWeb(Object(Config\Paths))
CRITICAL - 2025-09-19 07:59:21 --> [Caused by] CodeIgniter\Database\Exceptions\DatabaseException: Unknown column 'pb.user_id' in 'on clause'
in SYSTEMPATH\Database\MySQLi\Connection.php on line 332.
 1 SYSTEMPATH\Database\BaseConnection.php(738): CodeIgniter\Database\MySQLi\Connection->execute('SELECT `pb`.`bill_id`, `pb`.`bill_date` AS `date`, CONCAT(p.first_name, " ", p.last_name) AS patient_name, `p`.`phone_number`, `pb`.`total_amount`, `u`.`first_name` AS `user_name`, "In-Patient" as `type`
FROM `pharmacy_billings` `pb`
JOIN `patients` `p` ON `p`.`id` = `pb`.`patient_id`
JOIN `users` `u` ON `u`.`id` = `pb`.`user_id`
WHERE DATE(pb.bill_date) = \'2025-09-19\'')
 2 SYSTEMPATH\Database\BaseConnection.php(652): CodeIgniter\Database\BaseConnection->simpleQuery('SELECT `pb`.`bill_id`, `pb`.`bill_date` AS `date`, CONCAT(p.first_name, " ", p.last_name) AS patient_name, `p`.`phone_number`, `pb`.`total_amount`, `u`.`first_name` AS `user_name`, "In-Patient" as `type`
FROM `pharmacy_billings` `pb`
JOIN `patients` `p` ON `p`.`id` = `pb`.`patient_id`
JOIN `users` `u` ON `u`.`id` = `pb`.`user_id`
WHERE DATE(pb.bill_date) = \'2025-09-19\'')
 3 SYSTEMPATH\Database\BaseBuilder.php(1649): CodeIgniter\Database\BaseConnection->query('SELECT `pb`.`bill_id`, `pb`.`bill_date` AS `date`, CONCAT(p.first_name, " ", p.last_name) AS patient_name, `p`.`phone_number`, `pb`.`total_amount`, `u`.`first_name` AS `user_name`, "In-Patient" as `type`
FROM `pharmacy_billings` `pb`
JOIN `patients` `p` ON `p`.`id` = `pb`.`patient_id`
JOIN `users` `u` ON `u`.`id` = `pb`.`user_id`
WHERE DATE(pb.bill_date) = :DATE(pb.bill_date):', [...], false)
 4 APPPATH\Controllers\Pharmacy\Sales.php(411): CodeIgniter\Database\BaseBuilder->get()
 5 SYSTEMPATH\CodeIgniter.php(933): App\Controllers\Pharmacy\Sales->listToday()
 6 SYSTEMPATH\CodeIgniter.php(507): CodeIgniter\CodeIgniter->runController(Object(App\Controllers\Pharmacy\Sales))
 7 SYSTEMPATH\CodeIgniter.php(354): CodeIgniter\CodeIgniter->handleRequest(null, Object(Config\Cache), false)
 8 SYSTEMPATH\Boot.php(334): CodeIgniter\CodeIgniter->run()
 9 SYSTEMPATH\Boot.php(67): CodeIgniter\Boot::runCodeIgniter(Object(CodeIgniter\CodeIgniter))
10 FCPATH\index.php(46): CodeIgniter\Boot::bootWeb(Object(Config\Paths))
CRITICAL - 2025-09-19 07:59:21 --> [Caused by] mysqli_sql_exception: Unknown column 'pb.user_id' in 'on clause'
in SYSTEMPATH\Database\MySQLi\Connection.php on line 327.
 1 SYSTEMPATH\Database\MySQLi\Connection.php(327): mysqli->query('SELECT `pb`.`bill_id`, `pb`.`bill_date` AS `date`, CONCAT(p.first_name, " ", p.last_name) AS patient_name, `p`.`phone_number`, `pb`.`total_amount`, `u`.`first_name` AS `user_name`, "In-Patient" as `type`
FROM `pharmacy_billings` `pb`
JOIN `patients` `p` ON `p`.`id` = `pb`.`patient_id`
JOIN `users` `u` ON `u`.`id` = `pb`.`user_id`
WHERE DATE(pb.bill_date) = \'2025-09-19\'', 0)
 2 SYSTEMPATH\Database\BaseConnection.php(738): CodeIgniter\Database\MySQLi\Connection->execute('SELECT `pb`.`bill_id`, `pb`.`bill_date` AS `date`, CONCAT(p.first_name, " ", p.last_name) AS patient_name, `p`.`phone_number`, `pb`.`total_amount`, `u`.`first_name` AS `user_name`, "In-Patient" as `type`
FROM `pharmacy_billings` `pb`
JOIN `patients` `p` ON `p`.`id` = `pb`.`patient_id`
JOIN `users` `u` ON `u`.`id` = `pb`.`user_id`
WHERE DATE(pb.bill_date) = \'2025-09-19\'')
 3 SYSTEMPATH\Database\BaseConnection.php(652): CodeIgniter\Database\BaseConnection->simpleQuery('SELECT `pb`.`bill_id`, `pb`.`bill_date` AS `date`, CONCAT(p.first_name, " ", p.last_name) AS patient_name, `p`.`phone_number`, `pb`.`total_amount`, `u`.`first_name` AS `user_name`, "In-Patient" as `type`
FROM `pharmacy_billings` `pb`
JOIN `patients` `p` ON `p`.`id` = `pb`.`patient_id`
JOIN `users` `u` ON `u`.`id` = `pb`.`user_id`
WHERE DATE(pb.bill_date) = \'2025-09-19\'')
 4 SYSTEMPATH\Database\BaseBuilder.php(1649): CodeIgniter\Database\BaseConnection->query('SELECT `pb`.`bill_id`, `pb`.`bill_date` AS `date`, CONCAT(p.first_name, " ", p.last_name) AS patient_name, `p`.`phone_number`, `pb`.`total_amount`, `u`.`first_name` AS `user_name`, "In-Patient" as `type`
FROM `pharmacy_billings` `pb`
JOIN `patients` `p` ON `p`.`id` = `pb`.`patient_id`
JOIN `users` `u` ON `u`.`id` = `pb`.`user_id`
WHERE DATE(pb.bill_date) = :DATE(pb.bill_date):', [...], false)
 5 APPPATH\Controllers\Pharmacy\Sales.php(411): CodeIgniter\Database\BaseBuilder->get()
 6 SYSTEMPATH\CodeIgniter.php(933): App\Controllers\Pharmacy\Sales->listToday()
 7 SYSTEMPATH\CodeIgniter.php(507): CodeIgniter\CodeIgniter->runController(Object(App\Controllers\Pharmacy\Sales))
 8 SYSTEMPATH\CodeIgniter.php(354): CodeIgniter\CodeIgniter->handleRequest(null, Object(Config\Cache), false)
 9 SYSTEMPATH\Boot.php(334): CodeIgniter\CodeIgniter->run()
10 SYSTEMPATH\Boot.php(67): CodeIgniter\Boot::runCodeIgniter(Object(CodeIgniter\CodeIgniter))
11 FCPATH\index.php(46): CodeIgniter\Boot::bootWeb(Object(Config\Paths))
DEBUG - 2025-09-19 07:59:22 --> Session: Class initialized using 'CodeIgniter\Session\Handlers\FileHandler' driver.
ERROR - 2025-09-19 07:59:22 --> mysqli_sql_exception: Unknown column 'pb.user_id' in 'on clause' in C:\xampp\htdocs\hms_ram\system\Database\MySQLi\Connection.php:327
Stack trace:
#0 C:\xampp\htdocs\hms_ram\system\Database\MySQLi\Connection.php(327): mysqli->query('SELECT `pb`.`bi...', 0)
#1 C:\xampp\htdocs\hms_ram\system\Database\BaseConnection.php(738): CodeIgniter\Database\MySQLi\Connection->execute('SELECT `pb`.`bi...')
#2 C:\xampp\htdocs\hms_ram\system\Database\BaseConnection.php(652): CodeIgniter\Database\BaseConnection->simpleQuery('SELECT `pb`.`bi...')
#3 C:\xampp\htdocs\hms_ram\system\Database\BaseBuilder.php(1649): CodeIgniter\Database\BaseConnection->query('SELECT `pb`.`bi...', Array, false)
#4 C:\xampp\htdocs\hms_ram\app\Controllers\Pharmacy\Sales.php(411): CodeIgniter\Database\BaseBuilder->get()
#5 C:\xampp\htdocs\hms_ram\system\CodeIgniter.php(933): App\Controllers\Pharmacy\Sales->listToday()
#6 C:\xampp\htdocs\hms_ram\system\CodeIgniter.php(507): CodeIgniter\CodeIgniter->runController(Object(App\Controllers\Pharmacy\Sales))
#7 C:\xampp\htdocs\hms_ram\system\CodeIgniter.php(354): CodeIgniter\CodeIgniter->handleRequest(NULL, Object(Config\Cache), false)
#8 C:\xampp\htdocs\hms_ram\system\Boot.php(334): CodeIgniter\CodeIgniter->run()
#9 C:\xampp\htdocs\hms_ram\system\Boot.php(67): CodeIgniter\Boot::runCodeIgniter(Object(CodeIgniter\CodeIgniter))
#10 C:\xampp\htdocs\hms_ram\index.php(46): CodeIgniter\Boot::bootWeb(Object(Config\Paths))
#11 {main}
CRITICAL - 2025-09-19 07:59:22 --> CodeIgniter\Database\Exceptions\DatabaseException: Unknown column 'pb.user_id' in 'on clause'
[Method: GET, Route: pharmacy/sales/listToday]
in SYSTEMPATH\Database\BaseConnection.php on line 692.
 1 SYSTEMPATH\Database\BaseBuilder.php(1649): CodeIgniter\Database\BaseConnection->query('SELECT `pb`.`bill_id`, `pb`.`bill_date` AS `date`, CONCAT(p.first_name, " ", p.last_name) AS patient_name, `p`.`phone_number`, `pb`.`total_amount`, `u`.`first_name` AS `user_name`, "In-Patient" as `type`
FROM `pharmacy_billings` `pb`
JOIN `patients` `p` ON `p`.`id` = `pb`.`patient_id`
JOIN `users` `u` ON `u`.`id` = `pb`.`user_id`
WHERE DATE(pb.bill_date) = :DATE(pb.bill_date):', [...], false)
 2 APPPATH\Controllers\Pharmacy\Sales.php(411): CodeIgniter\Database\BaseBuilder->get()
 3 SYSTEMPATH\CodeIgniter.php(933): App\Controllers\Pharmacy\Sales->listToday()
 4 SYSTEMPATH\CodeIgniter.php(507): CodeIgniter\CodeIgniter->runController(Object(App\Controllers\Pharmacy\Sales))
 5 SYSTEMPATH\CodeIgniter.php(354): CodeIgniter\CodeIgniter->handleRequest(null, Object(Config\Cache), false)
 6 SYSTEMPATH\Boot.php(334): CodeIgniter\CodeIgniter->run()
 7 SYSTEMPATH\Boot.php(67): CodeIgniter\Boot::runCodeIgniter(Object(CodeIgniter\CodeIgniter))
 8 FCPATH\index.php(46): CodeIgniter\Boot::bootWeb(Object(Config\Paths))
CRITICAL - 2025-09-19 07:59:22 --> [Caused by] CodeIgniter\Database\Exceptions\DatabaseException: Unknown column 'pb.user_id' in 'on clause'
in SYSTEMPATH\Database\MySQLi\Connection.php on line 332.
 1 SYSTEMPATH\Database\BaseConnection.php(738): CodeIgniter\Database\MySQLi\Connection->execute('SELECT `pb`.`bill_id`, `pb`.`bill_date` AS `date`, CONCAT(p.first_name, " ", p.last_name) AS patient_name, `p`.`phone_number`, `pb`.`total_amount`, `u`.`first_name` AS `user_name`, "In-Patient" as `type`
FROM `pharmacy_billings` `pb`
JOIN `patients` `p` ON `p`.`id` = `pb`.`patient_id`
JOIN `users` `u` ON `u`.`id` = `pb`.`user_id`
WHERE DATE(pb.bill_date) = \'2025-09-19\'')
 2 SYSTEMPATH\Database\BaseConnection.php(652): CodeIgniter\Database\BaseConnection->simpleQuery('SELECT `pb`.`bill_id`, `pb`.`bill_date` AS `date`, CONCAT(p.first_name, " ", p.last_name) AS patient_name, `p`.`phone_number`, `pb`.`total_amount`, `u`.`first_name` AS `user_name`, "In-Patient" as `type`
FROM `pharmacy_billings` `pb`
JOIN `patients` `p` ON `p`.`id` = `pb`.`patient_id`
JOIN `users` `u` ON `u`.`id` = `pb`.`user_id`
WHERE DATE(pb.bill_date) = \'2025-09-19\'')
 3 SYSTEMPATH\Database\BaseBuilder.php(1649): CodeIgniter\Database\BaseConnection->query('SELECT `pb`.`bill_id`, `pb`.`bill_date` AS `date`, CONCAT(p.first_name, " ", p.last_name) AS patient_name, `p`.`phone_number`, `pb`.`total_amount`, `u`.`first_name` AS `user_name`, "In-Patient" as `type`
FROM `pharmacy_billings` `pb`
JOIN `patients` `p` ON `p`.`id` = `pb`.`patient_id`
JOIN `users` `u` ON `u`.`id` = `pb`.`user_id`
WHERE DATE(pb.bill_date) = :DATE(pb.bill_date):', [...], false)
 4 APPPATH\Controllers\Pharmacy\Sales.php(411): CodeIgniter\Database\BaseBuilder->get()
 5 SYSTEMPATH\CodeIgniter.php(933): App\Controllers\Pharmacy\Sales->listToday()
 6 SYSTEMPATH\CodeIgniter.php(507): CodeIgniter\CodeIgniter->runController(Object(App\Controllers\Pharmacy\Sales))
 7 SYSTEMPATH\CodeIgniter.php(354): CodeIgniter\CodeIgniter->handleRequest(null, Object(Config\Cache), false)
 8 SYSTEMPATH\Boot.php(334): CodeIgniter\CodeIgniter->run()
 9 SYSTEMPATH\Boot.php(67): CodeIgniter\Boot::runCodeIgniter(Object(CodeIgniter\CodeIgniter))
10 FCPATH\index.php(46): CodeIgniter\Boot::bootWeb(Object(Config\Paths))
CRITICAL - 2025-09-19 07:59:22 --> [Caused by] mysqli_sql_exception: Unknown column 'pb.user_id' in 'on clause'
in SYSTEMPATH\Database\MySQLi\Connection.php on line 327.
 1 SYSTEMPATH\Database\MySQLi\Connection.php(327): mysqli->query('SELECT `pb`.`bill_id`, `pb`.`bill_date` AS `date`, CONCAT(p.first_name, " ", p.last_name) AS patient_name, `p`.`phone_number`, `pb`.`total_amount`, `u`.`first_name` AS `user_name`, "In-Patient" as `type`
FROM `pharmacy_billings` `pb`
JOIN `patients` `p` ON `p`.`id` = `pb`.`patient_id`
JOIN `users` `u` ON `u`.`id` = `pb`.`user_id`
WHERE DATE(pb.bill_date) = \'2025-09-19\'', 0)
 2 SYSTEMPATH\Database\BaseConnection.php(738): CodeIgniter\Database\MySQLi\Connection->execute('SELECT `pb`.`bill_id`, `pb`.`bill_date` AS `date`, CONCAT(p.first_name, " ", p.last_name) AS patient_name, `p`.`phone_number`, `pb`.`total_amount`, `u`.`first_name` AS `user_name`, "In-Patient" as `type`
FROM `pharmacy_billings` `pb`
JOIN `patients` `p` ON `p`.`id` = `pb`.`patient_id`
JOIN `users` `u` ON `u`.`id` = `pb`.`user_id`
WHERE DATE(pb.bill_date) = \'2025-09-19\'')
 3 SYSTEMPATH\Database\BaseConnection.php(652): CodeIgniter\Database\BaseConnection->simpleQuery('SELECT `pb`.`bill_id`, `pb`.`bill_date` AS `date`, CONCAT(p.first_name, " ", p.last_name) AS patient_name, `p`.`phone_number`, `pb`.`total_amount`, `u`.`first_name` AS `user_name`, "In-Patient" as `type`
FROM `pharmacy_billings` `pb`
JOIN `patients` `p` ON `p`.`id` = `pb`.`patient_id`
JOIN `users` `u` ON `u`.`id` = `pb`.`user_id`
WHERE DATE(pb.bill_date) = \'2025-09-19\'')
 4 SYSTEMPATH\Database\BaseBuilder.php(1649): CodeIgniter\Database\BaseConnection->query('SELECT `pb`.`bill_id`, `pb`.`bill_date` AS `date`, CONCAT(p.first_name, " ", p.last_name) AS patient_name, `p`.`phone_number`, `pb`.`total_amount`, `u`.`first_name` AS `user_name`, "In-Patient" as `type`
FROM `pharmacy_billings` `pb`
JOIN `patients` `p` ON `p`.`id` = `pb`.`patient_id`
JOIN `users` `u` ON `u`.`id` = `pb`.`user_id`
WHERE DATE(pb.bill_date) = :DATE(pb.bill_date):', [...], false)
 5 APPPATH\Controllers\Pharmacy\Sales.php(411): CodeIgniter\Database\BaseBuilder->get()
 6 SYSTEMPATH\CodeIgniter.php(933): App\Controllers\Pharmacy\Sales->listToday()
 7 SYSTEMPATH\CodeIgniter.php(507): CodeIgniter\CodeIgniter->runController(Object(App\Controllers\Pharmacy\Sales))
 8 SYSTEMPATH\CodeIgniter.php(354): CodeIgniter\CodeIgniter->handleRequest(null, Object(Config\Cache), false)
 9 SYSTEMPATH\Boot.php(334): CodeIgniter\CodeIgniter->run()
10 SYSTEMPATH\Boot.php(67): CodeIgniter\Boot::runCodeIgniter(Object(CodeIgniter\CodeIgniter))
11 FCPATH\index.php(46): CodeIgniter\Boot::bootWeb(Object(Config\Paths))
DEBUG - 2025-09-19 08:00:18 --> Session: Class initialized using 'CodeIgniter\Session\Handlers\FileHandler' driver.
DEBUG - 2025-09-19 08:00:20 --> Session: Class initialized using 'CodeIgniter\Session\Handlers\FileHandler' driver.
DEBUG - 2025-09-19 08:00:24 --> Session: Class initialized using 'CodeIgniter\Session\Handlers\FileHandler' driver.
DEBUG - 2025-09-19 08:00:26 --> Session: Class initialized using 'CodeIgniter\Session\Handlers\FileHandler' driver.
DEBUG - 2025-09-19 08:00:28 --> Session: Class initialized using 'CodeIgniter\Session\Handlers\FileHandler' driver.
DEBUG - 2025-09-19 08:00:30 --> Session: Class initialized using 'CodeIgniter\Session\Handlers\FileHandler' driver.
DEBUG - 2025-09-19 08:00:33 --> Session: Class initialized using 'CodeIgniter\Session\Handlers\FileHandler' driver.
DEBUG - 2025-09-19 08:00:34 --> Session: Class initialized using 'CodeIgniter\Session\Handlers\FileHandler' driver.
DEBUG - 2025-09-19 08:01:14 --> Session: Class initialized using 'CodeIgniter\Session\Handlers\FileHandler' driver.
DEBUG - 2025-09-19 08:01:14 --> Session: Class initialized using 'CodeIgniter\Session\Handlers\FileHandler' driver.
DEBUG - 2025-09-19 08:01:50 --> Session: Class initialized using 'CodeIgniter\Session\Handlers\FileHandler' driver.
DEBUG - 2025-09-19 08:01:50 --> Session: Class initialized using 'CodeIgniter\Session\Handlers\FileHandler' driver.
DEBUG - 2025-09-19 08:01:53 --> Session: Class initialized using 'CodeIgniter\Session\Handlers\FileHandler' driver.
DEBUG - 2025-09-19 08:02:02 --> Session: Class initialized using 'CodeIgniter\Session\Handlers\FileHandler' driver.
DEBUG - 2025-09-19 08:02:04 --> Session: Class initialized using 'CodeIgniter\Session\Handlers\FileHandler' driver.
DEBUG - 2025-09-19 08:02:11 --> Session: Class initialized using 'CodeIgniter\Session\Handlers\FileHandler' driver.
DEBUG - 2025-09-19 08:02:12 --> Session: Class initialized using 'CodeIgniter\Session\Handlers\FileHandler' driver.
DEBUG - 2025-09-19 08:02:35 --> Session: Class initialized using 'CodeIgniter\Session\Handlers\FileHandler' driver.
DEBUG - 2025-09-19 08:02:35 --> Session: Class initialized using 'CodeIgniter\Session\Handlers\FileHandler' driver.
DEBUG - 2025-09-19 08:02:40 --> Session: Class initialized using 'CodeIgniter\Session\Handlers\FileHandler' driver.
DEBUG - 2025-09-19 08:03:17 --> Session: Class initialized using 'CodeIgniter\Session\Handlers\FileHandler' driver.
DEBUG - 2025-09-19 08:03:22 --> Session: Class initialized using 'CodeIgniter\Session\Handlers\FileHandler' driver.
DEBUG - 2025-09-19 08:03:26 --> Session: Class initialized using 'CodeIgniter\Session\Handlers\FileHandler' driver.
DEBUG - 2025-09-19 08:03:28 --> Session: Class initialized using 'CodeIgniter\Session\Handlers\FileHandler' driver.
DEBUG - 2025-09-19 08:03:30 --> Session: Class initialized using 'CodeIgniter\Session\Handlers\FileHandler' driver.
DEBUG - 2025-09-19 08:04:30 --> Session: Class initialized using 'CodeIgniter\Session\Handlers\FileHandler' driver.
DEBUG - 2025-09-19 08:04:59 --> Session: Class initialized using 'CodeIgniter\Session\Handlers\FileHandler' driver.
DEBUG - 2025-09-19 08:05:07 --> Session: Class initialized using 'CodeIgniter\Session\Handlers\FileHandler' driver.
DEBUG - 2025-09-19 08:05:50 --> Session: Class initialized using 'CodeIgniter\Session\Handlers\FileHandler' driver.
DEBUG - 2025-09-19 08:05:52 --> Session: Class initialized using 'CodeIgniter\Session\Handlers\FileHandler' driver.
DEBUG - 2025-09-19 08:05:53 --> Session: Class initialized using 'CodeIgniter\Session\Handlers\FileHandler' driver.
DEBUG - 2025-09-19 08:05:54 --> Session: Class initialized using 'CodeIgniter\Session\Handlers\FileHandler' driver.
DEBUG - 2025-09-19 08:05:54 --> Session: Class initialized using 'CodeIgniter\Session\Handlers\FileHandler' driver.
DEBUG - 2025-09-19 08:05:59 --> Session: Class initialized using 'CodeIgniter\Session\Handlers\FileHandler' driver.
DEBUG - 2025-09-19 09:03:58 --> Session: Class initialized using 'CodeIgniter\Session\Handlers\FileHandler' driver.
DEBUG - 2025-09-19 09:04:12 --> Session: Class initialized using 'CodeIgniter\Session\Handlers\FileHandler' driver.
DEBUG - 2025-09-19 09:04:13 --> Session: Class initialized using 'CodeIgniter\Session\Handlers\FileHandler' driver.
DEBUG - 2025-09-19 09:04:45 --> Session: Class initialized using 'CodeIgniter\Session\Handlers\FileHandler' driver.
DEBUG - 2025-09-19 09:05:08 --> Session: Class initialized using 'CodeIgniter\Session\Handlers\FileHandler' driver.
DEBUG - 2025-09-19 09:06:13 --> Session: Class initialized using 'CodeIgniter\Session\Handlers\FileHandler' driver.
DEBUG - 2025-09-19 09:06:16 --> Session: Class initialized using 'CodeIgniter\Session\Handlers\FileHandler' driver.
DEBUG - 2025-09-19 09:06:21 --> Session: Class initialized using 'CodeIgniter\Session\Handlers\FileHandler' driver.
DEBUG - 2025-09-19 09:06:23 --> Session: Class initialized using 'CodeIgniter\Session\Handlers\FileHandler' driver.
DEBUG - 2025-09-19 09:11:57 --> Session: Class initialized using 'CodeIgniter\Session\Handlers\FileHandler' driver.
DEBUG - 2025-09-19 09:12:00 --> Session: Class initialized using 'CodeIgniter\Session\Handlers\FileHandler' driver.
DEBUG - 2025-09-19 09:12:01 --> Session: Class initialized using 'CodeIgniter\Session\Handlers\FileHandler' driver.
DEBUG - 2025-09-19 09:13:07 --> Session: Class initialized using 'CodeIgniter\Session\Handlers\FileHandler' driver.
DEBUG - 2025-09-19 09:13:14 --> Session: Class initialized using 'CodeIgniter\Session\Handlers\FileHandler' driver.
DEBUG - 2025-09-19 09:15:09 --> Session: Class initialized using 'CodeIgniter\Session\Handlers\FileHandler' driver.
DEBUG - 2025-09-19 09:15:12 --> Session: Class initialized using 'CodeIgniter\Session\Handlers\FileHandler' driver.
DEBUG - 2025-09-19 09:15:17 --> Session: Class initialized using 'CodeIgniter\Session\Handlers\FileHandler' driver.
DEBUG - 2025-09-19 09:15:17 --> Session: Class initialized using 'CodeIgniter\Session\Handlers\FileHandler' driver.
DEBUG - 2025-09-19 09:17:55 --> Session: Class initialized using 'CodeIgniter\Session\Handlers\FileHandler' driver.
DEBUG - 2025-09-19 09:18:12 --> Session: Class initialized using 'CodeIgniter\Session\Handlers\FileHandler' driver.
DEBUG - 2025-09-19 09:41:31 --> Session: Class initialized using 'CodeIgniter\Session\Handlers\FileHandler' driver.
DEBUG - 2025-09-19 09:41:32 --> Session: Class initialized using 'CodeIgniter\Session\Handlers\FileHandler' driver.
DEBUG - 2025-09-19 09:41:35 --> Session: Class initialized using 'CodeIgniter\Session\Handlers\FileHandler' driver.
DEBUG - 2025-09-19 09:41:37 --> Session: Class initialized using 'CodeIgniter\Session\Handlers\FileHandler' driver.
DEBUG - 2025-09-19 09:41:43 --> Session: Class initialized using 'CodeIgniter\Session\Handlers\FileHandler' driver.
DEBUG - 2025-09-19 09:41:43 --> Session: Class initialized using 'CodeIgniter\Session\Handlers\FileHandler' driver.
CRITICAL - 2025-09-19 09:41:43 --> ErrorException: unlink(C:\xampp\htdocs\hms_ram\writable\debugbar/debugbar_1758273121.488664.json): No such file or directory
[Method: GET, Route: /]
in SYSTEMPATH\Debug\Toolbar\Collectors\History.php on line 82.
 1 [internal function]: CodeIgniter\Debug\Exceptions->errorHandler(2, 'unlink(C:\\xampp\\htdocs\\hms_ram\\writable\\debugbar/debugbar_1758273121.488664.json): No such file or directory', 'C:\\xampp\\htdocs\\hms_ram\\system\\Debug\\Toolbar\\Collectors\\History.php', 82)
 2 SYSTEMPATH\Debug\Toolbar\Collectors\History.php(82): unlink('C:\\xampp\\htdocs\\hms_ram\\writable\\debugbar/debugbar_1758273121.488664.json')
 3 SYSTEMPATH\Debug\Toolbar.php(517): CodeIgniter\Debug\Toolbar\Collectors\History->setFiles('1758274903.322309', 20)
 4 SYSTEMPATH\Debug\Toolbar.php(496): CodeIgniter\Debug\Toolbar->format([...], 'html')
 5 APPPATH\Config\Events.php(47): CodeIgniter\Debug\Toolbar->respond()
 6 SYSTEMPATH\Events\Events.php(155): CodeIgniter\Events\Events::Config\{closure}()
 7 SYSTEMPATH\CodeIgniter.php(339): CodeIgniter\Events\Events::trigger('pre_system')
 8 SYSTEMPATH\Boot.php(334): CodeIgniter\CodeIgniter->run()
 9 SYSTEMPATH\Boot.php(67): CodeIgniter\Boot::runCodeIgniter(Object(CodeIgniter\CodeIgniter))
10 FCPATH\index.php(46): CodeIgniter\Boot::bootWeb(Object(Config\Paths))
DEBUG - 2025-09-19 09:41:44 --> Session: Class initialized using 'CodeIgniter\Session\Handlers\FileHandler' driver.
DEBUG - 2025-09-19 09:42:54 --> Session: Class initialized using 'CodeIgniter\Session\Handlers\FileHandler' driver.
DEBUG - 2025-09-19 09:44:12 --> Session: Class initialized using 'CodeIgniter\Session\Handlers\FileHandler' driver.
DEBUG - 2025-09-19 09:44:14 --> Session: Class initialized using 'CodeIgniter\Session\Handlers\FileHandler' driver.
DEBUG - 2025-09-19 09:44:40 --> Session: Class initialized using 'CodeIgniter\Session\Handlers\FileHandler' driver.
DEBUG - 2025-09-19 09:45:41 --> Session: Class initialized using 'CodeIgniter\Session\Handlers\FileHandler' driver.
DEBUG - 2025-09-19 09:45:44 --> Session: Class initialized using 'CodeIgniter\Session\Handlers\FileHandler' driver.
DEBUG - 2025-09-19 09:45:48 --> Session: Class initialized using 'CodeIgniter\Session\Handlers\FileHandler' driver.
DEBUG - 2025-09-19 09:54:33 --> Session: Class initialized using 'CodeIgniter\Session\Handlers\FileHandler' driver.
DEBUG - 2025-09-19 09:54:35 --> Session: Class initialized using 'CodeIgniter\Session\Handlers\FileHandler' driver.
DEBUG - 2025-09-19 09:54:52 --> Session: Class initialized using 'CodeIgniter\Session\Handlers\FileHandler' driver.
DEBUG - 2025-09-19 09:58:05 --> Session: Class initialized using 'CodeIgniter\Session\Handlers\FileHandler' driver.
DEBUG - 2025-09-19 09:58:09 --> Session: Class initialized using 'CodeIgniter\Session\Handlers\FileHandler' driver.
DEBUG - 2025-09-19 09:58:31 --> Session: Class initialized using 'CodeIgniter\Session\Handlers\FileHandler' driver.
DEBUG - 2025-09-19 10:01:05 --> Session: Class initialized using 'CodeIgniter\Session\Handlers\FileHandler' driver.
DEBUG - 2025-09-19 10:04:42 --> Session: Class initialized using 'CodeIgniter\Session\Handlers\FileHandler' driver.
DEBUG - 2025-09-19 10:10:26 --> Session: Class initialized using 'CodeIgniter\Session\Handlers\FileHandler' driver.
DEBUG - 2025-09-19 10:12:32 --> Session: Class initialized using 'CodeIgniter\Session\Handlers\FileHandler' driver.
DEBUG - 2025-09-19 10:12:34 --> Session: Class initialized using 'CodeIgniter\Session\Handlers\FileHandler' driver.
DEBUG - 2025-09-19 10:12:58 --> Session: Class initialized using 'CodeIgniter\Session\Handlers\FileHandler' driver.
DEBUG - 2025-09-19 10:13:02 --> Session: Class initialized using 'CodeIgniter\Session\Handlers\FileHandler' driver.
DEBUG - 2025-09-19 10:19:03 --> Session: Class initialized using 'CodeIgniter\Session\Handlers\FileHandler' driver.
DEBUG - 2025-09-19 10:19:08 --> Session: Class initialized using 'CodeIgniter\Session\Handlers\FileHandler' driver.
DEBUG - 2025-09-19 10:38:08 --> Session: Class initialized using 'CodeIgniter\Session\Handlers\FileHandler' driver.
DEBUG - 2025-09-19 10:40:39 --> Session: Class initialized using 'CodeIgniter\Session\Handlers\FileHandler' driver.
DEBUG - 2025-09-19 10:40:42 --> Session: Class initialized using 'CodeIgniter\Session\Handlers\FileHandler' driver.
DEBUG - 2025-09-19 10:41:27 --> Session: Class initialized using 'CodeIgniter\Session\Handlers\FileHandler' driver.
DEBUG - 2025-09-19 10:41:43 --> Session: Class initialized using 'CodeIgniter\Session\Handlers\FileHandler' driver.
DEBUG - 2025-09-19 10:41:54 --> Session: Class initialized using 'CodeIgniter\Session\Handlers\FileHandler' driver.
DEBUG - 2025-09-19 10:41:55 --> Session: Class initialized using 'CodeIgniter\Session\Handlers\FileHandler' driver.
DEBUG - 2025-09-19 10:50:59 --> Session: Class initialized using 'CodeIgniter\Session\Handlers\FileHandler' driver.
DEBUG - 2025-09-19 10:51:51 --> Session: Class initialized using 'CodeIgniter\Session\Handlers\FileHandler' driver.
DEBUG - 2025-09-19 10:51:58 --> Session: Class initialized using 'CodeIgniter\Session\Handlers\FileHandler' driver.
DEBUG - 2025-09-19 10:52:15 --> Session: Class initialized using 'CodeIgniter\Session\Handlers\FileHandler' driver.
DEBUG - 2025-09-19 10:52:17 --> Session: Class initialized using 'CodeIgniter\Session\Handlers\FileHandler' driver.
CRITICAL - 2025-09-19 10:52:17 --> ErrorException: Undefined property: App\Controllers\Pharmacy\Dashboard::$db
[Method: GET, Route: pharmacy/dashboard]
in APPPATH\Controllers\Pharmacy\Dashboard.php on line 78.
 1 APPPATH\Controllers\Pharmacy\Dashboard.php(78): CodeIgniter\Debug\Exceptions->errorHandler(2, 'Undefined property: App\\Controllers\\Pharmacy\\Dashboard::$db', 'C:\\xampp\\htdocs\\hms_ram\\app\\Controllers\\Pharmacy\\Dashboard.php', 78)
 2 SYSTEMPATH\CodeIgniter.php(933): App\Controllers\Pharmacy\Dashboard->index()
 3 SYSTEMPATH\CodeIgniter.php(507): CodeIgniter\CodeIgniter->runController(Object(App\Controllers\Pharmacy\Dashboard))
 4 SYSTEMPATH\CodeIgniter.php(354): CodeIgniter\CodeIgniter->handleRequest(null, Object(Config\Cache), false)
 5 SYSTEMPATH\Boot.php(334): CodeIgniter\CodeIgniter->run()
 6 SYSTEMPATH\Boot.php(67): CodeIgniter\Boot::runCodeIgniter(Object(CodeIgniter\CodeIgniter))
 7 FCPATH\index.php(46): CodeIgniter\Boot::bootWeb(Object(Config\Paths))
DEBUG - 2025-09-19 10:52:46 --> Session: Class initialized using 'CodeIgniter\Session\Handlers\FileHandler' driver.
DEBUG - 2025-09-19 10:52:48 --> Session: Class initialized using 'CodeIgniter\Session\Handlers\FileHandler' driver.
CRITICAL - 2025-09-19 10:52:48 --> ErrorException: Undefined array key "invoice_number"
[Method: GET, Route: pharmacy/dashboard]
in APPPATH\Views\pharmacy\dashboard\index.php on line 95.
 1 APPPATH\Views\pharmacy\dashboard\index.php(95): CodeIgniter\Debug\Exceptions->errorHandler(2, 'Undefined array key "invoice_number"', 'C:\\xampp\\htdocs\\hms_ram\\app\\Views\\pharmacy\\dashboard\\index.php', 95)
 2 SYSTEMPATH\View\View.php(224): include('C:\\xampp\\htdocs\\hms_ram\\app\\Views\\pharmacy\\dashboard\\index.php')
 3 SYSTEMPATH\View\View.php(227): CodeIgniter\View\View->CodeIgniter\View\{closure}()
 4 SYSTEMPATH\Common.php(1173): CodeIgniter\View\View->render('pharmacy/dashboard/index', [], true)
 5 APPPATH\Controllers\Pharmacy\Dashboard.php(121): view('pharmacy/dashboard/index', [...])
 6 SYSTEMPATH\CodeIgniter.php(933): App\Controllers\Pharmacy\Dashboard->index()
 7 SYSTEMPATH\CodeIgniter.php(507): CodeIgniter\CodeIgniter->runController(Object(App\Controllers\Pharmacy\Dashboard))
 8 SYSTEMPATH\CodeIgniter.php(354): CodeIgniter\CodeIgniter->handleRequest(null, Object(Config\Cache), false)
 9 SYSTEMPATH\Boot.php(334): CodeIgniter\CodeIgniter->run()
10 SYSTEMPATH\Boot.php(67): CodeIgniter\Boot::runCodeIgniter(Object(CodeIgniter\CodeIgniter))
11 FCPATH\index.php(46): CodeIgniter\Boot::bootWeb(Object(Config\Paths))
DEBUG - 2025-09-19 10:52:50 --> Session: Class initialized using 'CodeIgniter\Session\Handlers\FileHandler' driver.
CRITICAL - 2025-09-19 10:52:50 --> ErrorException: Undefined array key "invoice_number"
[Method: GET, Route: pharmacy/dashboard]
in APPPATH\Views\pharmacy\dashboard\index.php on line 95.
 1 APPPATH\Views\pharmacy\dashboard\index.php(95): CodeIgniter\Debug\Exceptions->errorHandler(2, 'Undefined array key "invoice_number"', 'C:\\xampp\\htdocs\\hms_ram\\app\\Views\\pharmacy\\dashboard\\index.php', 95)
 2 SYSTEMPATH\View\View.php(224): include('C:\\xampp\\htdocs\\hms_ram\\app\\Views\\pharmacy\\dashboard\\index.php')
 3 SYSTEMPATH\View\View.php(227): CodeIgniter\View\View->CodeIgniter\View\{closure}()
 4 SYSTEMPATH\Common.php(1173): CodeIgniter\View\View->render('pharmacy/dashboard/index', [], true)
 5 APPPATH\Controllers\Pharmacy\Dashboard.php(121): view('pharmacy/dashboard/index', [...])
 6 SYSTEMPATH\CodeIgniter.php(933): App\Controllers\Pharmacy\Dashboard->index()
 7 SYSTEMPATH\CodeIgniter.php(507): CodeIgniter\CodeIgniter->runController(Object(App\Controllers\Pharmacy\Dashboard))
 8 SYSTEMPATH\CodeIgniter.php(354): CodeIgniter\CodeIgniter->handleRequest(null, Object(Config\Cache), false)
 9 SYSTEMPATH\Boot.php(334): CodeIgniter\CodeIgniter->run()
10 SYSTEMPATH\Boot.php(67): CodeIgniter\Boot::runCodeIgniter(Object(CodeIgniter\CodeIgniter))
11 FCPATH\index.php(46): CodeIgniter\Boot::bootWeb(Object(Config\Paths))
DEBUG - 2025-09-19 10:53:02 --> Session: Class initialized using 'CodeIgniter\Session\Handlers\FileHandler' driver.
DEBUG - 2025-09-19 10:53:04 --> Session: Class initialized using 'CodeIgniter\Session\Handlers\FileHandler' driver.
DEBUG - 2025-09-19 10:53:08 --> Session: Class initialized using 'CodeIgniter\Session\Handlers\FileHandler' driver.
DEBUG - 2025-09-19 10:53:32 --> Session: Class initialized using 'CodeIgniter\Session\Handlers\FileHandler' driver.
DEBUG - 2025-09-19 10:53:40 --> Session: Class initialized using 'CodeIgniter\Session\Handlers\FileHandler' driver.
DEBUG - 2025-09-19 10:53:40 --> Session: Class initialized using 'CodeIgniter\Session\Handlers\FileHandler' driver.
CRITICAL - 2025-09-19 10:53:40 --> ErrorException: Undefined array key "invoice_number"
[Method: GET, Route: pharmacy/dashboard]
in APPPATH\Views\pharmacy\dashboard\index.php on line 95.
 1 APPPATH\Views\pharmacy\dashboard\index.php(95): CodeIgniter\Debug\Exceptions->errorHandler(2, 'Undefined array key "invoice_number"', 'C:\\xampp\\htdocs\\hms_ram\\app\\Views\\pharmacy\\dashboard\\index.php', 95)
 2 SYSTEMPATH\View\View.php(224): include('C:\\xampp\\htdocs\\hms_ram\\app\\Views\\pharmacy\\dashboard\\index.php')
 3 SYSTEMPATH\View\View.php(227): CodeIgniter\View\View->CodeIgniter\View\{closure}()
 4 SYSTEMPATH\Common.php(1173): CodeIgniter\View\View->render('pharmacy/dashboard/index', [], true)
 5 APPPATH\Controllers\Pharmacy\Dashboard.php(121): view('pharmacy/dashboard/index', [...])
 6 SYSTEMPATH\CodeIgniter.php(933): App\Controllers\Pharmacy\Dashboard->index()
 7 SYSTEMPATH\CodeIgniter.php(507): CodeIgniter\CodeIgniter->runController(Object(App\Controllers\Pharmacy\Dashboard))
 8 SYSTEMPATH\CodeIgniter.php(354): CodeIgniter\CodeIgniter->handleRequest(null, Object(Config\Cache), false)
 9 SYSTEMPATH\Boot.php(334): CodeIgniter\CodeIgniter->run()
10 SYSTEMPATH\Boot.php(67): CodeIgniter\Boot::runCodeIgniter(Object(CodeIgniter\CodeIgniter))
11 FCPATH\index.php(46): CodeIgniter\Boot::bootWeb(Object(Config\Paths))
DEBUG - 2025-09-19 10:54:01 --> Session: Class initialized using 'CodeIgniter\Session\Handlers\FileHandler' driver.
DEBUG - 2025-09-19 10:54:03 --> Session: Class initialized using 'CodeIgniter\Session\Handlers\FileHandler' driver.
CRITICAL - 2025-09-19 10:54:03 --> ErrorException: Undefined property: App\Controllers\Pharmacy\Dashboard::$db
[Method: GET, Route: pharmacy/dashboard]
in APPPATH\Controllers\Pharmacy\Dashboard.php on line 78.
 1 APPPATH\Controllers\Pharmacy\Dashboard.php(78): CodeIgniter\Debug\Exceptions->errorHandler(2, 'Undefined property: App\\Controllers\\Pharmacy\\Dashboard::$db', 'C:\\xampp\\htdocs\\hms_ram\\app\\Controllers\\Pharmacy\\Dashboard.php', 78)
 2 SYSTEMPATH\CodeIgniter.php(933): App\Controllers\Pharmacy\Dashboard->index()
 3 SYSTEMPATH\CodeIgniter.php(507): CodeIgniter\CodeIgniter->runController(Object(App\Controllers\Pharmacy\Dashboard))
 4 SYSTEMPATH\CodeIgniter.php(354): CodeIgniter\CodeIgniter->handleRequest(null, Object(Config\Cache), false)
 5 SYSTEMPATH\Boot.php(334): CodeIgniter\CodeIgniter->run()
 6 SYSTEMPATH\Boot.php(67): CodeIgniter\Boot::runCodeIgniter(Object(CodeIgniter\CodeIgniter))
 7 FCPATH\index.php(46): CodeIgniter\Boot::bootWeb(Object(Config\Paths))
DEBUG - 2025-09-19 10:54:04 --> Session: Class initialized using 'CodeIgniter\Session\Handlers\FileHandler' driver.
CRITICAL - 2025-09-19 10:54:04 --> ErrorException: Undefined property: App\Controllers\Pharmacy\Dashboard::$db
[Method: GET, Route: pharmacy/dashboard]
in APPPATH\Controllers\Pharmacy\Dashboard.php on line 78.
 1 APPPATH\Controllers\Pharmacy\Dashboard.php(78): CodeIgniter\Debug\Exceptions->errorHandler(2, 'Undefined property: App\\Controllers\\Pharmacy\\Dashboard::$db', 'C:\\xampp\\htdocs\\hms_ram\\app\\Controllers\\Pharmacy\\Dashboard.php', 78)
 2 SYSTEMPATH\CodeIgniter.php(933): App\Controllers\Pharmacy\Dashboard->index()
 3 SYSTEMPATH\CodeIgniter.php(507): CodeIgniter\CodeIgniter->runController(Object(App\Controllers\Pharmacy\Dashboard))
 4 SYSTEMPATH\CodeIgniter.php(354): CodeIgniter\CodeIgniter->handleRequest(null, Object(Config\Cache), false)
 5 SYSTEMPATH\Boot.php(334): CodeIgniter\CodeIgniter->run()
 6 SYSTEMPATH\Boot.php(67): CodeIgniter\Boot::runCodeIgniter(Object(CodeIgniter\CodeIgniter))
 7 FCPATH\index.php(46): CodeIgniter\Boot::bootWeb(Object(Config\Paths))
DEBUG - 2025-09-19 10:54:07 --> Session: Class initialized using 'CodeIgniter\Session\Handlers\FileHandler' driver.
DEBUG - 2025-09-19 10:54:08 --> Session: Class initialized using 'CodeIgniter\Session\Handlers\FileHandler' driver.
DEBUG - 2025-09-19 10:54:52 --> Session: Class initialized using 'CodeIgniter\Session\Handlers\FileHandler' driver.
DEBUG - 2025-09-19 10:54:54 --> Session: Class initialized using 'CodeIgniter\Session\Handlers\FileHandler' driver.
CRITICAL - 2025-09-19 10:54:54 --> ErrorException: Undefined array key "invoice_number"
[Method: GET, Route: pharmacy/dashboard]
in APPPATH\Views\pharmacy\dashboard\index.php on line 95.
 1 APPPATH\Views\pharmacy\dashboard\index.php(95): CodeIgniter\Debug\Exceptions->errorHandler(2, 'Undefined array key "invoice_number"', 'C:\\xampp\\htdocs\\hms_ram\\app\\Views\\pharmacy\\dashboard\\index.php', 95)
 2 SYSTEMPATH\View\View.php(224): include('C:\\xampp\\htdocs\\hms_ram\\app\\Views\\pharmacy\\dashboard\\index.php')
 3 SYSTEMPATH\View\View.php(227): CodeIgniter\View\View->CodeIgniter\View\{closure}()
 4 SYSTEMPATH\Common.php(1173): CodeIgniter\View\View->render('pharmacy/dashboard/index', [], true)
 5 APPPATH\Controllers\Pharmacy\Dashboard.php(121): view('pharmacy/dashboard/index', [...])
 6 SYSTEMPATH\CodeIgniter.php(933): App\Controllers\Pharmacy\Dashboard->index()
 7 SYSTEMPATH\CodeIgniter.php(507): CodeIgniter\CodeIgniter->runController(Object(App\Controllers\Pharmacy\Dashboard))
 8 SYSTEMPATH\CodeIgniter.php(354): CodeIgniter\CodeIgniter->handleRequest(null, Object(Config\Cache), false)
 9 SYSTEMPATH\Boot.php(334): CodeIgniter\CodeIgniter->run()
10 SYSTEMPATH\Boot.php(67): CodeIgniter\Boot::runCodeIgniter(Object(CodeIgniter\CodeIgniter))
11 FCPATH\index.php(46): CodeIgniter\Boot::bootWeb(Object(Config\Paths))
DEBUG - 2025-09-19 10:55:20 --> Session: Class initialized using 'CodeIgniter\Session\Handlers\FileHandler' driver.
CRITICAL - 2025-09-19 10:55:20 --> ErrorException: Undefined array key "invoice_number"
[Method: GET, Route: pharmacy/dashboard]
in APPPATH\Views\pharmacy\dashboard\index.php on line 95.
 1 APPPATH\Views\pharmacy\dashboard\index.php(95): CodeIgniter\Debug\Exceptions->errorHandler(2, 'Undefined array key "invoice_number"', 'C:\\xampp\\htdocs\\hms_ram\\app\\Views\\pharmacy\\dashboard\\index.php', 95)
 2 SYSTEMPATH\View\View.php(224): include('C:\\xampp\\htdocs\\hms_ram\\app\\Views\\pharmacy\\dashboard\\index.php')
 3 SYSTEMPATH\View\View.php(227): CodeIgniter\View\View->CodeIgniter\View\{closure}()
 4 SYSTEMPATH\Common.php(1173): CodeIgniter\View\View->render('pharmacy/dashboard/index', [], true)
 5 APPPATH\Controllers\Pharmacy\Dashboard.php(121): view('pharmacy/dashboard/index', [...])
 6 SYSTEMPATH\CodeIgniter.php(933): App\Controllers\Pharmacy\Dashboard->index()
 7 SYSTEMPATH\CodeIgniter.php(507): CodeIgniter\CodeIgniter->runController(Object(App\Controllers\Pharmacy\Dashboard))
 8 SYSTEMPATH\CodeIgniter.php(354): CodeIgniter\CodeIgniter->handleRequest(null, Object(Config\Cache), false)
 9 SYSTEMPATH\Boot.php(334): CodeIgniter\CodeIgniter->run()
10 SYSTEMPATH\Boot.php(67): CodeIgniter\Boot::runCodeIgniter(Object(CodeIgniter\CodeIgniter))
11 FCPATH\index.php(46): CodeIgniter\Boot::bootWeb(Object(Config\Paths))
DEBUG - 2025-09-19 10:55:55 --> Session: Class initialized using 'CodeIgniter\Session\Handlers\FileHandler' driver.
DEBUG - 2025-09-19 10:55:57 --> Session: Class initialized using 'CodeIgniter\Session\Handlers\FileHandler' driver.
CRITICAL - 2025-09-19 10:55:57 --> ErrorException: Undefined array key "invoice_number"
[Method: GET, Route: pharmacy/dashboard]
in APPPATH\Views\pharmacy\dashboard\index.php on line 95.
 1 APPPATH\Views\pharmacy\dashboard\index.php(95): CodeIgniter\Debug\Exceptions->errorHandler(2, 'Undefined array key "invoice_number"', 'C:\\xampp\\htdocs\\hms_ram\\app\\Views\\pharmacy\\dashboard\\index.php', 95)
 2 SYSTEMPATH\View\View.php(224): include('C:\\xampp\\htdocs\\hms_ram\\app\\Views\\pharmacy\\dashboard\\index.php')
 3 SYSTEMPATH\View\View.php(227): CodeIgniter\View\View->CodeIgniter\View\{closure}()
 4 SYSTEMPATH\Common.php(1173): CodeIgniter\View\View->render('pharmacy/dashboard/index', [], true)
 5 APPPATH\Controllers\Pharmacy\Dashboard.php(117): view('pharmacy/dashboard/index', [...])
 6 SYSTEMPATH\CodeIgniter.php(933): App\Controllers\Pharmacy\Dashboard->index()
 7 SYSTEMPATH\CodeIgniter.php(507): CodeIgniter\CodeIgniter->runController(Object(App\Controllers\Pharmacy\Dashboard))
 8 SYSTEMPATH\CodeIgniter.php(354): CodeIgniter\CodeIgniter->handleRequest(null, Object(Config\Cache), false)
 9 SYSTEMPATH\Boot.php(334): CodeIgniter\CodeIgniter->run()
10 SYSTEMPATH\Boot.php(67): CodeIgniter\Boot::runCodeIgniter(Object(CodeIgniter\CodeIgniter))
11 FCPATH\index.php(46): CodeIgniter\Boot::bootWeb(Object(Config\Paths))
DEBUG - 2025-09-19 10:55:58 --> Session: Class initialized using 'CodeIgniter\Session\Handlers\FileHandler' driver.
CRITICAL - 2025-09-19 10:55:58 --> ErrorException: Undefined array key "invoice_number"
[Method: GET, Route: pharmacy/dashboard]
in APPPATH\Views\pharmacy\dashboard\index.php on line 95.
 1 APPPATH\Views\pharmacy\dashboard\index.php(95): CodeIgniter\Debug\Exceptions->errorHandler(2, 'Undefined array key "invoice_number"', 'C:\\xampp\\htdocs\\hms_ram\\app\\Views\\pharmacy\\dashboard\\index.php', 95)
 2 SYSTEMPATH\View\View.php(224): include('C:\\xampp\\htdocs\\hms_ram\\app\\Views\\pharmacy\\dashboard\\index.php')
 3 SYSTEMPATH\View\View.php(227): CodeIgniter\View\View->CodeIgniter\View\{closure}()
 4 SYSTEMPATH\Common.php(1173): CodeIgniter\View\View->render('pharmacy/dashboard/index', [], true)
 5 APPPATH\Controllers\Pharmacy\Dashboard.php(117): view('pharmacy/dashboard/index', [...])
 6 SYSTEMPATH\CodeIgniter.php(933): App\Controllers\Pharmacy\Dashboard->index()
 7 SYSTEMPATH\CodeIgniter.php(507): CodeIgniter\CodeIgniter->runController(Object(App\Controllers\Pharmacy\Dashboard))
 8 SYSTEMPATH\CodeIgniter.php(354): CodeIgniter\CodeIgniter->handleRequest(null, Object(Config\Cache), false)
 9 SYSTEMPATH\Boot.php(334): CodeIgniter\CodeIgniter->run()
10 SYSTEMPATH\Boot.php(67): CodeIgniter\Boot::runCodeIgniter(Object(CodeIgniter\CodeIgniter))
11 FCPATH\index.php(46): CodeIgniter\Boot::bootWeb(Object(Config\Paths))
DEBUG - 2025-09-19 10:55:59 --> Session: Class initialized using 'CodeIgniter\Session\Handlers\FileHandler' driver.
CRITICAL - 2025-09-19 10:55:59 --> ErrorException: Undefined array key "invoice_number"
[Method: GET, Route: pharmacy/dashboard]
in APPPATH\Views\pharmacy\dashboard\index.php on line 95.
 1 APPPATH\Views\pharmacy\dashboard\index.php(95): CodeIgniter\Debug\Exceptions->errorHandler(2, 'Undefined array key "invoice_number"', 'C:\\xampp\\htdocs\\hms_ram\\app\\Views\\pharmacy\\dashboard\\index.php', 95)
 2 SYSTEMPATH\View\View.php(224): include('C:\\xampp\\htdocs\\hms_ram\\app\\Views\\pharmacy\\dashboard\\index.php')
 3 SYSTEMPATH\View\View.php(227): CodeIgniter\View\View->CodeIgniter\View\{closure}()
 4 SYSTEMPATH\Common.php(1173): CodeIgniter\View\View->render('pharmacy/dashboard/index', [], true)
 5 APPPATH\Controllers\Pharmacy\Dashboard.php(117): view('pharmacy/dashboard/index', [...])
 6 SYSTEMPATH\CodeIgniter.php(933): App\Controllers\Pharmacy\Dashboard->index()
 7 SYSTEMPATH\CodeIgniter.php(507): CodeIgniter\CodeIgniter->runController(Object(App\Controllers\Pharmacy\Dashboard))
 8 SYSTEMPATH\CodeIgniter.php(354): CodeIgniter\CodeIgniter->handleRequest(null, Object(Config\Cache), false)
 9 SYSTEMPATH\Boot.php(334): CodeIgniter\CodeIgniter->run()
10 SYSTEMPATH\Boot.php(67): CodeIgniter\Boot::runCodeIgniter(Object(CodeIgniter\CodeIgniter))
11 FCPATH\index.php(46): CodeIgniter\Boot::bootWeb(Object(Config\Paths))
DEBUG - 2025-09-19 10:56:10 --> Session: Class initialized using 'CodeIgniter\Session\Handlers\FileHandler' driver.
DEBUG - 2025-09-19 10:56:12 --> Session: Class initialized using 'CodeIgniter\Session\Handlers\FileHandler' driver.
CRITICAL - 2025-09-19 10:56:12 --> ErrorException: Undefined property: App\Controllers\Pharmacy\Dashboard::$db
[Method: GET, Route: pharmacy/dashboard]
in APPPATH\Controllers\Pharmacy\Dashboard.php on line 78.
 1 APPPATH\Controllers\Pharmacy\Dashboard.php(78): CodeIgniter\Debug\Exceptions->errorHandler(2, 'Undefined property: App\\Controllers\\Pharmacy\\Dashboard::$db', 'C:\\xampp\\htdocs\\hms_ram\\app\\Controllers\\Pharmacy\\Dashboard.php', 78)
 2 SYSTEMPATH\CodeIgniter.php(933): App\Controllers\Pharmacy\Dashboard->index()
 3 SYSTEMPATH\CodeIgniter.php(507): CodeIgniter\CodeIgniter->runController(Object(App\Controllers\Pharmacy\Dashboard))
 4 SYSTEMPATH\CodeIgniter.php(354): CodeIgniter\CodeIgniter->handleRequest(null, Object(Config\Cache), false)
 5 SYSTEMPATH\Boot.php(334): CodeIgniter\CodeIgniter->run()
 6 SYSTEMPATH\Boot.php(67): CodeIgniter\Boot::runCodeIgniter(Object(CodeIgniter\CodeIgniter))
 7 FCPATH\index.php(46): CodeIgniter\Boot::bootWeb(Object(Config\Paths))
DEBUG - 2025-09-19 10:56:15 --> Session: Class initialized using 'CodeIgniter\Session\Handlers\FileHandler' driver.
DEBUG - 2025-09-19 10:56:16 --> Session: Class initialized using 'CodeIgniter\Session\Handlers\FileHandler' driver.
DEBUG - 2025-09-19 10:56:37 --> Session: Class initialized using 'CodeIgniter\Session\Handlers\FileHandler' driver.
DEBUG - 2025-09-19 10:56:42 --> Session: Class initialized using 'CodeIgniter\Session\Handlers\FileHandler' driver.
CRITICAL - 2025-09-19 10:56:42 --> ErrorException: Undefined array key "invoice_number"
[Method: GET, Route: pharmacy/dashboard]
in APPPATH\Views\pharmacy\dashboard\index.php on line 95.
 1 APPPATH\Views\pharmacy\dashboard\index.php(95): CodeIgniter\Debug\Exceptions->errorHandler(2, 'Undefined array key "invoice_number"', 'C:\\xampp\\htdocs\\hms_ram\\app\\Views\\pharmacy\\dashboard\\index.php', 95)
 2 SYSTEMPATH\View\View.php(224): include('C:\\xampp\\htdocs\\hms_ram\\app\\Views\\pharmacy\\dashboard\\index.php')
 3 SYSTEMPATH\View\View.php(227): CodeIgniter\View\View->CodeIgniter\View\{closure}()
 4 SYSTEMPATH\Common.php(1173): CodeIgniter\View\View->render('pharmacy/dashboard/index', [], true)
 5 APPPATH\Controllers\Pharmacy\Dashboard.php(117): view('pharmacy/dashboard/index', [...])
 6 SYSTEMPATH\CodeIgniter.php(933): App\Controllers\Pharmacy\Dashboard->index()
 7 SYSTEMPATH\CodeIgniter.php(507): CodeIgniter\CodeIgniter->runController(Object(App\Controllers\Pharmacy\Dashboard))
 8 SYSTEMPATH\CodeIgniter.php(354): CodeIgniter\CodeIgniter->handleRequest(null, Object(Config\Cache), false)
 9 SYSTEMPATH\Boot.php(334): CodeIgniter\CodeIgniter->run()
10 SYSTEMPATH\Boot.php(67): CodeIgniter\Boot::runCodeIgniter(Object(CodeIgniter\CodeIgniter))
11 FCPATH\index.php(46): CodeIgniter\Boot::bootWeb(Object(Config\Paths))
DEBUG - 2025-09-19 10:57:18 --> Session: Class initialized using 'CodeIgniter\Session\Handlers\FileHandler' driver.
CRITICAL - 2025-09-19 10:57:18 --> ErrorException: Undefined array key "invoice_number"
[Method: GET, Route: pharmacy/dashboard]
in APPPATH\Views\pharmacy\dashboard\index.php on line 95.
 1 APPPATH\Views\pharmacy\dashboard\index.php(95): CodeIgniter\Debug\Exceptions->errorHandler(2, 'Undefined array key "invoice_number"', 'C:\\xampp\\htdocs\\hms_ram\\app\\Views\\pharmacy\\dashboard\\index.php', 95)
 2 SYSTEMPATH\View\View.php(224): include('C:\\xampp\\htdocs\\hms_ram\\app\\Views\\pharmacy\\dashboard\\index.php')
 3 SYSTEMPATH\View\View.php(227): CodeIgniter\View\View->CodeIgniter\View\{closure}()
 4 SYSTEMPATH\Common.php(1173): CodeIgniter\View\View->render('pharmacy/dashboard/index', [], true)
 5 APPPATH\Controllers\Pharmacy\Dashboard.php(117): view('pharmacy/dashboard/index', [...])
 6 SYSTEMPATH\CodeIgniter.php(933): App\Controllers\Pharmacy\Dashboard->index()
 7 SYSTEMPATH\CodeIgniter.php(507): CodeIgniter\CodeIgniter->runController(Object(App\Controllers\Pharmacy\Dashboard))
 8 SYSTEMPATH\CodeIgniter.php(354): CodeIgniter\CodeIgniter->handleRequest(null, Object(Config\Cache), false)
 9 SYSTEMPATH\Boot.php(334): CodeIgniter\CodeIgniter->run()
10 SYSTEMPATH\Boot.php(67): CodeIgniter\Boot::runCodeIgniter(Object(CodeIgniter\CodeIgniter))
11 FCPATH\index.php(46): CodeIgniter\Boot::bootWeb(Object(Config\Paths))
DEBUG - 2025-09-19 10:57:18 --> Session: Class initialized using 'CodeIgniter\Session\Handlers\FileHandler' driver.
CRITICAL - 2025-09-19 10:57:18 --> ErrorException: Undefined array key "invoice_number"
[Method: GET, Route: pharmacy/dashboard]
in APPPATH\Views\pharmacy\dashboard\index.php on line 95.
 1 APPPATH\Views\pharmacy\dashboard\index.php(95): CodeIgniter\Debug\Exceptions->errorHandler(2, 'Undefined array key "invoice_number"', 'C:\\xampp\\htdocs\\hms_ram\\app\\Views\\pharmacy\\dashboard\\index.php', 95)
 2 SYSTEMPATH\View\View.php(224): include('C:\\xampp\\htdocs\\hms_ram\\app\\Views\\pharmacy\\dashboard\\index.php')
 3 SYSTEMPATH\View\View.php(227): CodeIgniter\View\View->CodeIgniter\View\{closure}()
 4 SYSTEMPATH\Common.php(1173): CodeIgniter\View\View->render('pharmacy/dashboard/index', [], true)
 5 APPPATH\Controllers\Pharmacy\Dashboard.php(117): view('pharmacy/dashboard/index', [...])
 6 SYSTEMPATH\CodeIgniter.php(933): App\Controllers\Pharmacy\Dashboard->index()
 7 SYSTEMPATH\CodeIgniter.php(507): CodeIgniter\CodeIgniter->runController(Object(App\Controllers\Pharmacy\Dashboard))
 8 SYSTEMPATH\CodeIgniter.php(354): CodeIgniter\CodeIgniter->handleRequest(null, Object(Config\Cache), false)
 9 SYSTEMPATH\Boot.php(334): CodeIgniter\CodeIgniter->run()
10 SYSTEMPATH\Boot.php(67): CodeIgniter\Boot::runCodeIgniter(Object(CodeIgniter\CodeIgniter))
11 FCPATH\index.php(46): CodeIgniter\Boot::bootWeb(Object(Config\Paths))
DEBUG - 2025-09-19 10:57:19 --> Session: Class initialized using 'CodeIgniter\Session\Handlers\FileHandler' driver.
CRITICAL - 2025-09-19 10:57:19 --> ErrorException: Undefined array key "invoice_number"
[Method: GET, Route: pharmacy/dashboard]
in APPPATH\Views\pharmacy\dashboard\index.php on line 95.
 1 APPPATH\Views\pharmacy\dashboard\index.php(95): CodeIgniter\Debug\Exceptions->errorHandler(2, 'Undefined array key "invoice_number"', 'C:\\xampp\\htdocs\\hms_ram\\app\\Views\\pharmacy\\dashboard\\index.php', 95)
 2 SYSTEMPATH\View\View.php(224): include('C:\\xampp\\htdocs\\hms_ram\\app\\Views\\pharmacy\\dashboard\\index.php')
 3 SYSTEMPATH\View\View.php(227): CodeIgniter\View\View->CodeIgniter\View\{closure}()
 4 SYSTEMPATH\Common.php(1173): CodeIgniter\View\View->render('pharmacy/dashboard/index', [], true)
 5 APPPATH\Controllers\Pharmacy\Dashboard.php(117): view('pharmacy/dashboard/index', [...])
 6 SYSTEMPATH\CodeIgniter.php(933): App\Controllers\Pharmacy\Dashboard->index()
 7 SYSTEMPATH\CodeIgniter.php(507): CodeIgniter\CodeIgniter->runController(Object(App\Controllers\Pharmacy\Dashboard))
 8 SYSTEMPATH\CodeIgniter.php(354): CodeIgniter\CodeIgniter->handleRequest(null, Object(Config\Cache), false)
 9 SYSTEMPATH\Boot.php(334): CodeIgniter\CodeIgniter->run()
10 SYSTEMPATH\Boot.php(67): CodeIgniter\Boot::runCodeIgniter(Object(CodeIgniter\CodeIgniter))
11 FCPATH\index.php(46): CodeIgniter\Boot::bootWeb(Object(Config\Paths))
DEBUG - 2025-09-19 10:57:19 --> Session: Class initialized using 'CodeIgniter\Session\Handlers\FileHandler' driver.
CRITICAL - 2025-09-19 10:57:19 --> ErrorException: Undefined array key "invoice_number"
[Method: GET, Route: pharmacy/dashboard]
in APPPATH\Views\pharmacy\dashboard\index.php on line 95.
 1 APPPATH\Views\pharmacy\dashboard\index.php(95): CodeIgniter\Debug\Exceptions->errorHandler(2, 'Undefined array key "invoice_number"', 'C:\\xampp\\htdocs\\hms_ram\\app\\Views\\pharmacy\\dashboard\\index.php', 95)
 2 SYSTEMPATH\View\View.php(224): include('C:\\xampp\\htdocs\\hms_ram\\app\\Views\\pharmacy\\dashboard\\index.php')
 3 SYSTEMPATH\View\View.php(227): CodeIgniter\View\View->CodeIgniter\View\{closure}()
 4 SYSTEMPATH\Common.php(1173): CodeIgniter\View\View->render('pharmacy/dashboard/index', [], true)
 5 APPPATH\Controllers\Pharmacy\Dashboard.php(117): view('pharmacy/dashboard/index', [...])
 6 SYSTEMPATH\CodeIgniter.php(933): App\Controllers\Pharmacy\Dashboard->index()
 7 SYSTEMPATH\CodeIgniter.php(507): CodeIgniter\CodeIgniter->runController(Object(App\Controllers\Pharmacy\Dashboard))
 8 SYSTEMPATH\CodeIgniter.php(354): CodeIgniter\CodeIgniter->handleRequest(null, Object(Config\Cache), false)
 9 SYSTEMPATH\Boot.php(334): CodeIgniter\CodeIgniter->run()
10 SYSTEMPATH\Boot.php(67): CodeIgniter\Boot::runCodeIgniter(Object(CodeIgniter\CodeIgniter))
11 FCPATH\index.php(46): CodeIgniter\Boot::bootWeb(Object(Config\Paths))
DEBUG - 2025-09-19 10:57:19 --> Session: Class initialized using 'CodeIgniter\Session\Handlers\FileHandler' driver.
CRITICAL - 2025-09-19 10:57:19 --> ErrorException: Undefined array key "invoice_number"
[Method: GET, Route: pharmacy/dashboard]
in APPPATH\Views\pharmacy\dashboard\index.php on line 95.
 1 APPPATH\Views\pharmacy\dashboard\index.php(95): CodeIgniter\Debug\Exceptions->errorHandler(2, 'Undefined array key "invoice_number"', 'C:\\xampp\\htdocs\\hms_ram\\app\\Views\\pharmacy\\dashboard\\index.php', 95)
 2 SYSTEMPATH\View\View.php(224): include('C:\\xampp\\htdocs\\hms_ram\\app\\Views\\pharmacy\\dashboard\\index.php')
 3 SYSTEMPATH\View\View.php(227): CodeIgniter\View\View->CodeIgniter\View\{closure}()
 4 SYSTEMPATH\Common.php(1173): CodeIgniter\View\View->render('pharmacy/dashboard/index', [], true)
 5 APPPATH\Controllers\Pharmacy\Dashboard.php(117): view('pharmacy/dashboard/index', [...])
 6 SYSTEMPATH\CodeIgniter.php(933): App\Controllers\Pharmacy\Dashboard->index()
 7 SYSTEMPATH\CodeIgniter.php(507): CodeIgniter\CodeIgniter->runController(Object(App\Controllers\Pharmacy\Dashboard))
 8 SYSTEMPATH\CodeIgniter.php(354): CodeIgniter\CodeIgniter->handleRequest(null, Object(Config\Cache), false)
 9 SYSTEMPATH\Boot.php(334): CodeIgniter\CodeIgniter->run()
10 SYSTEMPATH\Boot.php(67): CodeIgniter\Boot::runCodeIgniter(Object(CodeIgniter\CodeIgniter))
11 FCPATH\index.php(46): CodeIgniter\Boot::bootWeb(Object(Config\Paths))
DEBUG - 2025-09-19 10:57:19 --> Session: Class initialized using 'CodeIgniter\Session\Handlers\FileHandler' driver.
CRITICAL - 2025-09-19 10:57:19 --> ErrorException: Undefined array key "invoice_number"
[Method: GET, Route: pharmacy/dashboard]
in APPPATH\Views\pharmacy\dashboard\index.php on line 95.
 1 APPPATH\Views\pharmacy\dashboard\index.php(95): CodeIgniter\Debug\Exceptions->errorHandler(2, 'Undefined array key "invoice_number"', 'C:\\xampp\\htdocs\\hms_ram\\app\\Views\\pharmacy\\dashboard\\index.php', 95)
 2 SYSTEMPATH\View\View.php(224): include('C:\\xampp\\htdocs\\hms_ram\\app\\Views\\pharmacy\\dashboard\\index.php')
 3 SYSTEMPATH\View\View.php(227): CodeIgniter\View\View->CodeIgniter\View\{closure}()
 4 SYSTEMPATH\Common.php(1173): CodeIgniter\View\View->render('pharmacy/dashboard/index', [], true)
 5 APPPATH\Controllers\Pharmacy\Dashboard.php(117): view('pharmacy/dashboard/index', [...])
 6 SYSTEMPATH\CodeIgniter.php(933): App\Controllers\Pharmacy\Dashboard->index()
 7 SYSTEMPATH\CodeIgniter.php(507): CodeIgniter\CodeIgniter->runController(Object(App\Controllers\Pharmacy\Dashboard))
 8 SYSTEMPATH\CodeIgniter.php(354): CodeIgniter\CodeIgniter->handleRequest(null, Object(Config\Cache), false)
 9 SYSTEMPATH\Boot.php(334): CodeIgniter\CodeIgniter->run()
10 SYSTEMPATH\Boot.php(67): CodeIgniter\Boot::runCodeIgniter(Object(CodeIgniter\CodeIgniter))
11 FCPATH\index.php(46): CodeIgniter\Boot::bootWeb(Object(Config\Paths))
DEBUG - 2025-09-19 10:57:19 --> Session: Class initialized using 'CodeIgniter\Session\Handlers\FileHandler' driver.
CRITICAL - 2025-09-19 10:57:19 --> ErrorException: Undefined array key "invoice_number"
[Method: GET, Route: pharmacy/dashboard]
in APPPATH\Views\pharmacy\dashboard\index.php on line 95.
 1 APPPATH\Views\pharmacy\dashboard\index.php(95): CodeIgniter\Debug\Exceptions->errorHandler(2, 'Undefined array key "invoice_number"', 'C:\\xampp\\htdocs\\hms_ram\\app\\Views\\pharmacy\\dashboard\\index.php', 95)
 2 SYSTEMPATH\View\View.php(224): include('C:\\xampp\\htdocs\\hms_ram\\app\\Views\\pharmacy\\dashboard\\index.php')
 3 SYSTEMPATH\View\View.php(227): CodeIgniter\View\View->CodeIgniter\View\{closure}()
 4 SYSTEMPATH\Common.php(1173): CodeIgniter\View\View->render('pharmacy/dashboard/index', [], true)
 5 APPPATH\Controllers\Pharmacy\Dashboard.php(117): view('pharmacy/dashboard/index', [...])
 6 SYSTEMPATH\CodeIgniter.php(933): App\Controllers\Pharmacy\Dashboard->index()
 7 SYSTEMPATH\CodeIgniter.php(507): CodeIgniter\CodeIgniter->runController(Object(App\Controllers\Pharmacy\Dashboard))
 8 SYSTEMPATH\CodeIgniter.php(354): CodeIgniter\CodeIgniter->handleRequest(null, Object(Config\Cache), false)
 9 SYSTEMPATH\Boot.php(334): CodeIgniter\CodeIgniter->run()
10 SYSTEMPATH\Boot.php(67): CodeIgniter\Boot::runCodeIgniter(Object(CodeIgniter\CodeIgniter))
11 FCPATH\index.php(46): CodeIgniter\Boot::bootWeb(Object(Config\Paths))
DEBUG - 2025-09-19 10:57:20 --> Session: Class initialized using 'CodeIgniter\Session\Handlers\FileHandler' driver.
CRITICAL - 2025-09-19 10:57:20 --> ErrorException: Undefined array key "invoice_number"
[Method: GET, Route: pharmacy/dashboard]
in APPPATH\Views\pharmacy\dashboard\index.php on line 95.
 1 APPPATH\Views\pharmacy\dashboard\index.php(95): CodeIgniter\Debug\Exceptions->errorHandler(2, 'Undefined array key "invoice_number"', 'C:\\xampp\\htdocs\\hms_ram\\app\\Views\\pharmacy\\dashboard\\index.php', 95)
 2 SYSTEMPATH\View\View.php(224): include('C:\\xampp\\htdocs\\hms_ram\\app\\Views\\pharmacy\\dashboard\\index.php')
 3 SYSTEMPATH\View\View.php(227): CodeIgniter\View\View->CodeIgniter\View\{closure}()
 4 SYSTEMPATH\Common.php(1173): CodeIgniter\View\View->render('pharmacy/dashboard/index', [], true)
 5 APPPATH\Controllers\Pharmacy\Dashboard.php(117): view('pharmacy/dashboard/index', [...])
 6 SYSTEMPATH\CodeIgniter.php(933): App\Controllers\Pharmacy\Dashboard->index()
 7 SYSTEMPATH\CodeIgniter.php(507): CodeIgniter\CodeIgniter->runController(Object(App\Controllers\Pharmacy\Dashboard))
 8 SYSTEMPATH\CodeIgniter.php(354): CodeIgniter\CodeIgniter->handleRequest(null, Object(Config\Cache), false)
 9 SYSTEMPATH\Boot.php(334): CodeIgniter\CodeIgniter->run()
10 SYSTEMPATH\Boot.php(67): CodeIgniter\Boot::runCodeIgniter(Object(CodeIgniter\CodeIgniter))
11 FCPATH\index.php(46): CodeIgniter\Boot::bootWeb(Object(Config\Paths))
DEBUG - 2025-09-19 11:03:29 --> Session: Class initialized using 'CodeIgniter\Session\Handlers\FileHandler' driver.
DEBUG - 2025-09-19 11:03:30 --> Session: Class initialized using 'CodeIgniter\Session\Handlers\FileHandler' driver.
CRITICAL - 2025-09-19 11:03:30 --> ErrorException: Undefined array key "invoice_number"
[Method: GET, Route: pharmacy/dashboard]
in APPPATH\Views\pharmacy\dashboard\index.php on line 95.
 1 APPPATH\Views\pharmacy\dashboard\index.php(95): CodeIgniter\Debug\Exceptions->errorHandler(2, 'Undefined array key "invoice_number"', 'C:\\xampp\\htdocs\\hms_ram\\app\\Views\\pharmacy\\dashboard\\index.php', 95)
 2 SYSTEMPATH\View\View.php(224): include('C:\\xampp\\htdocs\\hms_ram\\app\\Views\\pharmacy\\dashboard\\index.php')
 3 SYSTEMPATH\View\View.php(227): CodeIgniter\View\View->CodeIgniter\View\{closure}()
 4 SYSTEMPATH\Common.php(1173): CodeIgniter\View\View->render('pharmacy/dashboard/index', [], true)
 5 APPPATH\Controllers\Pharmacy\Dashboard.php(117): view('pharmacy/dashboard/index', [...])
 6 SYSTEMPATH\CodeIgniter.php(933): App\Controllers\Pharmacy\Dashboard->index()
 7 SYSTEMPATH\CodeIgniter.php(507): CodeIgniter\CodeIgniter->runController(Object(App\Controllers\Pharmacy\Dashboard))
 8 SYSTEMPATH\CodeIgniter.php(354): CodeIgniter\CodeIgniter->handleRequest(null, Object(Config\Cache), false)
 9 SYSTEMPATH\Boot.php(334): CodeIgniter\CodeIgniter->run()
10 SYSTEMPATH\Boot.php(67): CodeIgniter\Boot::runCodeIgniter(Object(CodeIgniter\CodeIgniter))
11 FCPATH\index.php(46): CodeIgniter\Boot::bootWeb(Object(Config\Paths))
DEBUG - 2025-09-19 11:03:31 --> Session: Class initialized using 'CodeIgniter\Session\Handlers\FileHandler' driver.
CRITICAL - 2025-09-19 11:03:31 --> ErrorException: Undefined array key "invoice_number"
[Method: GET, Route: pharmacy/dashboard]
in APPPATH\Views\pharmacy\dashboard\index.php on line 95.
 1 APPPATH\Views\pharmacy\dashboard\index.php(95): CodeIgniter\Debug\Exceptions->errorHandler(2, 'Undefined array key "invoice_number"', 'C:\\xampp\\htdocs\\hms_ram\\app\\Views\\pharmacy\\dashboard\\index.php', 95)
 2 SYSTEMPATH\View\View.php(224): include('C:\\xampp\\htdocs\\hms_ram\\app\\Views\\pharmacy\\dashboard\\index.php')
 3 SYSTEMPATH\View\View.php(227): CodeIgniter\View\View->CodeIgniter\View\{closure}()
 4 SYSTEMPATH\Common.php(1173): CodeIgniter\View\View->render('pharmacy/dashboard/index', [], true)
 5 APPPATH\Controllers\Pharmacy\Dashboard.php(117): view('pharmacy/dashboard/index', [...])
 6 SYSTEMPATH\CodeIgniter.php(933): App\Controllers\Pharmacy\Dashboard->index()
 7 SYSTEMPATH\CodeIgniter.php(507): CodeIgniter\CodeIgniter->runController(Object(App\Controllers\Pharmacy\Dashboard))
 8 SYSTEMPATH\CodeIgniter.php(354): CodeIgniter\CodeIgniter->handleRequest(null, Object(Config\Cache), false)
 9 SYSTEMPATH\Boot.php(334): CodeIgniter\CodeIgniter->run()
10 SYSTEMPATH\Boot.php(67): CodeIgniter\Boot::runCodeIgniter(Object(CodeIgniter\CodeIgniter))
11 FCPATH\index.php(46): CodeIgniter\Boot::bootWeb(Object(Config\Paths))
DEBUG - 2025-09-19 11:03:32 --> Session: Class initialized using 'CodeIgniter\Session\Handlers\FileHandler' driver.
CRITICAL - 2025-09-19 11:03:32 --> ErrorException: Undefined array key "invoice_number"
[Method: GET, Route: pharmacy/dashboard]
in APPPATH\Views\pharmacy\dashboard\index.php on line 95.
 1 APPPATH\Views\pharmacy\dashboard\index.php(95): CodeIgniter\Debug\Exceptions->errorHandler(2, 'Undefined array key "invoice_number"', 'C:\\xampp\\htdocs\\hms_ram\\app\\Views\\pharmacy\\dashboard\\index.php', 95)
 2 SYSTEMPATH\View\View.php(224): include('C:\\xampp\\htdocs\\hms_ram\\app\\Views\\pharmacy\\dashboard\\index.php')
 3 SYSTEMPATH\View\View.php(227): CodeIgniter\View\View->CodeIgniter\View\{closure}()
 4 SYSTEMPATH\Common.php(1173): CodeIgniter\View\View->render('pharmacy/dashboard/index', [], true)
 5 APPPATH\Controllers\Pharmacy\Dashboard.php(117): view('pharmacy/dashboard/index', [...])
 6 SYSTEMPATH\CodeIgniter.php(933): App\Controllers\Pharmacy\Dashboard->index()
 7 SYSTEMPATH\CodeIgniter.php(507): CodeIgniter\CodeIgniter->runController(Object(App\Controllers\Pharmacy\Dashboard))
 8 SYSTEMPATH\CodeIgniter.php(354): CodeIgniter\CodeIgniter->handleRequest(null, Object(Config\Cache), false)
 9 SYSTEMPATH\Boot.php(334): CodeIgniter\CodeIgniter->run()
10 SYSTEMPATH\Boot.php(67): CodeIgniter\Boot::runCodeIgniter(Object(CodeIgniter\CodeIgniter))
11 FCPATH\index.php(46): CodeIgniter\Boot::bootWeb(Object(Config\Paths))
DEBUG - 2025-09-19 11:03:50 --> Session: Class initialized using 'CodeIgniter\Session\Handlers\FileHandler' driver.
DEBUG - 2025-09-19 11:03:55 --> Session: Class initialized using 'CodeIgniter\Session\Handlers\FileHandler' driver.
DEBUG - 2025-09-19 11:03:55 --> Session: Class initialized using 'CodeIgniter\Session\Handlers\FileHandler' driver.
CRITICAL - 2025-09-19 11:03:55 --> ErrorException: Undefined array key "invoice_number"
[Method: GET, Route: pharmacy/dashboard]
in APPPATH\Views\pharmacy\dashboard\index.php on line 95.
 1 APPPATH\Views\pharmacy\dashboard\index.php(95): CodeIgniter\Debug\Exceptions->errorHandler(2, 'Undefined array key "invoice_number"', 'C:\\xampp\\htdocs\\hms_ram\\app\\Views\\pharmacy\\dashboard\\index.php', 95)
 2 SYSTEMPATH\View\View.php(224): include('C:\\xampp\\htdocs\\hms_ram\\app\\Views\\pharmacy\\dashboard\\index.php')
 3 SYSTEMPATH\View\View.php(227): CodeIgniter\View\View->CodeIgniter\View\{closure}()
 4 SYSTEMPATH\Common.php(1173): CodeIgniter\View\View->render('pharmacy/dashboard/index', [], true)
 5 APPPATH\Controllers\Pharmacy\Dashboard.php(117): view('pharmacy/dashboard/index', [...])
 6 SYSTEMPATH\CodeIgniter.php(933): App\Controllers\Pharmacy\Dashboard->index()
 7 SYSTEMPATH\CodeIgniter.php(507): CodeIgniter\CodeIgniter->runController(Object(App\Controllers\Pharmacy\Dashboard))
 8 SYSTEMPATH\CodeIgniter.php(354): CodeIgniter\CodeIgniter->handleRequest(null, Object(Config\Cache), false)
 9 SYSTEMPATH\Boot.php(334): CodeIgniter\CodeIgniter->run()
10 SYSTEMPATH\Boot.php(67): CodeIgniter\Boot::runCodeIgniter(Object(CodeIgniter\CodeIgniter))
11 FCPATH\index.php(46): CodeIgniter\Boot::bootWeb(Object(Config\Paths))
DEBUG - 2025-09-19 11:04:37 --> Session: Class initialized using 'CodeIgniter\Session\Handlers\FileHandler' driver.
CRITICAL - 2025-09-19 11:04:37 --> ErrorException: Undefined array key "invoice_number"
[Method: GET, Route: pharmacy/dashboard]
in APPPATH\Views\pharmacy\dashboard\index.php on line 95.
 1 APPPATH\Views\pharmacy\dashboard\index.php(95): CodeIgniter\Debug\Exceptions->errorHandler(2, 'Undefined array key "invoice_number"', 'C:\\xampp\\htdocs\\hms_ram\\app\\Views\\pharmacy\\dashboard\\index.php', 95)
 2 SYSTEMPATH\View\View.php(224): include('C:\\xampp\\htdocs\\hms_ram\\app\\Views\\pharmacy\\dashboard\\index.php')
 3 SYSTEMPATH\View\View.php(227): CodeIgniter\View\View->CodeIgniter\View\{closure}()
 4 SYSTEMPATH\Common.php(1173): CodeIgniter\View\View->render('pharmacy/dashboard/index', [], true)
 5 APPPATH\Controllers\Pharmacy\Dashboard.php(117): view('pharmacy/dashboard/index', [...])
 6 SYSTEMPATH\CodeIgniter.php(933): App\Controllers\Pharmacy\Dashboard->index()
 7 SYSTEMPATH\CodeIgniter.php(507): CodeIgniter\CodeIgniter->runController(Object(App\Controllers\Pharmacy\Dashboard))
 8 SYSTEMPATH\CodeIgniter.php(354): CodeIgniter\CodeIgniter->handleRequest(null, Object(Config\Cache), false)
 9 SYSTEMPATH\Boot.php(334): CodeIgniter\CodeIgniter->run()
10 SYSTEMPATH\Boot.php(67): CodeIgniter\Boot::runCodeIgniter(Object(CodeIgniter\CodeIgniter))
11 FCPATH\index.php(46): CodeIgniter\Boot::bootWeb(Object(Config\Paths))
DEBUG - 2025-09-19 11:04:38 --> Session: Class initialized using 'CodeIgniter\Session\Handlers\FileHandler' driver.
CRITICAL - 2025-09-19 11:04:38 --> ErrorException: Undefined array key "invoice_number"
[Method: GET, Route: pharmacy/dashboard]
in APPPATH\Views\pharmacy\dashboard\index.php on line 95.
 1 APPPATH\Views\pharmacy\dashboard\index.php(95): CodeIgniter\Debug\Exceptions->errorHandler(2, 'Undefined array key "invoice_number"', 'C:\\xampp\\htdocs\\hms_ram\\app\\Views\\pharmacy\\dashboard\\index.php', 95)
 2 SYSTEMPATH\View\View.php(224): include('C:\\xampp\\htdocs\\hms_ram\\app\\Views\\pharmacy\\dashboard\\index.php')
 3 SYSTEMPATH\View\View.php(227): CodeIgniter\View\View->CodeIgniter\View\{closure}()
 4 SYSTEMPATH\Common.php(1173): CodeIgniter\View\View->render('pharmacy/dashboard/index', [], true)
 5 APPPATH\Controllers\Pharmacy\Dashboard.php(117): view('pharmacy/dashboard/index', [...])
 6 SYSTEMPATH\CodeIgniter.php(933): App\Controllers\Pharmacy\Dashboard->index()
 7 SYSTEMPATH\CodeIgniter.php(507): CodeIgniter\CodeIgniter->runController(Object(App\Controllers\Pharmacy\Dashboard))
 8 SYSTEMPATH\CodeIgniter.php(354): CodeIgniter\CodeIgniter->handleRequest(null, Object(Config\Cache), false)
 9 SYSTEMPATH\Boot.php(334): CodeIgniter\CodeIgniter->run()
10 SYSTEMPATH\Boot.php(67): CodeIgniter\Boot::runCodeIgniter(Object(CodeIgniter\CodeIgniter))
11 FCPATH\index.php(46): CodeIgniter\Boot::bootWeb(Object(Config\Paths))
DEBUG - 2025-09-19 11:04:39 --> Session: Class initialized using 'CodeIgniter\Session\Handlers\FileHandler' driver.
CRITICAL - 2025-09-19 11:04:39 --> ErrorException: Undefined array key "invoice_number"
[Method: GET, Route: pharmacy/dashboard]
in APPPATH\Views\pharmacy\dashboard\index.php on line 95.
 1 APPPATH\Views\pharmacy\dashboard\index.php(95): CodeIgniter\Debug\Exceptions->errorHandler(2, 'Undefined array key "invoice_number"', 'C:\\xampp\\htdocs\\hms_ram\\app\\Views\\pharmacy\\dashboard\\index.php', 95)
 2 SYSTEMPATH\View\View.php(224): include('C:\\xampp\\htdocs\\hms_ram\\app\\Views\\pharmacy\\dashboard\\index.php')
 3 SYSTEMPATH\View\View.php(227): CodeIgniter\View\View->CodeIgniter\View\{closure}()
 4 SYSTEMPATH\Common.php(1173): CodeIgniter\View\View->render('pharmacy/dashboard/index', [], true)
 5 APPPATH\Controllers\Pharmacy\Dashboard.php(117): view('pharmacy/dashboard/index', [...])
 6 SYSTEMPATH\CodeIgniter.php(933): App\Controllers\Pharmacy\Dashboard->index()
 7 SYSTEMPATH\CodeIgniter.php(507): CodeIgniter\CodeIgniter->runController(Object(App\Controllers\Pharmacy\Dashboard))
 8 SYSTEMPATH\CodeIgniter.php(354): CodeIgniter\CodeIgniter->handleRequest(null, Object(Config\Cache), false)
 9 SYSTEMPATH\Boot.php(334): CodeIgniter\CodeIgniter->run()
10 SYSTEMPATH\Boot.php(67): CodeIgniter\Boot::runCodeIgniter(Object(CodeIgniter\CodeIgniter))
11 FCPATH\index.php(46): CodeIgniter\Boot::bootWeb(Object(Config\Paths))
DEBUG - 2025-09-19 11:04:39 --> Session: Class initialized using 'CodeIgniter\Session\Handlers\FileHandler' driver.
CRITICAL - 2025-09-19 11:04:39 --> ErrorException: Undefined array key "invoice_number"
[Method: GET, Route: pharmacy/dashboard]
in APPPATH\Views\pharmacy\dashboard\index.php on line 95.
 1 APPPATH\Views\pharmacy\dashboard\index.php(95): CodeIgniter\Debug\Exceptions->errorHandler(2, 'Undefined array key "invoice_number"', 'C:\\xampp\\htdocs\\hms_ram\\app\\Views\\pharmacy\\dashboard\\index.php', 95)
 2 SYSTEMPATH\View\View.php(224): include('C:\\xampp\\htdocs\\hms_ram\\app\\Views\\pharmacy\\dashboard\\index.php')
 3 SYSTEMPATH\View\View.php(227): CodeIgniter\View\View->CodeIgniter\View\{closure}()
 4 SYSTEMPATH\Common.php(1173): CodeIgniter\View\View->render('pharmacy/dashboard/index', [], true)
 5 APPPATH\Controllers\Pharmacy\Dashboard.php(117): view('pharmacy/dashboard/index', [...])
 6 SYSTEMPATH\CodeIgniter.php(933): App\Controllers\Pharmacy\Dashboard->index()
 7 SYSTEMPATH\CodeIgniter.php(507): CodeIgniter\CodeIgniter->runController(Object(App\Controllers\Pharmacy\Dashboard))
 8 SYSTEMPATH\CodeIgniter.php(354): CodeIgniter\CodeIgniter->handleRequest(null, Object(Config\Cache), false)
 9 SYSTEMPATH\Boot.php(334): CodeIgniter\CodeIgniter->run()
10 SYSTEMPATH\Boot.php(67): CodeIgniter\Boot::runCodeIgniter(Object(CodeIgniter\CodeIgniter))
11 FCPATH\index.php(46): CodeIgniter\Boot::bootWeb(Object(Config\Paths))
DEBUG - 2025-09-19 11:05:16 --> Session: Class initialized using 'CodeIgniter\Session\Handlers\FileHandler' driver.
CRITICAL - 2025-09-19 11:05:16 --> ErrorException: Undefined array key "invoice_number"
[Method: GET, Route: pharmacy/dashboard]
in APPPATH\Views\pharmacy\dashboard\index.php on line 95.
 1 APPPATH\Views\pharmacy\dashboard\index.php(95): CodeIgniter\Debug\Exceptions->errorHandler(2, 'Undefined array key "invoice_number"', 'C:\\xampp\\htdocs\\hms_ram\\app\\Views\\pharmacy\\dashboard\\index.php', 95)
 2 SYSTEMPATH\View\View.php(224): include('C:\\xampp\\htdocs\\hms_ram\\app\\Views\\pharmacy\\dashboard\\index.php')
 3 SYSTEMPATH\View\View.php(227): CodeIgniter\View\View->CodeIgniter\View\{closure}()
 4 SYSTEMPATH\Common.php(1173): CodeIgniter\View\View->render('pharmacy/dashboard/index', [], true)
 5 APPPATH\Controllers\Pharmacy\Dashboard.php(117): view('pharmacy/dashboard/index', [...])
 6 SYSTEMPATH\CodeIgniter.php(933): App\Controllers\Pharmacy\Dashboard->index()
 7 SYSTEMPATH\CodeIgniter.php(507): CodeIgniter\CodeIgniter->runController(Object(App\Controllers\Pharmacy\Dashboard))
 8 SYSTEMPATH\CodeIgniter.php(354): CodeIgniter\CodeIgniter->handleRequest(null, Object(Config\Cache), false)
 9 SYSTEMPATH\Boot.php(334): CodeIgniter\CodeIgniter->run()
10 SYSTEMPATH\Boot.php(67): CodeIgniter\Boot::runCodeIgniter(Object(CodeIgniter\CodeIgniter))
11 FCPATH\index.php(46): CodeIgniter\Boot::bootWeb(Object(Config\Paths))
DEBUG - 2025-09-19 11:06:12 --> Session: Class initialized using 'CodeIgniter\Session\Handlers\FileHandler' driver.
CRITICAL - 2025-09-19 11:06:12 --> ErrorException: Undefined array key "invoice_number"
[Method: GET, Route: pharmacy/dashboard]
in APPPATH\Views\pharmacy\dashboard\index.php on line 95.
 1 APPPATH\Views\pharmacy\dashboard\index.php(95): CodeIgniter\Debug\Exceptions->errorHandler(2, 'Undefined array key "invoice_number"', 'C:\\xampp\\htdocs\\hms_ram\\app\\Views\\pharmacy\\dashboard\\index.php', 95)
 2 SYSTEMPATH\View\View.php(224): include('C:\\xampp\\htdocs\\hms_ram\\app\\Views\\pharmacy\\dashboard\\index.php')
 3 SYSTEMPATH\View\View.php(227): CodeIgniter\View\View->CodeIgniter\View\{closure}()
 4 SYSTEMPATH\Common.php(1173): CodeIgniter\View\View->render('pharmacy/dashboard/index', [], true)
 5 APPPATH\Controllers\Pharmacy\Dashboard.php(117): view('pharmacy/dashboard/index', [...])
 6 SYSTEMPATH\CodeIgniter.php(933): App\Controllers\Pharmacy\Dashboard->index()
 7 SYSTEMPATH\CodeIgniter.php(507): CodeIgniter\CodeIgniter->runController(Object(App\Controllers\Pharmacy\Dashboard))
 8 SYSTEMPATH\CodeIgniter.php(354): CodeIgniter\CodeIgniter->handleRequest(null, Object(Config\Cache), false)
 9 SYSTEMPATH\Boot.php(334): CodeIgniter\CodeIgniter->run()
10 SYSTEMPATH\Boot.php(67): CodeIgniter\Boot::runCodeIgniter(Object(CodeIgniter\CodeIgniter))
11 FCPATH\index.php(46): CodeIgniter\Boot::bootWeb(Object(Config\Paths))
DEBUG - 2025-09-19 11:06:13 --> Session: Class initialized using 'CodeIgniter\Session\Handlers\FileHandler' driver.
CRITICAL - 2025-09-19 11:06:13 --> ErrorException: Undefined array key "invoice_number"
[Method: GET, Route: pharmacy/dashboard]
in APPPATH\Views\pharmacy\dashboard\index.php on line 95.
 1 APPPATH\Views\pharmacy\dashboard\index.php(95): CodeIgniter\Debug\Exceptions->errorHandler(2, 'Undefined array key "invoice_number"', 'C:\\xampp\\htdocs\\hms_ram\\app\\Views\\pharmacy\\dashboard\\index.php', 95)
 2 SYSTEMPATH\View\View.php(224): include('C:\\xampp\\htdocs\\hms_ram\\app\\Views\\pharmacy\\dashboard\\index.php')
 3 SYSTEMPATH\View\View.php(227): CodeIgniter\View\View->CodeIgniter\View\{closure}()
 4 SYSTEMPATH\Common.php(1173): CodeIgniter\View\View->render('pharmacy/dashboard/index', [], true)
 5 APPPATH\Controllers\Pharmacy\Dashboard.php(117): view('pharmacy/dashboard/index', [...])
 6 SYSTEMPATH\CodeIgniter.php(933): App\Controllers\Pharmacy\Dashboard->index()
 7 SYSTEMPATH\CodeIgniter.php(507): CodeIgniter\CodeIgniter->runController(Object(App\Controllers\Pharmacy\Dashboard))
 8 SYSTEMPATH\CodeIgniter.php(354): CodeIgniter\CodeIgniter->handleRequest(null, Object(Config\Cache), false)
 9 SYSTEMPATH\Boot.php(334): CodeIgniter\CodeIgniter->run()
10 SYSTEMPATH\Boot.php(67): CodeIgniter\Boot::runCodeIgniter(Object(CodeIgniter\CodeIgniter))
11 FCPATH\index.php(46): CodeIgniter\Boot::bootWeb(Object(Config\Paths))
DEBUG - 2025-09-19 11:06:20 --> Session: Class initialized using 'CodeIgniter\Session\Handlers\FileHandler' driver.
DEBUG - 2025-09-19 11:06:22 --> Session: Class initialized using 'CodeIgniter\Session\Handlers\FileHandler' driver.
CRITICAL - 2025-09-19 11:06:22 --> ErrorException: Undefined property: App\Controllers\Pharmacy\Dashboard::$db
[Method: GET, Route: pharmacy/dashboard]
in APPPATH\Controllers\Pharmacy\Dashboard.php on line 78.
 1 APPPATH\Controllers\Pharmacy\Dashboard.php(78): CodeIgniter\Debug\Exceptions->errorHandler(2, 'Undefined property: App\\Controllers\\Pharmacy\\Dashboard::$db', 'C:\\xampp\\htdocs\\hms_ram\\app\\Controllers\\Pharmacy\\Dashboard.php', 78)
 2 SYSTEMPATH\CodeIgniter.php(933): App\Controllers\Pharmacy\Dashboard->index()
 3 SYSTEMPATH\CodeIgniter.php(507): CodeIgniter\CodeIgniter->runController(Object(App\Controllers\Pharmacy\Dashboard))
 4 SYSTEMPATH\CodeIgniter.php(354): CodeIgniter\CodeIgniter->handleRequest(null, Object(Config\Cache), false)
 5 SYSTEMPATH\Boot.php(334): CodeIgniter\CodeIgniter->run()
 6 SYSTEMPATH\Boot.php(67): CodeIgniter\Boot::runCodeIgniter(Object(CodeIgniter\CodeIgniter))
 7 FCPATH\index.php(46): CodeIgniter\Boot::bootWeb(Object(Config\Paths))
DEBUG - 2025-09-19 11:06:25 --> Session: Class initialized using 'CodeIgniter\Session\Handlers\FileHandler' driver.
DEBUG - 2025-09-19 11:06:25 --> Session: Class initialized using 'CodeIgniter\Session\Handlers\FileHandler' driver.
DEBUG - 2025-09-19 11:06:34 --> Session: Class initialized using 'CodeIgniter\Session\Handlers\FileHandler' driver.
DEBUG - 2025-09-19 11:06:36 --> Session: Class initialized using 'CodeIgniter\Session\Handlers\FileHandler' driver.
DEBUG - 2025-09-19 11:06:38 --> Session: Class initialized using 'CodeIgniter\Session\Handlers\FileHandler' driver.
DEBUG - 2025-09-19 11:07:05 --> Session: Class initialized using 'CodeIgniter\Session\Handlers\FileHandler' driver.
DEBUG - 2025-09-19 11:07:08 --> Session: Class initialized using 'CodeIgniter\Session\Handlers\FileHandler' driver.
DEBUG - 2025-09-19 11:07:10 --> Session: Class initialized using 'CodeIgniter\Session\Handlers\FileHandler' driver.
DEBUG - 2025-09-19 11:07:15 --> Session: Class initialized using 'CodeIgniter\Session\Handlers\FileHandler' driver.
DEBUG - 2025-09-19 11:07:17 --> Session: Class initialized using 'CodeIgniter\Session\Handlers\FileHandler' driver.
DEBUG - 2025-09-19 11:07:19 --> Session: Class initialized using 'CodeIgniter\Session\Handlers\FileHandler' driver.
DEBUG - 2025-09-19 11:07:39 --> Session: Class initialized using 'CodeIgniter\Session\Handlers\FileHandler' driver.
DEBUG - 2025-09-19 11:07:39 --> Session: Class initialized using 'CodeIgniter\Session\Handlers\FileHandler' driver.
CRITICAL - 2025-09-19 11:07:39 --> ErrorException: Undefined array key "first_name"
[Method: GET, Route: pharmacy/dashboard]
in APPPATH\Controllers\Pharmacy\Dashboard.php on line 103.
 1 APPPATH\Controllers\Pharmacy\Dashboard.php(103): CodeIgniter\Debug\Exceptions->errorHandler(2, 'Undefined array key "first_name"', 'C:\\xampp\\htdocs\\hms_ram\\app\\Controllers\\Pharmacy\\Dashboard.php', 103)
 2 SYSTEMPATH\CodeIgniter.php(933): App\Controllers\Pharmacy\Dashboard->index()
 3 SYSTEMPATH\CodeIgniter.php(507): CodeIgniter\CodeIgniter->runController(Object(App\Controllers\Pharmacy\Dashboard))
 4 SYSTEMPATH\CodeIgniter.php(354): CodeIgniter\CodeIgniter->handleRequest(null, Object(Config\Cache), false)
 5 SYSTEMPATH\Boot.php(334): CodeIgniter\CodeIgniter->run()
 6 SYSTEMPATH\Boot.php(67): CodeIgniter\Boot::runCodeIgniter(Object(CodeIgniter\CodeIgniter))
 7 FCPATH\index.php(46): CodeIgniter\Boot::bootWeb(Object(Config\Paths))
DEBUG - 2025-09-19 11:08:15 --> Session: Class initialized using 'CodeIgniter\Session\Handlers\FileHandler' driver.
DEBUG - 2025-09-19 11:08:16 --> Session: Class initialized using 'CodeIgniter\Session\Handlers\FileHandler' driver.
CRITICAL - 2025-09-19 11:08:16 --> ErrorException: Undefined array key "invoice_number"
[Method: GET, Route: pharmacy/dashboard]
in APPPATH\Views\pharmacy\dashboard\index.php on line 95.
 1 APPPATH\Views\pharmacy\dashboard\index.php(95): CodeIgniter\Debug\Exceptions->errorHandler(2, 'Undefined array key "invoice_number"', 'C:\\xampp\\htdocs\\hms_ram\\app\\Views\\pharmacy\\dashboard\\index.php', 95)
 2 SYSTEMPATH\View\View.php(224): include('C:\\xampp\\htdocs\\hms_ram\\app\\Views\\pharmacy\\dashboard\\index.php')
 3 SYSTEMPATH\View\View.php(227): CodeIgniter\View\View->CodeIgniter\View\{closure}()
 4 SYSTEMPATH\Common.php(1173): CodeIgniter\View\View->render('pharmacy/dashboard/index', [], true)
 5 APPPATH\Controllers\Pharmacy\Dashboard.php(124): view('pharmacy/dashboard/index', [...])
 6 SYSTEMPATH\CodeIgniter.php(933): App\Controllers\Pharmacy\Dashboard->index()
 7 SYSTEMPATH\CodeIgniter.php(507): CodeIgniter\CodeIgniter->runController(Object(App\Controllers\Pharmacy\Dashboard))
 8 SYSTEMPATH\CodeIgniter.php(354): CodeIgniter\CodeIgniter->handleRequest(null, Object(Config\Cache), false)
 9 SYSTEMPATH\Boot.php(334): CodeIgniter\CodeIgniter->run()
10 SYSTEMPATH\Boot.php(67): CodeIgniter\Boot::runCodeIgniter(Object(CodeIgniter\CodeIgniter))
11 FCPATH\index.php(46): CodeIgniter\Boot::bootWeb(Object(Config\Paths))
DEBUG - 2025-09-19 11:09:11 --> Session: Class initialized using 'CodeIgniter\Session\Handlers\FileHandler' driver.
CRITICAL - 2025-09-19 11:09:11 --> ErrorException: Undefined array key "invoice_number"
[Method: GET, Route: pharmacy/dashboard]
in APPPATH\Views\pharmacy\dashboard\index.php on line 95.
 1 APPPATH\Views\pharmacy\dashboard\index.php(95): CodeIgniter\Debug\Exceptions->errorHandler(2, 'Undefined array key "invoice_number"', 'C:\\xampp\\htdocs\\hms_ram\\app\\Views\\pharmacy\\dashboard\\index.php', 95)
 2 SYSTEMPATH\View\View.php(224): include('C:\\xampp\\htdocs\\hms_ram\\app\\Views\\pharmacy\\dashboard\\index.php')
 3 SYSTEMPATH\View\View.php(227): CodeIgniter\View\View->CodeIgniter\View\{closure}()
 4 SYSTEMPATH\Common.php(1173): CodeIgniter\View\View->render('pharmacy/dashboard/index', [], true)
 5 APPPATH\Controllers\Pharmacy\Dashboard.php(124): view('pharmacy/dashboard/index', [...])
 6 SYSTEMPATH\CodeIgniter.php(933): App\Controllers\Pharmacy\Dashboard->index()
 7 SYSTEMPATH\CodeIgniter.php(507): CodeIgniter\CodeIgniter->runController(Object(App\Controllers\Pharmacy\Dashboard))
 8 SYSTEMPATH\CodeIgniter.php(354): CodeIgniter\CodeIgniter->handleRequest(null, Object(Config\Cache), false)
 9 SYSTEMPATH\Boot.php(334): CodeIgniter\CodeIgniter->run()
10 SYSTEMPATH\Boot.php(67): CodeIgniter\Boot::runCodeIgniter(Object(CodeIgniter\CodeIgniter))
11 FCPATH\index.php(46): CodeIgniter\Boot::bootWeb(Object(Config\Paths))
DEBUG - 2025-09-19 11:09:12 --> Session: Class initialized using 'CodeIgniter\Session\Handlers\FileHandler' driver.
CRITICAL - 2025-09-19 11:09:12 --> ErrorException: Undefined array key "invoice_number"
[Method: GET, Route: pharmacy/dashboard]
in APPPATH\Views\pharmacy\dashboard\index.php on line 95.
 1 APPPATH\Views\pharmacy\dashboard\index.php(95): CodeIgniter\Debug\Exceptions->errorHandler(2, 'Undefined array key "invoice_number"', 'C:\\xampp\\htdocs\\hms_ram\\app\\Views\\pharmacy\\dashboard\\index.php', 95)
 2 SYSTEMPATH\View\View.php(224): include('C:\\xampp\\htdocs\\hms_ram\\app\\Views\\pharmacy\\dashboard\\index.php')
 3 SYSTEMPATH\View\View.php(227): CodeIgniter\View\View->CodeIgniter\View\{closure}()
 4 SYSTEMPATH\Common.php(1173): CodeIgniter\View\View->render('pharmacy/dashboard/index', [], true)
 5 APPPATH\Controllers\Pharmacy\Dashboard.php(124): view('pharmacy/dashboard/index', [...])
 6 SYSTEMPATH\CodeIgniter.php(933): App\Controllers\Pharmacy\Dashboard->index()
 7 SYSTEMPATH\CodeIgniter.php(507): CodeIgniter\CodeIgniter->runController(Object(App\Controllers\Pharmacy\Dashboard))
 8 SYSTEMPATH\CodeIgniter.php(354): CodeIgniter\CodeIgniter->handleRequest(null, Object(Config\Cache), false)
 9 SYSTEMPATH\Boot.php(334): CodeIgniter\CodeIgniter->run()
10 SYSTEMPATH\Boot.php(67): CodeIgniter\Boot::runCodeIgniter(Object(CodeIgniter\CodeIgniter))
11 FCPATH\index.php(46): CodeIgniter\Boot::bootWeb(Object(Config\Paths))
DEBUG - 2025-09-19 11:10:21 --> Session: Class initialized using 'CodeIgniter\Session\Handlers\FileHandler' driver.
CRITICAL - 2025-09-19 11:10:21 --> ErrorException: Undefined array key "invoice_number"
[Method: GET, Route: pharmacy/dashboard]
in APPPATH\Views\pharmacy\dashboard\index.php on line 95.
 1 APPPATH\Views\pharmacy\dashboard\index.php(95): CodeIgniter\Debug\Exceptions->errorHandler(2, 'Undefined array key "invoice_number"', 'C:\\xampp\\htdocs\\hms_ram\\app\\Views\\pharmacy\\dashboard\\index.php', 95)
 2 SYSTEMPATH\View\View.php(224): include('C:\\xampp\\htdocs\\hms_ram\\app\\Views\\pharmacy\\dashboard\\index.php')
 3 SYSTEMPATH\View\View.php(227): CodeIgniter\View\View->CodeIgniter\View\{closure}()
 4 SYSTEMPATH\Common.php(1173): CodeIgniter\View\View->render('pharmacy/dashboard/index', [], true)
 5 APPPATH\Controllers\Pharmacy\Dashboard.php(124): view('pharmacy/dashboard/index', [...])
 6 SYSTEMPATH\CodeIgniter.php(933): App\Controllers\Pharmacy\Dashboard->index()
 7 SYSTEMPATH\CodeIgniter.php(507): CodeIgniter\CodeIgniter->runController(Object(App\Controllers\Pharmacy\Dashboard))
 8 SYSTEMPATH\CodeIgniter.php(354): CodeIgniter\CodeIgniter->handleRequest(null, Object(Config\Cache), false)
 9 SYSTEMPATH\Boot.php(334): CodeIgniter\CodeIgniter->run()
10 SYSTEMPATH\Boot.php(67): CodeIgniter\Boot::runCodeIgniter(Object(CodeIgniter\CodeIgniter))
11 FCPATH\index.php(46): CodeIgniter\Boot::bootWeb(Object(Config\Paths))
DEBUG - 2025-09-19 11:10:21 --> Session: Class initialized using 'CodeIgniter\Session\Handlers\FileHandler' driver.
CRITICAL - 2025-09-19 11:10:21 --> ErrorException: Undefined array key "invoice_number"
[Method: GET, Route: pharmacy/dashboard]
in APPPATH\Views\pharmacy\dashboard\index.php on line 95.
 1 APPPATH\Views\pharmacy\dashboard\index.php(95): CodeIgniter\Debug\Exceptions->errorHandler(2, 'Undefined array key "invoice_number"', 'C:\\xampp\\htdocs\\hms_ram\\app\\Views\\pharmacy\\dashboard\\index.php', 95)
 2 SYSTEMPATH\View\View.php(224): include('C:\\xampp\\htdocs\\hms_ram\\app\\Views\\pharmacy\\dashboard\\index.php')
 3 SYSTEMPATH\View\View.php(227): CodeIgniter\View\View->CodeIgniter\View\{closure}()
 4 SYSTEMPATH\Common.php(1173): CodeIgniter\View\View->render('pharmacy/dashboard/index', [], true)
 5 APPPATH\Controllers\Pharmacy\Dashboard.php(124): view('pharmacy/dashboard/index', [...])
 6 SYSTEMPATH\CodeIgniter.php(933): App\Controllers\Pharmacy\Dashboard->index()
 7 SYSTEMPATH\CodeIgniter.php(507): CodeIgniter\CodeIgniter->runController(Object(App\Controllers\Pharmacy\Dashboard))
 8 SYSTEMPATH\CodeIgniter.php(354): CodeIgniter\CodeIgniter->handleRequest(null, Object(Config\Cache), false)
 9 SYSTEMPATH\Boot.php(334): CodeIgniter\CodeIgniter->run()
10 SYSTEMPATH\Boot.php(67): CodeIgniter\Boot::runCodeIgniter(Object(CodeIgniter\CodeIgniter))
11 FCPATH\index.php(46): CodeIgniter\Boot::bootWeb(Object(Config\Paths))
DEBUG - 2025-09-19 11:10:22 --> Session: Class initialized using 'CodeIgniter\Session\Handlers\FileHandler' driver.
CRITICAL - 2025-09-19 11:10:22 --> ErrorException: Undefined array key "invoice_number"
[Method: GET, Route: pharmacy/dashboard]
in APPPATH\Views\pharmacy\dashboard\index.php on line 95.
 1 APPPATH\Views\pharmacy\dashboard\index.php(95): CodeIgniter\Debug\Exceptions->errorHandler(2, 'Undefined array key "invoice_number"', 'C:\\xampp\\htdocs\\hms_ram\\app\\Views\\pharmacy\\dashboard\\index.php', 95)
 2 SYSTEMPATH\View\View.php(224): include('C:\\xampp\\htdocs\\hms_ram\\app\\Views\\pharmacy\\dashboard\\index.php')
 3 SYSTEMPATH\View\View.php(227): CodeIgniter\View\View->CodeIgniter\View\{closure}()
 4 SYSTEMPATH\Common.php(1173): CodeIgniter\View\View->render('pharmacy/dashboard/index', [], true)
 5 APPPATH\Controllers\Pharmacy\Dashboard.php(124): view('pharmacy/dashboard/index', [...])
 6 SYSTEMPATH\CodeIgniter.php(933): App\Controllers\Pharmacy\Dashboard->index()
 7 SYSTEMPATH\CodeIgniter.php(507): CodeIgniter\CodeIgniter->runController(Object(App\Controllers\Pharmacy\Dashboard))
 8 SYSTEMPATH\CodeIgniter.php(354): CodeIgniter\CodeIgniter->handleRequest(null, Object(Config\Cache), false)
 9 SYSTEMPATH\Boot.php(334): CodeIgniter\CodeIgniter->run()
10 SYSTEMPATH\Boot.php(67): CodeIgniter\Boot::runCodeIgniter(Object(CodeIgniter\CodeIgniter))
11 FCPATH\index.php(46): CodeIgniter\Boot::bootWeb(Object(Config\Paths))
DEBUG - 2025-09-19 11:10:53 --> Session: Class initialized using 'CodeIgniter\Session\Handlers\FileHandler' driver.
DEBUG - 2025-09-19 11:10:56 --> Session: Class initialized using 'CodeIgniter\Session\Handlers\FileHandler' driver.
CRITICAL - 2025-09-19 11:10:56 --> ErrorException: Undefined array key "invoice_number"
[Method: GET, Route: pharmacy/dashboard]
in APPPATH\Views\pharmacy\dashboard\index.php on line 95.
 1 APPPATH\Views\pharmacy\dashboard\index.php(95): CodeIgniter\Debug\Exceptions->errorHandler(2, 'Undefined array key "invoice_number"', 'C:\\xampp\\htdocs\\hms_ram\\app\\Views\\pharmacy\\dashboard\\index.php', 95)
 2 SYSTEMPATH\View\View.php(224): include('C:\\xampp\\htdocs\\hms_ram\\app\\Views\\pharmacy\\dashboard\\index.php')
 3 SYSTEMPATH\View\View.php(227): CodeIgniter\View\View->CodeIgniter\View\{closure}()
 4 SYSTEMPATH\Common.php(1173): CodeIgniter\View\View->render('pharmacy/dashboard/index', [], true)
 5 APPPATH\Controllers\Pharmacy\Dashboard.php(124): view('pharmacy/dashboard/index', [...])
 6 SYSTEMPATH\CodeIgniter.php(933): App\Controllers\Pharmacy\Dashboard->index()
 7 SYSTEMPATH\CodeIgniter.php(507): CodeIgniter\CodeIgniter->runController(Object(App\Controllers\Pharmacy\Dashboard))
 8 SYSTEMPATH\CodeIgniter.php(354): CodeIgniter\CodeIgniter->handleRequest(null, Object(Config\Cache), false)
 9 SYSTEMPATH\Boot.php(334): CodeIgniter\CodeIgniter->run()
10 SYSTEMPATH\Boot.php(67): CodeIgniter\Boot::runCodeIgniter(Object(CodeIgniter\CodeIgniter))
11 FCPATH\index.php(46): CodeIgniter\Boot::bootWeb(Object(Config\Paths))
DEBUG - 2025-09-19 11:10:57 --> Session: Class initialized using 'CodeIgniter\Session\Handlers\FileHandler' driver.
CRITICAL - 2025-09-19 11:10:57 --> ErrorException: Undefined array key "invoice_number"
[Method: GET, Route: pharmacy/dashboard]
in APPPATH\Views\pharmacy\dashboard\index.php on line 95.
 1 APPPATH\Views\pharmacy\dashboard\index.php(95): CodeIgniter\Debug\Exceptions->errorHandler(2, 'Undefined array key "invoice_number"', 'C:\\xampp\\htdocs\\hms_ram\\app\\Views\\pharmacy\\dashboard\\index.php', 95)
 2 SYSTEMPATH\View\View.php(224): include('C:\\xampp\\htdocs\\hms_ram\\app\\Views\\pharmacy\\dashboard\\index.php')
 3 SYSTEMPATH\View\View.php(227): CodeIgniter\View\View->CodeIgniter\View\{closure}()
 4 SYSTEMPATH\Common.php(1173): CodeIgniter\View\View->render('pharmacy/dashboard/index', [], true)
 5 APPPATH\Controllers\Pharmacy\Dashboard.php(124): view('pharmacy/dashboard/index', [...])
 6 SYSTEMPATH\CodeIgniter.php(933): App\Controllers\Pharmacy\Dashboard->index()
 7 SYSTEMPATH\CodeIgniter.php(507): CodeIgniter\CodeIgniter->runController(Object(App\Controllers\Pharmacy\Dashboard))
 8 SYSTEMPATH\CodeIgniter.php(354): CodeIgniter\CodeIgniter->handleRequest(null, Object(Config\Cache), false)
 9 SYSTEMPATH\Boot.php(334): CodeIgniter\CodeIgniter->run()
10 SYSTEMPATH\Boot.php(67): CodeIgniter\Boot::runCodeIgniter(Object(CodeIgniter\CodeIgniter))
11 FCPATH\index.php(46): CodeIgniter\Boot::bootWeb(Object(Config\Paths))
DEBUG - 2025-09-19 11:11:03 --> Session: Class initialized using 'CodeIgniter\Session\Handlers\FileHandler' driver.
DEBUG - 2025-09-19 11:11:04 --> Session: Class initialized using 'CodeIgniter\Session\Handlers\FileHandler' driver.
CRITICAL - 2025-09-19 11:11:04 --> ErrorException: Undefined array key "invoice_number"
[Method: GET, Route: pharmacy/dashboard]
in APPPATH\Views\pharmacy\dashboard\index.php on line 95.
 1 APPPATH\Views\pharmacy\dashboard\index.php(95): CodeIgniter\Debug\Exceptions->errorHandler(2, 'Undefined array key "invoice_number"', 'C:\\xampp\\htdocs\\hms_ram\\app\\Views\\pharmacy\\dashboard\\index.php', 95)
 2 SYSTEMPATH\View\View.php(224): include('C:\\xampp\\htdocs\\hms_ram\\app\\Views\\pharmacy\\dashboard\\index.php')
 3 SYSTEMPATH\View\View.php(227): CodeIgniter\View\View->CodeIgniter\View\{closure}()
 4 SYSTEMPATH\Common.php(1173): CodeIgniter\View\View->render('pharmacy/dashboard/index', [], true)
 5 APPPATH\Controllers\Pharmacy\Dashboard.php(124): view('pharmacy/dashboard/index', [...])
 6 SYSTEMPATH\CodeIgniter.php(933): App\Controllers\Pharmacy\Dashboard->index()
 7 SYSTEMPATH\CodeIgniter.php(507): CodeIgniter\CodeIgniter->runController(Object(App\Controllers\Pharmacy\Dashboard))
 8 SYSTEMPATH\CodeIgniter.php(354): CodeIgniter\CodeIgniter->handleRequest(null, Object(Config\Cache), false)
 9 SYSTEMPATH\Boot.php(334): CodeIgniter\CodeIgniter->run()
10 SYSTEMPATH\Boot.php(67): CodeIgniter\Boot::runCodeIgniter(Object(CodeIgniter\CodeIgniter))
11 FCPATH\index.php(46): CodeIgniter\Boot::bootWeb(Object(Config\Paths))
DEBUG - 2025-09-19 11:11:05 --> Session: Class initialized using 'CodeIgniter\Session\Handlers\FileHandler' driver.
CRITICAL - 2025-09-19 11:11:05 --> ErrorException: Undefined array key "invoice_number"
[Method: GET, Route: pharmacy/dashboard]
in APPPATH\Views\pharmacy\dashboard\index.php on line 95.
 1 APPPATH\Views\pharmacy\dashboard\index.php(95): CodeIgniter\Debug\Exceptions->errorHandler(2, 'Undefined array key "invoice_number"', 'C:\\xampp\\htdocs\\hms_ram\\app\\Views\\pharmacy\\dashboard\\index.php', 95)
 2 SYSTEMPATH\View\View.php(224): include('C:\\xampp\\htdocs\\hms_ram\\app\\Views\\pharmacy\\dashboard\\index.php')
 3 SYSTEMPATH\View\View.php(227): CodeIgniter\View\View->CodeIgniter\View\{closure}()
 4 SYSTEMPATH\Common.php(1173): CodeIgniter\View\View->render('pharmacy/dashboard/index', [], true)
 5 APPPATH\Controllers\Pharmacy\Dashboard.php(124): view('pharmacy/dashboard/index', [...])
 6 SYSTEMPATH\CodeIgniter.php(933): App\Controllers\Pharmacy\Dashboard->index()
 7 SYSTEMPATH\CodeIgniter.php(507): CodeIgniter\CodeIgniter->runController(Object(App\Controllers\Pharmacy\Dashboard))
 8 SYSTEMPATH\CodeIgniter.php(354): CodeIgniter\CodeIgniter->handleRequest(null, Object(Config\Cache), false)
 9 SYSTEMPATH\Boot.php(334): CodeIgniter\CodeIgniter->run()
10 SYSTEMPATH\Boot.php(67): CodeIgniter\Boot::runCodeIgniter(Object(CodeIgniter\CodeIgniter))
11 FCPATH\index.php(46): CodeIgniter\Boot::bootWeb(Object(Config\Paths))
DEBUG - 2025-09-19 11:11:10 --> Session: Class initialized using 'CodeIgniter\Session\Handlers\FileHandler' driver.
DEBUG - 2025-09-19 11:11:11 --> Session: Class initialized using 'CodeIgniter\Session\Handlers\FileHandler' driver.
DEBUG - 2025-09-19 11:11:15 --> Session: Class initialized using 'CodeIgniter\Session\Handlers\FileHandler' driver.
DEBUG - 2025-09-19 11:11:17 --> Session: Class initialized using 'CodeIgniter\Session\Handlers\FileHandler' driver.
DEBUG - 2025-09-19 11:11:19 --> Session: Class initialized using 'CodeIgniter\Session\Handlers\FileHandler' driver.
DEBUG - 2025-09-19 11:11:51 --> Session: Class initialized using 'CodeIgniter\Session\Handlers\FileHandler' driver.
DEBUG - 2025-09-19 11:11:56 --> Session: Class initialized using 'CodeIgniter\Session\Handlers\FileHandler' driver.
DEBUG - 2025-09-19 11:12:01 --> Session: Class initialized using 'CodeIgniter\Session\Handlers\FileHandler' driver.
DEBUG - 2025-09-19 11:12:10 --> Session: Class initialized using 'CodeIgniter\Session\Handlers\FileHandler' driver.
DEBUG - 2025-09-19 11:12:10 --> Session: Class initialized using 'CodeIgniter\Session\Handlers\FileHandler' driver.
DEBUG - 2025-09-19 11:12:18 --> Session: Class initialized using 'CodeIgniter\Session\Handlers\FileHandler' driver.
DEBUG - 2025-09-19 11:12:21 --> Session: Class initialized using 'CodeIgniter\Session\Handlers\FileHandler' driver.
CRITICAL - 2025-09-19 11:12:21 --> ErrorException: Undefined variable $totalMedicines
[Method: GET, Route: dashboard]
in APPPATH\Views\dashboard\index.php on line 32.
 1 APPPATH\Views\dashboard\index.php(32): CodeIgniter\Debug\Exceptions->errorHandler(2, 'Undefined variable $totalMedicines', 'C:\\xampp\\htdocs\\hms_ram\\app\\Views\\dashboard\\index.php', 32)
 2 SYSTEMPATH\View\View.php(224): include('C:\\xampp\\htdocs\\hms_ram\\app\\Views\\dashboard\\index.php')
 3 SYSTEMPATH\View\View.php(227): CodeIgniter\View\View->CodeIgniter\View\{closure}()
 4 SYSTEMPATH\Common.php(1173): CodeIgniter\View\View->render('dashboard/index', [], true)
 5 APPPATH\Controllers\Home.php(24): view('dashboard/index', [...])
 6 SYSTEMPATH\CodeIgniter.php(933): App\Controllers\Home->index()
 7 SYSTEMPATH\CodeIgniter.php(507): CodeIgniter\CodeIgniter->runController(Object(App\Controllers\Home))
 8 SYSTEMPATH\CodeIgniter.php(354): CodeIgniter\CodeIgniter->handleRequest(null, Object(Config\Cache), false)
 9 SYSTEMPATH\Boot.php(334): CodeIgniter\CodeIgniter->run()
10 SYSTEMPATH\Boot.php(67): CodeIgniter\Boot::runCodeIgniter(Object(CodeIgniter\CodeIgniter))
11 FCPATH\index.php(46): CodeIgniter\Boot::bootWeb(Object(Config\Paths))
DEBUG - 2025-09-19 11:12:31 --> Session: Class initialized using 'CodeIgniter\Session\Handlers\FileHandler' driver.
DEBUG - 2025-09-19 11:12:37 --> Session: Class initialized using 'CodeIgniter\Session\Handlers\FileHandler' driver.
DEBUG - 2025-09-19 11:12:39 --> Session: Class initialized using 'CodeIgniter\Session\Handlers\FileHandler' driver.
DEBUG - 2025-09-19 11:12:46 --> Session: Class initialized using 'CodeIgniter\Session\Handlers\FileHandler' driver.
DEBUG - 2025-09-19 11:12:48 --> Session: Class initialized using 'CodeIgniter\Session\Handlers\FileHandler' driver.
CRITICAL - 2025-09-19 11:12:48 --> ErrorException: Undefined array key "invoice_number"
[Method: GET, Route: pharmacy/dashboard]
in APPPATH\Views\pharmacy\dashboard\index.php on line 95.
 1 APPPATH\Views\pharmacy\dashboard\index.php(95): CodeIgniter\Debug\Exceptions->errorHandler(2, 'Undefined array key "invoice_number"', 'C:\\xampp\\htdocs\\hms_ram\\app\\Views\\pharmacy\\dashboard\\index.php', 95)
 2 SYSTEMPATH\View\View.php(224): include('C:\\xampp\\htdocs\\hms_ram\\app\\Views\\pharmacy\\dashboard\\index.php')
 3 SYSTEMPATH\View\View.php(227): CodeIgniter\View\View->CodeIgniter\View\{closure}()
 4 SYSTEMPATH\Common.php(1173): CodeIgniter\View\View->render('pharmacy/dashboard/index', [], true)
 5 APPPATH\Controllers\Pharmacy\Dashboard.php(124): view('pharmacy/dashboard/index', [...])
 6 SYSTEMPATH\CodeIgniter.php(933): App\Controllers\Pharmacy\Dashboard->index()
 7 SYSTEMPATH\CodeIgniter.php(507): CodeIgniter\CodeIgniter->runController(Object(App\Controllers\Pharmacy\Dashboard))
 8 SYSTEMPATH\CodeIgniter.php(354): CodeIgniter\CodeIgniter->handleRequest(null, Object(Config\Cache), false)
 9 SYSTEMPATH\Boot.php(334): CodeIgniter\CodeIgniter->run()
10 SYSTEMPATH\Boot.php(67): CodeIgniter\Boot::runCodeIgniter(Object(CodeIgniter\CodeIgniter))
11 FCPATH\index.php(46): CodeIgniter\Boot::bootWeb(Object(Config\Paths))
DEBUG - 2025-09-19 11:14:17 --> Session: Class initialized using 'CodeIgniter\Session\Handlers\FileHandler' driver.
DEBUG - 2025-09-19 11:14:20 --> Session: Class initialized using 'CodeIgniter\Session\Handlers\FileHandler' driver.
DEBUG - 2025-09-19 11:14:23 --> Session: Class initialized using 'CodeIgniter\Session\Handlers\FileHandler' driver.
DEBUG - 2025-09-19 11:14:28 --> Session: Class initialized using 'CodeIgniter\Session\Handlers\FileHandler' driver.
DEBUG - 2025-09-19 11:15:17 --> Session: Class initialized using 'CodeIgniter\Session\Handlers\FileHandler' driver.
DEBUG - 2025-09-19 11:15:54 --> Session: Class initialized using 'CodeIgniter\Session\Handlers\FileHandler' driver.
DEBUG - 2025-09-19 11:15:56 --> Session: Class initialized using 'CodeIgniter\Session\Handlers\FileHandler' driver.
DEBUG - 2025-09-19 11:15:58 --> Session: Class initialized using 'CodeIgniter\Session\Handlers\FileHandler' driver.
DEBUG - 2025-09-19 11:15:59 --> Session: Class initialized using 'CodeIgniter\Session\Handlers\FileHandler' driver.
DEBUG - 2025-09-19 11:16:01 --> Session: Class initialized using 'CodeIgniter\Session\Handlers\FileHandler' driver.
DEBUG - 2025-09-19 11:17:06 --> Session: Class initialized using 'CodeIgniter\Session\Handlers\FileHandler' driver.
