DEBUG - 2025-10-01 03:52:50 --> Session: Class initialized using 'CodeIgniter\Session\Handlers\FileHandler' driver.
DEBUG - 2025-10-01 03:52:50 --> Session: Class initialized using 'CodeIgniter\Session\Handlers\FileHandler' driver.
DEBUG - 2025-10-01 03:52:52 --> Session: Class initialized using 'CodeIgniter\Session\Handlers\FileHandler' driver.
DEBUG - 2025-10-01 03:52:52 --> Session: Class initialized using 'CodeIgniter\Session\Handlers\FileHandler' driver.
DEBUG - 2025-10-01 03:52:52 --> Session: Class initialized using 'CodeIgniter\Session\Handlers\FileHandler' driver.
DEBUG - 2025-10-01 03:52:52 --> Session: Class initialized using 'CodeIgniter\Session\Handlers\FileHandler' driver.
DEBUG - 2025-10-01 03:52:55 --> Session: Class initialized using 'CodeIgniter\Session\Handlers\FileHandler' driver.
DEBUG - 2025-10-01 03:52:55 --> Session: Class initialized using 'CodeIgniter\Session\Handlers\FileHandler' driver.
DEBUG - 2025-10-01 03:52:58 --> Session: Class initialized using 'CodeIgniter\Session\Handlers\FileHandler' driver.
DEBUG - 2025-10-01 03:52:58 --> Session: Class initialized using 'CodeIgniter\Session\Handlers\FileHandler' driver.
CRITICAL - 2025-10-01 03:53:00 --> ErrorException: unlink(C:\xampp\htdocs\hms_ram\writable\debugbar/debugbar_1759148617.995871.json): No such file or directory
[Method: GET, Route: /]
in SYSTEMPATH\Debug\Toolbar\Collectors\History.php on line 82.
 1 [internal function]: CodeIgniter\Debug\Exceptions->errorHandler(2, 'unlink(C:\\xampp\\htdocs\\hms_ram\\writable\\debugbar/debugbar_1759148617.995871.json): No such file or directory', 'C:\\xampp\\htdocs\\hms_ram\\system\\Debug\\Toolbar\\Collectors\\History.php', 82)
 2 SYSTEMPATH\Debug\Toolbar\Collectors\History.php(82): unlink('C:\\xampp\\htdocs\\hms_ram\\writable\\debugbar/debugbar_1759148617.995871.json')
 3 SYSTEMPATH\Debug\Toolbar.php(517): CodeIgniter\Debug\Toolbar\Collectors\History->setFiles('1759290772.295557', 20)
 4 SYSTEMPATH\Debug\Toolbar.php(496): CodeIgniter\Debug\Toolbar->format([...], 'html')
 5 APPPATH\Config\Events.php(47): CodeIgniter\Debug\Toolbar->respond()
 6 SYSTEMPATH\Events\Events.php(155): CodeIgniter\Events\Events::Config\{closure}()
 7 SYSTEMPATH\CodeIgniter.php(339): CodeIgniter\Events\Events::trigger('pre_system')
 8 SYSTEMPATH\Boot.php(334): CodeIgniter\CodeIgniter->run()
 9 SYSTEMPATH\Boot.php(67): CodeIgniter\Boot::runCodeIgniter(Object(CodeIgniter\CodeIgniter))
10 FCPATH\index.php(46): CodeIgniter\Boot::bootWeb(Object(Config\Paths))
CRITICAL - 2025-10-01 03:53:00 --> ErrorException: unlink(C:\xampp\htdocs\hms_ram\writable\debugbar/debugbar_1759148617.995871.json): No such file or directory
[Method: GET, Route: /]
in SYSTEMPATH\Debug\Toolbar\Collectors\History.php on line 82.
 1 [internal function]: CodeIgniter\Debug\Exceptions->errorHandler(2, 'unlink(C:\\xampp\\htdocs\\hms_ram\\writable\\debugbar/debugbar_1759148617.995871.json): No such file or directory', 'C:\\xampp\\htdocs\\hms_ram\\system\\Debug\\Toolbar\\Collectors\\History.php', 82)
 2 SYSTEMPATH\Debug\Toolbar\Collectors\History.php(82): unlink('C:\\xampp\\htdocs\\hms_ram\\writable\\debugbar/debugbar_1759148617.995871.json')
 3 SYSTEMPATH\Debug\Toolbar.php(517): CodeIgniter\Debug\Toolbar\Collectors\History->setFiles('1759290775.641743', 20)
 4 SYSTEMPATH\Debug\Toolbar.php(496): CodeIgniter\Debug\Toolbar->format([...], 'html')
 5 APPPATH\Config\Events.php(47): CodeIgniter\Debug\Toolbar->respond()
 6 SYSTEMPATH\Events\Events.php(155): CodeIgniter\Events\Events::Config\{closure}()
 7 SYSTEMPATH\CodeIgniter.php(339): CodeIgniter\Events\Events::trigger('pre_system')
 8 SYSTEMPATH\Boot.php(334): CodeIgniter\CodeIgniter->run()
 9 SYSTEMPATH\Boot.php(67): CodeIgniter\Boot::runCodeIgniter(Object(CodeIgniter\CodeIgniter))
10 FCPATH\index.php(46): CodeIgniter\Boot::bootWeb(Object(Config\Paths))
DEBUG - 2025-10-01 03:54:53 --> Session: Class initialized using 'CodeIgniter\Session\Handlers\FileHandler' driver.
DEBUG - 2025-10-01 03:54:53 --> Session: Class initialized using 'CodeIgniter\Session\Handlers\FileHandler' driver.
DEBUG - 2025-10-01 03:54:59 --> Session: Class initialized using 'CodeIgniter\Session\Handlers\FileHandler' driver.
DEBUG - 2025-10-01 03:55:02 --> Session: Class initialized using 'CodeIgniter\Session\Handlers\FileHandler' driver.
DEBUG - 2025-10-01 03:55:04 --> Session: Class initialized using 'CodeIgniter\Session\Handlers\FileHandler' driver.
DEBUG - 2025-10-01 03:55:07 --> Session: Class initialized using 'CodeIgniter\Session\Handlers\FileHandler' driver.
DEBUG - 2025-10-01 03:55:08 --> Session: Class initialized using 'CodeIgniter\Session\Handlers\FileHandler' driver.
DEBUG - 2025-10-01 03:55:34 --> Session: Class initialized using 'CodeIgniter\Session\Handlers\FileHandler' driver.
DEBUG - 2025-10-01 03:55:34 --> Session: Class initialized using 'CodeIgniter\Session\Handlers\FileHandler' driver.
DEBUG - 2025-10-01 03:55:37 --> Session: Class initialized using 'CodeIgniter\Session\Handlers\FileHandler' driver.
DEBUG - 2025-10-01 03:55:37 --> Session: Class initialized using 'CodeIgniter\Session\Handlers\FileHandler' driver.
DEBUG - 2025-10-01 03:55:43 --> Session: Class initialized using 'CodeIgniter\Session\Handlers\FileHandler' driver.
DEBUG - 2025-10-01 03:55:43 --> Session: Class initialized using 'CodeIgniter\Session\Handlers\FileHandler' driver.
DEBUG - 2025-10-01 06:15:06 --> Session: Class initialized using 'CodeIgniter\Session\Handlers\FileHandler' driver.
DEBUG - 2025-10-01 06:15:07 --> Session: Class initialized using 'CodeIgniter\Session\Handlers\FileHandler' driver.
DEBUG - 2025-10-01 06:15:11 --> Session: Class initialized using 'CodeIgniter\Session\Handlers\FileHandler' driver.
DEBUG - 2025-10-01 06:15:11 --> Session: Class initialized using 'CodeIgniter\Session\Handlers\FileHandler' driver.
DEBUG - 2025-10-01 06:15:12 --> Session: Class initialized using 'CodeIgniter\Session\Handlers\FileHandler' driver.
DEBUG - 2025-10-01 06:15:13 --> Session: Class initialized using 'CodeIgniter\Session\Handlers\FileHandler' driver.
DEBUG - 2025-10-01 06:15:16 --> Session: Class initialized using 'CodeIgniter\Session\Handlers\FileHandler' driver.
DEBUG - 2025-10-01 06:15:16 --> Session: Class initialized using 'CodeIgniter\Session\Handlers\FileHandler' driver.
DEBUG - 2025-10-01 06:15:21 --> Session: Class initialized using 'CodeIgniter\Session\Handlers\FileHandler' driver.
DEBUG - 2025-10-01 06:15:36 --> Session: Class initialized using 'CodeIgniter\Session\Handlers\FileHandler' driver.
WARNING - 2025-10-01 06:15:36 --> [DEPRECATED] Constant FILTER_SANITIZE_STRING is deprecated in APPPATH\Controllers\Staff\Attendance.php on line 43.
 1 SYSTEMPATH\CodeIgniter.php(933): App\Controllers\Staff\Attendance->index()
 2 SYSTEMPATH\CodeIgniter.php(507): CodeIgniter\CodeIgniter->runController(Object(App\Controllers\Staff\Attendance))
 3 SYSTEMPATH\CodeIgniter.php(354): CodeIgniter\CodeIgniter->handleRequest(null, Object(Config\Cache), false)
 4 SYSTEMPATH\Boot.php(334): CodeIgniter\CodeIgniter->run()
 5 SYSTEMPATH\Boot.php(67): CodeIgniter\Boot::runCodeIgniter(Object(CodeIgniter\CodeIgniter))
 6 FCPATH\index.php(46): CodeIgniter\Boot::bootWeb(Object(Config\Paths))
WARNING - 2025-10-01 06:15:36 --> [DEPRECATED] Constant FILTER_SANITIZE_STRING is deprecated in APPPATH\Controllers\Staff\Attendance.php on line 44.
 1 SYSTEMPATH\CodeIgniter.php(933): App\Controllers\Staff\Attendance->index()
 2 SYSTEMPATH\CodeIgniter.php(507): CodeIgniter\CodeIgniter->runController(Object(App\Controllers\Staff\Attendance))
 3 SYSTEMPATH\CodeIgniter.php(354): CodeIgniter\CodeIgniter->handleRequest(null, Object(Config\Cache), false)
 4 SYSTEMPATH\Boot.php(334): CodeIgniter\CodeIgniter->run()
 5 SYSTEMPATH\Boot.php(67): CodeIgniter\Boot::runCodeIgniter(Object(CodeIgniter\CodeIgniter))
 6 FCPATH\index.php(46): CodeIgniter\Boot::bootWeb(Object(Config\Paths))
WARNING - 2025-10-01 06:15:36 --> [DEPRECATED] Constant FILTER_SANITIZE_STRING is deprecated in APPPATH\Controllers\Staff\Attendance.php on line 45.
 1 SYSTEMPATH\CodeIgniter.php(933): App\Controllers\Staff\Attendance->index()
 2 SYSTEMPATH\CodeIgniter.php(507): CodeIgniter\CodeIgniter->runController(Object(App\Controllers\Staff\Attendance))
 3 SYSTEMPATH\CodeIgniter.php(354): CodeIgniter\CodeIgniter->handleRequest(null, Object(Config\Cache), false)
 4 SYSTEMPATH\Boot.php(334): CodeIgniter\CodeIgniter->run()
 5 SYSTEMPATH\Boot.php(67): CodeIgniter\Boot::runCodeIgniter(Object(CodeIgniter\CodeIgniter))
 6 FCPATH\index.php(46): CodeIgniter\Boot::bootWeb(Object(Config\Paths))
DEBUG - 2025-10-01 06:15:52 --> Session: Class initialized using 'CodeIgniter\Session\Handlers\FileHandler' driver.
WARNING - 2025-10-01 06:15:52 --> [DEPRECATED] Constant FILTER_SANITIZE_STRING is deprecated in APPPATH\Controllers\Staff\Attendance.php on line 43.
 1 SYSTEMPATH\CodeIgniter.php(933): App\Controllers\Staff\Attendance->index()
 2 SYSTEMPATH\CodeIgniter.php(507): CodeIgniter\CodeIgniter->runController(Object(App\Controllers\Staff\Attendance))
 3 SYSTEMPATH\CodeIgniter.php(354): CodeIgniter\CodeIgniter->handleRequest(null, Object(Config\Cache), false)
 4 SYSTEMPATH\Boot.php(334): CodeIgniter\CodeIgniter->run()
 5 SYSTEMPATH\Boot.php(67): CodeIgniter\Boot::runCodeIgniter(Object(CodeIgniter\CodeIgniter))
 6 FCPATH\index.php(46): CodeIgniter\Boot::bootWeb(Object(Config\Paths))
WARNING - 2025-10-01 06:15:52 --> [DEPRECATED] Constant FILTER_SANITIZE_STRING is deprecated in APPPATH\Controllers\Staff\Attendance.php on line 44.
 1 SYSTEMPATH\CodeIgniter.php(933): App\Controllers\Staff\Attendance->index()
 2 SYSTEMPATH\CodeIgniter.php(507): CodeIgniter\CodeIgniter->runController(Object(App\Controllers\Staff\Attendance))
 3 SYSTEMPATH\CodeIgniter.php(354): CodeIgniter\CodeIgniter->handleRequest(null, Object(Config\Cache), false)
 4 SYSTEMPATH\Boot.php(334): CodeIgniter\CodeIgniter->run()
 5 SYSTEMPATH\Boot.php(67): CodeIgniter\Boot::runCodeIgniter(Object(CodeIgniter\CodeIgniter))
 6 FCPATH\index.php(46): CodeIgniter\Boot::bootWeb(Object(Config\Paths))
WARNING - 2025-10-01 06:15:52 --> [DEPRECATED] Constant FILTER_SANITIZE_STRING is deprecated in APPPATH\Controllers\Staff\Attendance.php on line 45.
 1 SYSTEMPATH\CodeIgniter.php(933): App\Controllers\Staff\Attendance->index()
 2 SYSTEMPATH\CodeIgniter.php(507): CodeIgniter\CodeIgniter->runController(Object(App\Controllers\Staff\Attendance))
 3 SYSTEMPATH\CodeIgniter.php(354): CodeIgniter\CodeIgniter->handleRequest(null, Object(Config\Cache), false)
 4 SYSTEMPATH\Boot.php(334): CodeIgniter\CodeIgniter->run()
 5 SYSTEMPATH\Boot.php(67): CodeIgniter\Boot::runCodeIgniter(Object(CodeIgniter\CodeIgniter))
 6 FCPATH\index.php(46): CodeIgniter\Boot::bootWeb(Object(Config\Paths))
DEBUG - 2025-10-01 06:15:54 --> Session: Class initialized using 'CodeIgniter\Session\Handlers\FileHandler' driver.
WARNING - 2025-10-01 06:15:54 --> [DEPRECATED] Constant FILTER_SANITIZE_STRING is deprecated in APPPATH\Controllers\Staff\Attendance.php on line 43.
 1 SYSTEMPATH\CodeIgniter.php(933): App\Controllers\Staff\Attendance->index()
 2 SYSTEMPATH\CodeIgniter.php(507): CodeIgniter\CodeIgniter->runController(Object(App\Controllers\Staff\Attendance))
 3 SYSTEMPATH\CodeIgniter.php(354): CodeIgniter\CodeIgniter->handleRequest(null, Object(Config\Cache), false)
 4 SYSTEMPATH\Boot.php(334): CodeIgniter\CodeIgniter->run()
 5 SYSTEMPATH\Boot.php(67): CodeIgniter\Boot::runCodeIgniter(Object(CodeIgniter\CodeIgniter))
 6 FCPATH\index.php(46): CodeIgniter\Boot::bootWeb(Object(Config\Paths))
WARNING - 2025-10-01 06:15:54 --> [DEPRECATED] Constant FILTER_SANITIZE_STRING is deprecated in APPPATH\Controllers\Staff\Attendance.php on line 44.
 1 SYSTEMPATH\CodeIgniter.php(933): App\Controllers\Staff\Attendance->index()
 2 SYSTEMPATH\CodeIgniter.php(507): CodeIgniter\CodeIgniter->runController(Object(App\Controllers\Staff\Attendance))
 3 SYSTEMPATH\CodeIgniter.php(354): CodeIgniter\CodeIgniter->handleRequest(null, Object(Config\Cache), false)
 4 SYSTEMPATH\Boot.php(334): CodeIgniter\CodeIgniter->run()
 5 SYSTEMPATH\Boot.php(67): CodeIgniter\Boot::runCodeIgniter(Object(CodeIgniter\CodeIgniter))
 6 FCPATH\index.php(46): CodeIgniter\Boot::bootWeb(Object(Config\Paths))
WARNING - 2025-10-01 06:15:54 --> [DEPRECATED] Constant FILTER_SANITIZE_STRING is deprecated in APPPATH\Controllers\Staff\Attendance.php on line 45.
 1 SYSTEMPATH\CodeIgniter.php(933): App\Controllers\Staff\Attendance->index()
 2 SYSTEMPATH\CodeIgniter.php(507): CodeIgniter\CodeIgniter->runController(Object(App\Controllers\Staff\Attendance))
 3 SYSTEMPATH\CodeIgniter.php(354): CodeIgniter\CodeIgniter->handleRequest(null, Object(Config\Cache), false)
 4 SYSTEMPATH\Boot.php(334): CodeIgniter\CodeIgniter->run()
 5 SYSTEMPATH\Boot.php(67): CodeIgniter\Boot::runCodeIgniter(Object(CodeIgniter\CodeIgniter))
 6 FCPATH\index.php(46): CodeIgniter\Boot::bootWeb(Object(Config\Paths))
DEBUG - 2025-10-01 06:16:51 --> Session: Class initialized using 'CodeIgniter\Session\Handlers\FileHandler' driver.
WARNING - 2025-10-01 06:16:51 --> [DEPRECATED] Constant FILTER_SANITIZE_STRING is deprecated in APPPATH\Controllers\Staff\Attendance.php on line 43.
 1 SYSTEMPATH\CodeIgniter.php(933): App\Controllers\Staff\Attendance->index()
 2 SYSTEMPATH\CodeIgniter.php(507): CodeIgniter\CodeIgniter->runController(Object(App\Controllers\Staff\Attendance))
 3 SYSTEMPATH\CodeIgniter.php(354): CodeIgniter\CodeIgniter->handleRequest(null, Object(Config\Cache), false)
 4 SYSTEMPATH\Boot.php(334): CodeIgniter\CodeIgniter->run()
 5 SYSTEMPATH\Boot.php(67): CodeIgniter\Boot::runCodeIgniter(Object(CodeIgniter\CodeIgniter))
 6 FCPATH\index.php(46): CodeIgniter\Boot::bootWeb(Object(Config\Paths))
WARNING - 2025-10-01 06:16:51 --> [DEPRECATED] Constant FILTER_SANITIZE_STRING is deprecated in APPPATH\Controllers\Staff\Attendance.php on line 44.
 1 SYSTEMPATH\CodeIgniter.php(933): App\Controllers\Staff\Attendance->index()
 2 SYSTEMPATH\CodeIgniter.php(507): CodeIgniter\CodeIgniter->runController(Object(App\Controllers\Staff\Attendance))
 3 SYSTEMPATH\CodeIgniter.php(354): CodeIgniter\CodeIgniter->handleRequest(null, Object(Config\Cache), false)
 4 SYSTEMPATH\Boot.php(334): CodeIgniter\CodeIgniter->run()
 5 SYSTEMPATH\Boot.php(67): CodeIgniter\Boot::runCodeIgniter(Object(CodeIgniter\CodeIgniter))
 6 FCPATH\index.php(46): CodeIgniter\Boot::bootWeb(Object(Config\Paths))
WARNING - 2025-10-01 06:16:51 --> [DEPRECATED] Constant FILTER_SANITIZE_STRING is deprecated in APPPATH\Controllers\Staff\Attendance.php on line 45.
 1 SYSTEMPATH\CodeIgniter.php(933): App\Controllers\Staff\Attendance->index()
 2 SYSTEMPATH\CodeIgniter.php(507): CodeIgniter\CodeIgniter->runController(Object(App\Controllers\Staff\Attendance))
 3 SYSTEMPATH\CodeIgniter.php(354): CodeIgniter\CodeIgniter->handleRequest(null, Object(Config\Cache), false)
 4 SYSTEMPATH\Boot.php(334): CodeIgniter\CodeIgniter->run()
 5 SYSTEMPATH\Boot.php(67): CodeIgniter\Boot::runCodeIgniter(Object(CodeIgniter\CodeIgniter))
 6 FCPATH\index.php(46): CodeIgniter\Boot::bootWeb(Object(Config\Paths))
DEBUG - 2025-10-01 06:17:08 --> Session: Class initialized using 'CodeIgniter\Session\Handlers\FileHandler' driver.
DEBUG - 2025-10-01 06:17:08 --> Session: Class initialized using 'CodeIgniter\Session\Handlers\FileHandler' driver.
DEBUG - 2025-10-01 06:17:20 --> Session: Class initialized using 'CodeIgniter\Session\Handlers\FileHandler' driver.
DEBUG - 2025-10-01 06:17:20 --> Session: Class initialized using 'CodeIgniter\Session\Handlers\FileHandler' driver.
DEBUG - 2025-10-01 06:17:42 --> Session: Class initialized using 'CodeIgniter\Session\Handlers\FileHandler' driver.
DEBUG - 2025-10-01 06:17:42 --> Session: Class initialized using 'CodeIgniter\Session\Handlers\FileHandler' driver.
DEBUG - 2025-10-01 06:18:17 --> Session: Class initialized using 'CodeIgniter\Session\Handlers\FileHandler' driver.
DEBUG - 2025-10-01 06:18:53 --> Session: Class initialized using 'CodeIgniter\Session\Handlers\FileHandler' driver.
DEBUG - 2025-10-01 06:18:54 --> Session: Class initialized using 'CodeIgniter\Session\Handlers\FileHandler' driver.
DEBUG - 2025-10-01 06:18:56 --> Session: Class initialized using 'CodeIgniter\Session\Handlers\FileHandler' driver.
DEBUG - 2025-10-01 06:18:57 --> Session: Class initialized using 'CodeIgniter\Session\Handlers\FileHandler' driver.
DEBUG - 2025-10-01 06:19:19 --> Session: Class initialized using 'CodeIgniter\Session\Handlers\FileHandler' driver.
DEBUG - 2025-10-01 06:20:47 --> Session: Class initialized using 'CodeIgniter\Session\Handlers\FileHandler' driver.
WARNING - 2025-10-01 06:20:47 --> [DEPRECATED] Constant FILTER_SANITIZE_STRING is deprecated in APPPATH\Controllers\Staff\Attendance.php on line 43.
 1 SYSTEMPATH\CodeIgniter.php(933): App\Controllers\Staff\Attendance->index()
 2 SYSTEMPATH\CodeIgniter.php(507): CodeIgniter\CodeIgniter->runController(Object(App\Controllers\Staff\Attendance))
 3 SYSTEMPATH\CodeIgniter.php(354): CodeIgniter\CodeIgniter->handleRequest(null, Object(Config\Cache), false)
 4 SYSTEMPATH\Boot.php(334): CodeIgniter\CodeIgniter->run()
 5 SYSTEMPATH\Boot.php(67): CodeIgniter\Boot::runCodeIgniter(Object(CodeIgniter\CodeIgniter))
 6 FCPATH\index.php(46): CodeIgniter\Boot::bootWeb(Object(Config\Paths))
WARNING - 2025-10-01 06:20:47 --> [DEPRECATED] Constant FILTER_SANITIZE_STRING is deprecated in APPPATH\Controllers\Staff\Attendance.php on line 44.
 1 SYSTEMPATH\CodeIgniter.php(933): App\Controllers\Staff\Attendance->index()
 2 SYSTEMPATH\CodeIgniter.php(507): CodeIgniter\CodeIgniter->runController(Object(App\Controllers\Staff\Attendance))
 3 SYSTEMPATH\CodeIgniter.php(354): CodeIgniter\CodeIgniter->handleRequest(null, Object(Config\Cache), false)
 4 SYSTEMPATH\Boot.php(334): CodeIgniter\CodeIgniter->run()
 5 SYSTEMPATH\Boot.php(67): CodeIgniter\Boot::runCodeIgniter(Object(CodeIgniter\CodeIgniter))
 6 FCPATH\index.php(46): CodeIgniter\Boot::bootWeb(Object(Config\Paths))
WARNING - 2025-10-01 06:20:47 --> [DEPRECATED] Constant FILTER_SANITIZE_STRING is deprecated in APPPATH\Controllers\Staff\Attendance.php on line 45.
 1 SYSTEMPATH\CodeIgniter.php(933): App\Controllers\Staff\Attendance->index()
 2 SYSTEMPATH\CodeIgniter.php(507): CodeIgniter\CodeIgniter->runController(Object(App\Controllers\Staff\Attendance))
 3 SYSTEMPATH\CodeIgniter.php(354): CodeIgniter\CodeIgniter->handleRequest(null, Object(Config\Cache), false)
 4 SYSTEMPATH\Boot.php(334): CodeIgniter\CodeIgniter->run()
 5 SYSTEMPATH\Boot.php(67): CodeIgniter\Boot::runCodeIgniter(Object(CodeIgniter\CodeIgniter))
 6 FCPATH\index.php(46): CodeIgniter\Boot::bootWeb(Object(Config\Paths))
DEBUG - 2025-10-01 09:29:14 --> Session: Class initialized using 'CodeIgniter\Session\Handlers\FileHandler' driver.
DEBUG - 2025-10-01 09:29:15 --> Session: Class initialized using 'CodeIgniter\Session\Handlers\FileHandler' driver.
DEBUG - 2025-10-01 09:29:17 --> Session: Class initialized using 'CodeIgniter\Session\Handlers\FileHandler' driver.
DEBUG - 2025-10-01 09:29:17 --> Session: Class initialized using 'CodeIgniter\Session\Handlers\FileHandler' driver.
DEBUG - 2025-10-01 09:29:21 --> Session: Class initialized using 'CodeIgniter\Session\Handlers\FileHandler' driver.
WARNING - 2025-10-01 09:29:21 --> [DEPRECATED] Constant FILTER_SANITIZE_STRING is deprecated in APPPATH\Controllers\Staff\Attendance.php on line 43.
 1 SYSTEMPATH\CodeIgniter.php(933): App\Controllers\Staff\Attendance->index()
 2 SYSTEMPATH\CodeIgniter.php(507): CodeIgniter\CodeIgniter->runController(Object(App\Controllers\Staff\Attendance))
 3 SYSTEMPATH\CodeIgniter.php(354): CodeIgniter\CodeIgniter->handleRequest(null, Object(Config\Cache), false)
 4 SYSTEMPATH\Boot.php(334): CodeIgniter\CodeIgniter->run()
 5 SYSTEMPATH\Boot.php(67): CodeIgniter\Boot::runCodeIgniter(Object(CodeIgniter\CodeIgniter))
 6 FCPATH\index.php(46): CodeIgniter\Boot::bootWeb(Object(Config\Paths))
WARNING - 2025-10-01 09:29:21 --> [DEPRECATED] Constant FILTER_SANITIZE_STRING is deprecated in APPPATH\Controllers\Staff\Attendance.php on line 44.
 1 SYSTEMPATH\CodeIgniter.php(933): App\Controllers\Staff\Attendance->index()
 2 SYSTEMPATH\CodeIgniter.php(507): CodeIgniter\CodeIgniter->runController(Object(App\Controllers\Staff\Attendance))
 3 SYSTEMPATH\CodeIgniter.php(354): CodeIgniter\CodeIgniter->handleRequest(null, Object(Config\Cache), false)
 4 SYSTEMPATH\Boot.php(334): CodeIgniter\CodeIgniter->run()
 5 SYSTEMPATH\Boot.php(67): CodeIgniter\Boot::runCodeIgniter(Object(CodeIgniter\CodeIgniter))
 6 FCPATH\index.php(46): CodeIgniter\Boot::bootWeb(Object(Config\Paths))
WARNING - 2025-10-01 09:29:21 --> [DEPRECATED] Constant FILTER_SANITIZE_STRING is deprecated in APPPATH\Controllers\Staff\Attendance.php on line 45.
 1 SYSTEMPATH\CodeIgniter.php(933): App\Controllers\Staff\Attendance->index()
 2 SYSTEMPATH\CodeIgniter.php(507): CodeIgniter\CodeIgniter->runController(Object(App\Controllers\Staff\Attendance))
 3 SYSTEMPATH\CodeIgniter.php(354): CodeIgniter\CodeIgniter->handleRequest(null, Object(Config\Cache), false)
 4 SYSTEMPATH\Boot.php(334): CodeIgniter\CodeIgniter->run()
 5 SYSTEMPATH\Boot.php(67): CodeIgniter\Boot::runCodeIgniter(Object(CodeIgniter\CodeIgniter))
 6 FCPATH\index.php(46): CodeIgniter\Boot::bootWeb(Object(Config\Paths))
DEBUG - 2025-10-01 09:34:23 --> Session: Class initialized using 'CodeIgniter\Session\Handlers\FileHandler' driver.
WARNING - 2025-10-01 09:34:23 --> [DEPRECATED] Constant FILTER_SANITIZE_STRING is deprecated in APPPATH\Controllers\Staff\Attendance.php on line 43.
 1 SYSTEMPATH\CodeIgniter.php(933): App\Controllers\Staff\Attendance->index()
 2 SYSTEMPATH\CodeIgniter.php(507): CodeIgniter\CodeIgniter->runController(Object(App\Controllers\Staff\Attendance))
 3 SYSTEMPATH\CodeIgniter.php(354): CodeIgniter\CodeIgniter->handleRequest(null, Object(Config\Cache), false)
 4 SYSTEMPATH\Boot.php(334): CodeIgniter\CodeIgniter->run()
 5 SYSTEMPATH\Boot.php(67): CodeIgniter\Boot::runCodeIgniter(Object(CodeIgniter\CodeIgniter))
 6 FCPATH\index.php(46): CodeIgniter\Boot::bootWeb(Object(Config\Paths))
WARNING - 2025-10-01 09:34:23 --> [DEPRECATED] Constant FILTER_SANITIZE_STRING is deprecated in APPPATH\Controllers\Staff\Attendance.php on line 44.
 1 SYSTEMPATH\CodeIgniter.php(933): App\Controllers\Staff\Attendance->index()
 2 SYSTEMPATH\CodeIgniter.php(507): CodeIgniter\CodeIgniter->runController(Object(App\Controllers\Staff\Attendance))
 3 SYSTEMPATH\CodeIgniter.php(354): CodeIgniter\CodeIgniter->handleRequest(null, Object(Config\Cache), false)
 4 SYSTEMPATH\Boot.php(334): CodeIgniter\CodeIgniter->run()
 5 SYSTEMPATH\Boot.php(67): CodeIgniter\Boot::runCodeIgniter(Object(CodeIgniter\CodeIgniter))
 6 FCPATH\index.php(46): CodeIgniter\Boot::bootWeb(Object(Config\Paths))
WARNING - 2025-10-01 09:34:23 --> [DEPRECATED] Constant FILTER_SANITIZE_STRING is deprecated in APPPATH\Controllers\Staff\Attendance.php on line 45.
 1 SYSTEMPATH\CodeIgniter.php(933): App\Controllers\Staff\Attendance->index()
 2 SYSTEMPATH\CodeIgniter.php(507): CodeIgniter\CodeIgniter->runController(Object(App\Controllers\Staff\Attendance))
 3 SYSTEMPATH\CodeIgniter.php(354): CodeIgniter\CodeIgniter->handleRequest(null, Object(Config\Cache), false)
 4 SYSTEMPATH\Boot.php(334): CodeIgniter\CodeIgniter->run()
 5 SYSTEMPATH\Boot.php(67): CodeIgniter\Boot::runCodeIgniter(Object(CodeIgniter\CodeIgniter))
 6 FCPATH\index.php(46): CodeIgniter\Boot::bootWeb(Object(Config\Paths))
DEBUG - 2025-10-01 09:34:26 --> Session: Class initialized using 'CodeIgniter\Session\Handlers\FileHandler' driver.
WARNING - 2025-10-01 09:34:26 --> [DEPRECATED] Constant FILTER_SANITIZE_STRING is deprecated in APPPATH\Controllers\Staff\Attendance.php on line 43.
 1 SYSTEMPATH\CodeIgniter.php(933): App\Controllers\Staff\Attendance->index()
 2 SYSTEMPATH\CodeIgniter.php(507): CodeIgniter\CodeIgniter->runController(Object(App\Controllers\Staff\Attendance))
 3 SYSTEMPATH\CodeIgniter.php(354): CodeIgniter\CodeIgniter->handleRequest(null, Object(Config\Cache), false)
 4 SYSTEMPATH\Boot.php(334): CodeIgniter\CodeIgniter->run()
 5 SYSTEMPATH\Boot.php(67): CodeIgniter\Boot::runCodeIgniter(Object(CodeIgniter\CodeIgniter))
 6 FCPATH\index.php(46): CodeIgniter\Boot::bootWeb(Object(Config\Paths))
WARNING - 2025-10-01 09:34:26 --> [DEPRECATED] Constant FILTER_SANITIZE_STRING is deprecated in APPPATH\Controllers\Staff\Attendance.php on line 44.
 1 SYSTEMPATH\CodeIgniter.php(933): App\Controllers\Staff\Attendance->index()
 2 SYSTEMPATH\CodeIgniter.php(507): CodeIgniter\CodeIgniter->runController(Object(App\Controllers\Staff\Attendance))
 3 SYSTEMPATH\CodeIgniter.php(354): CodeIgniter\CodeIgniter->handleRequest(null, Object(Config\Cache), false)
 4 SYSTEMPATH\Boot.php(334): CodeIgniter\CodeIgniter->run()
 5 SYSTEMPATH\Boot.php(67): CodeIgniter\Boot::runCodeIgniter(Object(CodeIgniter\CodeIgniter))
 6 FCPATH\index.php(46): CodeIgniter\Boot::bootWeb(Object(Config\Paths))
WARNING - 2025-10-01 09:34:26 --> [DEPRECATED] Constant FILTER_SANITIZE_STRING is deprecated in APPPATH\Controllers\Staff\Attendance.php on line 45.
 1 SYSTEMPATH\CodeIgniter.php(933): App\Controllers\Staff\Attendance->index()
 2 SYSTEMPATH\CodeIgniter.php(507): CodeIgniter\CodeIgniter->runController(Object(App\Controllers\Staff\Attendance))
 3 SYSTEMPATH\CodeIgniter.php(354): CodeIgniter\CodeIgniter->handleRequest(null, Object(Config\Cache), false)
 4 SYSTEMPATH\Boot.php(334): CodeIgniter\CodeIgniter->run()
 5 SYSTEMPATH\Boot.php(67): CodeIgniter\Boot::runCodeIgniter(Object(CodeIgniter\CodeIgniter))
 6 FCPATH\index.php(46): CodeIgniter\Boot::bootWeb(Object(Config\Paths))
DEBUG - 2025-10-01 09:42:42 --> Session: Class initialized using 'CodeIgniter\Session\Handlers\FileHandler' driver.
WARNING - 2025-10-01 09:42:42 --> [DEPRECATED] Constant FILTER_SANITIZE_STRING is deprecated in APPPATH\Controllers\Staff\Attendance.php on line 43.
 1 SYSTEMPATH\CodeIgniter.php(933): App\Controllers\Staff\Attendance->index()
 2 SYSTEMPATH\CodeIgniter.php(507): CodeIgniter\CodeIgniter->runController(Object(App\Controllers\Staff\Attendance))
 3 SYSTEMPATH\CodeIgniter.php(354): CodeIgniter\CodeIgniter->handleRequest(null, Object(Config\Cache), false)
 4 SYSTEMPATH\Boot.php(334): CodeIgniter\CodeIgniter->run()
 5 SYSTEMPATH\Boot.php(67): CodeIgniter\Boot::runCodeIgniter(Object(CodeIgniter\CodeIgniter))
 6 FCPATH\index.php(46): CodeIgniter\Boot::bootWeb(Object(Config\Paths))
WARNING - 2025-10-01 09:42:42 --> [DEPRECATED] Constant FILTER_SANITIZE_STRING is deprecated in APPPATH\Controllers\Staff\Attendance.php on line 44.
 1 SYSTEMPATH\CodeIgniter.php(933): App\Controllers\Staff\Attendance->index()
 2 SYSTEMPATH\CodeIgniter.php(507): CodeIgniter\CodeIgniter->runController(Object(App\Controllers\Staff\Attendance))
 3 SYSTEMPATH\CodeIgniter.php(354): CodeIgniter\CodeIgniter->handleRequest(null, Object(Config\Cache), false)
 4 SYSTEMPATH\Boot.php(334): CodeIgniter\CodeIgniter->run()
 5 SYSTEMPATH\Boot.php(67): CodeIgniter\Boot::runCodeIgniter(Object(CodeIgniter\CodeIgniter))
 6 FCPATH\index.php(46): CodeIgniter\Boot::bootWeb(Object(Config\Paths))
WARNING - 2025-10-01 09:42:42 --> [DEPRECATED] Constant FILTER_SANITIZE_STRING is deprecated in APPPATH\Controllers\Staff\Attendance.php on line 45.
 1 SYSTEMPATH\CodeIgniter.php(933): App\Controllers\Staff\Attendance->index()
 2 SYSTEMPATH\CodeIgniter.php(507): CodeIgniter\CodeIgniter->runController(Object(App\Controllers\Staff\Attendance))
 3 SYSTEMPATH\CodeIgniter.php(354): CodeIgniter\CodeIgniter->handleRequest(null, Object(Config\Cache), false)
 4 SYSTEMPATH\Boot.php(334): CodeIgniter\CodeIgniter->run()
 5 SYSTEMPATH\Boot.php(67): CodeIgniter\Boot::runCodeIgniter(Object(CodeIgniter\CodeIgniter))
 6 FCPATH\index.php(46): CodeIgniter\Boot::bootWeb(Object(Config\Paths))
DEBUG - 2025-10-01 09:42:45 --> Session: Class initialized using 'CodeIgniter\Session\Handlers\FileHandler' driver.
DEBUG - 2025-10-01 09:42:45 --> Session: Class initialized using 'CodeIgniter\Session\Handlers\FileHandler' driver.
DEBUG - 2025-10-01 09:42:46 --> Session: Class initialized using 'CodeIgniter\Session\Handlers\FileHandler' driver.
DEBUG - 2025-10-01 09:42:46 --> Session: Class initialized using 'CodeIgniter\Session\Handlers\FileHandler' driver.
DEBUG - 2025-10-01 09:42:52 --> Session: Class initialized using 'CodeIgniter\Session\Handlers\FileHandler' driver.
WARNING - 2025-10-01 09:42:52 --> [DEPRECATED] Constant FILTER_SANITIZE_STRING is deprecated in APPPATH\Controllers\Staff\Attendance.php on line 43.
 1 SYSTEMPATH\CodeIgniter.php(933): App\Controllers\Staff\Attendance->index()
 2 SYSTEMPATH\CodeIgniter.php(507): CodeIgniter\CodeIgniter->runController(Object(App\Controllers\Staff\Attendance))
 3 SYSTEMPATH\CodeIgniter.php(354): CodeIgniter\CodeIgniter->handleRequest(null, Object(Config\Cache), false)
 4 SYSTEMPATH\Boot.php(334): CodeIgniter\CodeIgniter->run()
 5 SYSTEMPATH\Boot.php(67): CodeIgniter\Boot::runCodeIgniter(Object(CodeIgniter\CodeIgniter))
 6 FCPATH\index.php(46): CodeIgniter\Boot::bootWeb(Object(Config\Paths))
WARNING - 2025-10-01 09:42:52 --> [DEPRECATED] Constant FILTER_SANITIZE_STRING is deprecated in APPPATH\Controllers\Staff\Attendance.php on line 44.
 1 SYSTEMPATH\CodeIgniter.php(933): App\Controllers\Staff\Attendance->index()
 2 SYSTEMPATH\CodeIgniter.php(507): CodeIgniter\CodeIgniter->runController(Object(App\Controllers\Staff\Attendance))
 3 SYSTEMPATH\CodeIgniter.php(354): CodeIgniter\CodeIgniter->handleRequest(null, Object(Config\Cache), false)
 4 SYSTEMPATH\Boot.php(334): CodeIgniter\CodeIgniter->run()
 5 SYSTEMPATH\Boot.php(67): CodeIgniter\Boot::runCodeIgniter(Object(CodeIgniter\CodeIgniter))
 6 FCPATH\index.php(46): CodeIgniter\Boot::bootWeb(Object(Config\Paths))
WARNING - 2025-10-01 09:42:52 --> [DEPRECATED] Constant FILTER_SANITIZE_STRING is deprecated in APPPATH\Controllers\Staff\Attendance.php on line 45.
 1 SYSTEMPATH\CodeIgniter.php(933): App\Controllers\Staff\Attendance->index()
 2 SYSTEMPATH\CodeIgniter.php(507): CodeIgniter\CodeIgniter->runController(Object(App\Controllers\Staff\Attendance))
 3 SYSTEMPATH\CodeIgniter.php(354): CodeIgniter\CodeIgniter->handleRequest(null, Object(Config\Cache), false)
 4 SYSTEMPATH\Boot.php(334): CodeIgniter\CodeIgniter->run()
 5 SYSTEMPATH\Boot.php(67): CodeIgniter\Boot::runCodeIgniter(Object(CodeIgniter\CodeIgniter))
 6 FCPATH\index.php(46): CodeIgniter\Boot::bootWeb(Object(Config\Paths))
DEBUG - 2025-10-01 09:43:19 --> Session: Class initialized using 'CodeIgniter\Session\Handlers\FileHandler' driver.
WARNING - 2025-10-01 09:43:19 --> [DEPRECATED] Constant FILTER_SANITIZE_STRING is deprecated in APPPATH\Controllers\Staff\Attendance.php on line 43.
 1 SYSTEMPATH\CodeIgniter.php(933): App\Controllers\Staff\Attendance->index()
 2 SYSTEMPATH\CodeIgniter.php(507): CodeIgniter\CodeIgniter->runController(Object(App\Controllers\Staff\Attendance))
 3 SYSTEMPATH\CodeIgniter.php(354): CodeIgniter\CodeIgniter->handleRequest(null, Object(Config\Cache), false)
 4 SYSTEMPATH\Boot.php(334): CodeIgniter\CodeIgniter->run()
 5 SYSTEMPATH\Boot.php(67): CodeIgniter\Boot::runCodeIgniter(Object(CodeIgniter\CodeIgniter))
 6 FCPATH\index.php(46): CodeIgniter\Boot::bootWeb(Object(Config\Paths))
WARNING - 2025-10-01 09:43:19 --> [DEPRECATED] Constant FILTER_SANITIZE_STRING is deprecated in APPPATH\Controllers\Staff\Attendance.php on line 44.
 1 SYSTEMPATH\CodeIgniter.php(933): App\Controllers\Staff\Attendance->index()
 2 SYSTEMPATH\CodeIgniter.php(507): CodeIgniter\CodeIgniter->runController(Object(App\Controllers\Staff\Attendance))
 3 SYSTEMPATH\CodeIgniter.php(354): CodeIgniter\CodeIgniter->handleRequest(null, Object(Config\Cache), false)
 4 SYSTEMPATH\Boot.php(334): CodeIgniter\CodeIgniter->run()
 5 SYSTEMPATH\Boot.php(67): CodeIgniter\Boot::runCodeIgniter(Object(CodeIgniter\CodeIgniter))
 6 FCPATH\index.php(46): CodeIgniter\Boot::bootWeb(Object(Config\Paths))
WARNING - 2025-10-01 09:43:19 --> [DEPRECATED] Constant FILTER_SANITIZE_STRING is deprecated in APPPATH\Controllers\Staff\Attendance.php on line 45.
 1 SYSTEMPATH\CodeIgniter.php(933): App\Controllers\Staff\Attendance->index()
 2 SYSTEMPATH\CodeIgniter.php(507): CodeIgniter\CodeIgniter->runController(Object(App\Controllers\Staff\Attendance))
 3 SYSTEMPATH\CodeIgniter.php(354): CodeIgniter\CodeIgniter->handleRequest(null, Object(Config\Cache), false)
 4 SYSTEMPATH\Boot.php(334): CodeIgniter\CodeIgniter->run()
 5 SYSTEMPATH\Boot.php(67): CodeIgniter\Boot::runCodeIgniter(Object(CodeIgniter\CodeIgniter))
 6 FCPATH\index.php(46): CodeIgniter\Boot::bootWeb(Object(Config\Paths))
DEBUG - 2025-10-01 09:43:39 --> Session: Class initialized using 'CodeIgniter\Session\Handlers\FileHandler' driver.
DEBUG - 2025-10-01 10:06:09 --> Session: Class initialized using 'CodeIgniter\Session\Handlers\FileHandler' driver.
CRITICAL - 2025-10-01 10:06:09 --> CodeIgniter\View\Exceptions\ViewException: Invalid file: "layouts/admin.php"
[Method: GET, Route: profile/attendance]
in SYSTEMPATH\Exceptions\FrameworkException.php on line 39.
 1 SYSTEMPATH\View\View.php(212): CodeIgniter\Exceptions\FrameworkException::forInvalidFile('layouts/admin.php')
 2 SYSTEMPATH\View\View.php(240): CodeIgniter\View\View->render('layouts/admin', [], true)
 3 SYSTEMPATH\Common.php(1173): CodeIgniter\View\View->render('profile/attendance', [], true)
 4 APPPATH\Controllers\Staff\Profile.php(209): view('profile/attendance', [...])
 5 SYSTEMPATH\CodeIgniter.php(933): App\Controllers\Staff\Profile->attendance()
 6 SYSTEMPATH\CodeIgniter.php(507): CodeIgniter\CodeIgniter->runController(Object(App\Controllers\Staff\Profile))
 7 SYSTEMPATH\CodeIgniter.php(354): CodeIgniter\CodeIgniter->handleRequest(null, Object(Config\Cache), false)
 8 SYSTEMPATH\Boot.php(334): CodeIgniter\CodeIgniter->run()
 9 SYSTEMPATH\Boot.php(67): CodeIgniter\Boot::runCodeIgniter(Object(CodeIgniter\CodeIgniter))
10 FCPATH\index.php(46): CodeIgniter\Boot::bootWeb(Object(Config\Paths))
DEBUG - 2025-10-01 10:10:22 --> Session: Class initialized using 'CodeIgniter\Session\Handlers\FileHandler' driver.
DEBUG - 2025-10-01 10:10:28 --> Session: Class initialized using 'CodeIgniter\Session\Handlers\FileHandler' driver.
DEBUG - 2025-10-01 10:10:35 --> Session: Class initialized using 'CodeIgniter\Session\Handlers\FileHandler' driver.
DEBUG - 2025-10-01 10:10:36 --> Session: Class initialized using 'CodeIgniter\Session\Handlers\FileHandler' driver.
DEBUG - 2025-10-01 10:10:49 --> Session: Class initialized using 'CodeIgniter\Session\Handlers\FileHandler' driver.
DEBUG - 2025-10-01 10:10:49 --> Session: Class initialized using 'CodeIgniter\Session\Handlers\FileHandler' driver.
DEBUG - 2025-10-01 10:11:01 --> Session: Class initialized using 'CodeIgniter\Session\Handlers\FileHandler' driver.
DEBUG - 2025-10-01 10:11:01 --> Session: Class initialized using 'CodeIgniter\Session\Handlers\FileHandler' driver.
DEBUG - 2025-10-01 10:11:09 --> Session: Class initialized using 'CodeIgniter\Session\Handlers\FileHandler' driver.
DEBUG - 2025-10-01 10:11:09 --> Session: Class initialized using 'CodeIgniter\Session\Handlers\FileHandler' driver.
DEBUG - 2025-10-01 10:11:15 --> Session: Class initialized using 'CodeIgniter\Session\Handlers\FileHandler' driver.
DEBUG - 2025-10-01 10:11:25 --> Session: Class initialized using 'CodeIgniter\Session\Handlers\FileHandler' driver.
DEBUG - 2025-10-01 10:11:30 --> Session: Class initialized using 'CodeIgniter\Session\Handlers\FileHandler' driver.
DEBUG - 2025-10-01 10:11:38 --> Session: Class initialized using 'CodeIgniter\Session\Handlers\FileHandler' driver.
DEBUG - 2025-10-01 10:11:59 --> Session: Class initialized using 'CodeIgniter\Session\Handlers\FileHandler' driver.
WARNING - 2025-10-01 10:11:59 --> [DEPRECATED] Constant FILTER_SANITIZE_STRING is deprecated in APPPATH\Controllers\Staff\Attendance.php on line 43.
 1 SYSTEMPATH\CodeIgniter.php(933): App\Controllers\Staff\Attendance->index()
 2 SYSTEMPATH\CodeIgniter.php(507): CodeIgniter\CodeIgniter->runController(Object(App\Controllers\Staff\Attendance))
 3 SYSTEMPATH\CodeIgniter.php(354): CodeIgniter\CodeIgniter->handleRequest(null, Object(Config\Cache), false)
 4 SYSTEMPATH\Boot.php(334): CodeIgniter\CodeIgniter->run()
 5 SYSTEMPATH\Boot.php(67): CodeIgniter\Boot::runCodeIgniter(Object(CodeIgniter\CodeIgniter))
 6 FCPATH\index.php(46): CodeIgniter\Boot::bootWeb(Object(Config\Paths))
WARNING - 2025-10-01 10:11:59 --> [DEPRECATED] Constant FILTER_SANITIZE_STRING is deprecated in APPPATH\Controllers\Staff\Attendance.php on line 44.
 1 SYSTEMPATH\CodeIgniter.php(933): App\Controllers\Staff\Attendance->index()
 2 SYSTEMPATH\CodeIgniter.php(507): CodeIgniter\CodeIgniter->runController(Object(App\Controllers\Staff\Attendance))
 3 SYSTEMPATH\CodeIgniter.php(354): CodeIgniter\CodeIgniter->handleRequest(null, Object(Config\Cache), false)
 4 SYSTEMPATH\Boot.php(334): CodeIgniter\CodeIgniter->run()
 5 SYSTEMPATH\Boot.php(67): CodeIgniter\Boot::runCodeIgniter(Object(CodeIgniter\CodeIgniter))
 6 FCPATH\index.php(46): CodeIgniter\Boot::bootWeb(Object(Config\Paths))
WARNING - 2025-10-01 10:11:59 --> [DEPRECATED] Constant FILTER_SANITIZE_STRING is deprecated in APPPATH\Controllers\Staff\Attendance.php on line 45.
 1 SYSTEMPATH\CodeIgniter.php(933): App\Controllers\Staff\Attendance->index()
 2 SYSTEMPATH\CodeIgniter.php(507): CodeIgniter\CodeIgniter->runController(Object(App\Controllers\Staff\Attendance))
 3 SYSTEMPATH\CodeIgniter.php(354): CodeIgniter\CodeIgniter->handleRequest(null, Object(Config\Cache), false)
 4 SYSTEMPATH\Boot.php(334): CodeIgniter\CodeIgniter->run()
 5 SYSTEMPATH\Boot.php(67): CodeIgniter\Boot::runCodeIgniter(Object(CodeIgniter\CodeIgniter))
 6 FCPATH\index.php(46): CodeIgniter\Boot::bootWeb(Object(Config\Paths))
DEBUG - 2025-10-01 10:12:02 --> Session: Class initialized using 'CodeIgniter\Session\Handlers\FileHandler' driver.
DEBUG - 2025-10-01 10:12:05 --> Session: Class initialized using 'CodeIgniter\Session\Handlers\FileHandler' driver.
DEBUG - 2025-10-01 10:12:17 --> Session: Class initialized using 'CodeIgniter\Session\Handlers\FileHandler' driver.
DEBUG - 2025-10-01 10:12:17 --> Session: Class initialized using 'CodeIgniter\Session\Handlers\FileHandler' driver.
DEBUG - 2025-10-01 10:12:20 --> Session: Class initialized using 'CodeIgniter\Session\Handlers\FileHandler' driver.
DEBUG - 2025-10-01 10:12:23 --> Session: Class initialized using 'CodeIgniter\Session\Handlers\FileHandler' driver.
DEBUG - 2025-10-01 10:12:29 --> Session: Class initialized using 'CodeIgniter\Session\Handlers\FileHandler' driver.
DEBUG - 2025-10-01 10:12:31 --> Session: Class initialized using 'CodeIgniter\Session\Handlers\FileHandler' driver.
DEBUG - 2025-10-01 10:12:39 --> Session: Class initialized using 'CodeIgniter\Session\Handlers\FileHandler' driver.
DEBUG - 2025-10-01 10:13:58 --> Session: Class initialized using 'CodeIgniter\Session\Handlers\FileHandler' driver.
WARNING - 2025-10-01 10:13:58 --> [DEPRECATED] Constant FILTER_SANITIZE_STRING is deprecated in APPPATH\Controllers\Staff\Attendance.php on line 43.
 1 SYSTEMPATH\CodeIgniter.php(933): App\Controllers\Staff\Attendance->index()
 2 SYSTEMPATH\CodeIgniter.php(507): CodeIgniter\CodeIgniter->runController(Object(App\Controllers\Staff\Attendance))
 3 SYSTEMPATH\CodeIgniter.php(354): CodeIgniter\CodeIgniter->handleRequest(null, Object(Config\Cache), false)
 4 SYSTEMPATH\Boot.php(334): CodeIgniter\CodeIgniter->run()
 5 SYSTEMPATH\Boot.php(67): CodeIgniter\Boot::runCodeIgniter(Object(CodeIgniter\CodeIgniter))
 6 FCPATH\index.php(46): CodeIgniter\Boot::bootWeb(Object(Config\Paths))
WARNING - 2025-10-01 10:13:58 --> [DEPRECATED] Constant FILTER_SANITIZE_STRING is deprecated in APPPATH\Controllers\Staff\Attendance.php on line 44.
 1 SYSTEMPATH\CodeIgniter.php(933): App\Controllers\Staff\Attendance->index()
 2 SYSTEMPATH\CodeIgniter.php(507): CodeIgniter\CodeIgniter->runController(Object(App\Controllers\Staff\Attendance))
 3 SYSTEMPATH\CodeIgniter.php(354): CodeIgniter\CodeIgniter->handleRequest(null, Object(Config\Cache), false)
 4 SYSTEMPATH\Boot.php(334): CodeIgniter\CodeIgniter->run()
 5 SYSTEMPATH\Boot.php(67): CodeIgniter\Boot::runCodeIgniter(Object(CodeIgniter\CodeIgniter))
 6 FCPATH\index.php(46): CodeIgniter\Boot::bootWeb(Object(Config\Paths))
WARNING - 2025-10-01 10:13:58 --> [DEPRECATED] Constant FILTER_SANITIZE_STRING is deprecated in APPPATH\Controllers\Staff\Attendance.php on line 45.
 1 SYSTEMPATH\CodeIgniter.php(933): App\Controllers\Staff\Attendance->index()
 2 SYSTEMPATH\CodeIgniter.php(507): CodeIgniter\CodeIgniter->runController(Object(App\Controllers\Staff\Attendance))
 3 SYSTEMPATH\CodeIgniter.php(354): CodeIgniter\CodeIgniter->handleRequest(null, Object(Config\Cache), false)
 4 SYSTEMPATH\Boot.php(334): CodeIgniter\CodeIgniter->run()
 5 SYSTEMPATH\Boot.php(67): CodeIgniter\Boot::runCodeIgniter(Object(CodeIgniter\CodeIgniter))
 6 FCPATH\index.php(46): CodeIgniter\Boot::bootWeb(Object(Config\Paths))
DEBUG - 2025-10-01 10:14:07 --> Session: Class initialized using 'CodeIgniter\Session\Handlers\FileHandler' driver.
DEBUG - 2025-10-01 10:14:44 --> Session: Class initialized using 'CodeIgniter\Session\Handlers\FileHandler' driver.
DEBUG - 2025-10-01 10:15:07 --> Session: Class initialized using 'CodeIgniter\Session\Handlers\FileHandler' driver.
DEBUG - 2025-10-01 10:17:43 --> Session: Class initialized using 'CodeIgniter\Session\Handlers\FileHandler' driver.
WARNING - 2025-10-01 10:17:43 --> [DEPRECATED] Constant FILTER_SANITIZE_STRING is deprecated in APPPATH\Controllers\Staff\Attendance.php on line 43.
 1 SYSTEMPATH\CodeIgniter.php(933): App\Controllers\Staff\Attendance->index()
 2 SYSTEMPATH\CodeIgniter.php(507): CodeIgniter\CodeIgniter->runController(Object(App\Controllers\Staff\Attendance))
 3 SYSTEMPATH\CodeIgniter.php(354): CodeIgniter\CodeIgniter->handleRequest(null, Object(Config\Cache), false)
 4 SYSTEMPATH\Boot.php(334): CodeIgniter\CodeIgniter->run()
 5 SYSTEMPATH\Boot.php(67): CodeIgniter\Boot::runCodeIgniter(Object(CodeIgniter\CodeIgniter))
 6 FCPATH\index.php(46): CodeIgniter\Boot::bootWeb(Object(Config\Paths))
WARNING - 2025-10-01 10:17:43 --> [DEPRECATED] Constant FILTER_SANITIZE_STRING is deprecated in APPPATH\Controllers\Staff\Attendance.php on line 44.
 1 SYSTEMPATH\CodeIgniter.php(933): App\Controllers\Staff\Attendance->index()
 2 SYSTEMPATH\CodeIgniter.php(507): CodeIgniter\CodeIgniter->runController(Object(App\Controllers\Staff\Attendance))
 3 SYSTEMPATH\CodeIgniter.php(354): CodeIgniter\CodeIgniter->handleRequest(null, Object(Config\Cache), false)
 4 SYSTEMPATH\Boot.php(334): CodeIgniter\CodeIgniter->run()
 5 SYSTEMPATH\Boot.php(67): CodeIgniter\Boot::runCodeIgniter(Object(CodeIgniter\CodeIgniter))
 6 FCPATH\index.php(46): CodeIgniter\Boot::bootWeb(Object(Config\Paths))
WARNING - 2025-10-01 10:17:43 --> [DEPRECATED] Constant FILTER_SANITIZE_STRING is deprecated in APPPATH\Controllers\Staff\Attendance.php on line 45.
 1 SYSTEMPATH\CodeIgniter.php(933): App\Controllers\Staff\Attendance->index()
 2 SYSTEMPATH\CodeIgniter.php(507): CodeIgniter\CodeIgniter->runController(Object(App\Controllers\Staff\Attendance))
 3 SYSTEMPATH\CodeIgniter.php(354): CodeIgniter\CodeIgniter->handleRequest(null, Object(Config\Cache), false)
 4 SYSTEMPATH\Boot.php(334): CodeIgniter\CodeIgniter->run()
 5 SYSTEMPATH\Boot.php(67): CodeIgniter\Boot::runCodeIgniter(Object(CodeIgniter\CodeIgniter))
 6 FCPATH\index.php(46): CodeIgniter\Boot::bootWeb(Object(Config\Paths))
DEBUG - 2025-10-01 10:19:57 --> Session: Class initialized using 'CodeIgniter\Session\Handlers\FileHandler' driver.
DEBUG - 2025-10-01 10:23:14 --> Session: Class initialized using 'CodeIgniter\Session\Handlers\FileHandler' driver.
WARNING - 2025-10-01 10:23:14 --> [DEPRECATED] Constant FILTER_SANITIZE_STRING is deprecated in APPPATH\Controllers\Staff\Attendance.php on line 43.
 1 SYSTEMPATH\CodeIgniter.php(933): App\Controllers\Staff\Attendance->index()
 2 SYSTEMPATH\CodeIgniter.php(507): CodeIgniter\CodeIgniter->runController(Object(App\Controllers\Staff\Attendance))
 3 SYSTEMPATH\CodeIgniter.php(354): CodeIgniter\CodeIgniter->handleRequest(null, Object(Config\Cache), false)
 4 SYSTEMPATH\Boot.php(334): CodeIgniter\CodeIgniter->run()
 5 SYSTEMPATH\Boot.php(67): CodeIgniter\Boot::runCodeIgniter(Object(CodeIgniter\CodeIgniter))
 6 FCPATH\index.php(46): CodeIgniter\Boot::bootWeb(Object(Config\Paths))
WARNING - 2025-10-01 10:23:14 --> [DEPRECATED] Constant FILTER_SANITIZE_STRING is deprecated in APPPATH\Controllers\Staff\Attendance.php on line 44.
 1 SYSTEMPATH\CodeIgniter.php(933): App\Controllers\Staff\Attendance->index()
 2 SYSTEMPATH\CodeIgniter.php(507): CodeIgniter\CodeIgniter->runController(Object(App\Controllers\Staff\Attendance))
 3 SYSTEMPATH\CodeIgniter.php(354): CodeIgniter\CodeIgniter->handleRequest(null, Object(Config\Cache), false)
 4 SYSTEMPATH\Boot.php(334): CodeIgniter\CodeIgniter->run()
 5 SYSTEMPATH\Boot.php(67): CodeIgniter\Boot::runCodeIgniter(Object(CodeIgniter\CodeIgniter))
 6 FCPATH\index.php(46): CodeIgniter\Boot::bootWeb(Object(Config\Paths))
WARNING - 2025-10-01 10:23:14 --> [DEPRECATED] Constant FILTER_SANITIZE_STRING is deprecated in APPPATH\Controllers\Staff\Attendance.php on line 45.
 1 SYSTEMPATH\CodeIgniter.php(933): App\Controllers\Staff\Attendance->index()
 2 SYSTEMPATH\CodeIgniter.php(507): CodeIgniter\CodeIgniter->runController(Object(App\Controllers\Staff\Attendance))
 3 SYSTEMPATH\CodeIgniter.php(354): CodeIgniter\CodeIgniter->handleRequest(null, Object(Config\Cache), false)
 4 SYSTEMPATH\Boot.php(334): CodeIgniter\CodeIgniter->run()
 5 SYSTEMPATH\Boot.php(67): CodeIgniter\Boot::runCodeIgniter(Object(CodeIgniter\CodeIgniter))
 6 FCPATH\index.php(46): CodeIgniter\Boot::bootWeb(Object(Config\Paths))
DEBUG - 2025-10-01 10:23:18 --> Session: Class initialized using 'CodeIgniter\Session\Handlers\FileHandler' driver.
DEBUG - 2025-10-01 10:28:02 --> Session: Class initialized using 'CodeIgniter\Session\Handlers\FileHandler' driver.
WARNING - 2025-10-01 10:28:02 --> [DEPRECATED] Constant FILTER_SANITIZE_STRING is deprecated in APPPATH\Controllers\Staff\Attendance.php on line 43.
 1 SYSTEMPATH\CodeIgniter.php(933): App\Controllers\Staff\Attendance->index()
 2 SYSTEMPATH\CodeIgniter.php(507): CodeIgniter\CodeIgniter->runController(Object(App\Controllers\Staff\Attendance))
 3 SYSTEMPATH\CodeIgniter.php(354): CodeIgniter\CodeIgniter->handleRequest(null, Object(Config\Cache), false)
 4 SYSTEMPATH\Boot.php(334): CodeIgniter\CodeIgniter->run()
 5 SYSTEMPATH\Boot.php(67): CodeIgniter\Boot::runCodeIgniter(Object(CodeIgniter\CodeIgniter))
 6 FCPATH\index.php(46): CodeIgniter\Boot::bootWeb(Object(Config\Paths))
WARNING - 2025-10-01 10:28:02 --> [DEPRECATED] Constant FILTER_SANITIZE_STRING is deprecated in APPPATH\Controllers\Staff\Attendance.php on line 44.
 1 SYSTEMPATH\CodeIgniter.php(933): App\Controllers\Staff\Attendance->index()
 2 SYSTEMPATH\CodeIgniter.php(507): CodeIgniter\CodeIgniter->runController(Object(App\Controllers\Staff\Attendance))
 3 SYSTEMPATH\CodeIgniter.php(354): CodeIgniter\CodeIgniter->handleRequest(null, Object(Config\Cache), false)
 4 SYSTEMPATH\Boot.php(334): CodeIgniter\CodeIgniter->run()
 5 SYSTEMPATH\Boot.php(67): CodeIgniter\Boot::runCodeIgniter(Object(CodeIgniter\CodeIgniter))
 6 FCPATH\index.php(46): CodeIgniter\Boot::bootWeb(Object(Config\Paths))
WARNING - 2025-10-01 10:28:02 --> [DEPRECATED] Constant FILTER_SANITIZE_STRING is deprecated in APPPATH\Controllers\Staff\Attendance.php on line 45.
 1 SYSTEMPATH\CodeIgniter.php(933): App\Controllers\Staff\Attendance->index()
 2 SYSTEMPATH\CodeIgniter.php(507): CodeIgniter\CodeIgniter->runController(Object(App\Controllers\Staff\Attendance))
 3 SYSTEMPATH\CodeIgniter.php(354): CodeIgniter\CodeIgniter->handleRequest(null, Object(Config\Cache), false)
 4 SYSTEMPATH\Boot.php(334): CodeIgniter\CodeIgniter->run()
 5 SYSTEMPATH\Boot.php(67): CodeIgniter\Boot::runCodeIgniter(Object(CodeIgniter\CodeIgniter))
 6 FCPATH\index.php(46): CodeIgniter\Boot::bootWeb(Object(Config\Paths))
DEBUG - 2025-10-01 10:28:06 --> Session: Class initialized using 'CodeIgniter\Session\Handlers\FileHandler' driver.
DEBUG - 2025-10-01 10:28:07 --> Session: Class initialized using 'CodeIgniter\Session\Handlers\FileHandler' driver.
DEBUG - 2025-10-01 10:28:09 --> Session: Class initialized using 'CodeIgniter\Session\Handlers\FileHandler' driver.
DEBUG - 2025-10-01 10:28:09 --> Session: Class initialized using 'CodeIgniter\Session\Handlers\FileHandler' driver.
DEBUG - 2025-10-01 10:28:11 --> Session: Class initialized using 'CodeIgniter\Session\Handlers\FileHandler' driver.
DEBUG - 2025-10-01 10:28:11 --> Session: Class initialized using 'CodeIgniter\Session\Handlers\FileHandler' driver.
DEBUG - 2025-10-01 10:28:15 --> Session: Class initialized using 'CodeIgniter\Session\Handlers\FileHandler' driver.
DEBUG - 2025-10-01 10:30:07 --> Session: Class initialized using 'CodeIgniter\Session\Handlers\FileHandler' driver.
WARNING - 2025-10-01 10:30:07 --> [DEPRECATED] Constant FILTER_SANITIZE_STRING is deprecated in APPPATH\Controllers\Staff\Attendance.php on line 43.
 1 SYSTEMPATH\CodeIgniter.php(933): App\Controllers\Staff\Attendance->index()
 2 SYSTEMPATH\CodeIgniter.php(507): CodeIgniter\CodeIgniter->runController(Object(App\Controllers\Staff\Attendance))
 3 SYSTEMPATH\CodeIgniter.php(354): CodeIgniter\CodeIgniter->handleRequest(null, Object(Config\Cache), false)
 4 SYSTEMPATH\Boot.php(334): CodeIgniter\CodeIgniter->run()
 5 SYSTEMPATH\Boot.php(67): CodeIgniter\Boot::runCodeIgniter(Object(CodeIgniter\CodeIgniter))
 6 FCPATH\index.php(46): CodeIgniter\Boot::bootWeb(Object(Config\Paths))
WARNING - 2025-10-01 10:30:07 --> [DEPRECATED] Constant FILTER_SANITIZE_STRING is deprecated in APPPATH\Controllers\Staff\Attendance.php on line 44.
 1 SYSTEMPATH\CodeIgniter.php(933): App\Controllers\Staff\Attendance->index()
 2 SYSTEMPATH\CodeIgniter.php(507): CodeIgniter\CodeIgniter->runController(Object(App\Controllers\Staff\Attendance))
 3 SYSTEMPATH\CodeIgniter.php(354): CodeIgniter\CodeIgniter->handleRequest(null, Object(Config\Cache), false)
 4 SYSTEMPATH\Boot.php(334): CodeIgniter\CodeIgniter->run()
 5 SYSTEMPATH\Boot.php(67): CodeIgniter\Boot::runCodeIgniter(Object(CodeIgniter\CodeIgniter))
 6 FCPATH\index.php(46): CodeIgniter\Boot::bootWeb(Object(Config\Paths))
WARNING - 2025-10-01 10:30:07 --> [DEPRECATED] Constant FILTER_SANITIZE_STRING is deprecated in APPPATH\Controllers\Staff\Attendance.php on line 45.
 1 SYSTEMPATH\CodeIgniter.php(933): App\Controllers\Staff\Attendance->index()
 2 SYSTEMPATH\CodeIgniter.php(507): CodeIgniter\CodeIgniter->runController(Object(App\Controllers\Staff\Attendance))
 3 SYSTEMPATH\CodeIgniter.php(354): CodeIgniter\CodeIgniter->handleRequest(null, Object(Config\Cache), false)
 4 SYSTEMPATH\Boot.php(334): CodeIgniter\CodeIgniter->run()
 5 SYSTEMPATH\Boot.php(67): CodeIgniter\Boot::runCodeIgniter(Object(CodeIgniter\CodeIgniter))
 6 FCPATH\index.php(46): CodeIgniter\Boot::bootWeb(Object(Config\Paths))
DEBUG - 2025-10-01 10:30:09 --> Session: Class initialized using 'CodeIgniter\Session\Handlers\FileHandler' driver.
DEBUG - 2025-10-01 10:30:10 --> Session: Class initialized using 'CodeIgniter\Session\Handlers\FileHandler' driver.
DEBUG - 2025-10-01 10:30:11 --> Session: Class initialized using 'CodeIgniter\Session\Handlers\FileHandler' driver.
WARNING - 2025-10-01 10:30:11 --> [DEPRECATED] Constant FILTER_SANITIZE_STRING is deprecated in APPPATH\Controllers\Staff\Attendance.php on line 43.
 1 SYSTEMPATH\CodeIgniter.php(933): App\Controllers\Staff\Attendance->index()
 2 SYSTEMPATH\CodeIgniter.php(507): CodeIgniter\CodeIgniter->runController(Object(App\Controllers\Staff\Attendance))
 3 SYSTEMPATH\CodeIgniter.php(354): CodeIgniter\CodeIgniter->handleRequest(null, Object(Config\Cache), false)
 4 SYSTEMPATH\Boot.php(334): CodeIgniter\CodeIgniter->run()
 5 SYSTEMPATH\Boot.php(67): CodeIgniter\Boot::runCodeIgniter(Object(CodeIgniter\CodeIgniter))
 6 FCPATH\index.php(46): CodeIgniter\Boot::bootWeb(Object(Config\Paths))
WARNING - 2025-10-01 10:30:11 --> [DEPRECATED] Constant FILTER_SANITIZE_STRING is deprecated in APPPATH\Controllers\Staff\Attendance.php on line 44.
 1 SYSTEMPATH\CodeIgniter.php(933): App\Controllers\Staff\Attendance->index()
 2 SYSTEMPATH\CodeIgniter.php(507): CodeIgniter\CodeIgniter->runController(Object(App\Controllers\Staff\Attendance))
 3 SYSTEMPATH\CodeIgniter.php(354): CodeIgniter\CodeIgniter->handleRequest(null, Object(Config\Cache), false)
 4 SYSTEMPATH\Boot.php(334): CodeIgniter\CodeIgniter->run()
 5 SYSTEMPATH\Boot.php(67): CodeIgniter\Boot::runCodeIgniter(Object(CodeIgniter\CodeIgniter))
 6 FCPATH\index.php(46): CodeIgniter\Boot::bootWeb(Object(Config\Paths))
WARNING - 2025-10-01 10:30:11 --> [DEPRECATED] Constant FILTER_SANITIZE_STRING is deprecated in APPPATH\Controllers\Staff\Attendance.php on line 45.
 1 SYSTEMPATH\CodeIgniter.php(933): App\Controllers\Staff\Attendance->index()
 2 SYSTEMPATH\CodeIgniter.php(507): CodeIgniter\CodeIgniter->runController(Object(App\Controllers\Staff\Attendance))
 3 SYSTEMPATH\CodeIgniter.php(354): CodeIgniter\CodeIgniter->handleRequest(null, Object(Config\Cache), false)
 4 SYSTEMPATH\Boot.php(334): CodeIgniter\CodeIgniter->run()
 5 SYSTEMPATH\Boot.php(67): CodeIgniter\Boot::runCodeIgniter(Object(CodeIgniter\CodeIgniter))
 6 FCPATH\index.php(46): CodeIgniter\Boot::bootWeb(Object(Config\Paths))
DEBUG - 2025-10-01 10:30:17 --> Session: Class initialized using 'CodeIgniter\Session\Handlers\FileHandler' driver.
WARNING - 2025-10-01 10:30:17 --> [DEPRECATED] Constant FILTER_SANITIZE_STRING is deprecated in APPPATH\Controllers\Staff\Attendance.php on line 43.
 1 SYSTEMPATH\CodeIgniter.php(933): App\Controllers\Staff\Attendance->index()
 2 SYSTEMPATH\CodeIgniter.php(507): CodeIgniter\CodeIgniter->runController(Object(App\Controllers\Staff\Attendance))
 3 SYSTEMPATH\CodeIgniter.php(354): CodeIgniter\CodeIgniter->handleRequest(null, Object(Config\Cache), false)
 4 SYSTEMPATH\Boot.php(334): CodeIgniter\CodeIgniter->run()
 5 SYSTEMPATH\Boot.php(67): CodeIgniter\Boot::runCodeIgniter(Object(CodeIgniter\CodeIgniter))
 6 FCPATH\index.php(46): CodeIgniter\Boot::bootWeb(Object(Config\Paths))
WARNING - 2025-10-01 10:30:17 --> [DEPRECATED] Constant FILTER_SANITIZE_STRING is deprecated in APPPATH\Controllers\Staff\Attendance.php on line 44.
 1 SYSTEMPATH\CodeIgniter.php(933): App\Controllers\Staff\Attendance->index()
 2 SYSTEMPATH\CodeIgniter.php(507): CodeIgniter\CodeIgniter->runController(Object(App\Controllers\Staff\Attendance))
 3 SYSTEMPATH\CodeIgniter.php(354): CodeIgniter\CodeIgniter->handleRequest(null, Object(Config\Cache), false)
 4 SYSTEMPATH\Boot.php(334): CodeIgniter\CodeIgniter->run()
 5 SYSTEMPATH\Boot.php(67): CodeIgniter\Boot::runCodeIgniter(Object(CodeIgniter\CodeIgniter))
 6 FCPATH\index.php(46): CodeIgniter\Boot::bootWeb(Object(Config\Paths))
WARNING - 2025-10-01 10:30:17 --> [DEPRECATED] Constant FILTER_SANITIZE_STRING is deprecated in APPPATH\Controllers\Staff\Attendance.php on line 45.
 1 SYSTEMPATH\CodeIgniter.php(933): App\Controllers\Staff\Attendance->index()
 2 SYSTEMPATH\CodeIgniter.php(507): CodeIgniter\CodeIgniter->runController(Object(App\Controllers\Staff\Attendance))
 3 SYSTEMPATH\CodeIgniter.php(354): CodeIgniter\CodeIgniter->handleRequest(null, Object(Config\Cache), false)
 4 SYSTEMPATH\Boot.php(334): CodeIgniter\CodeIgniter->run()
 5 SYSTEMPATH\Boot.php(67): CodeIgniter\Boot::runCodeIgniter(Object(CodeIgniter\CodeIgniter))
 6 FCPATH\index.php(46): CodeIgniter\Boot::bootWeb(Object(Config\Paths))
DEBUG - 2025-10-01 10:30:21 --> Session: Class initialized using 'CodeIgniter\Session\Handlers\FileHandler' driver.
WARNING - 2025-10-01 10:30:21 --> [DEPRECATED] Constant FILTER_SANITIZE_STRING is deprecated in APPPATH\Controllers\Staff\Attendance.php on line 43.
 1 SYSTEMPATH\CodeIgniter.php(933): App\Controllers\Staff\Attendance->index()
 2 SYSTEMPATH\CodeIgniter.php(507): CodeIgniter\CodeIgniter->runController(Object(App\Controllers\Staff\Attendance))
 3 SYSTEMPATH\CodeIgniter.php(354): CodeIgniter\CodeIgniter->handleRequest(null, Object(Config\Cache), false)
 4 SYSTEMPATH\Boot.php(334): CodeIgniter\CodeIgniter->run()
 5 SYSTEMPATH\Boot.php(67): CodeIgniter\Boot::runCodeIgniter(Object(CodeIgniter\CodeIgniter))
 6 FCPATH\index.php(46): CodeIgniter\Boot::bootWeb(Object(Config\Paths))
WARNING - 2025-10-01 10:30:21 --> [DEPRECATED] Constant FILTER_SANITIZE_STRING is deprecated in APPPATH\Controllers\Staff\Attendance.php on line 44.
 1 SYSTEMPATH\CodeIgniter.php(933): App\Controllers\Staff\Attendance->index()
 2 SYSTEMPATH\CodeIgniter.php(507): CodeIgniter\CodeIgniter->runController(Object(App\Controllers\Staff\Attendance))
 3 SYSTEMPATH\CodeIgniter.php(354): CodeIgniter\CodeIgniter->handleRequest(null, Object(Config\Cache), false)
 4 SYSTEMPATH\Boot.php(334): CodeIgniter\CodeIgniter->run()
 5 SYSTEMPATH\Boot.php(67): CodeIgniter\Boot::runCodeIgniter(Object(CodeIgniter\CodeIgniter))
 6 FCPATH\index.php(46): CodeIgniter\Boot::bootWeb(Object(Config\Paths))
WARNING - 2025-10-01 10:30:21 --> [DEPRECATED] Constant FILTER_SANITIZE_STRING is deprecated in APPPATH\Controllers\Staff\Attendance.php on line 45.
 1 SYSTEMPATH\CodeIgniter.php(933): App\Controllers\Staff\Attendance->index()
 2 SYSTEMPATH\CodeIgniter.php(507): CodeIgniter\CodeIgniter->runController(Object(App\Controllers\Staff\Attendance))
 3 SYSTEMPATH\CodeIgniter.php(354): CodeIgniter\CodeIgniter->handleRequest(null, Object(Config\Cache), false)
 4 SYSTEMPATH\Boot.php(334): CodeIgniter\CodeIgniter->run()
 5 SYSTEMPATH\Boot.php(67): CodeIgniter\Boot::runCodeIgniter(Object(CodeIgniter\CodeIgniter))
 6 FCPATH\index.php(46): CodeIgniter\Boot::bootWeb(Object(Config\Paths))
DEBUG - 2025-10-01 10:30:27 --> Session: Class initialized using 'CodeIgniter\Session\Handlers\FileHandler' driver.
WARNING - 2025-10-01 10:30:27 --> [DEPRECATED] Constant FILTER_SANITIZE_STRING is deprecated in APPPATH\Controllers\Staff\Attendance.php on line 43.
 1 SYSTEMPATH\CodeIgniter.php(933): App\Controllers\Staff\Attendance->index()
 2 SYSTEMPATH\CodeIgniter.php(507): CodeIgniter\CodeIgniter->runController(Object(App\Controllers\Staff\Attendance))
 3 SYSTEMPATH\CodeIgniter.php(354): CodeIgniter\CodeIgniter->handleRequest(null, Object(Config\Cache), false)
 4 SYSTEMPATH\Boot.php(334): CodeIgniter\CodeIgniter->run()
 5 SYSTEMPATH\Boot.php(67): CodeIgniter\Boot::runCodeIgniter(Object(CodeIgniter\CodeIgniter))
 6 FCPATH\index.php(46): CodeIgniter\Boot::bootWeb(Object(Config\Paths))
WARNING - 2025-10-01 10:30:27 --> [DEPRECATED] Constant FILTER_SANITIZE_STRING is deprecated in APPPATH\Controllers\Staff\Attendance.php on line 44.
 1 SYSTEMPATH\CodeIgniter.php(933): App\Controllers\Staff\Attendance->index()
 2 SYSTEMPATH\CodeIgniter.php(507): CodeIgniter\CodeIgniter->runController(Object(App\Controllers\Staff\Attendance))
 3 SYSTEMPATH\CodeIgniter.php(354): CodeIgniter\CodeIgniter->handleRequest(null, Object(Config\Cache), false)
 4 SYSTEMPATH\Boot.php(334): CodeIgniter\CodeIgniter->run()
 5 SYSTEMPATH\Boot.php(67): CodeIgniter\Boot::runCodeIgniter(Object(CodeIgniter\CodeIgniter))
 6 FCPATH\index.php(46): CodeIgniter\Boot::bootWeb(Object(Config\Paths))
WARNING - 2025-10-01 10:30:27 --> [DEPRECATED] Constant FILTER_SANITIZE_STRING is deprecated in APPPATH\Controllers\Staff\Attendance.php on line 45.
 1 SYSTEMPATH\CodeIgniter.php(933): App\Controllers\Staff\Attendance->index()
 2 SYSTEMPATH\CodeIgniter.php(507): CodeIgniter\CodeIgniter->runController(Object(App\Controllers\Staff\Attendance))
 3 SYSTEMPATH\CodeIgniter.php(354): CodeIgniter\CodeIgniter->handleRequest(null, Object(Config\Cache), false)
 4 SYSTEMPATH\Boot.php(334): CodeIgniter\CodeIgniter->run()
 5 SYSTEMPATH\Boot.php(67): CodeIgniter\Boot::runCodeIgniter(Object(CodeIgniter\CodeIgniter))
 6 FCPATH\index.php(46): CodeIgniter\Boot::bootWeb(Object(Config\Paths))
DEBUG - 2025-10-01 10:30:34 --> Session: Class initialized using 'CodeIgniter\Session\Handlers\FileHandler' driver.
WARNING - 2025-10-01 10:30:34 --> [DEPRECATED] Constant FILTER_SANITIZE_STRING is deprecated in APPPATH\Controllers\Staff\Attendance.php on line 43.
 1 SYSTEMPATH\CodeIgniter.php(933): App\Controllers\Staff\Attendance->index()
 2 SYSTEMPATH\CodeIgniter.php(507): CodeIgniter\CodeIgniter->runController(Object(App\Controllers\Staff\Attendance))
 3 SYSTEMPATH\CodeIgniter.php(354): CodeIgniter\CodeIgniter->handleRequest(null, Object(Config\Cache), false)
 4 SYSTEMPATH\Boot.php(334): CodeIgniter\CodeIgniter->run()
 5 SYSTEMPATH\Boot.php(67): CodeIgniter\Boot::runCodeIgniter(Object(CodeIgniter\CodeIgniter))
 6 FCPATH\index.php(46): CodeIgniter\Boot::bootWeb(Object(Config\Paths))
WARNING - 2025-10-01 10:30:34 --> [DEPRECATED] Constant FILTER_SANITIZE_STRING is deprecated in APPPATH\Controllers\Staff\Attendance.php on line 44.
 1 SYSTEMPATH\CodeIgniter.php(933): App\Controllers\Staff\Attendance->index()
 2 SYSTEMPATH\CodeIgniter.php(507): CodeIgniter\CodeIgniter->runController(Object(App\Controllers\Staff\Attendance))
 3 SYSTEMPATH\CodeIgniter.php(354): CodeIgniter\CodeIgniter->handleRequest(null, Object(Config\Cache), false)
 4 SYSTEMPATH\Boot.php(334): CodeIgniter\CodeIgniter->run()
 5 SYSTEMPATH\Boot.php(67): CodeIgniter\Boot::runCodeIgniter(Object(CodeIgniter\CodeIgniter))
 6 FCPATH\index.php(46): CodeIgniter\Boot::bootWeb(Object(Config\Paths))
WARNING - 2025-10-01 10:30:34 --> [DEPRECATED] Constant FILTER_SANITIZE_STRING is deprecated in APPPATH\Controllers\Staff\Attendance.php on line 45.
 1 SYSTEMPATH\CodeIgniter.php(933): App\Controllers\Staff\Attendance->index()
 2 SYSTEMPATH\CodeIgniter.php(507): CodeIgniter\CodeIgniter->runController(Object(App\Controllers\Staff\Attendance))
 3 SYSTEMPATH\CodeIgniter.php(354): CodeIgniter\CodeIgniter->handleRequest(null, Object(Config\Cache), false)
 4 SYSTEMPATH\Boot.php(334): CodeIgniter\CodeIgniter->run()
 5 SYSTEMPATH\Boot.php(67): CodeIgniter\Boot::runCodeIgniter(Object(CodeIgniter\CodeIgniter))
 6 FCPATH\index.php(46): CodeIgniter\Boot::bootWeb(Object(Config\Paths))
DEBUG - 2025-10-01 10:56:25 --> Session: Class initialized using 'CodeIgniter\Session\Handlers\FileHandler' driver.
WARNING - 2025-10-01 10:56:25 --> [DEPRECATED] Constant FILTER_SANITIZE_STRING is deprecated in APPPATH\Controllers\Staff\Attendance.php on line 43.
 1 SYSTEMPATH\CodeIgniter.php(933): App\Controllers\Staff\Attendance->index()
 2 SYSTEMPATH\CodeIgniter.php(507): CodeIgniter\CodeIgniter->runController(Object(App\Controllers\Staff\Attendance))
 3 SYSTEMPATH\CodeIgniter.php(354): CodeIgniter\CodeIgniter->handleRequest(null, Object(Config\Cache), false)
 4 SYSTEMPATH\Boot.php(334): CodeIgniter\CodeIgniter->run()
 5 SYSTEMPATH\Boot.php(67): CodeIgniter\Boot::runCodeIgniter(Object(CodeIgniter\CodeIgniter))
 6 FCPATH\index.php(46): CodeIgniter\Boot::bootWeb(Object(Config\Paths))
WARNING - 2025-10-01 10:56:25 --> [DEPRECATED] Constant FILTER_SANITIZE_STRING is deprecated in APPPATH\Controllers\Staff\Attendance.php on line 44.
 1 SYSTEMPATH\CodeIgniter.php(933): App\Controllers\Staff\Attendance->index()
 2 SYSTEMPATH\CodeIgniter.php(507): CodeIgniter\CodeIgniter->runController(Object(App\Controllers\Staff\Attendance))
 3 SYSTEMPATH\CodeIgniter.php(354): CodeIgniter\CodeIgniter->handleRequest(null, Object(Config\Cache), false)
 4 SYSTEMPATH\Boot.php(334): CodeIgniter\CodeIgniter->run()
 5 SYSTEMPATH\Boot.php(67): CodeIgniter\Boot::runCodeIgniter(Object(CodeIgniter\CodeIgniter))
 6 FCPATH\index.php(46): CodeIgniter\Boot::bootWeb(Object(Config\Paths))
WARNING - 2025-10-01 10:56:25 --> [DEPRECATED] Constant FILTER_SANITIZE_STRING is deprecated in APPPATH\Controllers\Staff\Attendance.php on line 45.
 1 SYSTEMPATH\CodeIgniter.php(933): App\Controllers\Staff\Attendance->index()
 2 SYSTEMPATH\CodeIgniter.php(507): CodeIgniter\CodeIgniter->runController(Object(App\Controllers\Staff\Attendance))
 3 SYSTEMPATH\CodeIgniter.php(354): CodeIgniter\CodeIgniter->handleRequest(null, Object(Config\Cache), false)
 4 SYSTEMPATH\Boot.php(334): CodeIgniter\CodeIgniter->run()
 5 SYSTEMPATH\Boot.php(67): CodeIgniter\Boot::runCodeIgniter(Object(CodeIgniter\CodeIgniter))
 6 FCPATH\index.php(46): CodeIgniter\Boot::bootWeb(Object(Config\Paths))
DEBUG - 2025-10-01 10:56:30 --> Session: Class initialized using 'CodeIgniter\Session\Handlers\FileHandler' driver.
WARNING - 2025-10-01 10:56:30 --> [DEPRECATED] Constant FILTER_SANITIZE_STRING is deprecated in APPPATH\Controllers\Staff\Attendance.php on line 43.
 1 SYSTEMPATH\CodeIgniter.php(933): App\Controllers\Staff\Attendance->index()
 2 SYSTEMPATH\CodeIgniter.php(507): CodeIgniter\CodeIgniter->runController(Object(App\Controllers\Staff\Attendance))
 3 SYSTEMPATH\CodeIgniter.php(354): CodeIgniter\CodeIgniter->handleRequest(null, Object(Config\Cache), false)
 4 SYSTEMPATH\Boot.php(334): CodeIgniter\CodeIgniter->run()
 5 SYSTEMPATH\Boot.php(67): CodeIgniter\Boot::runCodeIgniter(Object(CodeIgniter\CodeIgniter))
 6 FCPATH\index.php(46): CodeIgniter\Boot::bootWeb(Object(Config\Paths))
WARNING - 2025-10-01 10:56:30 --> [DEPRECATED] Constant FILTER_SANITIZE_STRING is deprecated in APPPATH\Controllers\Staff\Attendance.php on line 44.
 1 SYSTEMPATH\CodeIgniter.php(933): App\Controllers\Staff\Attendance->index()
 2 SYSTEMPATH\CodeIgniter.php(507): CodeIgniter\CodeIgniter->runController(Object(App\Controllers\Staff\Attendance))
 3 SYSTEMPATH\CodeIgniter.php(354): CodeIgniter\CodeIgniter->handleRequest(null, Object(Config\Cache), false)
 4 SYSTEMPATH\Boot.php(334): CodeIgniter\CodeIgniter->run()
 5 SYSTEMPATH\Boot.php(67): CodeIgniter\Boot::runCodeIgniter(Object(CodeIgniter\CodeIgniter))
 6 FCPATH\index.php(46): CodeIgniter\Boot::bootWeb(Object(Config\Paths))
WARNING - 2025-10-01 10:56:30 --> [DEPRECATED] Constant FILTER_SANITIZE_STRING is deprecated in APPPATH\Controllers\Staff\Attendance.php on line 45.
 1 SYSTEMPATH\CodeIgniter.php(933): App\Controllers\Staff\Attendance->index()
 2 SYSTEMPATH\CodeIgniter.php(507): CodeIgniter\CodeIgniter->runController(Object(App\Controllers\Staff\Attendance))
 3 SYSTEMPATH\CodeIgniter.php(354): CodeIgniter\CodeIgniter->handleRequest(null, Object(Config\Cache), false)
 4 SYSTEMPATH\Boot.php(334): CodeIgniter\CodeIgniter->run()
 5 SYSTEMPATH\Boot.php(67): CodeIgniter\Boot::runCodeIgniter(Object(CodeIgniter\CodeIgniter))
 6 FCPATH\index.php(46): CodeIgniter\Boot::bootWeb(Object(Config\Paths))
DEBUG - 2025-10-01 10:56:34 --> Session: Class initialized using 'CodeIgniter\Session\Handlers\FileHandler' driver.
WARNING - 2025-10-01 10:56:34 --> [DEPRECATED] Constant FILTER_SANITIZE_STRING is deprecated in APPPATH\Controllers\Staff\Attendance.php on line 43.
 1 SYSTEMPATH\CodeIgniter.php(933): App\Controllers\Staff\Attendance->index()
 2 SYSTEMPATH\CodeIgniter.php(507): CodeIgniter\CodeIgniter->runController(Object(App\Controllers\Staff\Attendance))
 3 SYSTEMPATH\CodeIgniter.php(354): CodeIgniter\CodeIgniter->handleRequest(null, Object(Config\Cache), false)
 4 SYSTEMPATH\Boot.php(334): CodeIgniter\CodeIgniter->run()
 5 SYSTEMPATH\Boot.php(67): CodeIgniter\Boot::runCodeIgniter(Object(CodeIgniter\CodeIgniter))
 6 FCPATH\index.php(46): CodeIgniter\Boot::bootWeb(Object(Config\Paths))
WARNING - 2025-10-01 10:56:34 --> [DEPRECATED] Constant FILTER_SANITIZE_STRING is deprecated in APPPATH\Controllers\Staff\Attendance.php on line 44.
 1 SYSTEMPATH\CodeIgniter.php(933): App\Controllers\Staff\Attendance->index()
 2 SYSTEMPATH\CodeIgniter.php(507): CodeIgniter\CodeIgniter->runController(Object(App\Controllers\Staff\Attendance))
 3 SYSTEMPATH\CodeIgniter.php(354): CodeIgniter\CodeIgniter->handleRequest(null, Object(Config\Cache), false)
 4 SYSTEMPATH\Boot.php(334): CodeIgniter\CodeIgniter->run()
 5 SYSTEMPATH\Boot.php(67): CodeIgniter\Boot::runCodeIgniter(Object(CodeIgniter\CodeIgniter))
 6 FCPATH\index.php(46): CodeIgniter\Boot::bootWeb(Object(Config\Paths))
WARNING - 2025-10-01 10:56:34 --> [DEPRECATED] Constant FILTER_SANITIZE_STRING is deprecated in APPPATH\Controllers\Staff\Attendance.php on line 45.
 1 SYSTEMPATH\CodeIgniter.php(933): App\Controllers\Staff\Attendance->index()
 2 SYSTEMPATH\CodeIgniter.php(507): CodeIgniter\CodeIgniter->runController(Object(App\Controllers\Staff\Attendance))
 3 SYSTEMPATH\CodeIgniter.php(354): CodeIgniter\CodeIgniter->handleRequest(null, Object(Config\Cache), false)
 4 SYSTEMPATH\Boot.php(334): CodeIgniter\CodeIgniter->run()
 5 SYSTEMPATH\Boot.php(67): CodeIgniter\Boot::runCodeIgniter(Object(CodeIgniter\CodeIgniter))
 6 FCPATH\index.php(46): CodeIgniter\Boot::bootWeb(Object(Config\Paths))
DEBUG - 2025-10-01 10:56:52 --> Session: Class initialized using 'CodeIgniter\Session\Handlers\FileHandler' driver.
WARNING - 2025-10-01 10:56:52 --> [DEPRECATED] Constant FILTER_SANITIZE_STRING is deprecated in APPPATH\Controllers\Staff\Attendance.php on line 43.
 1 SYSTEMPATH\CodeIgniter.php(933): App\Controllers\Staff\Attendance->index()
 2 SYSTEMPATH\CodeIgniter.php(507): CodeIgniter\CodeIgniter->runController(Object(App\Controllers\Staff\Attendance))
 3 SYSTEMPATH\CodeIgniter.php(354): CodeIgniter\CodeIgniter->handleRequest(null, Object(Config\Cache), false)
 4 SYSTEMPATH\Boot.php(334): CodeIgniter\CodeIgniter->run()
 5 SYSTEMPATH\Boot.php(67): CodeIgniter\Boot::runCodeIgniter(Object(CodeIgniter\CodeIgniter))
 6 FCPATH\index.php(46): CodeIgniter\Boot::bootWeb(Object(Config\Paths))
WARNING - 2025-10-01 10:56:52 --> [DEPRECATED] Constant FILTER_SANITIZE_STRING is deprecated in APPPATH\Controllers\Staff\Attendance.php on line 44.
 1 SYSTEMPATH\CodeIgniter.php(933): App\Controllers\Staff\Attendance->index()
 2 SYSTEMPATH\CodeIgniter.php(507): CodeIgniter\CodeIgniter->runController(Object(App\Controllers\Staff\Attendance))
 3 SYSTEMPATH\CodeIgniter.php(354): CodeIgniter\CodeIgniter->handleRequest(null, Object(Config\Cache), false)
 4 SYSTEMPATH\Boot.php(334): CodeIgniter\CodeIgniter->run()
 5 SYSTEMPATH\Boot.php(67): CodeIgniter\Boot::runCodeIgniter(Object(CodeIgniter\CodeIgniter))
 6 FCPATH\index.php(46): CodeIgniter\Boot::bootWeb(Object(Config\Paths))
WARNING - 2025-10-01 10:56:52 --> [DEPRECATED] Constant FILTER_SANITIZE_STRING is deprecated in APPPATH\Controllers\Staff\Attendance.php on line 45.
 1 SYSTEMPATH\CodeIgniter.php(933): App\Controllers\Staff\Attendance->index()
 2 SYSTEMPATH\CodeIgniter.php(507): CodeIgniter\CodeIgniter->runController(Object(App\Controllers\Staff\Attendance))
 3 SYSTEMPATH\CodeIgniter.php(354): CodeIgniter\CodeIgniter->handleRequest(null, Object(Config\Cache), false)
 4 SYSTEMPATH\Boot.php(334): CodeIgniter\CodeIgniter->run()
 5 SYSTEMPATH\Boot.php(67): CodeIgniter\Boot::runCodeIgniter(Object(CodeIgniter\CodeIgniter))
 6 FCPATH\index.php(46): CodeIgniter\Boot::bootWeb(Object(Config\Paths))
DEBUG - 2025-10-01 10:57:12 --> Session: Class initialized using 'CodeIgniter\Session\Handlers\FileHandler' driver.
WARNING - 2025-10-01 10:57:12 --> [DEPRECATED] Constant FILTER_SANITIZE_STRING is deprecated in APPPATH\Controllers\Staff\Attendance.php on line 43.
 1 SYSTEMPATH\CodeIgniter.php(933): App\Controllers\Staff\Attendance->index()
 2 SYSTEMPATH\CodeIgniter.php(507): CodeIgniter\CodeIgniter->runController(Object(App\Controllers\Staff\Attendance))
 3 SYSTEMPATH\CodeIgniter.php(354): CodeIgniter\CodeIgniter->handleRequest(null, Object(Config\Cache), false)
 4 SYSTEMPATH\Boot.php(334): CodeIgniter\CodeIgniter->run()
 5 SYSTEMPATH\Boot.php(67): CodeIgniter\Boot::runCodeIgniter(Object(CodeIgniter\CodeIgniter))
 6 FCPATH\index.php(46): CodeIgniter\Boot::bootWeb(Object(Config\Paths))
WARNING - 2025-10-01 10:57:12 --> [DEPRECATED] Constant FILTER_SANITIZE_STRING is deprecated in APPPATH\Controllers\Staff\Attendance.php on line 44.
 1 SYSTEMPATH\CodeIgniter.php(933): App\Controllers\Staff\Attendance->index()
 2 SYSTEMPATH\CodeIgniter.php(507): CodeIgniter\CodeIgniter->runController(Object(App\Controllers\Staff\Attendance))
 3 SYSTEMPATH\CodeIgniter.php(354): CodeIgniter\CodeIgniter->handleRequest(null, Object(Config\Cache), false)
 4 SYSTEMPATH\Boot.php(334): CodeIgniter\CodeIgniter->run()
 5 SYSTEMPATH\Boot.php(67): CodeIgniter\Boot::runCodeIgniter(Object(CodeIgniter\CodeIgniter))
 6 FCPATH\index.php(46): CodeIgniter\Boot::bootWeb(Object(Config\Paths))
WARNING - 2025-10-01 10:57:12 --> [DEPRECATED] Constant FILTER_SANITIZE_STRING is deprecated in APPPATH\Controllers\Staff\Attendance.php on line 45.
 1 SYSTEMPATH\CodeIgniter.php(933): App\Controllers\Staff\Attendance->index()
 2 SYSTEMPATH\CodeIgniter.php(507): CodeIgniter\CodeIgniter->runController(Object(App\Controllers\Staff\Attendance))
 3 SYSTEMPATH\CodeIgniter.php(354): CodeIgniter\CodeIgniter->handleRequest(null, Object(Config\Cache), false)
 4 SYSTEMPATH\Boot.php(334): CodeIgniter\CodeIgniter->run()
 5 SYSTEMPATH\Boot.php(67): CodeIgniter\Boot::runCodeIgniter(Object(CodeIgniter\CodeIgniter))
 6 FCPATH\index.php(46): CodeIgniter\Boot::bootWeb(Object(Config\Paths))
DEBUG - 2025-10-01 10:57:15 --> Session: Class initialized using 'CodeIgniter\Session\Handlers\FileHandler' driver.
WARNING - 2025-10-01 10:57:15 --> [DEPRECATED] Constant FILTER_SANITIZE_STRING is deprecated in APPPATH\Controllers\Staff\Attendance.php on line 43.
 1 SYSTEMPATH\CodeIgniter.php(933): App\Controllers\Staff\Attendance->index()
 2 SYSTEMPATH\CodeIgniter.php(507): CodeIgniter\CodeIgniter->runController(Object(App\Controllers\Staff\Attendance))
 3 SYSTEMPATH\CodeIgniter.php(354): CodeIgniter\CodeIgniter->handleRequest(null, Object(Config\Cache), false)
 4 SYSTEMPATH\Boot.php(334): CodeIgniter\CodeIgniter->run()
 5 SYSTEMPATH\Boot.php(67): CodeIgniter\Boot::runCodeIgniter(Object(CodeIgniter\CodeIgniter))
 6 FCPATH\index.php(46): CodeIgniter\Boot::bootWeb(Object(Config\Paths))
WARNING - 2025-10-01 10:57:15 --> [DEPRECATED] Constant FILTER_SANITIZE_STRING is deprecated in APPPATH\Controllers\Staff\Attendance.php on line 44.
 1 SYSTEMPATH\CodeIgniter.php(933): App\Controllers\Staff\Attendance->index()
 2 SYSTEMPATH\CodeIgniter.php(507): CodeIgniter\CodeIgniter->runController(Object(App\Controllers\Staff\Attendance))
 3 SYSTEMPATH\CodeIgniter.php(354): CodeIgniter\CodeIgniter->handleRequest(null, Object(Config\Cache), false)
 4 SYSTEMPATH\Boot.php(334): CodeIgniter\CodeIgniter->run()
 5 SYSTEMPATH\Boot.php(67): CodeIgniter\Boot::runCodeIgniter(Object(CodeIgniter\CodeIgniter))
 6 FCPATH\index.php(46): CodeIgniter\Boot::bootWeb(Object(Config\Paths))
WARNING - 2025-10-01 10:57:15 --> [DEPRECATED] Constant FILTER_SANITIZE_STRING is deprecated in APPPATH\Controllers\Staff\Attendance.php on line 45.
 1 SYSTEMPATH\CodeIgniter.php(933): App\Controllers\Staff\Attendance->index()
 2 SYSTEMPATH\CodeIgniter.php(507): CodeIgniter\CodeIgniter->runController(Object(App\Controllers\Staff\Attendance))
 3 SYSTEMPATH\CodeIgniter.php(354): CodeIgniter\CodeIgniter->handleRequest(null, Object(Config\Cache), false)
 4 SYSTEMPATH\Boot.php(334): CodeIgniter\CodeIgniter->run()
 5 SYSTEMPATH\Boot.php(67): CodeIgniter\Boot::runCodeIgniter(Object(CodeIgniter\CodeIgniter))
 6 FCPATH\index.php(46): CodeIgniter\Boot::bootWeb(Object(Config\Paths))
DEBUG - 2025-10-01 10:57:24 --> Session: Class initialized using 'CodeIgniter\Session\Handlers\FileHandler' driver.
WARNING - 2025-10-01 10:57:24 --> [DEPRECATED] Constant FILTER_SANITIZE_STRING is deprecated in APPPATH\Controllers\Staff\Attendance.php on line 43.
 1 SYSTEMPATH\CodeIgniter.php(933): App\Controllers\Staff\Attendance->index()
 2 SYSTEMPATH\CodeIgniter.php(507): CodeIgniter\CodeIgniter->runController(Object(App\Controllers\Staff\Attendance))
 3 SYSTEMPATH\CodeIgniter.php(354): CodeIgniter\CodeIgniter->handleRequest(null, Object(Config\Cache), false)
 4 SYSTEMPATH\Boot.php(334): CodeIgniter\CodeIgniter->run()
 5 SYSTEMPATH\Boot.php(67): CodeIgniter\Boot::runCodeIgniter(Object(CodeIgniter\CodeIgniter))
 6 FCPATH\index.php(46): CodeIgniter\Boot::bootWeb(Object(Config\Paths))
WARNING - 2025-10-01 10:57:24 --> [DEPRECATED] Constant FILTER_SANITIZE_STRING is deprecated in APPPATH\Controllers\Staff\Attendance.php on line 44.
 1 SYSTEMPATH\CodeIgniter.php(933): App\Controllers\Staff\Attendance->index()
 2 SYSTEMPATH\CodeIgniter.php(507): CodeIgniter\CodeIgniter->runController(Object(App\Controllers\Staff\Attendance))
 3 SYSTEMPATH\CodeIgniter.php(354): CodeIgniter\CodeIgniter->handleRequest(null, Object(Config\Cache), false)
 4 SYSTEMPATH\Boot.php(334): CodeIgniter\CodeIgniter->run()
 5 SYSTEMPATH\Boot.php(67): CodeIgniter\Boot::runCodeIgniter(Object(CodeIgniter\CodeIgniter))
 6 FCPATH\index.php(46): CodeIgniter\Boot::bootWeb(Object(Config\Paths))
WARNING - 2025-10-01 10:57:24 --> [DEPRECATED] Constant FILTER_SANITIZE_STRING is deprecated in APPPATH\Controllers\Staff\Attendance.php on line 45.
 1 SYSTEMPATH\CodeIgniter.php(933): App\Controllers\Staff\Attendance->index()
 2 SYSTEMPATH\CodeIgniter.php(507): CodeIgniter\CodeIgniter->runController(Object(App\Controllers\Staff\Attendance))
 3 SYSTEMPATH\CodeIgniter.php(354): CodeIgniter\CodeIgniter->handleRequest(null, Object(Config\Cache), false)
 4 SYSTEMPATH\Boot.php(334): CodeIgniter\CodeIgniter->run()
 5 SYSTEMPATH\Boot.php(67): CodeIgniter\Boot::runCodeIgniter(Object(CodeIgniter\CodeIgniter))
 6 FCPATH\index.php(46): CodeIgniter\Boot::bootWeb(Object(Config\Paths))
DEBUG - 2025-10-01 10:57:46 --> Session: Class initialized using 'CodeIgniter\Session\Handlers\FileHandler' driver.
WARNING - 2025-10-01 10:57:46 --> [DEPRECATED] Constant FILTER_SANITIZE_STRING is deprecated in APPPATH\Controllers\Staff\Attendance.php on line 43.
 1 SYSTEMPATH\CodeIgniter.php(933): App\Controllers\Staff\Attendance->index()
 2 SYSTEMPATH\CodeIgniter.php(507): CodeIgniter\CodeIgniter->runController(Object(App\Controllers\Staff\Attendance))
 3 SYSTEMPATH\CodeIgniter.php(354): CodeIgniter\CodeIgniter->handleRequest(null, Object(Config\Cache), false)
 4 SYSTEMPATH\Boot.php(334): CodeIgniter\CodeIgniter->run()
 5 SYSTEMPATH\Boot.php(67): CodeIgniter\Boot::runCodeIgniter(Object(CodeIgniter\CodeIgniter))
 6 FCPATH\index.php(46): CodeIgniter\Boot::bootWeb(Object(Config\Paths))
WARNING - 2025-10-01 10:57:46 --> [DEPRECATED] Constant FILTER_SANITIZE_STRING is deprecated in APPPATH\Controllers\Staff\Attendance.php on line 44.
 1 SYSTEMPATH\CodeIgniter.php(933): App\Controllers\Staff\Attendance->index()
 2 SYSTEMPATH\CodeIgniter.php(507): CodeIgniter\CodeIgniter->runController(Object(App\Controllers\Staff\Attendance))
 3 SYSTEMPATH\CodeIgniter.php(354): CodeIgniter\CodeIgniter->handleRequest(null, Object(Config\Cache), false)
 4 SYSTEMPATH\Boot.php(334): CodeIgniter\CodeIgniter->run()
 5 SYSTEMPATH\Boot.php(67): CodeIgniter\Boot::runCodeIgniter(Object(CodeIgniter\CodeIgniter))
 6 FCPATH\index.php(46): CodeIgniter\Boot::bootWeb(Object(Config\Paths))
WARNING - 2025-10-01 10:57:46 --> [DEPRECATED] Constant FILTER_SANITIZE_STRING is deprecated in APPPATH\Controllers\Staff\Attendance.php on line 45.
 1 SYSTEMPATH\CodeIgniter.php(933): App\Controllers\Staff\Attendance->index()
 2 SYSTEMPATH\CodeIgniter.php(507): CodeIgniter\CodeIgniter->runController(Object(App\Controllers\Staff\Attendance))
 3 SYSTEMPATH\CodeIgniter.php(354): CodeIgniter\CodeIgniter->handleRequest(null, Object(Config\Cache), false)
 4 SYSTEMPATH\Boot.php(334): CodeIgniter\CodeIgniter->run()
 5 SYSTEMPATH\Boot.php(67): CodeIgniter\Boot::runCodeIgniter(Object(CodeIgniter\CodeIgniter))
 6 FCPATH\index.php(46): CodeIgniter\Boot::bootWeb(Object(Config\Paths))
DEBUG - 2025-10-01 10:58:47 --> Session: Class initialized using 'CodeIgniter\Session\Handlers\FileHandler' driver.
WARNING - 2025-10-01 10:58:47 --> [DEPRECATED] Constant FILTER_SANITIZE_STRING is deprecated in APPPATH\Controllers\Staff\Attendance.php on line 43.
 1 SYSTEMPATH\CodeIgniter.php(933): App\Controllers\Staff\Attendance->index()
 2 SYSTEMPATH\CodeIgniter.php(507): CodeIgniter\CodeIgniter->runController(Object(App\Controllers\Staff\Attendance))
 3 SYSTEMPATH\CodeIgniter.php(354): CodeIgniter\CodeIgniter->handleRequest(null, Object(Config\Cache), false)
 4 SYSTEMPATH\Boot.php(334): CodeIgniter\CodeIgniter->run()
 5 SYSTEMPATH\Boot.php(67): CodeIgniter\Boot::runCodeIgniter(Object(CodeIgniter\CodeIgniter))
 6 FCPATH\index.php(46): CodeIgniter\Boot::bootWeb(Object(Config\Paths))
WARNING - 2025-10-01 10:58:47 --> [DEPRECATED] Constant FILTER_SANITIZE_STRING is deprecated in APPPATH\Controllers\Staff\Attendance.php on line 44.
 1 SYSTEMPATH\CodeIgniter.php(933): App\Controllers\Staff\Attendance->index()
 2 SYSTEMPATH\CodeIgniter.php(507): CodeIgniter\CodeIgniter->runController(Object(App\Controllers\Staff\Attendance))
 3 SYSTEMPATH\CodeIgniter.php(354): CodeIgniter\CodeIgniter->handleRequest(null, Object(Config\Cache), false)
 4 SYSTEMPATH\Boot.php(334): CodeIgniter\CodeIgniter->run()
 5 SYSTEMPATH\Boot.php(67): CodeIgniter\Boot::runCodeIgniter(Object(CodeIgniter\CodeIgniter))
 6 FCPATH\index.php(46): CodeIgniter\Boot::bootWeb(Object(Config\Paths))
WARNING - 2025-10-01 10:58:47 --> [DEPRECATED] Constant FILTER_SANITIZE_STRING is deprecated in APPPATH\Controllers\Staff\Attendance.php on line 45.
 1 SYSTEMPATH\CodeIgniter.php(933): App\Controllers\Staff\Attendance->index()
 2 SYSTEMPATH\CodeIgniter.php(507): CodeIgniter\CodeIgniter->runController(Object(App\Controllers\Staff\Attendance))
 3 SYSTEMPATH\CodeIgniter.php(354): CodeIgniter\CodeIgniter->handleRequest(null, Object(Config\Cache), false)
 4 SYSTEMPATH\Boot.php(334): CodeIgniter\CodeIgniter->run()
 5 SYSTEMPATH\Boot.php(67): CodeIgniter\Boot::runCodeIgniter(Object(CodeIgniter\CodeIgniter))
 6 FCPATH\index.php(46): CodeIgniter\Boot::bootWeb(Object(Config\Paths))
DEBUG - 2025-10-01 10:58:56 --> Session: Class initialized using 'CodeIgniter\Session\Handlers\FileHandler' driver.
WARNING - 2025-10-01 10:58:56 --> [DEPRECATED] Constant FILTER_SANITIZE_STRING is deprecated in APPPATH\Controllers\Staff\Attendance.php on line 43.
 1 SYSTEMPATH\CodeIgniter.php(933): App\Controllers\Staff\Attendance->index()
 2 SYSTEMPATH\CodeIgniter.php(507): CodeIgniter\CodeIgniter->runController(Object(App\Controllers\Staff\Attendance))
 3 SYSTEMPATH\CodeIgniter.php(354): CodeIgniter\CodeIgniter->handleRequest(null, Object(Config\Cache), false)
 4 SYSTEMPATH\Boot.php(334): CodeIgniter\CodeIgniter->run()
 5 SYSTEMPATH\Boot.php(67): CodeIgniter\Boot::runCodeIgniter(Object(CodeIgniter\CodeIgniter))
 6 FCPATH\index.php(46): CodeIgniter\Boot::bootWeb(Object(Config\Paths))
WARNING - 2025-10-01 10:58:56 --> [DEPRECATED] Constant FILTER_SANITIZE_STRING is deprecated in APPPATH\Controllers\Staff\Attendance.php on line 44.
 1 SYSTEMPATH\CodeIgniter.php(933): App\Controllers\Staff\Attendance->index()
 2 SYSTEMPATH\CodeIgniter.php(507): CodeIgniter\CodeIgniter->runController(Object(App\Controllers\Staff\Attendance))
 3 SYSTEMPATH\CodeIgniter.php(354): CodeIgniter\CodeIgniter->handleRequest(null, Object(Config\Cache), false)
 4 SYSTEMPATH\Boot.php(334): CodeIgniter\CodeIgniter->run()
 5 SYSTEMPATH\Boot.php(67): CodeIgniter\Boot::runCodeIgniter(Object(CodeIgniter\CodeIgniter))
 6 FCPATH\index.php(46): CodeIgniter\Boot::bootWeb(Object(Config\Paths))
WARNING - 2025-10-01 10:58:56 --> [DEPRECATED] Constant FILTER_SANITIZE_STRING is deprecated in APPPATH\Controllers\Staff\Attendance.php on line 45.
 1 SYSTEMPATH\CodeIgniter.php(933): App\Controllers\Staff\Attendance->index()
 2 SYSTEMPATH\CodeIgniter.php(507): CodeIgniter\CodeIgniter->runController(Object(App\Controllers\Staff\Attendance))
 3 SYSTEMPATH\CodeIgniter.php(354): CodeIgniter\CodeIgniter->handleRequest(null, Object(Config\Cache), false)
 4 SYSTEMPATH\Boot.php(334): CodeIgniter\CodeIgniter->run()
 5 SYSTEMPATH\Boot.php(67): CodeIgniter\Boot::runCodeIgniter(Object(CodeIgniter\CodeIgniter))
 6 FCPATH\index.php(46): CodeIgniter\Boot::bootWeb(Object(Config\Paths))
DEBUG - 2025-10-01 11:06:09 --> Session: Class initialized using 'CodeIgniter\Session\Handlers\FileHandler' driver.
WARNING - 2025-10-01 11:06:09 --> [DEPRECATED] Constant FILTER_SANITIZE_STRING is deprecated in APPPATH\Controllers\Staff\Attendance.php on line 43.
 1 SYSTEMPATH\CodeIgniter.php(933): App\Controllers\Staff\Attendance->index()
 2 SYSTEMPATH\CodeIgniter.php(507): CodeIgniter\CodeIgniter->runController(Object(App\Controllers\Staff\Attendance))
 3 SYSTEMPATH\CodeIgniter.php(354): CodeIgniter\CodeIgniter->handleRequest(null, Object(Config\Cache), false)
 4 SYSTEMPATH\Boot.php(334): CodeIgniter\CodeIgniter->run()
 5 SYSTEMPATH\Boot.php(67): CodeIgniter\Boot::runCodeIgniter(Object(CodeIgniter\CodeIgniter))
 6 FCPATH\index.php(46): CodeIgniter\Boot::bootWeb(Object(Config\Paths))
WARNING - 2025-10-01 11:06:09 --> [DEPRECATED] Constant FILTER_SANITIZE_STRING is deprecated in APPPATH\Controllers\Staff\Attendance.php on line 44.
 1 SYSTEMPATH\CodeIgniter.php(933): App\Controllers\Staff\Attendance->index()
 2 SYSTEMPATH\CodeIgniter.php(507): CodeIgniter\CodeIgniter->runController(Object(App\Controllers\Staff\Attendance))
 3 SYSTEMPATH\CodeIgniter.php(354): CodeIgniter\CodeIgniter->handleRequest(null, Object(Config\Cache), false)
 4 SYSTEMPATH\Boot.php(334): CodeIgniter\CodeIgniter->run()
 5 SYSTEMPATH\Boot.php(67): CodeIgniter\Boot::runCodeIgniter(Object(CodeIgniter\CodeIgniter))
 6 FCPATH\index.php(46): CodeIgniter\Boot::bootWeb(Object(Config\Paths))
WARNING - 2025-10-01 11:06:09 --> [DEPRECATED] Constant FILTER_SANITIZE_STRING is deprecated in APPPATH\Controllers\Staff\Attendance.php on line 45.
 1 SYSTEMPATH\CodeIgniter.php(933): App\Controllers\Staff\Attendance->index()
 2 SYSTEMPATH\CodeIgniter.php(507): CodeIgniter\CodeIgniter->runController(Object(App\Controllers\Staff\Attendance))
 3 SYSTEMPATH\CodeIgniter.php(354): CodeIgniter\CodeIgniter->handleRequest(null, Object(Config\Cache), false)
 4 SYSTEMPATH\Boot.php(334): CodeIgniter\CodeIgniter->run()
 5 SYSTEMPATH\Boot.php(67): CodeIgniter\Boot::runCodeIgniter(Object(CodeIgniter\CodeIgniter))
 6 FCPATH\index.php(46): CodeIgniter\Boot::bootWeb(Object(Config\Paths))
DEBUG - 2025-10-01 11:11:15 --> Session: Class initialized using 'CodeIgniter\Session\Handlers\FileHandler' driver.
WARNING - 2025-10-01 11:11:15 --> [DEPRECATED] Constant FILTER_SANITIZE_STRING is deprecated in APPPATH\Controllers\Staff\Attendance.php on line 43.
 1 SYSTEMPATH\CodeIgniter.php(933): App\Controllers\Staff\Attendance->index()
 2 SYSTEMPATH\CodeIgniter.php(507): CodeIgniter\CodeIgniter->runController(Object(App\Controllers\Staff\Attendance))
 3 SYSTEMPATH\CodeIgniter.php(354): CodeIgniter\CodeIgniter->handleRequest(null, Object(Config\Cache), false)
 4 SYSTEMPATH\Boot.php(334): CodeIgniter\CodeIgniter->run()
 5 SYSTEMPATH\Boot.php(67): CodeIgniter\Boot::runCodeIgniter(Object(CodeIgniter\CodeIgniter))
 6 FCPATH\index.php(46): CodeIgniter\Boot::bootWeb(Object(Config\Paths))
WARNING - 2025-10-01 11:11:15 --> [DEPRECATED] Constant FILTER_SANITIZE_STRING is deprecated in APPPATH\Controllers\Staff\Attendance.php on line 44.
 1 SYSTEMPATH\CodeIgniter.php(933): App\Controllers\Staff\Attendance->index()
 2 SYSTEMPATH\CodeIgniter.php(507): CodeIgniter\CodeIgniter->runController(Object(App\Controllers\Staff\Attendance))
 3 SYSTEMPATH\CodeIgniter.php(354): CodeIgniter\CodeIgniter->handleRequest(null, Object(Config\Cache), false)
 4 SYSTEMPATH\Boot.php(334): CodeIgniter\CodeIgniter->run()
 5 SYSTEMPATH\Boot.php(67): CodeIgniter\Boot::runCodeIgniter(Object(CodeIgniter\CodeIgniter))
 6 FCPATH\index.php(46): CodeIgniter\Boot::bootWeb(Object(Config\Paths))
WARNING - 2025-10-01 11:11:15 --> [DEPRECATED] Constant FILTER_SANITIZE_STRING is deprecated in APPPATH\Controllers\Staff\Attendance.php on line 45.
 1 SYSTEMPATH\CodeIgniter.php(933): App\Controllers\Staff\Attendance->index()
 2 SYSTEMPATH\CodeIgniter.php(507): CodeIgniter\CodeIgniter->runController(Object(App\Controllers\Staff\Attendance))
 3 SYSTEMPATH\CodeIgniter.php(354): CodeIgniter\CodeIgniter->handleRequest(null, Object(Config\Cache), false)
 4 SYSTEMPATH\Boot.php(334): CodeIgniter\CodeIgniter->run()
 5 SYSTEMPATH\Boot.php(67): CodeIgniter\Boot::runCodeIgniter(Object(CodeIgniter\CodeIgniter))
 6 FCPATH\index.php(46): CodeIgniter\Boot::bootWeb(Object(Config\Paths))
DEBUG - 2025-10-01 11:11:18 --> Session: Class initialized using 'CodeIgniter\Session\Handlers\FileHandler' driver.
WARNING - 2025-10-01 11:11:18 --> [DEPRECATED] Constant FILTER_SANITIZE_STRING is deprecated in APPPATH\Controllers\Staff\Attendance.php on line 43.
 1 SYSTEMPATH\CodeIgniter.php(933): App\Controllers\Staff\Attendance->index()
 2 SYSTEMPATH\CodeIgniter.php(507): CodeIgniter\CodeIgniter->runController(Object(App\Controllers\Staff\Attendance))
 3 SYSTEMPATH\CodeIgniter.php(354): CodeIgniter\CodeIgniter->handleRequest(null, Object(Config\Cache), false)
 4 SYSTEMPATH\Boot.php(334): CodeIgniter\CodeIgniter->run()
 5 SYSTEMPATH\Boot.php(67): CodeIgniter\Boot::runCodeIgniter(Object(CodeIgniter\CodeIgniter))
 6 FCPATH\index.php(46): CodeIgniter\Boot::bootWeb(Object(Config\Paths))
WARNING - 2025-10-01 11:11:18 --> [DEPRECATED] Constant FILTER_SANITIZE_STRING is deprecated in APPPATH\Controllers\Staff\Attendance.php on line 44.
 1 SYSTEMPATH\CodeIgniter.php(933): App\Controllers\Staff\Attendance->index()
 2 SYSTEMPATH\CodeIgniter.php(507): CodeIgniter\CodeIgniter->runController(Object(App\Controllers\Staff\Attendance))
 3 SYSTEMPATH\CodeIgniter.php(354): CodeIgniter\CodeIgniter->handleRequest(null, Object(Config\Cache), false)
 4 SYSTEMPATH\Boot.php(334): CodeIgniter\CodeIgniter->run()
 5 SYSTEMPATH\Boot.php(67): CodeIgniter\Boot::runCodeIgniter(Object(CodeIgniter\CodeIgniter))
 6 FCPATH\index.php(46): CodeIgniter\Boot::bootWeb(Object(Config\Paths))
WARNING - 2025-10-01 11:11:18 --> [DEPRECATED] Constant FILTER_SANITIZE_STRING is deprecated in APPPATH\Controllers\Staff\Attendance.php on line 45.
 1 SYSTEMPATH\CodeIgniter.php(933): App\Controllers\Staff\Attendance->index()
 2 SYSTEMPATH\CodeIgniter.php(507): CodeIgniter\CodeIgniter->runController(Object(App\Controllers\Staff\Attendance))
 3 SYSTEMPATH\CodeIgniter.php(354): CodeIgniter\CodeIgniter->handleRequest(null, Object(Config\Cache), false)
 4 SYSTEMPATH\Boot.php(334): CodeIgniter\CodeIgniter->run()
 5 SYSTEMPATH\Boot.php(67): CodeIgniter\Boot::runCodeIgniter(Object(CodeIgniter\CodeIgniter))
 6 FCPATH\index.php(46): CodeIgniter\Boot::bootWeb(Object(Config\Paths))
DEBUG - 2025-10-01 11:11:20 --> Session: Class initialized using 'CodeIgniter\Session\Handlers\FileHandler' driver.
WARNING - 2025-10-01 11:11:20 --> [DEPRECATED] Constant FILTER_SANITIZE_STRING is deprecated in APPPATH\Controllers\Staff\Attendance.php on line 43.
 1 SYSTEMPATH\CodeIgniter.php(933): App\Controllers\Staff\Attendance->index()
 2 SYSTEMPATH\CodeIgniter.php(507): CodeIgniter\CodeIgniter->runController(Object(App\Controllers\Staff\Attendance))
 3 SYSTEMPATH\CodeIgniter.php(354): CodeIgniter\CodeIgniter->handleRequest(null, Object(Config\Cache), false)
 4 SYSTEMPATH\Boot.php(334): CodeIgniter\CodeIgniter->run()
 5 SYSTEMPATH\Boot.php(67): CodeIgniter\Boot::runCodeIgniter(Object(CodeIgniter\CodeIgniter))
 6 FCPATH\index.php(46): CodeIgniter\Boot::bootWeb(Object(Config\Paths))
WARNING - 2025-10-01 11:11:20 --> [DEPRECATED] Constant FILTER_SANITIZE_STRING is deprecated in APPPATH\Controllers\Staff\Attendance.php on line 44.
 1 SYSTEMPATH\CodeIgniter.php(933): App\Controllers\Staff\Attendance->index()
 2 SYSTEMPATH\CodeIgniter.php(507): CodeIgniter\CodeIgniter->runController(Object(App\Controllers\Staff\Attendance))
 3 SYSTEMPATH\CodeIgniter.php(354): CodeIgniter\CodeIgniter->handleRequest(null, Object(Config\Cache), false)
 4 SYSTEMPATH\Boot.php(334): CodeIgniter\CodeIgniter->run()
 5 SYSTEMPATH\Boot.php(67): CodeIgniter\Boot::runCodeIgniter(Object(CodeIgniter\CodeIgniter))
 6 FCPATH\index.php(46): CodeIgniter\Boot::bootWeb(Object(Config\Paths))
WARNING - 2025-10-01 11:11:20 --> [DEPRECATED] Constant FILTER_SANITIZE_STRING is deprecated in APPPATH\Controllers\Staff\Attendance.php on line 45.
 1 SYSTEMPATH\CodeIgniter.php(933): App\Controllers\Staff\Attendance->index()
 2 SYSTEMPATH\CodeIgniter.php(507): CodeIgniter\CodeIgniter->runController(Object(App\Controllers\Staff\Attendance))
 3 SYSTEMPATH\CodeIgniter.php(354): CodeIgniter\CodeIgniter->handleRequest(null, Object(Config\Cache), false)
 4 SYSTEMPATH\Boot.php(334): CodeIgniter\CodeIgniter->run()
 5 SYSTEMPATH\Boot.php(67): CodeIgniter\Boot::runCodeIgniter(Object(CodeIgniter\CodeIgniter))
 6 FCPATH\index.php(46): CodeIgniter\Boot::bootWeb(Object(Config\Paths))
DEBUG - 2025-10-01 11:11:28 --> Session: Class initialized using 'CodeIgniter\Session\Handlers\FileHandler' driver.
WARNING - 2025-10-01 11:11:28 --> [DEPRECATED] Constant FILTER_SANITIZE_STRING is deprecated in APPPATH\Controllers\Staff\Attendance.php on line 43.
 1 SYSTEMPATH\CodeIgniter.php(933): App\Controllers\Staff\Attendance->index()
 2 SYSTEMPATH\CodeIgniter.php(507): CodeIgniter\CodeIgniter->runController(Object(App\Controllers\Staff\Attendance))
 3 SYSTEMPATH\CodeIgniter.php(354): CodeIgniter\CodeIgniter->handleRequest(null, Object(Config\Cache), false)
 4 SYSTEMPATH\Boot.php(334): CodeIgniter\CodeIgniter->run()
 5 SYSTEMPATH\Boot.php(67): CodeIgniter\Boot::runCodeIgniter(Object(CodeIgniter\CodeIgniter))
 6 FCPATH\index.php(46): CodeIgniter\Boot::bootWeb(Object(Config\Paths))
WARNING - 2025-10-01 11:11:28 --> [DEPRECATED] Constant FILTER_SANITIZE_STRING is deprecated in APPPATH\Controllers\Staff\Attendance.php on line 44.
 1 SYSTEMPATH\CodeIgniter.php(933): App\Controllers\Staff\Attendance->index()
 2 SYSTEMPATH\CodeIgniter.php(507): CodeIgniter\CodeIgniter->runController(Object(App\Controllers\Staff\Attendance))
 3 SYSTEMPATH\CodeIgniter.php(354): CodeIgniter\CodeIgniter->handleRequest(null, Object(Config\Cache), false)
 4 SYSTEMPATH\Boot.php(334): CodeIgniter\CodeIgniter->run()
 5 SYSTEMPATH\Boot.php(67): CodeIgniter\Boot::runCodeIgniter(Object(CodeIgniter\CodeIgniter))
 6 FCPATH\index.php(46): CodeIgniter\Boot::bootWeb(Object(Config\Paths))
WARNING - 2025-10-01 11:11:28 --> [DEPRECATED] Constant FILTER_SANITIZE_STRING is deprecated in APPPATH\Controllers\Staff\Attendance.php on line 45.
 1 SYSTEMPATH\CodeIgniter.php(933): App\Controllers\Staff\Attendance->index()
 2 SYSTEMPATH\CodeIgniter.php(507): CodeIgniter\CodeIgniter->runController(Object(App\Controllers\Staff\Attendance))
 3 SYSTEMPATH\CodeIgniter.php(354): CodeIgniter\CodeIgniter->handleRequest(null, Object(Config\Cache), false)
 4 SYSTEMPATH\Boot.php(334): CodeIgniter\CodeIgniter->run()
 5 SYSTEMPATH\Boot.php(67): CodeIgniter\Boot::runCodeIgniter(Object(CodeIgniter\CodeIgniter))
 6 FCPATH\index.php(46): CodeIgniter\Boot::bootWeb(Object(Config\Paths))
DEBUG - 2025-10-01 11:12:35 --> Session: Class initialized using 'CodeIgniter\Session\Handlers\FileHandler' driver.
DEBUG - 2025-10-01 11:12:35 --> Session: Class initialized using 'CodeIgniter\Session\Handlers\FileHandler' driver.
DEBUG - 2025-10-01 11:12:37 --> Session: Class initialized using 'CodeIgniter\Session\Handlers\FileHandler' driver.
DEBUG - 2025-10-01 11:12:37 --> Session: Class initialized using 'CodeIgniter\Session\Handlers\FileHandler' driver.
DEBUG - 2025-10-01 11:12:42 --> Session: Class initialized using 'CodeIgniter\Session\Handlers\FileHandler' driver.
WARNING - 2025-10-01 11:12:42 --> [DEPRECATED] Constant FILTER_SANITIZE_STRING is deprecated in APPPATH\Controllers\Staff\Attendance.php on line 43.
 1 SYSTEMPATH\CodeIgniter.php(933): App\Controllers\Staff\Attendance->index()
 2 SYSTEMPATH\CodeIgniter.php(507): CodeIgniter\CodeIgniter->runController(Object(App\Controllers\Staff\Attendance))
 3 SYSTEMPATH\CodeIgniter.php(354): CodeIgniter\CodeIgniter->handleRequest(null, Object(Config\Cache), false)
 4 SYSTEMPATH\Boot.php(334): CodeIgniter\CodeIgniter->run()
 5 SYSTEMPATH\Boot.php(67): CodeIgniter\Boot::runCodeIgniter(Object(CodeIgniter\CodeIgniter))
 6 FCPATH\index.php(46): CodeIgniter\Boot::bootWeb(Object(Config\Paths))
WARNING - 2025-10-01 11:12:42 --> [DEPRECATED] Constant FILTER_SANITIZE_STRING is deprecated in APPPATH\Controllers\Staff\Attendance.php on line 44.
 1 SYSTEMPATH\CodeIgniter.php(933): App\Controllers\Staff\Attendance->index()
 2 SYSTEMPATH\CodeIgniter.php(507): CodeIgniter\CodeIgniter->runController(Object(App\Controllers\Staff\Attendance))
 3 SYSTEMPATH\CodeIgniter.php(354): CodeIgniter\CodeIgniter->handleRequest(null, Object(Config\Cache), false)
 4 SYSTEMPATH\Boot.php(334): CodeIgniter\CodeIgniter->run()
 5 SYSTEMPATH\Boot.php(67): CodeIgniter\Boot::runCodeIgniter(Object(CodeIgniter\CodeIgniter))
 6 FCPATH\index.php(46): CodeIgniter\Boot::bootWeb(Object(Config\Paths))
WARNING - 2025-10-01 11:12:42 --> [DEPRECATED] Constant FILTER_SANITIZE_STRING is deprecated in APPPATH\Controllers\Staff\Attendance.php on line 45.
 1 SYSTEMPATH\CodeIgniter.php(933): App\Controllers\Staff\Attendance->index()
 2 SYSTEMPATH\CodeIgniter.php(507): CodeIgniter\CodeIgniter->runController(Object(App\Controllers\Staff\Attendance))
 3 SYSTEMPATH\CodeIgniter.php(354): CodeIgniter\CodeIgniter->handleRequest(null, Object(Config\Cache), false)
 4 SYSTEMPATH\Boot.php(334): CodeIgniter\CodeIgniter->run()
 5 SYSTEMPATH\Boot.php(67): CodeIgniter\Boot::runCodeIgniter(Object(CodeIgniter\CodeIgniter))
 6 FCPATH\index.php(46): CodeIgniter\Boot::bootWeb(Object(Config\Paths))
DEBUG - 2025-10-01 11:12:49 --> Session: Class initialized using 'CodeIgniter\Session\Handlers\FileHandler' driver.
DEBUG - 2025-10-01 11:12:52 --> Session: Class initialized using 'CodeIgniter\Session\Handlers\FileHandler' driver.
WARNING - 2025-10-01 11:12:52 --> [DEPRECATED] Constant FILTER_SANITIZE_STRING is deprecated in APPPATH\Controllers\Staff\Attendance.php on line 43.
 1 SYSTEMPATH\CodeIgniter.php(933): App\Controllers\Staff\Attendance->index()
 2 SYSTEMPATH\CodeIgniter.php(507): CodeIgniter\CodeIgniter->runController(Object(App\Controllers\Staff\Attendance))
 3 SYSTEMPATH\CodeIgniter.php(354): CodeIgniter\CodeIgniter->handleRequest(null, Object(Config\Cache), false)
 4 SYSTEMPATH\Boot.php(334): CodeIgniter\CodeIgniter->run()
 5 SYSTEMPATH\Boot.php(67): CodeIgniter\Boot::runCodeIgniter(Object(CodeIgniter\CodeIgniter))
 6 FCPATH\index.php(46): CodeIgniter\Boot::bootWeb(Object(Config\Paths))
WARNING - 2025-10-01 11:12:52 --> [DEPRECATED] Constant FILTER_SANITIZE_STRING is deprecated in APPPATH\Controllers\Staff\Attendance.php on line 44.
 1 SYSTEMPATH\CodeIgniter.php(933): App\Controllers\Staff\Attendance->index()
 2 SYSTEMPATH\CodeIgniter.php(507): CodeIgniter\CodeIgniter->runController(Object(App\Controllers\Staff\Attendance))
 3 SYSTEMPATH\CodeIgniter.php(354): CodeIgniter\CodeIgniter->handleRequest(null, Object(Config\Cache), false)
 4 SYSTEMPATH\Boot.php(334): CodeIgniter\CodeIgniter->run()
 5 SYSTEMPATH\Boot.php(67): CodeIgniter\Boot::runCodeIgniter(Object(CodeIgniter\CodeIgniter))
 6 FCPATH\index.php(46): CodeIgniter\Boot::bootWeb(Object(Config\Paths))
WARNING - 2025-10-01 11:12:52 --> [DEPRECATED] Constant FILTER_SANITIZE_STRING is deprecated in APPPATH\Controllers\Staff\Attendance.php on line 45.
 1 SYSTEMPATH\CodeIgniter.php(933): App\Controllers\Staff\Attendance->index()
 2 SYSTEMPATH\CodeIgniter.php(507): CodeIgniter\CodeIgniter->runController(Object(App\Controllers\Staff\Attendance))
 3 SYSTEMPATH\CodeIgniter.php(354): CodeIgniter\CodeIgniter->handleRequest(null, Object(Config\Cache), false)
 4 SYSTEMPATH\Boot.php(334): CodeIgniter\CodeIgniter->run()
 5 SYSTEMPATH\Boot.php(67): CodeIgniter\Boot::runCodeIgniter(Object(CodeIgniter\CodeIgniter))
 6 FCPATH\index.php(46): CodeIgniter\Boot::bootWeb(Object(Config\Paths))
DEBUG - 2025-10-01 11:12:58 --> Session: Class initialized using 'CodeIgniter\Session\Handlers\FileHandler' driver.
WARNING - 2025-10-01 11:12:58 --> [DEPRECATED] Constant FILTER_SANITIZE_STRING is deprecated in APPPATH\Controllers\Staff\Attendance.php on line 43.
 1 SYSTEMPATH\CodeIgniter.php(933): App\Controllers\Staff\Attendance->index()
 2 SYSTEMPATH\CodeIgniter.php(507): CodeIgniter\CodeIgniter->runController(Object(App\Controllers\Staff\Attendance))
 3 SYSTEMPATH\CodeIgniter.php(354): CodeIgniter\CodeIgniter->handleRequest(null, Object(Config\Cache), false)
 4 SYSTEMPATH\Boot.php(334): CodeIgniter\CodeIgniter->run()
 5 SYSTEMPATH\Boot.php(67): CodeIgniter\Boot::runCodeIgniter(Object(CodeIgniter\CodeIgniter))
 6 FCPATH\index.php(46): CodeIgniter\Boot::bootWeb(Object(Config\Paths))
WARNING - 2025-10-01 11:12:58 --> [DEPRECATED] Constant FILTER_SANITIZE_STRING is deprecated in APPPATH\Controllers\Staff\Attendance.php on line 44.
 1 SYSTEMPATH\CodeIgniter.php(933): App\Controllers\Staff\Attendance->index()
 2 SYSTEMPATH\CodeIgniter.php(507): CodeIgniter\CodeIgniter->runController(Object(App\Controllers\Staff\Attendance))
 3 SYSTEMPATH\CodeIgniter.php(354): CodeIgniter\CodeIgniter->handleRequest(null, Object(Config\Cache), false)
 4 SYSTEMPATH\Boot.php(334): CodeIgniter\CodeIgniter->run()
 5 SYSTEMPATH\Boot.php(67): CodeIgniter\Boot::runCodeIgniter(Object(CodeIgniter\CodeIgniter))
 6 FCPATH\index.php(46): CodeIgniter\Boot::bootWeb(Object(Config\Paths))
WARNING - 2025-10-01 11:12:58 --> [DEPRECATED] Constant FILTER_SANITIZE_STRING is deprecated in APPPATH\Controllers\Staff\Attendance.php on line 45.
 1 SYSTEMPATH\CodeIgniter.php(933): App\Controllers\Staff\Attendance->index()
 2 SYSTEMPATH\CodeIgniter.php(507): CodeIgniter\CodeIgniter->runController(Object(App\Controllers\Staff\Attendance))
 3 SYSTEMPATH\CodeIgniter.php(354): CodeIgniter\CodeIgniter->handleRequest(null, Object(Config\Cache), false)
 4 SYSTEMPATH\Boot.php(334): CodeIgniter\CodeIgniter->run()
 5 SYSTEMPATH\Boot.php(67): CodeIgniter\Boot::runCodeIgniter(Object(CodeIgniter\CodeIgniter))
 6 FCPATH\index.php(46): CodeIgniter\Boot::bootWeb(Object(Config\Paths))
DEBUG - 2025-10-01 11:13:06 --> Session: Class initialized using 'CodeIgniter\Session\Handlers\FileHandler' driver.
WARNING - 2025-10-01 11:13:06 --> [DEPRECATED] Constant FILTER_SANITIZE_STRING is deprecated in APPPATH\Controllers\Staff\Attendance.php on line 43.
 1 SYSTEMPATH\CodeIgniter.php(933): App\Controllers\Staff\Attendance->index()
 2 SYSTEMPATH\CodeIgniter.php(507): CodeIgniter\CodeIgniter->runController(Object(App\Controllers\Staff\Attendance))
 3 SYSTEMPATH\CodeIgniter.php(354): CodeIgniter\CodeIgniter->handleRequest(null, Object(Config\Cache), false)
 4 SYSTEMPATH\Boot.php(334): CodeIgniter\CodeIgniter->run()
 5 SYSTEMPATH\Boot.php(67): CodeIgniter\Boot::runCodeIgniter(Object(CodeIgniter\CodeIgniter))
 6 FCPATH\index.php(46): CodeIgniter\Boot::bootWeb(Object(Config\Paths))
WARNING - 2025-10-01 11:13:06 --> [DEPRECATED] Constant FILTER_SANITIZE_STRING is deprecated in APPPATH\Controllers\Staff\Attendance.php on line 44.
 1 SYSTEMPATH\CodeIgniter.php(933): App\Controllers\Staff\Attendance->index()
 2 SYSTEMPATH\CodeIgniter.php(507): CodeIgniter\CodeIgniter->runController(Object(App\Controllers\Staff\Attendance))
 3 SYSTEMPATH\CodeIgniter.php(354): CodeIgniter\CodeIgniter->handleRequest(null, Object(Config\Cache), false)
 4 SYSTEMPATH\Boot.php(334): CodeIgniter\CodeIgniter->run()
 5 SYSTEMPATH\Boot.php(67): CodeIgniter\Boot::runCodeIgniter(Object(CodeIgniter\CodeIgniter))
 6 FCPATH\index.php(46): CodeIgniter\Boot::bootWeb(Object(Config\Paths))
WARNING - 2025-10-01 11:13:06 --> [DEPRECATED] Constant FILTER_SANITIZE_STRING is deprecated in APPPATH\Controllers\Staff\Attendance.php on line 45.
 1 SYSTEMPATH\CodeIgniter.php(933): App\Controllers\Staff\Attendance->index()
 2 SYSTEMPATH\CodeIgniter.php(507): CodeIgniter\CodeIgniter->runController(Object(App\Controllers\Staff\Attendance))
 3 SYSTEMPATH\CodeIgniter.php(354): CodeIgniter\CodeIgniter->handleRequest(null, Object(Config\Cache), false)
 4 SYSTEMPATH\Boot.php(334): CodeIgniter\CodeIgniter->run()
 5 SYSTEMPATH\Boot.php(67): CodeIgniter\Boot::runCodeIgniter(Object(CodeIgniter\CodeIgniter))
 6 FCPATH\index.php(46): CodeIgniter\Boot::bootWeb(Object(Config\Paths))
DEBUG - 2025-10-01 11:13:19 --> Session: Class initialized using 'CodeIgniter\Session\Handlers\FileHandler' driver.
DEBUG - 2025-10-01 11:13:26 --> Session: Class initialized using 'CodeIgniter\Session\Handlers\FileHandler' driver.
DEBUG - 2025-10-01 11:13:28 --> Session: Class initialized using 'CodeIgniter\Session\Handlers\FileHandler' driver.
WARNING - 2025-10-01 11:13:28 --> [DEPRECATED] Constant FILTER_SANITIZE_STRING is deprecated in APPPATH\Controllers\Staff\Attendance.php on line 43.
 1 SYSTEMPATH\CodeIgniter.php(933): App\Controllers\Staff\Attendance->index()
 2 SYSTEMPATH\CodeIgniter.php(507): CodeIgniter\CodeIgniter->runController(Object(App\Controllers\Staff\Attendance))
 3 SYSTEMPATH\CodeIgniter.php(354): CodeIgniter\CodeIgniter->handleRequest(null, Object(Config\Cache), false)
 4 SYSTEMPATH\Boot.php(334): CodeIgniter\CodeIgniter->run()
 5 SYSTEMPATH\Boot.php(67): CodeIgniter\Boot::runCodeIgniter(Object(CodeIgniter\CodeIgniter))
 6 FCPATH\index.php(46): CodeIgniter\Boot::bootWeb(Object(Config\Paths))
WARNING - 2025-10-01 11:13:28 --> [DEPRECATED] Constant FILTER_SANITIZE_STRING is deprecated in APPPATH\Controllers\Staff\Attendance.php on line 44.
 1 SYSTEMPATH\CodeIgniter.php(933): App\Controllers\Staff\Attendance->index()
 2 SYSTEMPATH\CodeIgniter.php(507): CodeIgniter\CodeIgniter->runController(Object(App\Controllers\Staff\Attendance))
 3 SYSTEMPATH\CodeIgniter.php(354): CodeIgniter\CodeIgniter->handleRequest(null, Object(Config\Cache), false)
 4 SYSTEMPATH\Boot.php(334): CodeIgniter\CodeIgniter->run()
 5 SYSTEMPATH\Boot.php(67): CodeIgniter\Boot::runCodeIgniter(Object(CodeIgniter\CodeIgniter))
 6 FCPATH\index.php(46): CodeIgniter\Boot::bootWeb(Object(Config\Paths))
WARNING - 2025-10-01 11:13:28 --> [DEPRECATED] Constant FILTER_SANITIZE_STRING is deprecated in APPPATH\Controllers\Staff\Attendance.php on line 45.
 1 SYSTEMPATH\CodeIgniter.php(933): App\Controllers\Staff\Attendance->index()
 2 SYSTEMPATH\CodeIgniter.php(507): CodeIgniter\CodeIgniter->runController(Object(App\Controllers\Staff\Attendance))
 3 SYSTEMPATH\CodeIgniter.php(354): CodeIgniter\CodeIgniter->handleRequest(null, Object(Config\Cache), false)
 4 SYSTEMPATH\Boot.php(334): CodeIgniter\CodeIgniter->run()
 5 SYSTEMPATH\Boot.php(67): CodeIgniter\Boot::runCodeIgniter(Object(CodeIgniter\CodeIgniter))
 6 FCPATH\index.php(46): CodeIgniter\Boot::bootWeb(Object(Config\Paths))
DEBUG - 2025-10-01 11:13:39 --> Session: Class initialized using 'CodeIgniter\Session\Handlers\FileHandler' driver.
WARNING - 2025-10-01 11:13:39 --> [DEPRECATED] Constant FILTER_SANITIZE_STRING is deprecated in APPPATH\Controllers\Staff\Attendance.php on line 43.
 1 SYSTEMPATH\CodeIgniter.php(933): App\Controllers\Staff\Attendance->index()
 2 SYSTEMPATH\CodeIgniter.php(507): CodeIgniter\CodeIgniter->runController(Object(App\Controllers\Staff\Attendance))
 3 SYSTEMPATH\CodeIgniter.php(354): CodeIgniter\CodeIgniter->handleRequest(null, Object(Config\Cache), false)
 4 SYSTEMPATH\Boot.php(334): CodeIgniter\CodeIgniter->run()
 5 SYSTEMPATH\Boot.php(67): CodeIgniter\Boot::runCodeIgniter(Object(CodeIgniter\CodeIgniter))
 6 FCPATH\index.php(46): CodeIgniter\Boot::bootWeb(Object(Config\Paths))
WARNING - 2025-10-01 11:13:39 --> [DEPRECATED] Constant FILTER_SANITIZE_STRING is deprecated in APPPATH\Controllers\Staff\Attendance.php on line 44.
 1 SYSTEMPATH\CodeIgniter.php(933): App\Controllers\Staff\Attendance->index()
 2 SYSTEMPATH\CodeIgniter.php(507): CodeIgniter\CodeIgniter->runController(Object(App\Controllers\Staff\Attendance))
 3 SYSTEMPATH\CodeIgniter.php(354): CodeIgniter\CodeIgniter->handleRequest(null, Object(Config\Cache), false)
 4 SYSTEMPATH\Boot.php(334): CodeIgniter\CodeIgniter->run()
 5 SYSTEMPATH\Boot.php(67): CodeIgniter\Boot::runCodeIgniter(Object(CodeIgniter\CodeIgniter))
 6 FCPATH\index.php(46): CodeIgniter\Boot::bootWeb(Object(Config\Paths))
WARNING - 2025-10-01 11:13:39 --> [DEPRECATED] Constant FILTER_SANITIZE_STRING is deprecated in APPPATH\Controllers\Staff\Attendance.php on line 45.
 1 SYSTEMPATH\CodeIgniter.php(933): App\Controllers\Staff\Attendance->index()
 2 SYSTEMPATH\CodeIgniter.php(507): CodeIgniter\CodeIgniter->runController(Object(App\Controllers\Staff\Attendance))
 3 SYSTEMPATH\CodeIgniter.php(354): CodeIgniter\CodeIgniter->handleRequest(null, Object(Config\Cache), false)
 4 SYSTEMPATH\Boot.php(334): CodeIgniter\CodeIgniter->run()
 5 SYSTEMPATH\Boot.php(67): CodeIgniter\Boot::runCodeIgniter(Object(CodeIgniter\CodeIgniter))
 6 FCPATH\index.php(46): CodeIgniter\Boot::bootWeb(Object(Config\Paths))
DEBUG - 2025-10-01 11:13:45 --> Session: Class initialized using 'CodeIgniter\Session\Handlers\FileHandler' driver.
WARNING - 2025-10-01 11:13:45 --> [DEPRECATED] Constant FILTER_SANITIZE_STRING is deprecated in APPPATH\Controllers\Staff\Attendance.php on line 43.
 1 SYSTEMPATH\CodeIgniter.php(933): App\Controllers\Staff\Attendance->index()
 2 SYSTEMPATH\CodeIgniter.php(507): CodeIgniter\CodeIgniter->runController(Object(App\Controllers\Staff\Attendance))
 3 SYSTEMPATH\CodeIgniter.php(354): CodeIgniter\CodeIgniter->handleRequest(null, Object(Config\Cache), false)
 4 SYSTEMPATH\Boot.php(334): CodeIgniter\CodeIgniter->run()
 5 SYSTEMPATH\Boot.php(67): CodeIgniter\Boot::runCodeIgniter(Object(CodeIgniter\CodeIgniter))
 6 FCPATH\index.php(46): CodeIgniter\Boot::bootWeb(Object(Config\Paths))
WARNING - 2025-10-01 11:13:45 --> [DEPRECATED] Constant FILTER_SANITIZE_STRING is deprecated in APPPATH\Controllers\Staff\Attendance.php on line 44.
 1 SYSTEMPATH\CodeIgniter.php(933): App\Controllers\Staff\Attendance->index()
 2 SYSTEMPATH\CodeIgniter.php(507): CodeIgniter\CodeIgniter->runController(Object(App\Controllers\Staff\Attendance))
 3 SYSTEMPATH\CodeIgniter.php(354): CodeIgniter\CodeIgniter->handleRequest(null, Object(Config\Cache), false)
 4 SYSTEMPATH\Boot.php(334): CodeIgniter\CodeIgniter->run()
 5 SYSTEMPATH\Boot.php(67): CodeIgniter\Boot::runCodeIgniter(Object(CodeIgniter\CodeIgniter))
 6 FCPATH\index.php(46): CodeIgniter\Boot::bootWeb(Object(Config\Paths))
WARNING - 2025-10-01 11:13:45 --> [DEPRECATED] Constant FILTER_SANITIZE_STRING is deprecated in APPPATH\Controllers\Staff\Attendance.php on line 45.
 1 SYSTEMPATH\CodeIgniter.php(933): App\Controllers\Staff\Attendance->index()
 2 SYSTEMPATH\CodeIgniter.php(507): CodeIgniter\CodeIgniter->runController(Object(App\Controllers\Staff\Attendance))
 3 SYSTEMPATH\CodeIgniter.php(354): CodeIgniter\CodeIgniter->handleRequest(null, Object(Config\Cache), false)
 4 SYSTEMPATH\Boot.php(334): CodeIgniter\CodeIgniter->run()
 5 SYSTEMPATH\Boot.php(67): CodeIgniter\Boot::runCodeIgniter(Object(CodeIgniter\CodeIgniter))
 6 FCPATH\index.php(46): CodeIgniter\Boot::bootWeb(Object(Config\Paths))
DEBUG - 2025-10-01 11:14:19 --> Session: Class initialized using 'CodeIgniter\Session\Handlers\FileHandler' driver.
WARNING - 2025-10-01 11:14:19 --> [DEPRECATED] Constant FILTER_SANITIZE_STRING is deprecated in APPPATH\Controllers\Staff\Attendance.php on line 43.
 1 SYSTEMPATH\CodeIgniter.php(933): App\Controllers\Staff\Attendance->index()
 2 SYSTEMPATH\CodeIgniter.php(507): CodeIgniter\CodeIgniter->runController(Object(App\Controllers\Staff\Attendance))
 3 SYSTEMPATH\CodeIgniter.php(354): CodeIgniter\CodeIgniter->handleRequest(null, Object(Config\Cache), false)
 4 SYSTEMPATH\Boot.php(334): CodeIgniter\CodeIgniter->run()
 5 SYSTEMPATH\Boot.php(67): CodeIgniter\Boot::runCodeIgniter(Object(CodeIgniter\CodeIgniter))
 6 FCPATH\index.php(46): CodeIgniter\Boot::bootWeb(Object(Config\Paths))
WARNING - 2025-10-01 11:14:19 --> [DEPRECATED] Constant FILTER_SANITIZE_STRING is deprecated in APPPATH\Controllers\Staff\Attendance.php on line 44.
 1 SYSTEMPATH\CodeIgniter.php(933): App\Controllers\Staff\Attendance->index()
 2 SYSTEMPATH\CodeIgniter.php(507): CodeIgniter\CodeIgniter->runController(Object(App\Controllers\Staff\Attendance))
 3 SYSTEMPATH\CodeIgniter.php(354): CodeIgniter\CodeIgniter->handleRequest(null, Object(Config\Cache), false)
 4 SYSTEMPATH\Boot.php(334): CodeIgniter\CodeIgniter->run()
 5 SYSTEMPATH\Boot.php(67): CodeIgniter\Boot::runCodeIgniter(Object(CodeIgniter\CodeIgniter))
 6 FCPATH\index.php(46): CodeIgniter\Boot::bootWeb(Object(Config\Paths))
WARNING - 2025-10-01 11:14:19 --> [DEPRECATED] Constant FILTER_SANITIZE_STRING is deprecated in APPPATH\Controllers\Staff\Attendance.php on line 45.
 1 SYSTEMPATH\CodeIgniter.php(933): App\Controllers\Staff\Attendance->index()
 2 SYSTEMPATH\CodeIgniter.php(507): CodeIgniter\CodeIgniter->runController(Object(App\Controllers\Staff\Attendance))
 3 SYSTEMPATH\CodeIgniter.php(354): CodeIgniter\CodeIgniter->handleRequest(null, Object(Config\Cache), false)
 4 SYSTEMPATH\Boot.php(334): CodeIgniter\CodeIgniter->run()
 5 SYSTEMPATH\Boot.php(67): CodeIgniter\Boot::runCodeIgniter(Object(CodeIgniter\CodeIgniter))
 6 FCPATH\index.php(46): CodeIgniter\Boot::bootWeb(Object(Config\Paths))
DEBUG - 2025-10-01 11:17:59 --> Session: Class initialized using 'CodeIgniter\Session\Handlers\FileHandler' driver.
WARNING - 2025-10-01 11:17:59 --> [DEPRECATED] Constant FILTER_SANITIZE_STRING is deprecated in APPPATH\Controllers\Staff\Attendance.php on line 43.
 1 SYSTEMPATH\CodeIgniter.php(933): App\Controllers\Staff\Attendance->index()
 2 SYSTEMPATH\CodeIgniter.php(507): CodeIgniter\CodeIgniter->runController(Object(App\Controllers\Staff\Attendance))
 3 SYSTEMPATH\CodeIgniter.php(354): CodeIgniter\CodeIgniter->handleRequest(null, Object(Config\Cache), false)
 4 SYSTEMPATH\Boot.php(334): CodeIgniter\CodeIgniter->run()
 5 SYSTEMPATH\Boot.php(67): CodeIgniter\Boot::runCodeIgniter(Object(CodeIgniter\CodeIgniter))
 6 FCPATH\index.php(46): CodeIgniter\Boot::bootWeb(Object(Config\Paths))
WARNING - 2025-10-01 11:17:59 --> [DEPRECATED] Constant FILTER_SANITIZE_STRING is deprecated in APPPATH\Controllers\Staff\Attendance.php on line 44.
 1 SYSTEMPATH\CodeIgniter.php(933): App\Controllers\Staff\Attendance->index()
 2 SYSTEMPATH\CodeIgniter.php(507): CodeIgniter\CodeIgniter->runController(Object(App\Controllers\Staff\Attendance))
 3 SYSTEMPATH\CodeIgniter.php(354): CodeIgniter\CodeIgniter->handleRequest(null, Object(Config\Cache), false)
 4 SYSTEMPATH\Boot.php(334): CodeIgniter\CodeIgniter->run()
 5 SYSTEMPATH\Boot.php(67): CodeIgniter\Boot::runCodeIgniter(Object(CodeIgniter\CodeIgniter))
 6 FCPATH\index.php(46): CodeIgniter\Boot::bootWeb(Object(Config\Paths))
WARNING - 2025-10-01 11:17:59 --> [DEPRECATED] Constant FILTER_SANITIZE_STRING is deprecated in APPPATH\Controllers\Staff\Attendance.php on line 45.
 1 SYSTEMPATH\CodeIgniter.php(933): App\Controllers\Staff\Attendance->index()
 2 SYSTEMPATH\CodeIgniter.php(507): CodeIgniter\CodeIgniter->runController(Object(App\Controllers\Staff\Attendance))
 3 SYSTEMPATH\CodeIgniter.php(354): CodeIgniter\CodeIgniter->handleRequest(null, Object(Config\Cache), false)
 4 SYSTEMPATH\Boot.php(334): CodeIgniter\CodeIgniter->run()
 5 SYSTEMPATH\Boot.php(67): CodeIgniter\Boot::runCodeIgniter(Object(CodeIgniter\CodeIgniter))
 6 FCPATH\index.php(46): CodeIgniter\Boot::bootWeb(Object(Config\Paths))
DEBUG - 2025-10-01 11:18:04 --> Session: Class initialized using 'CodeIgniter\Session\Handlers\FileHandler' driver.
WARNING - 2025-10-01 11:18:04 --> [DEPRECATED] Constant FILTER_SANITIZE_STRING is deprecated in APPPATH\Controllers\Staff\Attendance.php on line 43.
 1 SYSTEMPATH\CodeIgniter.php(933): App\Controllers\Staff\Attendance->index()
 2 SYSTEMPATH\CodeIgniter.php(507): CodeIgniter\CodeIgniter->runController(Object(App\Controllers\Staff\Attendance))
 3 SYSTEMPATH\CodeIgniter.php(354): CodeIgniter\CodeIgniter->handleRequest(null, Object(Config\Cache), false)
 4 SYSTEMPATH\Boot.php(334): CodeIgniter\CodeIgniter->run()
 5 SYSTEMPATH\Boot.php(67): CodeIgniter\Boot::runCodeIgniter(Object(CodeIgniter\CodeIgniter))
 6 FCPATH\index.php(46): CodeIgniter\Boot::bootWeb(Object(Config\Paths))
WARNING - 2025-10-01 11:18:04 --> [DEPRECATED] Constant FILTER_SANITIZE_STRING is deprecated in APPPATH\Controllers\Staff\Attendance.php on line 44.
 1 SYSTEMPATH\CodeIgniter.php(933): App\Controllers\Staff\Attendance->index()
 2 SYSTEMPATH\CodeIgniter.php(507): CodeIgniter\CodeIgniter->runController(Object(App\Controllers\Staff\Attendance))
 3 SYSTEMPATH\CodeIgniter.php(354): CodeIgniter\CodeIgniter->handleRequest(null, Object(Config\Cache), false)
 4 SYSTEMPATH\Boot.php(334): CodeIgniter\CodeIgniter->run()
 5 SYSTEMPATH\Boot.php(67): CodeIgniter\Boot::runCodeIgniter(Object(CodeIgniter\CodeIgniter))
 6 FCPATH\index.php(46): CodeIgniter\Boot::bootWeb(Object(Config\Paths))
WARNING - 2025-10-01 11:18:04 --> [DEPRECATED] Constant FILTER_SANITIZE_STRING is deprecated in APPPATH\Controllers\Staff\Attendance.php on line 45.
 1 SYSTEMPATH\CodeIgniter.php(933): App\Controllers\Staff\Attendance->index()
 2 SYSTEMPATH\CodeIgniter.php(507): CodeIgniter\CodeIgniter->runController(Object(App\Controllers\Staff\Attendance))
 3 SYSTEMPATH\CodeIgniter.php(354): CodeIgniter\CodeIgniter->handleRequest(null, Object(Config\Cache), false)
 4 SYSTEMPATH\Boot.php(334): CodeIgniter\CodeIgniter->run()
 5 SYSTEMPATH\Boot.php(67): CodeIgniter\Boot::runCodeIgniter(Object(CodeIgniter\CodeIgniter))
 6 FCPATH\index.php(46): CodeIgniter\Boot::bootWeb(Object(Config\Paths))
DEBUG - 2025-10-01 11:18:31 --> Session: Class initialized using 'CodeIgniter\Session\Handlers\FileHandler' driver.
WARNING - 2025-10-01 11:18:31 --> [DEPRECATED] Constant FILTER_SANITIZE_STRING is deprecated in APPPATH\Controllers\Staff\Attendance.php on line 43.
 1 SYSTEMPATH\CodeIgniter.php(933): App\Controllers\Staff\Attendance->index()
 2 SYSTEMPATH\CodeIgniter.php(507): CodeIgniter\CodeIgniter->runController(Object(App\Controllers\Staff\Attendance))
 3 SYSTEMPATH\CodeIgniter.php(354): CodeIgniter\CodeIgniter->handleRequest(null, Object(Config\Cache), false)
 4 SYSTEMPATH\Boot.php(334): CodeIgniter\CodeIgniter->run()
 5 SYSTEMPATH\Boot.php(67): CodeIgniter\Boot::runCodeIgniter(Object(CodeIgniter\CodeIgniter))
 6 FCPATH\index.php(46): CodeIgniter\Boot::bootWeb(Object(Config\Paths))
WARNING - 2025-10-01 11:18:31 --> [DEPRECATED] Constant FILTER_SANITIZE_STRING is deprecated in APPPATH\Controllers\Staff\Attendance.php on line 44.
 1 SYSTEMPATH\CodeIgniter.php(933): App\Controllers\Staff\Attendance->index()
 2 SYSTEMPATH\CodeIgniter.php(507): CodeIgniter\CodeIgniter->runController(Object(App\Controllers\Staff\Attendance))
 3 SYSTEMPATH\CodeIgniter.php(354): CodeIgniter\CodeIgniter->handleRequest(null, Object(Config\Cache), false)
 4 SYSTEMPATH\Boot.php(334): CodeIgniter\CodeIgniter->run()
 5 SYSTEMPATH\Boot.php(67): CodeIgniter\Boot::runCodeIgniter(Object(CodeIgniter\CodeIgniter))
 6 FCPATH\index.php(46): CodeIgniter\Boot::bootWeb(Object(Config\Paths))
WARNING - 2025-10-01 11:18:31 --> [DEPRECATED] Constant FILTER_SANITIZE_STRING is deprecated in APPPATH\Controllers\Staff\Attendance.php on line 45.
 1 SYSTEMPATH\CodeIgniter.php(933): App\Controllers\Staff\Attendance->index()
 2 SYSTEMPATH\CodeIgniter.php(507): CodeIgniter\CodeIgniter->runController(Object(App\Controllers\Staff\Attendance))
 3 SYSTEMPATH\CodeIgniter.php(354): CodeIgniter\CodeIgniter->handleRequest(null, Object(Config\Cache), false)
 4 SYSTEMPATH\Boot.php(334): CodeIgniter\CodeIgniter->run()
 5 SYSTEMPATH\Boot.php(67): CodeIgniter\Boot::runCodeIgniter(Object(CodeIgniter\CodeIgniter))
 6 FCPATH\index.php(46): CodeIgniter\Boot::bootWeb(Object(Config\Paths))
DEBUG - 2025-10-01 11:18:34 --> Session: Class initialized using 'CodeIgniter\Session\Handlers\FileHandler' driver.
WARNING - 2025-10-01 11:18:34 --> [DEPRECATED] Constant FILTER_SANITIZE_STRING is deprecated in APPPATH\Controllers\Staff\Attendance.php on line 43.
 1 SYSTEMPATH\CodeIgniter.php(933): App\Controllers\Staff\Attendance->index()
 2 SYSTEMPATH\CodeIgniter.php(507): CodeIgniter\CodeIgniter->runController(Object(App\Controllers\Staff\Attendance))
 3 SYSTEMPATH\CodeIgniter.php(354): CodeIgniter\CodeIgniter->handleRequest(null, Object(Config\Cache), false)
 4 SYSTEMPATH\Boot.php(334): CodeIgniter\CodeIgniter->run()
 5 SYSTEMPATH\Boot.php(67): CodeIgniter\Boot::runCodeIgniter(Object(CodeIgniter\CodeIgniter))
 6 FCPATH\index.php(46): CodeIgniter\Boot::bootWeb(Object(Config\Paths))
WARNING - 2025-10-01 11:18:34 --> [DEPRECATED] Constant FILTER_SANITIZE_STRING is deprecated in APPPATH\Controllers\Staff\Attendance.php on line 44.
 1 SYSTEMPATH\CodeIgniter.php(933): App\Controllers\Staff\Attendance->index()
 2 SYSTEMPATH\CodeIgniter.php(507): CodeIgniter\CodeIgniter->runController(Object(App\Controllers\Staff\Attendance))
 3 SYSTEMPATH\CodeIgniter.php(354): CodeIgniter\CodeIgniter->handleRequest(null, Object(Config\Cache), false)
 4 SYSTEMPATH\Boot.php(334): CodeIgniter\CodeIgniter->run()
 5 SYSTEMPATH\Boot.php(67): CodeIgniter\Boot::runCodeIgniter(Object(CodeIgniter\CodeIgniter))
 6 FCPATH\index.php(46): CodeIgniter\Boot::bootWeb(Object(Config\Paths))
WARNING - 2025-10-01 11:18:34 --> [DEPRECATED] Constant FILTER_SANITIZE_STRING is deprecated in APPPATH\Controllers\Staff\Attendance.php on line 45.
 1 SYSTEMPATH\CodeIgniter.php(933): App\Controllers\Staff\Attendance->index()
 2 SYSTEMPATH\CodeIgniter.php(507): CodeIgniter\CodeIgniter->runController(Object(App\Controllers\Staff\Attendance))
 3 SYSTEMPATH\CodeIgniter.php(354): CodeIgniter\CodeIgniter->handleRequest(null, Object(Config\Cache), false)
 4 SYSTEMPATH\Boot.php(334): CodeIgniter\CodeIgniter->run()
 5 SYSTEMPATH\Boot.php(67): CodeIgniter\Boot::runCodeIgniter(Object(CodeIgniter\CodeIgniter))
 6 FCPATH\index.php(46): CodeIgniter\Boot::bootWeb(Object(Config\Paths))
DEBUG - 2025-10-01 11:19:05 --> Session: Class initialized using 'CodeIgniter\Session\Handlers\FileHandler' driver.
WARNING - 2025-10-01 11:19:05 --> [DEPRECATED] Constant FILTER_SANITIZE_STRING is deprecated in APPPATH\Controllers\Staff\Attendance.php on line 43.
 1 SYSTEMPATH\CodeIgniter.php(933): App\Controllers\Staff\Attendance->index()
 2 SYSTEMPATH\CodeIgniter.php(507): CodeIgniter\CodeIgniter->runController(Object(App\Controllers\Staff\Attendance))
 3 SYSTEMPATH\CodeIgniter.php(354): CodeIgniter\CodeIgniter->handleRequest(null, Object(Config\Cache), false)
 4 SYSTEMPATH\Boot.php(334): CodeIgniter\CodeIgniter->run()
 5 SYSTEMPATH\Boot.php(67): CodeIgniter\Boot::runCodeIgniter(Object(CodeIgniter\CodeIgniter))
 6 FCPATH\index.php(46): CodeIgniter\Boot::bootWeb(Object(Config\Paths))
WARNING - 2025-10-01 11:19:05 --> [DEPRECATED] Constant FILTER_SANITIZE_STRING is deprecated in APPPATH\Controllers\Staff\Attendance.php on line 44.
 1 SYSTEMPATH\CodeIgniter.php(933): App\Controllers\Staff\Attendance->index()
 2 SYSTEMPATH\CodeIgniter.php(507): CodeIgniter\CodeIgniter->runController(Object(App\Controllers\Staff\Attendance))
 3 SYSTEMPATH\CodeIgniter.php(354): CodeIgniter\CodeIgniter->handleRequest(null, Object(Config\Cache), false)
 4 SYSTEMPATH\Boot.php(334): CodeIgniter\CodeIgniter->run()
 5 SYSTEMPATH\Boot.php(67): CodeIgniter\Boot::runCodeIgniter(Object(CodeIgniter\CodeIgniter))
 6 FCPATH\index.php(46): CodeIgniter\Boot::bootWeb(Object(Config\Paths))
WARNING - 2025-10-01 11:19:05 --> [DEPRECATED] Constant FILTER_SANITIZE_STRING is deprecated in APPPATH\Controllers\Staff\Attendance.php on line 45.
 1 SYSTEMPATH\CodeIgniter.php(933): App\Controllers\Staff\Attendance->index()
 2 SYSTEMPATH\CodeIgniter.php(507): CodeIgniter\CodeIgniter->runController(Object(App\Controllers\Staff\Attendance))
 3 SYSTEMPATH\CodeIgniter.php(354): CodeIgniter\CodeIgniter->handleRequest(null, Object(Config\Cache), false)
 4 SYSTEMPATH\Boot.php(334): CodeIgniter\CodeIgniter->run()
 5 SYSTEMPATH\Boot.php(67): CodeIgniter\Boot::runCodeIgniter(Object(CodeIgniter\CodeIgniter))
 6 FCPATH\index.php(46): CodeIgniter\Boot::bootWeb(Object(Config\Paths))
DEBUG - 2025-10-01 11:19:07 --> Session: Class initialized using 'CodeIgniter\Session\Handlers\FileHandler' driver.
WARNING - 2025-10-01 11:19:07 --> [DEPRECATED] Constant FILTER_SANITIZE_STRING is deprecated in APPPATH\Controllers\Staff\Attendance.php on line 43.
 1 SYSTEMPATH\CodeIgniter.php(933): App\Controllers\Staff\Attendance->index()
 2 SYSTEMPATH\CodeIgniter.php(507): CodeIgniter\CodeIgniter->runController(Object(App\Controllers\Staff\Attendance))
 3 SYSTEMPATH\CodeIgniter.php(354): CodeIgniter\CodeIgniter->handleRequest(null, Object(Config\Cache), false)
 4 SYSTEMPATH\Boot.php(334): CodeIgniter\CodeIgniter->run()
 5 SYSTEMPATH\Boot.php(67): CodeIgniter\Boot::runCodeIgniter(Object(CodeIgniter\CodeIgniter))
 6 FCPATH\index.php(46): CodeIgniter\Boot::bootWeb(Object(Config\Paths))
WARNING - 2025-10-01 11:19:07 --> [DEPRECATED] Constant FILTER_SANITIZE_STRING is deprecated in APPPATH\Controllers\Staff\Attendance.php on line 44.
 1 SYSTEMPATH\CodeIgniter.php(933): App\Controllers\Staff\Attendance->index()
 2 SYSTEMPATH\CodeIgniter.php(507): CodeIgniter\CodeIgniter->runController(Object(App\Controllers\Staff\Attendance))
 3 SYSTEMPATH\CodeIgniter.php(354): CodeIgniter\CodeIgniter->handleRequest(null, Object(Config\Cache), false)
 4 SYSTEMPATH\Boot.php(334): CodeIgniter\CodeIgniter->run()
 5 SYSTEMPATH\Boot.php(67): CodeIgniter\Boot::runCodeIgniter(Object(CodeIgniter\CodeIgniter))
 6 FCPATH\index.php(46): CodeIgniter\Boot::bootWeb(Object(Config\Paths))
WARNING - 2025-10-01 11:19:07 --> [DEPRECATED] Constant FILTER_SANITIZE_STRING is deprecated in APPPATH\Controllers\Staff\Attendance.php on line 45.
 1 SYSTEMPATH\CodeIgniter.php(933): App\Controllers\Staff\Attendance->index()
 2 SYSTEMPATH\CodeIgniter.php(507): CodeIgniter\CodeIgniter->runController(Object(App\Controllers\Staff\Attendance))
 3 SYSTEMPATH\CodeIgniter.php(354): CodeIgniter\CodeIgniter->handleRequest(null, Object(Config\Cache), false)
 4 SYSTEMPATH\Boot.php(334): CodeIgniter\CodeIgniter->run()
 5 SYSTEMPATH\Boot.php(67): CodeIgniter\Boot::runCodeIgniter(Object(CodeIgniter\CodeIgniter))
 6 FCPATH\index.php(46): CodeIgniter\Boot::bootWeb(Object(Config\Paths))
DEBUG - 2025-10-01 11:19:11 --> Session: Class initialized using 'CodeIgniter\Session\Handlers\FileHandler' driver.
WARNING - 2025-10-01 11:19:11 --> [DEPRECATED] Constant FILTER_SANITIZE_STRING is deprecated in APPPATH\Controllers\Staff\Attendance.php on line 43.
 1 SYSTEMPATH\CodeIgniter.php(933): App\Controllers\Staff\Attendance->index()
 2 SYSTEMPATH\CodeIgniter.php(507): CodeIgniter\CodeIgniter->runController(Object(App\Controllers\Staff\Attendance))
 3 SYSTEMPATH\CodeIgniter.php(354): CodeIgniter\CodeIgniter->handleRequest(null, Object(Config\Cache), false)
 4 SYSTEMPATH\Boot.php(334): CodeIgniter\CodeIgniter->run()
 5 SYSTEMPATH\Boot.php(67): CodeIgniter\Boot::runCodeIgniter(Object(CodeIgniter\CodeIgniter))
 6 FCPATH\index.php(46): CodeIgniter\Boot::bootWeb(Object(Config\Paths))
WARNING - 2025-10-01 11:19:11 --> [DEPRECATED] Constant FILTER_SANITIZE_STRING is deprecated in APPPATH\Controllers\Staff\Attendance.php on line 44.
 1 SYSTEMPATH\CodeIgniter.php(933): App\Controllers\Staff\Attendance->index()
 2 SYSTEMPATH\CodeIgniter.php(507): CodeIgniter\CodeIgniter->runController(Object(App\Controllers\Staff\Attendance))
 3 SYSTEMPATH\CodeIgniter.php(354): CodeIgniter\CodeIgniter->handleRequest(null, Object(Config\Cache), false)
 4 SYSTEMPATH\Boot.php(334): CodeIgniter\CodeIgniter->run()
 5 SYSTEMPATH\Boot.php(67): CodeIgniter\Boot::runCodeIgniter(Object(CodeIgniter\CodeIgniter))
 6 FCPATH\index.php(46): CodeIgniter\Boot::bootWeb(Object(Config\Paths))
WARNING - 2025-10-01 11:19:11 --> [DEPRECATED] Constant FILTER_SANITIZE_STRING is deprecated in APPPATH\Controllers\Staff\Attendance.php on line 45.
 1 SYSTEMPATH\CodeIgniter.php(933): App\Controllers\Staff\Attendance->index()
 2 SYSTEMPATH\CodeIgniter.php(507): CodeIgniter\CodeIgniter->runController(Object(App\Controllers\Staff\Attendance))
 3 SYSTEMPATH\CodeIgniter.php(354): CodeIgniter\CodeIgniter->handleRequest(null, Object(Config\Cache), false)
 4 SYSTEMPATH\Boot.php(334): CodeIgniter\CodeIgniter->run()
 5 SYSTEMPATH\Boot.php(67): CodeIgniter\Boot::runCodeIgniter(Object(CodeIgniter\CodeIgniter))
 6 FCPATH\index.php(46): CodeIgniter\Boot::bootWeb(Object(Config\Paths))
DEBUG - 2025-10-01 11:19:48 --> Session: Class initialized using 'CodeIgniter\Session\Handlers\FileHandler' driver.
WARNING - 2025-10-01 11:19:48 --> [DEPRECATED] Constant FILTER_SANITIZE_STRING is deprecated in APPPATH\Controllers\Staff\Attendance.php on line 43.
 1 SYSTEMPATH\CodeIgniter.php(933): App\Controllers\Staff\Attendance->index()
 2 SYSTEMPATH\CodeIgniter.php(507): CodeIgniter\CodeIgniter->runController(Object(App\Controllers\Staff\Attendance))
 3 SYSTEMPATH\CodeIgniter.php(354): CodeIgniter\CodeIgniter->handleRequest(null, Object(Config\Cache), false)
 4 SYSTEMPATH\Boot.php(334): CodeIgniter\CodeIgniter->run()
 5 SYSTEMPATH\Boot.php(67): CodeIgniter\Boot::runCodeIgniter(Object(CodeIgniter\CodeIgniter))
 6 FCPATH\index.php(46): CodeIgniter\Boot::bootWeb(Object(Config\Paths))
WARNING - 2025-10-01 11:19:48 --> [DEPRECATED] Constant FILTER_SANITIZE_STRING is deprecated in APPPATH\Controllers\Staff\Attendance.php on line 44.
 1 SYSTEMPATH\CodeIgniter.php(933): App\Controllers\Staff\Attendance->index()
 2 SYSTEMPATH\CodeIgniter.php(507): CodeIgniter\CodeIgniter->runController(Object(App\Controllers\Staff\Attendance))
 3 SYSTEMPATH\CodeIgniter.php(354): CodeIgniter\CodeIgniter->handleRequest(null, Object(Config\Cache), false)
 4 SYSTEMPATH\Boot.php(334): CodeIgniter\CodeIgniter->run()
 5 SYSTEMPATH\Boot.php(67): CodeIgniter\Boot::runCodeIgniter(Object(CodeIgniter\CodeIgniter))
 6 FCPATH\index.php(46): CodeIgniter\Boot::bootWeb(Object(Config\Paths))
WARNING - 2025-10-01 11:19:48 --> [DEPRECATED] Constant FILTER_SANITIZE_STRING is deprecated in APPPATH\Controllers\Staff\Attendance.php on line 45.
 1 SYSTEMPATH\CodeIgniter.php(933): App\Controllers\Staff\Attendance->index()
 2 SYSTEMPATH\CodeIgniter.php(507): CodeIgniter\CodeIgniter->runController(Object(App\Controllers\Staff\Attendance))
 3 SYSTEMPATH\CodeIgniter.php(354): CodeIgniter\CodeIgniter->handleRequest(null, Object(Config\Cache), false)
 4 SYSTEMPATH\Boot.php(334): CodeIgniter\CodeIgniter->run()
 5 SYSTEMPATH\Boot.php(67): CodeIgniter\Boot::runCodeIgniter(Object(CodeIgniter\CodeIgniter))
 6 FCPATH\index.php(46): CodeIgniter\Boot::bootWeb(Object(Config\Paths))
DEBUG - 2025-10-01 11:19:49 --> Session: Class initialized using 'CodeIgniter\Session\Handlers\FileHandler' driver.
WARNING - 2025-10-01 11:19:49 --> [DEPRECATED] Constant FILTER_SANITIZE_STRING is deprecated in APPPATH\Controllers\Staff\Attendance.php on line 43.
 1 SYSTEMPATH\CodeIgniter.php(933): App\Controllers\Staff\Attendance->index()
 2 SYSTEMPATH\CodeIgniter.php(507): CodeIgniter\CodeIgniter->runController(Object(App\Controllers\Staff\Attendance))
 3 SYSTEMPATH\CodeIgniter.php(354): CodeIgniter\CodeIgniter->handleRequest(null, Object(Config\Cache), false)
 4 SYSTEMPATH\Boot.php(334): CodeIgniter\CodeIgniter->run()
 5 SYSTEMPATH\Boot.php(67): CodeIgniter\Boot::runCodeIgniter(Object(CodeIgniter\CodeIgniter))
 6 FCPATH\index.php(46): CodeIgniter\Boot::bootWeb(Object(Config\Paths))
WARNING - 2025-10-01 11:19:49 --> [DEPRECATED] Constant FILTER_SANITIZE_STRING is deprecated in APPPATH\Controllers\Staff\Attendance.php on line 44.
 1 SYSTEMPATH\CodeIgniter.php(933): App\Controllers\Staff\Attendance->index()
 2 SYSTEMPATH\CodeIgniter.php(507): CodeIgniter\CodeIgniter->runController(Object(App\Controllers\Staff\Attendance))
 3 SYSTEMPATH\CodeIgniter.php(354): CodeIgniter\CodeIgniter->handleRequest(null, Object(Config\Cache), false)
 4 SYSTEMPATH\Boot.php(334): CodeIgniter\CodeIgniter->run()
 5 SYSTEMPATH\Boot.php(67): CodeIgniter\Boot::runCodeIgniter(Object(CodeIgniter\CodeIgniter))
 6 FCPATH\index.php(46): CodeIgniter\Boot::bootWeb(Object(Config\Paths))
WARNING - 2025-10-01 11:19:49 --> [DEPRECATED] Constant FILTER_SANITIZE_STRING is deprecated in APPPATH\Controllers\Staff\Attendance.php on line 45.
 1 SYSTEMPATH\CodeIgniter.php(933): App\Controllers\Staff\Attendance->index()
 2 SYSTEMPATH\CodeIgniter.php(507): CodeIgniter\CodeIgniter->runController(Object(App\Controllers\Staff\Attendance))
 3 SYSTEMPATH\CodeIgniter.php(354): CodeIgniter\CodeIgniter->handleRequest(null, Object(Config\Cache), false)
 4 SYSTEMPATH\Boot.php(334): CodeIgniter\CodeIgniter->run()
 5 SYSTEMPATH\Boot.php(67): CodeIgniter\Boot::runCodeIgniter(Object(CodeIgniter\CodeIgniter))
 6 FCPATH\index.php(46): CodeIgniter\Boot::bootWeb(Object(Config\Paths))
DEBUG - 2025-10-01 11:20:38 --> Session: Class initialized using 'CodeIgniter\Session\Handlers\FileHandler' driver.
WARNING - 2025-10-01 11:20:38 --> [DEPRECATED] Constant FILTER_SANITIZE_STRING is deprecated in APPPATH\Controllers\Staff\Attendance.php on line 43.
 1 SYSTEMPATH\CodeIgniter.php(933): App\Controllers\Staff\Attendance->index()
 2 SYSTEMPATH\CodeIgniter.php(507): CodeIgniter\CodeIgniter->runController(Object(App\Controllers\Staff\Attendance))
 3 SYSTEMPATH\CodeIgniter.php(354): CodeIgniter\CodeIgniter->handleRequest(null, Object(Config\Cache), false)
 4 SYSTEMPATH\Boot.php(334): CodeIgniter\CodeIgniter->run()
 5 SYSTEMPATH\Boot.php(67): CodeIgniter\Boot::runCodeIgniter(Object(CodeIgniter\CodeIgniter))
 6 FCPATH\index.php(46): CodeIgniter\Boot::bootWeb(Object(Config\Paths))
WARNING - 2025-10-01 11:20:38 --> [DEPRECATED] Constant FILTER_SANITIZE_STRING is deprecated in APPPATH\Controllers\Staff\Attendance.php on line 44.
 1 SYSTEMPATH\CodeIgniter.php(933): App\Controllers\Staff\Attendance->index()
 2 SYSTEMPATH\CodeIgniter.php(507): CodeIgniter\CodeIgniter->runController(Object(App\Controllers\Staff\Attendance))
 3 SYSTEMPATH\CodeIgniter.php(354): CodeIgniter\CodeIgniter->handleRequest(null, Object(Config\Cache), false)
 4 SYSTEMPATH\Boot.php(334): CodeIgniter\CodeIgniter->run()
 5 SYSTEMPATH\Boot.php(67): CodeIgniter\Boot::runCodeIgniter(Object(CodeIgniter\CodeIgniter))
 6 FCPATH\index.php(46): CodeIgniter\Boot::bootWeb(Object(Config\Paths))
WARNING - 2025-10-01 11:20:38 --> [DEPRECATED] Constant FILTER_SANITIZE_STRING is deprecated in APPPATH\Controllers\Staff\Attendance.php on line 45.
 1 SYSTEMPATH\CodeIgniter.php(933): App\Controllers\Staff\Attendance->index()
 2 SYSTEMPATH\CodeIgniter.php(507): CodeIgniter\CodeIgniter->runController(Object(App\Controllers\Staff\Attendance))
 3 SYSTEMPATH\CodeIgniter.php(354): CodeIgniter\CodeIgniter->handleRequest(null, Object(Config\Cache), false)
 4 SYSTEMPATH\Boot.php(334): CodeIgniter\CodeIgniter->run()
 5 SYSTEMPATH\Boot.php(67): CodeIgniter\Boot::runCodeIgniter(Object(CodeIgniter\CodeIgniter))
 6 FCPATH\index.php(46): CodeIgniter\Boot::bootWeb(Object(Config\Paths))
DEBUG - 2025-10-01 11:20:45 --> Session: Class initialized using 'CodeIgniter\Session\Handlers\FileHandler' driver.
WARNING - 2025-10-01 11:20:45 --> [DEPRECATED] Constant FILTER_SANITIZE_STRING is deprecated in APPPATH\Controllers\Staff\Attendance.php on line 43.
 1 SYSTEMPATH\CodeIgniter.php(933): App\Controllers\Staff\Attendance->index()
 2 SYSTEMPATH\CodeIgniter.php(507): CodeIgniter\CodeIgniter->runController(Object(App\Controllers\Staff\Attendance))
 3 SYSTEMPATH\CodeIgniter.php(354): CodeIgniter\CodeIgniter->handleRequest(null, Object(Config\Cache), false)
 4 SYSTEMPATH\Boot.php(334): CodeIgniter\CodeIgniter->run()
 5 SYSTEMPATH\Boot.php(67): CodeIgniter\Boot::runCodeIgniter(Object(CodeIgniter\CodeIgniter))
 6 FCPATH\index.php(46): CodeIgniter\Boot::bootWeb(Object(Config\Paths))
WARNING - 2025-10-01 11:20:45 --> [DEPRECATED] Constant FILTER_SANITIZE_STRING is deprecated in APPPATH\Controllers\Staff\Attendance.php on line 44.
 1 SYSTEMPATH\CodeIgniter.php(933): App\Controllers\Staff\Attendance->index()
 2 SYSTEMPATH\CodeIgniter.php(507): CodeIgniter\CodeIgniter->runController(Object(App\Controllers\Staff\Attendance))
 3 SYSTEMPATH\CodeIgniter.php(354): CodeIgniter\CodeIgniter->handleRequest(null, Object(Config\Cache), false)
 4 SYSTEMPATH\Boot.php(334): CodeIgniter\CodeIgniter->run()
 5 SYSTEMPATH\Boot.php(67): CodeIgniter\Boot::runCodeIgniter(Object(CodeIgniter\CodeIgniter))
 6 FCPATH\index.php(46): CodeIgniter\Boot::bootWeb(Object(Config\Paths))
WARNING - 2025-10-01 11:20:45 --> [DEPRECATED] Constant FILTER_SANITIZE_STRING is deprecated in APPPATH\Controllers\Staff\Attendance.php on line 45.
 1 SYSTEMPATH\CodeIgniter.php(933): App\Controllers\Staff\Attendance->index()
 2 SYSTEMPATH\CodeIgniter.php(507): CodeIgniter\CodeIgniter->runController(Object(App\Controllers\Staff\Attendance))
 3 SYSTEMPATH\CodeIgniter.php(354): CodeIgniter\CodeIgniter->handleRequest(null, Object(Config\Cache), false)
 4 SYSTEMPATH\Boot.php(334): CodeIgniter\CodeIgniter->run()
 5 SYSTEMPATH\Boot.php(67): CodeIgniter\Boot::runCodeIgniter(Object(CodeIgniter\CodeIgniter))
 6 FCPATH\index.php(46): CodeIgniter\Boot::bootWeb(Object(Config\Paths))
DEBUG - 2025-10-01 11:22:18 --> Session: Class initialized using 'CodeIgniter\Session\Handlers\FileHandler' driver.
WARNING - 2025-10-01 11:22:18 --> [DEPRECATED] Constant FILTER_SANITIZE_STRING is deprecated in APPPATH\Controllers\Staff\Attendance.php on line 43.
 1 SYSTEMPATH\CodeIgniter.php(933): App\Controllers\Staff\Attendance->index()
 2 SYSTEMPATH\CodeIgniter.php(507): CodeIgniter\CodeIgniter->runController(Object(App\Controllers\Staff\Attendance))
 3 SYSTEMPATH\CodeIgniter.php(354): CodeIgniter\CodeIgniter->handleRequest(null, Object(Config\Cache), false)
 4 SYSTEMPATH\Boot.php(334): CodeIgniter\CodeIgniter->run()
 5 SYSTEMPATH\Boot.php(67): CodeIgniter\Boot::runCodeIgniter(Object(CodeIgniter\CodeIgniter))
 6 FCPATH\index.php(46): CodeIgniter\Boot::bootWeb(Object(Config\Paths))
WARNING - 2025-10-01 11:22:18 --> [DEPRECATED] Constant FILTER_SANITIZE_STRING is deprecated in APPPATH\Controllers\Staff\Attendance.php on line 44.
 1 SYSTEMPATH\CodeIgniter.php(933): App\Controllers\Staff\Attendance->index()
 2 SYSTEMPATH\CodeIgniter.php(507): CodeIgniter\CodeIgniter->runController(Object(App\Controllers\Staff\Attendance))
 3 SYSTEMPATH\CodeIgniter.php(354): CodeIgniter\CodeIgniter->handleRequest(null, Object(Config\Cache), false)
 4 SYSTEMPATH\Boot.php(334): CodeIgniter\CodeIgniter->run()
 5 SYSTEMPATH\Boot.php(67): CodeIgniter\Boot::runCodeIgniter(Object(CodeIgniter\CodeIgniter))
 6 FCPATH\index.php(46): CodeIgniter\Boot::bootWeb(Object(Config\Paths))
WARNING - 2025-10-01 11:22:18 --> [DEPRECATED] Constant FILTER_SANITIZE_STRING is deprecated in APPPATH\Controllers\Staff\Attendance.php on line 45.
 1 SYSTEMPATH\CodeIgniter.php(933): App\Controllers\Staff\Attendance->index()
 2 SYSTEMPATH\CodeIgniter.php(507): CodeIgniter\CodeIgniter->runController(Object(App\Controllers\Staff\Attendance))
 3 SYSTEMPATH\CodeIgniter.php(354): CodeIgniter\CodeIgniter->handleRequest(null, Object(Config\Cache), false)
 4 SYSTEMPATH\Boot.php(334): CodeIgniter\CodeIgniter->run()
 5 SYSTEMPATH\Boot.php(67): CodeIgniter\Boot::runCodeIgniter(Object(CodeIgniter\CodeIgniter))
 6 FCPATH\index.php(46): CodeIgniter\Boot::bootWeb(Object(Config\Paths))
DEBUG - 2025-10-01 11:22:20 --> Session: Class initialized using 'CodeIgniter\Session\Handlers\FileHandler' driver.
WARNING - 2025-10-01 11:22:20 --> [DEPRECATED] Constant FILTER_SANITIZE_STRING is deprecated in APPPATH\Controllers\Staff\Attendance.php on line 43.
 1 SYSTEMPATH\CodeIgniter.php(933): App\Controllers\Staff\Attendance->index()
 2 SYSTEMPATH\CodeIgniter.php(507): CodeIgniter\CodeIgniter->runController(Object(App\Controllers\Staff\Attendance))
 3 SYSTEMPATH\CodeIgniter.php(354): CodeIgniter\CodeIgniter->handleRequest(null, Object(Config\Cache), false)
 4 SYSTEMPATH\Boot.php(334): CodeIgniter\CodeIgniter->run()
 5 SYSTEMPATH\Boot.php(67): CodeIgniter\Boot::runCodeIgniter(Object(CodeIgniter\CodeIgniter))
 6 FCPATH\index.php(46): CodeIgniter\Boot::bootWeb(Object(Config\Paths))
WARNING - 2025-10-01 11:22:20 --> [DEPRECATED] Constant FILTER_SANITIZE_STRING is deprecated in APPPATH\Controllers\Staff\Attendance.php on line 44.
 1 SYSTEMPATH\CodeIgniter.php(933): App\Controllers\Staff\Attendance->index()
 2 SYSTEMPATH\CodeIgniter.php(507): CodeIgniter\CodeIgniter->runController(Object(App\Controllers\Staff\Attendance))
 3 SYSTEMPATH\CodeIgniter.php(354): CodeIgniter\CodeIgniter->handleRequest(null, Object(Config\Cache), false)
 4 SYSTEMPATH\Boot.php(334): CodeIgniter\CodeIgniter->run()
 5 SYSTEMPATH\Boot.php(67): CodeIgniter\Boot::runCodeIgniter(Object(CodeIgniter\CodeIgniter))
 6 FCPATH\index.php(46): CodeIgniter\Boot::bootWeb(Object(Config\Paths))
WARNING - 2025-10-01 11:22:20 --> [DEPRECATED] Constant FILTER_SANITIZE_STRING is deprecated in APPPATH\Controllers\Staff\Attendance.php on line 45.
 1 SYSTEMPATH\CodeIgniter.php(933): App\Controllers\Staff\Attendance->index()
 2 SYSTEMPATH\CodeIgniter.php(507): CodeIgniter\CodeIgniter->runController(Object(App\Controllers\Staff\Attendance))
 3 SYSTEMPATH\CodeIgniter.php(354): CodeIgniter\CodeIgniter->handleRequest(null, Object(Config\Cache), false)
 4 SYSTEMPATH\Boot.php(334): CodeIgniter\CodeIgniter->run()
 5 SYSTEMPATH\Boot.php(67): CodeIgniter\Boot::runCodeIgniter(Object(CodeIgniter\CodeIgniter))
 6 FCPATH\index.php(46): CodeIgniter\Boot::bootWeb(Object(Config\Paths))
DEBUG - 2025-10-01 11:22:24 --> Session: Class initialized using 'CodeIgniter\Session\Handlers\FileHandler' driver.
WARNING - 2025-10-01 11:22:24 --> [DEPRECATED] Constant FILTER_SANITIZE_STRING is deprecated in APPPATH\Controllers\Staff\Attendance.php on line 43.
 1 SYSTEMPATH\CodeIgniter.php(933): App\Controllers\Staff\Attendance->index()
 2 SYSTEMPATH\CodeIgniter.php(507): CodeIgniter\CodeIgniter->runController(Object(App\Controllers\Staff\Attendance))
 3 SYSTEMPATH\CodeIgniter.php(354): CodeIgniter\CodeIgniter->handleRequest(null, Object(Config\Cache), false)
 4 SYSTEMPATH\Boot.php(334): CodeIgniter\CodeIgniter->run()
 5 SYSTEMPATH\Boot.php(67): CodeIgniter\Boot::runCodeIgniter(Object(CodeIgniter\CodeIgniter))
 6 FCPATH\index.php(46): CodeIgniter\Boot::bootWeb(Object(Config\Paths))
WARNING - 2025-10-01 11:22:24 --> [DEPRECATED] Constant FILTER_SANITIZE_STRING is deprecated in APPPATH\Controllers\Staff\Attendance.php on line 44.
 1 SYSTEMPATH\CodeIgniter.php(933): App\Controllers\Staff\Attendance->index()
 2 SYSTEMPATH\CodeIgniter.php(507): CodeIgniter\CodeIgniter->runController(Object(App\Controllers\Staff\Attendance))
 3 SYSTEMPATH\CodeIgniter.php(354): CodeIgniter\CodeIgniter->handleRequest(null, Object(Config\Cache), false)
 4 SYSTEMPATH\Boot.php(334): CodeIgniter\CodeIgniter->run()
 5 SYSTEMPATH\Boot.php(67): CodeIgniter\Boot::runCodeIgniter(Object(CodeIgniter\CodeIgniter))
 6 FCPATH\index.php(46): CodeIgniter\Boot::bootWeb(Object(Config\Paths))
WARNING - 2025-10-01 11:22:24 --> [DEPRECATED] Constant FILTER_SANITIZE_STRING is deprecated in APPPATH\Controllers\Staff\Attendance.php on line 45.
 1 SYSTEMPATH\CodeIgniter.php(933): App\Controllers\Staff\Attendance->index()
 2 SYSTEMPATH\CodeIgniter.php(507): CodeIgniter\CodeIgniter->runController(Object(App\Controllers\Staff\Attendance))
 3 SYSTEMPATH\CodeIgniter.php(354): CodeIgniter\CodeIgniter->handleRequest(null, Object(Config\Cache), false)
 4 SYSTEMPATH\Boot.php(334): CodeIgniter\CodeIgniter->run()
 5 SYSTEMPATH\Boot.php(67): CodeIgniter\Boot::runCodeIgniter(Object(CodeIgniter\CodeIgniter))
 6 FCPATH\index.php(46): CodeIgniter\Boot::bootWeb(Object(Config\Paths))
DEBUG - 2025-10-01 11:22:25 --> Session: Class initialized using 'CodeIgniter\Session\Handlers\FileHandler' driver.
WARNING - 2025-10-01 11:22:25 --> [DEPRECATED] Constant FILTER_SANITIZE_STRING is deprecated in APPPATH\Controllers\Staff\Attendance.php on line 43.
 1 SYSTEMPATH\CodeIgniter.php(933): App\Controllers\Staff\Attendance->index()
 2 SYSTEMPATH\CodeIgniter.php(507): CodeIgniter\CodeIgniter->runController(Object(App\Controllers\Staff\Attendance))
 3 SYSTEMPATH\CodeIgniter.php(354): CodeIgniter\CodeIgniter->handleRequest(null, Object(Config\Cache), false)
 4 SYSTEMPATH\Boot.php(334): CodeIgniter\CodeIgniter->run()
 5 SYSTEMPATH\Boot.php(67): CodeIgniter\Boot::runCodeIgniter(Object(CodeIgniter\CodeIgniter))
 6 FCPATH\index.php(46): CodeIgniter\Boot::bootWeb(Object(Config\Paths))
WARNING - 2025-10-01 11:22:25 --> [DEPRECATED] Constant FILTER_SANITIZE_STRING is deprecated in APPPATH\Controllers\Staff\Attendance.php on line 44.
 1 SYSTEMPATH\CodeIgniter.php(933): App\Controllers\Staff\Attendance->index()
 2 SYSTEMPATH\CodeIgniter.php(507): CodeIgniter\CodeIgniter->runController(Object(App\Controllers\Staff\Attendance))
 3 SYSTEMPATH\CodeIgniter.php(354): CodeIgniter\CodeIgniter->handleRequest(null, Object(Config\Cache), false)
 4 SYSTEMPATH\Boot.php(334): CodeIgniter\CodeIgniter->run()
 5 SYSTEMPATH\Boot.php(67): CodeIgniter\Boot::runCodeIgniter(Object(CodeIgniter\CodeIgniter))
 6 FCPATH\index.php(46): CodeIgniter\Boot::bootWeb(Object(Config\Paths))
WARNING - 2025-10-01 11:22:25 --> [DEPRECATED] Constant FILTER_SANITIZE_STRING is deprecated in APPPATH\Controllers\Staff\Attendance.php on line 45.
 1 SYSTEMPATH\CodeIgniter.php(933): App\Controllers\Staff\Attendance->index()
 2 SYSTEMPATH\CodeIgniter.php(507): CodeIgniter\CodeIgniter->runController(Object(App\Controllers\Staff\Attendance))
 3 SYSTEMPATH\CodeIgniter.php(354): CodeIgniter\CodeIgniter->handleRequest(null, Object(Config\Cache), false)
 4 SYSTEMPATH\Boot.php(334): CodeIgniter\CodeIgniter->run()
 5 SYSTEMPATH\Boot.php(67): CodeIgniter\Boot::runCodeIgniter(Object(CodeIgniter\CodeIgniter))
 6 FCPATH\index.php(46): CodeIgniter\Boot::bootWeb(Object(Config\Paths))
DEBUG - 2025-10-01 11:22:26 --> Session: Class initialized using 'CodeIgniter\Session\Handlers\FileHandler' driver.
WARNING - 2025-10-01 11:22:26 --> [DEPRECATED] Constant FILTER_SANITIZE_STRING is deprecated in APPPATH\Controllers\Staff\Attendance.php on line 43.
 1 SYSTEMPATH\CodeIgniter.php(933): App\Controllers\Staff\Attendance->index()
 2 SYSTEMPATH\CodeIgniter.php(507): CodeIgniter\CodeIgniter->runController(Object(App\Controllers\Staff\Attendance))
 3 SYSTEMPATH\CodeIgniter.php(354): CodeIgniter\CodeIgniter->handleRequest(null, Object(Config\Cache), false)
 4 SYSTEMPATH\Boot.php(334): CodeIgniter\CodeIgniter->run()
 5 SYSTEMPATH\Boot.php(67): CodeIgniter\Boot::runCodeIgniter(Object(CodeIgniter\CodeIgniter))
 6 FCPATH\index.php(46): CodeIgniter\Boot::bootWeb(Object(Config\Paths))
WARNING - 2025-10-01 11:22:26 --> [DEPRECATED] Constant FILTER_SANITIZE_STRING is deprecated in APPPATH\Controllers\Staff\Attendance.php on line 44.
 1 SYSTEMPATH\CodeIgniter.php(933): App\Controllers\Staff\Attendance->index()
 2 SYSTEMPATH\CodeIgniter.php(507): CodeIgniter\CodeIgniter->runController(Object(App\Controllers\Staff\Attendance))
 3 SYSTEMPATH\CodeIgniter.php(354): CodeIgniter\CodeIgniter->handleRequest(null, Object(Config\Cache), false)
 4 SYSTEMPATH\Boot.php(334): CodeIgniter\CodeIgniter->run()
 5 SYSTEMPATH\Boot.php(67): CodeIgniter\Boot::runCodeIgniter(Object(CodeIgniter\CodeIgniter))
 6 FCPATH\index.php(46): CodeIgniter\Boot::bootWeb(Object(Config\Paths))
WARNING - 2025-10-01 11:22:26 --> [DEPRECATED] Constant FILTER_SANITIZE_STRING is deprecated in APPPATH\Controllers\Staff\Attendance.php on line 45.
 1 SYSTEMPATH\CodeIgniter.php(933): App\Controllers\Staff\Attendance->index()
 2 SYSTEMPATH\CodeIgniter.php(507): CodeIgniter\CodeIgniter->runController(Object(App\Controllers\Staff\Attendance))
 3 SYSTEMPATH\CodeIgniter.php(354): CodeIgniter\CodeIgniter->handleRequest(null, Object(Config\Cache), false)
 4 SYSTEMPATH\Boot.php(334): CodeIgniter\CodeIgniter->run()
 5 SYSTEMPATH\Boot.php(67): CodeIgniter\Boot::runCodeIgniter(Object(CodeIgniter\CodeIgniter))
 6 FCPATH\index.php(46): CodeIgniter\Boot::bootWeb(Object(Config\Paths))
DEBUG - 2025-10-01 11:22:30 --> Session: Class initialized using 'CodeIgniter\Session\Handlers\FileHandler' driver.
WARNING - 2025-10-01 11:22:30 --> [DEPRECATED] Constant FILTER_SANITIZE_STRING is deprecated in APPPATH\Controllers\Staff\Attendance.php on line 43.
 1 SYSTEMPATH\CodeIgniter.php(933): App\Controllers\Staff\Attendance->index()
 2 SYSTEMPATH\CodeIgniter.php(507): CodeIgniter\CodeIgniter->runController(Object(App\Controllers\Staff\Attendance))
 3 SYSTEMPATH\CodeIgniter.php(354): CodeIgniter\CodeIgniter->handleRequest(null, Object(Config\Cache), false)
 4 SYSTEMPATH\Boot.php(334): CodeIgniter\CodeIgniter->run()
 5 SYSTEMPATH\Boot.php(67): CodeIgniter\Boot::runCodeIgniter(Object(CodeIgniter\CodeIgniter))
 6 FCPATH\index.php(46): CodeIgniter\Boot::bootWeb(Object(Config\Paths))
WARNING - 2025-10-01 11:22:30 --> [DEPRECATED] Constant FILTER_SANITIZE_STRING is deprecated in APPPATH\Controllers\Staff\Attendance.php on line 44.
 1 SYSTEMPATH\CodeIgniter.php(933): App\Controllers\Staff\Attendance->index()
 2 SYSTEMPATH\CodeIgniter.php(507): CodeIgniter\CodeIgniter->runController(Object(App\Controllers\Staff\Attendance))
 3 SYSTEMPATH\CodeIgniter.php(354): CodeIgniter\CodeIgniter->handleRequest(null, Object(Config\Cache), false)
 4 SYSTEMPATH\Boot.php(334): CodeIgniter\CodeIgniter->run()
 5 SYSTEMPATH\Boot.php(67): CodeIgniter\Boot::runCodeIgniter(Object(CodeIgniter\CodeIgniter))
 6 FCPATH\index.php(46): CodeIgniter\Boot::bootWeb(Object(Config\Paths))
WARNING - 2025-10-01 11:22:30 --> [DEPRECATED] Constant FILTER_SANITIZE_STRING is deprecated in APPPATH\Controllers\Staff\Attendance.php on line 45.
 1 SYSTEMPATH\CodeIgniter.php(933): App\Controllers\Staff\Attendance->index()
 2 SYSTEMPATH\CodeIgniter.php(507): CodeIgniter\CodeIgniter->runController(Object(App\Controllers\Staff\Attendance))
 3 SYSTEMPATH\CodeIgniter.php(354): CodeIgniter\CodeIgniter->handleRequest(null, Object(Config\Cache), false)
 4 SYSTEMPATH\Boot.php(334): CodeIgniter\CodeIgniter->run()
 5 SYSTEMPATH\Boot.php(67): CodeIgniter\Boot::runCodeIgniter(Object(CodeIgniter\CodeIgniter))
 6 FCPATH\index.php(46): CodeIgniter\Boot::bootWeb(Object(Config\Paths))
DEBUG - 2025-10-01 11:22:34 --> Session: Class initialized using 'CodeIgniter\Session\Handlers\FileHandler' driver.
WARNING - 2025-10-01 11:22:34 --> [DEPRECATED] Constant FILTER_SANITIZE_STRING is deprecated in APPPATH\Controllers\Staff\Attendance.php on line 43.
 1 SYSTEMPATH\CodeIgniter.php(933): App\Controllers\Staff\Attendance->index()
 2 SYSTEMPATH\CodeIgniter.php(507): CodeIgniter\CodeIgniter->runController(Object(App\Controllers\Staff\Attendance))
 3 SYSTEMPATH\CodeIgniter.php(354): CodeIgniter\CodeIgniter->handleRequest(null, Object(Config\Cache), false)
 4 SYSTEMPATH\Boot.php(334): CodeIgniter\CodeIgniter->run()
 5 SYSTEMPATH\Boot.php(67): CodeIgniter\Boot::runCodeIgniter(Object(CodeIgniter\CodeIgniter))
 6 FCPATH\index.php(46): CodeIgniter\Boot::bootWeb(Object(Config\Paths))
WARNING - 2025-10-01 11:22:34 --> [DEPRECATED] Constant FILTER_SANITIZE_STRING is deprecated in APPPATH\Controllers\Staff\Attendance.php on line 44.
 1 SYSTEMPATH\CodeIgniter.php(933): App\Controllers\Staff\Attendance->index()
 2 SYSTEMPATH\CodeIgniter.php(507): CodeIgniter\CodeIgniter->runController(Object(App\Controllers\Staff\Attendance))
 3 SYSTEMPATH\CodeIgniter.php(354): CodeIgniter\CodeIgniter->handleRequest(null, Object(Config\Cache), false)
 4 SYSTEMPATH\Boot.php(334): CodeIgniter\CodeIgniter->run()
 5 SYSTEMPATH\Boot.php(67): CodeIgniter\Boot::runCodeIgniter(Object(CodeIgniter\CodeIgniter))
 6 FCPATH\index.php(46): CodeIgniter\Boot::bootWeb(Object(Config\Paths))
WARNING - 2025-10-01 11:22:34 --> [DEPRECATED] Constant FILTER_SANITIZE_STRING is deprecated in APPPATH\Controllers\Staff\Attendance.php on line 45.
 1 SYSTEMPATH\CodeIgniter.php(933): App\Controllers\Staff\Attendance->index()
 2 SYSTEMPATH\CodeIgniter.php(507): CodeIgniter\CodeIgniter->runController(Object(App\Controllers\Staff\Attendance))
 3 SYSTEMPATH\CodeIgniter.php(354): CodeIgniter\CodeIgniter->handleRequest(null, Object(Config\Cache), false)
 4 SYSTEMPATH\Boot.php(334): CodeIgniter\CodeIgniter->run()
 5 SYSTEMPATH\Boot.php(67): CodeIgniter\Boot::runCodeIgniter(Object(CodeIgniter\CodeIgniter))
 6 FCPATH\index.php(46): CodeIgniter\Boot::bootWeb(Object(Config\Paths))
DEBUG - 2025-10-01 11:22:40 --> Session: Class initialized using 'CodeIgniter\Session\Handlers\FileHandler' driver.
WARNING - 2025-10-01 11:22:40 --> [DEPRECATED] Constant FILTER_SANITIZE_STRING is deprecated in APPPATH\Controllers\Staff\Attendance.php on line 43.
 1 SYSTEMPATH\CodeIgniter.php(933): App\Controllers\Staff\Attendance->index()
 2 SYSTEMPATH\CodeIgniter.php(507): CodeIgniter\CodeIgniter->runController(Object(App\Controllers\Staff\Attendance))
 3 SYSTEMPATH\CodeIgniter.php(354): CodeIgniter\CodeIgniter->handleRequest(null, Object(Config\Cache), false)
 4 SYSTEMPATH\Boot.php(334): CodeIgniter\CodeIgniter->run()
 5 SYSTEMPATH\Boot.php(67): CodeIgniter\Boot::runCodeIgniter(Object(CodeIgniter\CodeIgniter))
 6 FCPATH\index.php(46): CodeIgniter\Boot::bootWeb(Object(Config\Paths))
WARNING - 2025-10-01 11:22:40 --> [DEPRECATED] Constant FILTER_SANITIZE_STRING is deprecated in APPPATH\Controllers\Staff\Attendance.php on line 44.
 1 SYSTEMPATH\CodeIgniter.php(933): App\Controllers\Staff\Attendance->index()
 2 SYSTEMPATH\CodeIgniter.php(507): CodeIgniter\CodeIgniter->runController(Object(App\Controllers\Staff\Attendance))
 3 SYSTEMPATH\CodeIgniter.php(354): CodeIgniter\CodeIgniter->handleRequest(null, Object(Config\Cache), false)
 4 SYSTEMPATH\Boot.php(334): CodeIgniter\CodeIgniter->run()
 5 SYSTEMPATH\Boot.php(67): CodeIgniter\Boot::runCodeIgniter(Object(CodeIgniter\CodeIgniter))
 6 FCPATH\index.php(46): CodeIgniter\Boot::bootWeb(Object(Config\Paths))
WARNING - 2025-10-01 11:22:40 --> [DEPRECATED] Constant FILTER_SANITIZE_STRING is deprecated in APPPATH\Controllers\Staff\Attendance.php on line 45.
 1 SYSTEMPATH\CodeIgniter.php(933): App\Controllers\Staff\Attendance->index()
 2 SYSTEMPATH\CodeIgniter.php(507): CodeIgniter\CodeIgniter->runController(Object(App\Controllers\Staff\Attendance))
 3 SYSTEMPATH\CodeIgniter.php(354): CodeIgniter\CodeIgniter->handleRequest(null, Object(Config\Cache), false)
 4 SYSTEMPATH\Boot.php(334): CodeIgniter\CodeIgniter->run()
 5 SYSTEMPATH\Boot.php(67): CodeIgniter\Boot::runCodeIgniter(Object(CodeIgniter\CodeIgniter))
 6 FCPATH\index.php(46): CodeIgniter\Boot::bootWeb(Object(Config\Paths))
DEBUG - 2025-10-01 11:22:52 --> Session: Class initialized using 'CodeIgniter\Session\Handlers\FileHandler' driver.
WARNING - 2025-10-01 11:22:52 --> [DEPRECATED] Constant FILTER_SANITIZE_STRING is deprecated in APPPATH\Controllers\Staff\Attendance.php on line 43.
 1 SYSTEMPATH\CodeIgniter.php(933): App\Controllers\Staff\Attendance->index()
 2 SYSTEMPATH\CodeIgniter.php(507): CodeIgniter\CodeIgniter->runController(Object(App\Controllers\Staff\Attendance))
 3 SYSTEMPATH\CodeIgniter.php(354): CodeIgniter\CodeIgniter->handleRequest(null, Object(Config\Cache), false)
 4 SYSTEMPATH\Boot.php(334): CodeIgniter\CodeIgniter->run()
 5 SYSTEMPATH\Boot.php(67): CodeIgniter\Boot::runCodeIgniter(Object(CodeIgniter\CodeIgniter))
 6 FCPATH\index.php(46): CodeIgniter\Boot::bootWeb(Object(Config\Paths))
WARNING - 2025-10-01 11:22:52 --> [DEPRECATED] Constant FILTER_SANITIZE_STRING is deprecated in APPPATH\Controllers\Staff\Attendance.php on line 44.
 1 SYSTEMPATH\CodeIgniter.php(933): App\Controllers\Staff\Attendance->index()
 2 SYSTEMPATH\CodeIgniter.php(507): CodeIgniter\CodeIgniter->runController(Object(App\Controllers\Staff\Attendance))
 3 SYSTEMPATH\CodeIgniter.php(354): CodeIgniter\CodeIgniter->handleRequest(null, Object(Config\Cache), false)
 4 SYSTEMPATH\Boot.php(334): CodeIgniter\CodeIgniter->run()
 5 SYSTEMPATH\Boot.php(67): CodeIgniter\Boot::runCodeIgniter(Object(CodeIgniter\CodeIgniter))
 6 FCPATH\index.php(46): CodeIgniter\Boot::bootWeb(Object(Config\Paths))
WARNING - 2025-10-01 11:22:52 --> [DEPRECATED] Constant FILTER_SANITIZE_STRING is deprecated in APPPATH\Controllers\Staff\Attendance.php on line 45.
 1 SYSTEMPATH\CodeIgniter.php(933): App\Controllers\Staff\Attendance->index()
 2 SYSTEMPATH\CodeIgniter.php(507): CodeIgniter\CodeIgniter->runController(Object(App\Controllers\Staff\Attendance))
 3 SYSTEMPATH\CodeIgniter.php(354): CodeIgniter\CodeIgniter->handleRequest(null, Object(Config\Cache), false)
 4 SYSTEMPATH\Boot.php(334): CodeIgniter\CodeIgniter->run()
 5 SYSTEMPATH\Boot.php(67): CodeIgniter\Boot::runCodeIgniter(Object(CodeIgniter\CodeIgniter))
 6 FCPATH\index.php(46): CodeIgniter\Boot::bootWeb(Object(Config\Paths))
DEBUG - 2025-10-01 11:23:00 --> Session: Class initialized using 'CodeIgniter\Session\Handlers\FileHandler' driver.
WARNING - 2025-10-01 11:23:00 --> [DEPRECATED] Constant FILTER_SANITIZE_STRING is deprecated in APPPATH\Controllers\Staff\Attendance.php on line 43.
 1 SYSTEMPATH\CodeIgniter.php(933): App\Controllers\Staff\Attendance->index()
 2 SYSTEMPATH\CodeIgniter.php(507): CodeIgniter\CodeIgniter->runController(Object(App\Controllers\Staff\Attendance))
 3 SYSTEMPATH\CodeIgniter.php(354): CodeIgniter\CodeIgniter->handleRequest(null, Object(Config\Cache), false)
 4 SYSTEMPATH\Boot.php(334): CodeIgniter\CodeIgniter->run()
 5 SYSTEMPATH\Boot.php(67): CodeIgniter\Boot::runCodeIgniter(Object(CodeIgniter\CodeIgniter))
 6 FCPATH\index.php(46): CodeIgniter\Boot::bootWeb(Object(Config\Paths))
WARNING - 2025-10-01 11:23:00 --> [DEPRECATED] Constant FILTER_SANITIZE_STRING is deprecated in APPPATH\Controllers\Staff\Attendance.php on line 44.
 1 SYSTEMPATH\CodeIgniter.php(933): App\Controllers\Staff\Attendance->index()
 2 SYSTEMPATH\CodeIgniter.php(507): CodeIgniter\CodeIgniter->runController(Object(App\Controllers\Staff\Attendance))
 3 SYSTEMPATH\CodeIgniter.php(354): CodeIgniter\CodeIgniter->handleRequest(null, Object(Config\Cache), false)
 4 SYSTEMPATH\Boot.php(334): CodeIgniter\CodeIgniter->run()
 5 SYSTEMPATH\Boot.php(67): CodeIgniter\Boot::runCodeIgniter(Object(CodeIgniter\CodeIgniter))
 6 FCPATH\index.php(46): CodeIgniter\Boot::bootWeb(Object(Config\Paths))
WARNING - 2025-10-01 11:23:00 --> [DEPRECATED] Constant FILTER_SANITIZE_STRING is deprecated in APPPATH\Controllers\Staff\Attendance.php on line 45.
 1 SYSTEMPATH\CodeIgniter.php(933): App\Controllers\Staff\Attendance->index()
 2 SYSTEMPATH\CodeIgniter.php(507): CodeIgniter\CodeIgniter->runController(Object(App\Controllers\Staff\Attendance))
 3 SYSTEMPATH\CodeIgniter.php(354): CodeIgniter\CodeIgniter->handleRequest(null, Object(Config\Cache), false)
 4 SYSTEMPATH\Boot.php(334): CodeIgniter\CodeIgniter->run()
 5 SYSTEMPATH\Boot.php(67): CodeIgniter\Boot::runCodeIgniter(Object(CodeIgniter\CodeIgniter))
 6 FCPATH\index.php(46): CodeIgniter\Boot::bootWeb(Object(Config\Paths))
DEBUG - 2025-10-01 11:23:02 --> Session: Class initialized using 'CodeIgniter\Session\Handlers\FileHandler' driver.
WARNING - 2025-10-01 11:23:02 --> [DEPRECATED] Constant FILTER_SANITIZE_STRING is deprecated in APPPATH\Controllers\Staff\Attendance.php on line 43.
 1 SYSTEMPATH\CodeIgniter.php(933): App\Controllers\Staff\Attendance->index()
 2 SYSTEMPATH\CodeIgniter.php(507): CodeIgniter\CodeIgniter->runController(Object(App\Controllers\Staff\Attendance))
 3 SYSTEMPATH\CodeIgniter.php(354): CodeIgniter\CodeIgniter->handleRequest(null, Object(Config\Cache), false)
 4 SYSTEMPATH\Boot.php(334): CodeIgniter\CodeIgniter->run()
 5 SYSTEMPATH\Boot.php(67): CodeIgniter\Boot::runCodeIgniter(Object(CodeIgniter\CodeIgniter))
 6 FCPATH\index.php(46): CodeIgniter\Boot::bootWeb(Object(Config\Paths))
WARNING - 2025-10-01 11:23:02 --> [DEPRECATED] Constant FILTER_SANITIZE_STRING is deprecated in APPPATH\Controllers\Staff\Attendance.php on line 44.
 1 SYSTEMPATH\CodeIgniter.php(933): App\Controllers\Staff\Attendance->index()
 2 SYSTEMPATH\CodeIgniter.php(507): CodeIgniter\CodeIgniter->runController(Object(App\Controllers\Staff\Attendance))
 3 SYSTEMPATH\CodeIgniter.php(354): CodeIgniter\CodeIgniter->handleRequest(null, Object(Config\Cache), false)
 4 SYSTEMPATH\Boot.php(334): CodeIgniter\CodeIgniter->run()
 5 SYSTEMPATH\Boot.php(67): CodeIgniter\Boot::runCodeIgniter(Object(CodeIgniter\CodeIgniter))
 6 FCPATH\index.php(46): CodeIgniter\Boot::bootWeb(Object(Config\Paths))
WARNING - 2025-10-01 11:23:02 --> [DEPRECATED] Constant FILTER_SANITIZE_STRING is deprecated in APPPATH\Controllers\Staff\Attendance.php on line 45.
 1 SYSTEMPATH\CodeIgniter.php(933): App\Controllers\Staff\Attendance->index()
 2 SYSTEMPATH\CodeIgniter.php(507): CodeIgniter\CodeIgniter->runController(Object(App\Controllers\Staff\Attendance))
 3 SYSTEMPATH\CodeIgniter.php(354): CodeIgniter\CodeIgniter->handleRequest(null, Object(Config\Cache), false)
 4 SYSTEMPATH\Boot.php(334): CodeIgniter\CodeIgniter->run()
 5 SYSTEMPATH\Boot.php(67): CodeIgniter\Boot::runCodeIgniter(Object(CodeIgniter\CodeIgniter))
 6 FCPATH\index.php(46): CodeIgniter\Boot::bootWeb(Object(Config\Paths))
DEBUG - 2025-10-01 11:23:06 --> Session: Class initialized using 'CodeIgniter\Session\Handlers\FileHandler' driver.
WARNING - 2025-10-01 11:23:06 --> [DEPRECATED] Constant FILTER_SANITIZE_STRING is deprecated in APPPATH\Controllers\Staff\Attendance.php on line 43.
 1 SYSTEMPATH\CodeIgniter.php(933): App\Controllers\Staff\Attendance->index()
 2 SYSTEMPATH\CodeIgniter.php(507): CodeIgniter\CodeIgniter->runController(Object(App\Controllers\Staff\Attendance))
 3 SYSTEMPATH\CodeIgniter.php(354): CodeIgniter\CodeIgniter->handleRequest(null, Object(Config\Cache), false)
 4 SYSTEMPATH\Boot.php(334): CodeIgniter\CodeIgniter->run()
 5 SYSTEMPATH\Boot.php(67): CodeIgniter\Boot::runCodeIgniter(Object(CodeIgniter\CodeIgniter))
 6 FCPATH\index.php(46): CodeIgniter\Boot::bootWeb(Object(Config\Paths))
WARNING - 2025-10-01 11:23:06 --> [DEPRECATED] Constant FILTER_SANITIZE_STRING is deprecated in APPPATH\Controllers\Staff\Attendance.php on line 44.
 1 SYSTEMPATH\CodeIgniter.php(933): App\Controllers\Staff\Attendance->index()
 2 SYSTEMPATH\CodeIgniter.php(507): CodeIgniter\CodeIgniter->runController(Object(App\Controllers\Staff\Attendance))
 3 SYSTEMPATH\CodeIgniter.php(354): CodeIgniter\CodeIgniter->handleRequest(null, Object(Config\Cache), false)
 4 SYSTEMPATH\Boot.php(334): CodeIgniter\CodeIgniter->run()
 5 SYSTEMPATH\Boot.php(67): CodeIgniter\Boot::runCodeIgniter(Object(CodeIgniter\CodeIgniter))
 6 FCPATH\index.php(46): CodeIgniter\Boot::bootWeb(Object(Config\Paths))
WARNING - 2025-10-01 11:23:06 --> [DEPRECATED] Constant FILTER_SANITIZE_STRING is deprecated in APPPATH\Controllers\Staff\Attendance.php on line 45.
 1 SYSTEMPATH\CodeIgniter.php(933): App\Controllers\Staff\Attendance->index()
 2 SYSTEMPATH\CodeIgniter.php(507): CodeIgniter\CodeIgniter->runController(Object(App\Controllers\Staff\Attendance))
 3 SYSTEMPATH\CodeIgniter.php(354): CodeIgniter\CodeIgniter->handleRequest(null, Object(Config\Cache), false)
 4 SYSTEMPATH\Boot.php(334): CodeIgniter\CodeIgniter->run()
 5 SYSTEMPATH\Boot.php(67): CodeIgniter\Boot::runCodeIgniter(Object(CodeIgniter\CodeIgniter))
 6 FCPATH\index.php(46): CodeIgniter\Boot::bootWeb(Object(Config\Paths))
DEBUG - 2025-10-01 11:23:10 --> Session: Class initialized using 'CodeIgniter\Session\Handlers\FileHandler' driver.
DEBUG - 2025-10-01 11:23:11 --> Session: Class initialized using 'CodeIgniter\Session\Handlers\FileHandler' driver.
DEBUG - 2025-10-01 11:23:11 --> Session: Class initialized using 'CodeIgniter\Session\Handlers\FileHandler' driver.
DEBUG - 2025-10-01 11:23:56 --> Session: Class initialized using 'CodeIgniter\Session\Handlers\FileHandler' driver.
WARNING - 2025-10-01 11:23:56 --> [DEPRECATED] Constant FILTER_SANITIZE_STRING is deprecated in APPPATH\Controllers\Staff\Attendance.php on line 43.
 1 SYSTEMPATH\CodeIgniter.php(933): App\Controllers\Staff\Attendance->index()
 2 SYSTEMPATH\CodeIgniter.php(507): CodeIgniter\CodeIgniter->runController(Object(App\Controllers\Staff\Attendance))
 3 SYSTEMPATH\CodeIgniter.php(354): CodeIgniter\CodeIgniter->handleRequest(null, Object(Config\Cache), false)
 4 SYSTEMPATH\Boot.php(334): CodeIgniter\CodeIgniter->run()
 5 SYSTEMPATH\Boot.php(67): CodeIgniter\Boot::runCodeIgniter(Object(CodeIgniter\CodeIgniter))
 6 FCPATH\index.php(46): CodeIgniter\Boot::bootWeb(Object(Config\Paths))
WARNING - 2025-10-01 11:23:56 --> [DEPRECATED] Constant FILTER_SANITIZE_STRING is deprecated in APPPATH\Controllers\Staff\Attendance.php on line 44.
 1 SYSTEMPATH\CodeIgniter.php(933): App\Controllers\Staff\Attendance->index()
 2 SYSTEMPATH\CodeIgniter.php(507): CodeIgniter\CodeIgniter->runController(Object(App\Controllers\Staff\Attendance))
 3 SYSTEMPATH\CodeIgniter.php(354): CodeIgniter\CodeIgniter->handleRequest(null, Object(Config\Cache), false)
 4 SYSTEMPATH\Boot.php(334): CodeIgniter\CodeIgniter->run()
 5 SYSTEMPATH\Boot.php(67): CodeIgniter\Boot::runCodeIgniter(Object(CodeIgniter\CodeIgniter))
 6 FCPATH\index.php(46): CodeIgniter\Boot::bootWeb(Object(Config\Paths))
WARNING - 2025-10-01 11:23:56 --> [DEPRECATED] Constant FILTER_SANITIZE_STRING is deprecated in APPPATH\Controllers\Staff\Attendance.php on line 45.
 1 SYSTEMPATH\CodeIgniter.php(933): App\Controllers\Staff\Attendance->index()
 2 SYSTEMPATH\CodeIgniter.php(507): CodeIgniter\CodeIgniter->runController(Object(App\Controllers\Staff\Attendance))
 3 SYSTEMPATH\CodeIgniter.php(354): CodeIgniter\CodeIgniter->handleRequest(null, Object(Config\Cache), false)
 4 SYSTEMPATH\Boot.php(334): CodeIgniter\CodeIgniter->run()
 5 SYSTEMPATH\Boot.php(67): CodeIgniter\Boot::runCodeIgniter(Object(CodeIgniter\CodeIgniter))
 6 FCPATH\index.php(46): CodeIgniter\Boot::bootWeb(Object(Config\Paths))
DEBUG - 2025-10-01 11:23:58 --> Session: Class initialized using 'CodeIgniter\Session\Handlers\FileHandler' driver.
WARNING - 2025-10-01 11:23:58 --> [DEPRECATED] Constant FILTER_SANITIZE_STRING is deprecated in APPPATH\Controllers\Staff\Attendance.php on line 43.
 1 SYSTEMPATH\CodeIgniter.php(933): App\Controllers\Staff\Attendance->index()
 2 SYSTEMPATH\CodeIgniter.php(507): CodeIgniter\CodeIgniter->runController(Object(App\Controllers\Staff\Attendance))
 3 SYSTEMPATH\CodeIgniter.php(354): CodeIgniter\CodeIgniter->handleRequest(null, Object(Config\Cache), false)
 4 SYSTEMPATH\Boot.php(334): CodeIgniter\CodeIgniter->run()
 5 SYSTEMPATH\Boot.php(67): CodeIgniter\Boot::runCodeIgniter(Object(CodeIgniter\CodeIgniter))
 6 FCPATH\index.php(46): CodeIgniter\Boot::bootWeb(Object(Config\Paths))
WARNING - 2025-10-01 11:23:58 --> [DEPRECATED] Constant FILTER_SANITIZE_STRING is deprecated in APPPATH\Controllers\Staff\Attendance.php on line 44.
 1 SYSTEMPATH\CodeIgniter.php(933): App\Controllers\Staff\Attendance->index()
 2 SYSTEMPATH\CodeIgniter.php(507): CodeIgniter\CodeIgniter->runController(Object(App\Controllers\Staff\Attendance))
 3 SYSTEMPATH\CodeIgniter.php(354): CodeIgniter\CodeIgniter->handleRequest(null, Object(Config\Cache), false)
 4 SYSTEMPATH\Boot.php(334): CodeIgniter\CodeIgniter->run()
 5 SYSTEMPATH\Boot.php(67): CodeIgniter\Boot::runCodeIgniter(Object(CodeIgniter\CodeIgniter))
 6 FCPATH\index.php(46): CodeIgniter\Boot::bootWeb(Object(Config\Paths))
WARNING - 2025-10-01 11:23:58 --> [DEPRECATED] Constant FILTER_SANITIZE_STRING is deprecated in APPPATH\Controllers\Staff\Attendance.php on line 45.
 1 SYSTEMPATH\CodeIgniter.php(933): App\Controllers\Staff\Attendance->index()
 2 SYSTEMPATH\CodeIgniter.php(507): CodeIgniter\CodeIgniter->runController(Object(App\Controllers\Staff\Attendance))
 3 SYSTEMPATH\CodeIgniter.php(354): CodeIgniter\CodeIgniter->handleRequest(null, Object(Config\Cache), false)
 4 SYSTEMPATH\Boot.php(334): CodeIgniter\CodeIgniter->run()
 5 SYSTEMPATH\Boot.php(67): CodeIgniter\Boot::runCodeIgniter(Object(CodeIgniter\CodeIgniter))
 6 FCPATH\index.php(46): CodeIgniter\Boot::bootWeb(Object(Config\Paths))
DEBUG - 2025-10-01 11:24:01 --> Session: Class initialized using 'CodeIgniter\Session\Handlers\FileHandler' driver.
WARNING - 2025-10-01 11:24:01 --> [DEPRECATED] Constant FILTER_SANITIZE_STRING is deprecated in APPPATH\Controllers\Staff\Attendance.php on line 43.
 1 SYSTEMPATH\CodeIgniter.php(933): App\Controllers\Staff\Attendance->index()
 2 SYSTEMPATH\CodeIgniter.php(507): CodeIgniter\CodeIgniter->runController(Object(App\Controllers\Staff\Attendance))
 3 SYSTEMPATH\CodeIgniter.php(354): CodeIgniter\CodeIgniter->handleRequest(null, Object(Config\Cache), false)
 4 SYSTEMPATH\Boot.php(334): CodeIgniter\CodeIgniter->run()
 5 SYSTEMPATH\Boot.php(67): CodeIgniter\Boot::runCodeIgniter(Object(CodeIgniter\CodeIgniter))
 6 FCPATH\index.php(46): CodeIgniter\Boot::bootWeb(Object(Config\Paths))
WARNING - 2025-10-01 11:24:01 --> [DEPRECATED] Constant FILTER_SANITIZE_STRING is deprecated in APPPATH\Controllers\Staff\Attendance.php on line 44.
 1 SYSTEMPATH\CodeIgniter.php(933): App\Controllers\Staff\Attendance->index()
 2 SYSTEMPATH\CodeIgniter.php(507): CodeIgniter\CodeIgniter->runController(Object(App\Controllers\Staff\Attendance))
 3 SYSTEMPATH\CodeIgniter.php(354): CodeIgniter\CodeIgniter->handleRequest(null, Object(Config\Cache), false)
 4 SYSTEMPATH\Boot.php(334): CodeIgniter\CodeIgniter->run()
 5 SYSTEMPATH\Boot.php(67): CodeIgniter\Boot::runCodeIgniter(Object(CodeIgniter\CodeIgniter))
 6 FCPATH\index.php(46): CodeIgniter\Boot::bootWeb(Object(Config\Paths))
WARNING - 2025-10-01 11:24:01 --> [DEPRECATED] Constant FILTER_SANITIZE_STRING is deprecated in APPPATH\Controllers\Staff\Attendance.php on line 45.
 1 SYSTEMPATH\CodeIgniter.php(933): App\Controllers\Staff\Attendance->index()
 2 SYSTEMPATH\CodeIgniter.php(507): CodeIgniter\CodeIgniter->runController(Object(App\Controllers\Staff\Attendance))
 3 SYSTEMPATH\CodeIgniter.php(354): CodeIgniter\CodeIgniter->handleRequest(null, Object(Config\Cache), false)
 4 SYSTEMPATH\Boot.php(334): CodeIgniter\CodeIgniter->run()
 5 SYSTEMPATH\Boot.php(67): CodeIgniter\Boot::runCodeIgniter(Object(CodeIgniter\CodeIgniter))
 6 FCPATH\index.php(46): CodeIgniter\Boot::bootWeb(Object(Config\Paths))
DEBUG - 2025-10-01 11:32:14 --> Session: Class initialized using 'CodeIgniter\Session\Handlers\FileHandler' driver.
DEBUG - 2025-10-01 11:32:21 --> Session: Class initialized using 'CodeIgniter\Session\Handlers\FileHandler' driver.
DEBUG - 2025-10-01 11:54:19 --> Session: Class initialized using 'CodeIgniter\Session\Handlers\FileHandler' driver.
DEBUG - 2025-10-01 11:57:49 --> Session: Class initialized using 'CodeIgniter\Session\Handlers\FileHandler' driver.
DEBUG - 2025-10-01 12:00:46 --> Session: Class initialized using 'CodeIgniter\Session\Handlers\FileHandler' driver.
DEBUG - 2025-10-01 12:00:53 --> Session: Class initialized using 'CodeIgniter\Session\Handlers\FileHandler' driver.
DEBUG - 2025-10-01 12:01:05 --> Session: Class initialized using 'CodeIgniter\Session\Handlers\FileHandler' driver.
DEBUG - 2025-10-01 12:01:08 --> Session: Class initialized using 'CodeIgniter\Session\Handlers\FileHandler' driver.
DEBUG - 2025-10-01 12:01:25 --> Session: Class initialized using 'CodeIgniter\Session\Handlers\FileHandler' driver.
DEBUG - 2025-10-01 12:21:17 --> Session: Class initialized using 'CodeIgniter\Session\Handlers\FileHandler' driver.
