DEBUG - 2025-09-12 04:02:39 --> Session: Class initialized using 'CodeIgniter\Session\Handlers\FileHandler' driver.
DEBUG - 2025-09-12 04:02:40 --> Session: Class initialized using 'CodeIgniter\Session\Handlers\FileHandler' driver.
DEBUG - 2025-09-12 04:02:41 --> Session: Class initialized using 'CodeIgniter\Session\Handlers\FileHandler' driver.
DEBUG - 2025-09-12 04:02:41 --> Session: Class initialized using 'CodeIgniter\Session\Handlers\FileHandler' driver.
DEBUG - 2025-09-12 04:02:42 --> Session: Class initialized using 'CodeIgniter\Session\Handlers\FileHandler' driver.
DEBUG - 2025-09-12 04:02:44 --> Session: Class initialized using 'CodeIgniter\Session\Handlers\FileHandler' driver.
DEBUG - 2025-09-12 04:04:15 --> Session: Class initialized using 'CodeIgniter\Session\Handlers\FileHandler' driver.
DEBUG - 2025-09-12 04:04:19 --> Session: Class initialized using 'CodeIgniter\Session\Handlers\FileHandler' driver.
DEBUG - 2025-09-12 04:04:19 --> Session: Class initialized using 'CodeIgniter\Session\Handlers\FileHandler' driver.
DEBUG - 2025-09-12 04:04:22 --> Session: Class initialized using 'CodeIgniter\Session\Handlers\FileHandler' driver.
DEBUG - 2025-09-12 04:04:24 --> Session: Class initialized using 'CodeIgniter\Session\Handlers\FileHandler' driver.
DEBUG - 2025-09-12 04:04:26 --> Session: Class initialized using 'CodeIgniter\Session\Handlers\FileHandler' driver.
DEBUG - 2025-09-12 04:04:28 --> Session: Class initialized using 'CodeIgniter\Session\Handlers\FileHandler' driver.
DEBUG - 2025-09-12 04:10:53 --> Session: Class initialized using 'CodeIgniter\Session\Handlers\FileHandler' driver.
DEBUG - 2025-09-12 04:10:58 --> Session: Class initialized using 'CodeIgniter\Session\Handlers\FileHandler' driver.
DEBUG - 2025-09-12 04:11:00 --> Session: Class initialized using 'CodeIgniter\Session\Handlers\FileHandler' driver.
DEBUG - 2025-09-12 04:11:30 --> Session: Class initialized using 'CodeIgniter\Session\Handlers\FileHandler' driver.
DEBUG - 2025-09-12 04:11:32 --> Session: Class initialized using 'CodeIgniter\Session\Handlers\FileHandler' driver.
DEBUG - 2025-09-12 04:13:02 --> Session: Class initialized using 'CodeIgniter\Session\Handlers\FileHandler' driver.
DEBUG - 2025-09-12 04:13:02 --> Session: Class initialized using 'CodeIgniter\Session\Handlers\FileHandler' driver.
DEBUG - 2025-09-12 04:13:39 --> Session: Class initialized using 'CodeIgniter\Session\Handlers\FileHandler' driver.
DEBUG - 2025-09-12 04:13:44 --> Session: Class initialized using 'CodeIgniter\Session\Handlers\FileHandler' driver.
DEBUG - 2025-09-12 04:14:11 --> Session: Class initialized using 'CodeIgniter\Session\Handlers\FileHandler' driver.
DEBUG - 2025-09-12 04:14:12 --> Session: Class initialized using 'CodeIgniter\Session\Handlers\FileHandler' driver.
DEBUG - 2025-09-12 04:14:19 --> Session: Class initialized using 'CodeIgniter\Session\Handlers\FileHandler' driver.
DEBUG - 2025-09-12 04:14:21 --> Session: Class initialized using 'CodeIgniter\Session\Handlers\FileHandler' driver.
DEBUG - 2025-09-12 04:14:22 --> Session: Class initialized using 'CodeIgniter\Session\Handlers\FileHandler' driver.
DEBUG - 2025-09-12 04:23:08 --> Session: Class initialized using 'CodeIgniter\Session\Handlers\FileHandler' driver.
ERROR - 2025-09-12 04:23:12 --> Error connecting to the database: mysqli_sql_exception: No connection could be made because the target machine actively refused it in C:\xampp\htdocs\hms_ram\system\Database\MySQLi\Connection.php:201
Stack trace:
#0 C:\xampp\htdocs\hms_ram\system\Database\MySQLi\Connection.php(201): mysqli->real_connect('localhost', 'root', Object(SensitiveParameterValue), 'hms_ram', 3306, '', 0)
#1 C:\xampp\htdocs\hms_ram\system\Database\BaseConnection.php(421): CodeIgniter\Database\MySQLi\Connection->connect(false)
#2 C:\xampp\htdocs\hms_ram\system\Database\BaseConnection.php(620): CodeIgniter\Database\BaseConnection->initialize()
#3 C:\xampp\htdocs\hms_ram\system\Database\BaseBuilder.php(1649): CodeIgniter\Database\BaseConnection->query('SELECT `pharmac...', Array, false)
#4 C:\xampp\htdocs\hms_ram\system\Model.php(286): CodeIgniter\Database\BaseBuilder->get()
#5 C:\xampp\htdocs\hms_ram\system\BaseModel.php(679): CodeIgniter\Model->doFindAll(0, 0)
#6 C:\xampp\htdocs\hms_ram\app\Controllers\Pharmacy\Medicines.php(79): CodeIgniter\BaseModel->findAll()
#7 C:\xampp\htdocs\hms_ram\system\CodeIgniter.php(933): App\Controllers\Pharmacy\Medicines->index()
#8 C:\xampp\htdocs\hms_ram\system\CodeIgniter.php(507): CodeIgniter\CodeIgniter->runController(Object(App\Controllers\Pharmacy\Medicines))
#9 C:\xampp\htdocs\hms_ram\system\CodeIgniter.php(354): CodeIgniter\CodeIgniter->handleRequest(NULL, Object(Config\Cache), false)
#10 C:\xampp\htdocs\hms_ram\system\Boot.php(334): CodeIgniter\CodeIgniter->run()
#11 C:\xampp\htdocs\hms_ram\system\Boot.php(67): CodeIgniter\Boot::runCodeIgniter(Object(CodeIgniter\CodeIgniter))
#12 C:\xampp\htdocs\hms_ram\index.php(46): CodeIgniter\Boot::bootWeb(Object(Config\Paths))
#13 {main}

Next CodeIgniter\Database\Exceptions\DatabaseException: No connection could be made because the target machine actively refused it in C:\xampp\htdocs\hms_ram\system\Database\MySQLi\Connection.php:246
Stack trace:
#0 C:\xampp\htdocs\hms_ram\system\Database\BaseConnection.php(421): CodeIgniter\Database\MySQLi\Connection->connect(false)
#1 C:\xampp\htdocs\hms_ram\system\Database\BaseConnection.php(620): CodeIgniter\Database\BaseConnection->initialize()
#2 C:\xampp\htdocs\hms_ram\system\Database\BaseBuilder.php(1649): CodeIgniter\Database\BaseConnection->query('SELECT `pharmac...', Array, false)
#3 C:\xampp\htdocs\hms_ram\system\Model.php(286): CodeIgniter\Database\BaseBuilder->get()
#4 C:\xampp\htdocs\hms_ram\system\BaseModel.php(679): CodeIgniter\Model->doFindAll(0, 0)
#5 C:\xampp\htdocs\hms_ram\app\Controllers\Pharmacy\Medicines.php(79): CodeIgniter\BaseModel->findAll()
#6 C:\xampp\htdocs\hms_ram\system\CodeIgniter.php(933): App\Controllers\Pharmacy\Medicines->index()
#7 C:\xampp\htdocs\hms_ram\system\CodeIgniter.php(507): CodeIgniter\CodeIgniter->runController(Object(App\Controllers\Pharmacy\Medicines))
#8 C:\xampp\htdocs\hms_ram\system\CodeIgniter.php(354): CodeIgniter\CodeIgniter->handleRequest(NULL, Object(Config\Cache), false)
#9 C:\xampp\htdocs\hms_ram\system\Boot.php(334): CodeIgniter\CodeIgniter->run()
#10 C:\xampp\htdocs\hms_ram\system\Boot.php(67): CodeIgniter\Boot::runCodeIgniter(Object(CodeIgniter\CodeIgniter))
#11 C:\xampp\htdocs\hms_ram\index.php(46): CodeIgniter\Boot::bootWeb(Object(Config\Paths))
#12 {main}
CRITICAL - 2025-09-12 04:23:12 --> CodeIgniter\Database\Exceptions\DatabaseException: Unable to connect to the database.
Main connection [MySQLi]: No connection could be made because the target machine actively refused it
[Method: GET, Route: pharmacy/medicines]
in SYSTEMPATH\Database\BaseConnection.php on line 467.
 1 SYSTEMPATH\Database\BaseConnection.php(620): CodeIgniter\Database\BaseConnection->initialize()
 2 SYSTEMPATH\Database\BaseBuilder.php(1649): CodeIgniter\Database\BaseConnection->query('SELECT `pharmacy_medicines`.*, `pm`.`name` as `manufacturer_name`, `pc`.`name` as `category_name`, `pg`.`generic_name`, `pb`.`brand_name`, `p_df`.`name` as `dosage_form_name`, `p_uom`.`name` as `unit_of_measure_name`, SUM(pbch.current_stock) as total_stock
FROM `pharmacy_medicines`
JOIN `pharmacy_manufacturers` `pm` ON `pm`.`id` = `pharmacy_medicines`.`manufacturer_id`
JOIN `pharmacy_categories` `pc` ON `pc`.`id` = `pharmacy_medicines`.`category_id`
JOIN `pharmacy_generics` `pg` ON `pg`.`id` = `pharmacy_medicines`.`generic_id`
JOIN `pharmacy_brands` `pb` ON `pb`.`id` = `pharmacy_medicines`.`brand_id`
JOIN `pharmacy_dosage_forms` `p_df` ON `p_df`.`id` = `pharmacy_medicines`.`dosage_form_id`
JOIN `pharmacy_units_of_measure` `p_uom` ON `p_uom`.`id` = `pharmacy_medicines`.`unit_of_measure_id`
LEFT JOIN `pharmacy_batches` `pbch` ON `pbch`.`medicine_id` = `pharmacy_medicines`.`id`
GROUP BY `pharmacy_medicines`.`id`', [], false)
 3 SYSTEMPATH\Model.php(286): CodeIgniter\Database\BaseBuilder->get()
 4 SYSTEMPATH\BaseModel.php(679): CodeIgniter\Model->doFindAll(0, 0)
 5 APPPATH\Controllers\Pharmacy\Medicines.php(79): CodeIgniter\BaseModel->findAll()
 6 SYSTEMPATH\CodeIgniter.php(933): App\Controllers\Pharmacy\Medicines->index()
 7 SYSTEMPATH\CodeIgniter.php(507): CodeIgniter\CodeIgniter->runController(Object(App\Controllers\Pharmacy\Medicines))
 8 SYSTEMPATH\CodeIgniter.php(354): CodeIgniter\CodeIgniter->handleRequest(null, Object(Config\Cache), false)
 9 SYSTEMPATH\Boot.php(334): CodeIgniter\CodeIgniter->run()
10 SYSTEMPATH\Boot.php(67): CodeIgniter\Boot::runCodeIgniter(Object(CodeIgniter\CodeIgniter))
11 FCPATH\index.php(46): CodeIgniter\Boot::bootWeb(Object(Config\Paths))
DEBUG - 2025-09-12 04:23:27 --> Session: Class initialized using 'CodeIgniter\Session\Handlers\FileHandler' driver.
DEBUG - 2025-09-12 04:23:38 --> Session: Class initialized using 'CodeIgniter\Session\Handlers\FileHandler' driver.
DEBUG - 2025-09-12 04:23:50 --> Session: Class initialized using 'CodeIgniter\Session\Handlers\FileHandler' driver.
DEBUG - 2025-09-12 04:23:50 --> Session: Class initialized using 'CodeIgniter\Session\Handlers\FileHandler' driver.
DEBUG - 2025-09-12 04:23:58 --> Session: Class initialized using 'CodeIgniter\Session\Handlers\FileHandler' driver.
DEBUG - 2025-09-12 04:24:02 --> Session: Class initialized using 'CodeIgniter\Session\Handlers\FileHandler' driver.
DEBUG - 2025-09-12 04:24:10 --> Session: Class initialized using 'CodeIgniter\Session\Handlers\FileHandler' driver.
DEBUG - 2025-09-12 04:24:23 --> Session: Class initialized using 'CodeIgniter\Session\Handlers\FileHandler' driver.
DEBUG - 2025-09-12 04:24:24 --> Session: Class initialized using 'CodeIgniter\Session\Handlers\FileHandler' driver.
DEBUG - 2025-09-12 04:24:41 --> Session: Class initialized using 'CodeIgniter\Session\Handlers\FileHandler' driver.
DEBUG - 2025-09-12 04:24:43 --> Session: Class initialized using 'CodeIgniter\Session\Handlers\FileHandler' driver.
DEBUG - 2025-09-12 04:34:45 --> Session: Class initialized using 'CodeIgniter\Session\Handlers\FileHandler' driver.
DEBUG - 2025-09-12 04:34:45 --> Session: Class initialized using 'CodeIgniter\Session\Handlers\FileHandler' driver.
DEBUG - 2025-09-12 04:34:45 --> Session: Class initialized using 'CodeIgniter\Session\Handlers\FileHandler' driver.
DEBUG - 2025-09-12 04:34:45 --> Session: Class initialized using 'CodeIgniter\Session\Handlers\FileHandler' driver.
DEBUG - 2025-09-12 04:34:45 --> Session: Class initialized using 'CodeIgniter\Session\Handlers\FileHandler' driver.
DEBUG - 2025-09-12 04:34:48 --> Session: Class initialized using 'CodeIgniter\Session\Handlers\FileHandler' driver.
DEBUG - 2025-09-12 04:34:48 --> Session: Class initialized using 'CodeIgniter\Session\Handlers\FileHandler' driver.
DEBUG - 2025-09-12 04:34:49 --> Session: Class initialized using 'CodeIgniter\Session\Handlers\FileHandler' driver.
DEBUG - 2025-09-12 04:34:49 --> Session: Class initialized using 'CodeIgniter\Session\Handlers\FileHandler' driver.
DEBUG - 2025-09-12 04:34:49 --> Session: Class initialized using 'CodeIgniter\Session\Handlers\FileHandler' driver.
DEBUG - 2025-09-12 04:36:03 --> Session: Class initialized using 'CodeIgniter\Session\Handlers\FileHandler' driver.
DEBUG - 2025-09-12 04:36:03 --> Session: Class initialized using 'CodeIgniter\Session\Handlers\FileHandler' driver.
DEBUG - 2025-09-12 04:36:03 --> Session: Class initialized using 'CodeIgniter\Session\Handlers\FileHandler' driver.
DEBUG - 2025-09-12 04:36:03 --> Session: Class initialized using 'CodeIgniter\Session\Handlers\FileHandler' driver.
DEBUG - 2025-09-12 04:36:03 --> Session: Class initialized using 'CodeIgniter\Session\Handlers\FileHandler' driver.
DEBUG - 2025-09-12 04:36:22 --> Session: Class initialized using 'CodeIgniter\Session\Handlers\FileHandler' driver.
DEBUG - 2025-09-12 04:36:23 --> Session: Class initialized using 'CodeIgniter\Session\Handlers\FileHandler' driver.
DEBUG - 2025-09-12 04:36:32 --> Session: Class initialized using 'CodeIgniter\Session\Handlers\FileHandler' driver.
DEBUG - 2025-09-12 04:36:33 --> Session: Class initialized using 'CodeIgniter\Session\Handlers\FileHandler' driver.
DEBUG - 2025-09-12 04:37:08 --> Session: Class initialized using 'CodeIgniter\Session\Handlers\FileHandler' driver.
DEBUG - 2025-09-12 04:37:08 --> Session: Class initialized using 'CodeIgniter\Session\Handlers\FileHandler' driver.
DEBUG - 2025-09-12 04:37:16 --> Session: Class initialized using 'CodeIgniter\Session\Handlers\FileHandler' driver.
DEBUG - 2025-09-12 04:37:34 --> Session: Class initialized using 'CodeIgniter\Session\Handlers\FileHandler' driver.
DEBUG - 2025-09-12 04:37:43 --> Session: Class initialized using 'CodeIgniter\Session\Handlers\FileHandler' driver.
DEBUG - 2025-09-12 04:38:17 --> Session: Class initialized using 'CodeIgniter\Session\Handlers\FileHandler' driver.
DEBUG - 2025-09-12 04:39:08 --> Session: Class initialized using 'CodeIgniter\Session\Handlers\FileHandler' driver.
DEBUG - 2025-09-12 04:39:30 --> Session: Class initialized using 'CodeIgniter\Session\Handlers\FileHandler' driver.
DEBUG - 2025-09-12 04:39:47 --> Session: Class initialized using 'CodeIgniter\Session\Handlers\FileHandler' driver.
DEBUG - 2025-09-12 04:39:48 --> Session: Class initialized using 'CodeIgniter\Session\Handlers\FileHandler' driver.
DEBUG - 2025-09-12 04:40:30 --> Session: Class initialized using 'CodeIgniter\Session\Handlers\FileHandler' driver.
DEBUG - 2025-09-12 04:40:30 --> Session: Class initialized using 'CodeIgniter\Session\Handlers\FileHandler' driver.
DEBUG - 2025-09-12 04:40:30 --> Session: Class initialized using 'CodeIgniter\Session\Handlers\FileHandler' driver.
DEBUG - 2025-09-12 04:40:30 --> Session: Class initialized using 'CodeIgniter\Session\Handlers\FileHandler' driver.
DEBUG - 2025-09-12 04:40:30 --> Session: Class initialized using 'CodeIgniter\Session\Handlers\FileHandler' driver.
DEBUG - 2025-09-12 04:40:30 --> Session: Class initialized using 'CodeIgniter\Session\Handlers\FileHandler' driver.
DEBUG - 2025-09-12 04:40:30 --> Session: Class initialized using 'CodeIgniter\Session\Handlers\FileHandler' driver.
DEBUG - 2025-09-12 04:40:31 --> Session: Class initialized using 'CodeIgniter\Session\Handlers\FileHandler' driver.
DEBUG - 2025-09-12 04:40:31 --> Session: Class initialized using 'CodeIgniter\Session\Handlers\FileHandler' driver.
DEBUG - 2025-09-12 04:40:31 --> Session: Class initialized using 'CodeIgniter\Session\Handlers\FileHandler' driver.
DEBUG - 2025-09-12 04:40:32 --> Session: Class initialized using 'CodeIgniter\Session\Handlers\FileHandler' driver.
DEBUG - 2025-09-12 04:40:50 --> Session: Class initialized using 'CodeIgniter\Session\Handlers\FileHandler' driver.
DEBUG - 2025-09-12 04:40:50 --> Session: Class initialized using 'CodeIgniter\Session\Handlers\FileHandler' driver.
DEBUG - 2025-09-12 04:40:50 --> Session: Class initialized using 'CodeIgniter\Session\Handlers\FileHandler' driver.
DEBUG - 2025-09-12 04:40:50 --> Session: Class initialized using 'CodeIgniter\Session\Handlers\FileHandler' driver.
DEBUG - 2025-09-12 04:40:50 --> Session: Class initialized using 'CodeIgniter\Session\Handlers\FileHandler' driver.
DEBUG - 2025-09-12 04:40:50 --> Session: Class initialized using 'CodeIgniter\Session\Handlers\FileHandler' driver.
DEBUG - 2025-09-12 04:40:50 --> Session: Class initialized using 'CodeIgniter\Session\Handlers\FileHandler' driver.
DEBUG - 2025-09-12 04:40:50 --> Session: Class initialized using 'CodeIgniter\Session\Handlers\FileHandler' driver.
DEBUG - 2025-09-12 04:40:50 --> Session: Class initialized using 'CodeIgniter\Session\Handlers\FileHandler' driver.
DEBUG - 2025-09-12 04:40:51 --> Session: Class initialized using 'CodeIgniter\Session\Handlers\FileHandler' driver.
DEBUG - 2025-09-12 04:40:51 --> Session: Class initialized using 'CodeIgniter\Session\Handlers\FileHandler' driver.
DEBUG - 2025-09-12 04:40:53 --> Session: Class initialized using 'CodeIgniter\Session\Handlers\FileHandler' driver.
DEBUG - 2025-09-12 04:40:53 --> Session: Class initialized using 'CodeIgniter\Session\Handlers\FileHandler' driver.
DEBUG - 2025-09-12 04:40:54 --> Session: Class initialized using 'CodeIgniter\Session\Handlers\FileHandler' driver.
DEBUG - 2025-09-12 04:40:54 --> Session: Class initialized using 'CodeIgniter\Session\Handlers\FileHandler' driver.
DEBUG - 2025-09-12 04:40:54 --> Session: Class initialized using 'CodeIgniter\Session\Handlers\FileHandler' driver.
DEBUG - 2025-09-12 04:40:54 --> Session: Class initialized using 'CodeIgniter\Session\Handlers\FileHandler' driver.
DEBUG - 2025-09-12 04:41:09 --> Session: Class initialized using 'CodeIgniter\Session\Handlers\FileHandler' driver.
DEBUG - 2025-09-12 04:41:09 --> Session: Class initialized using 'CodeIgniter\Session\Handlers\FileHandler' driver.
DEBUG - 2025-09-12 04:41:09 --> Session: Class initialized using 'CodeIgniter\Session\Handlers\FileHandler' driver.
DEBUG - 2025-09-12 04:41:09 --> Session: Class initialized using 'CodeIgniter\Session\Handlers\FileHandler' driver.
DEBUG - 2025-09-12 04:41:09 --> Session: Class initialized using 'CodeIgniter\Session\Handlers\FileHandler' driver.
DEBUG - 2025-09-12 04:41:09 --> Session: Class initialized using 'CodeIgniter\Session\Handlers\FileHandler' driver.
DEBUG - 2025-09-12 04:41:09 --> Session: Class initialized using 'CodeIgniter\Session\Handlers\FileHandler' driver.
DEBUG - 2025-09-12 04:41:10 --> Session: Class initialized using 'CodeIgniter\Session\Handlers\FileHandler' driver.
DEBUG - 2025-09-12 04:41:10 --> Session: Class initialized using 'CodeIgniter\Session\Handlers\FileHandler' driver.
DEBUG - 2025-09-12 04:41:10 --> Session: Class initialized using 'CodeIgniter\Session\Handlers\FileHandler' driver.
DEBUG - 2025-09-12 04:41:32 --> Session: Class initialized using 'CodeIgniter\Session\Handlers\FileHandler' driver.
DEBUG - 2025-09-12 04:41:32 --> Session: Class initialized using 'CodeIgniter\Session\Handlers\FileHandler' driver.
DEBUG - 2025-09-12 04:42:39 --> Session: Class initialized using 'CodeIgniter\Session\Handlers\FileHandler' driver.
DEBUG - 2025-09-12 04:43:06 --> Session: Class initialized using 'CodeIgniter\Session\Handlers\FileHandler' driver.
DEBUG - 2025-09-12 04:43:07 --> Session: Class initialized using 'CodeIgniter\Session\Handlers\FileHandler' driver.
DEBUG - 2025-09-12 04:44:14 --> Session: Class initialized using 'CodeIgniter\Session\Handlers\FileHandler' driver.
DEBUG - 2025-09-12 04:44:15 --> Session: Class initialized using 'CodeIgniter\Session\Handlers\FileHandler' driver.
DEBUG - 2025-09-12 04:44:15 --> Session: Class initialized using 'CodeIgniter\Session\Handlers\FileHandler' driver.
DEBUG - 2025-09-12 04:44:15 --> Session: Class initialized using 'CodeIgniter\Session\Handlers\FileHandler' driver.
DEBUG - 2025-09-12 04:44:15 --> Session: Class initialized using 'CodeIgniter\Session\Handlers\FileHandler' driver.
DEBUG - 2025-09-12 04:44:15 --> Session: Class initialized using 'CodeIgniter\Session\Handlers\FileHandler' driver.
DEBUG - 2025-09-12 04:44:15 --> Session: Class initialized using 'CodeIgniter\Session\Handlers\FileHandler' driver.
DEBUG - 2025-09-12 04:44:15 --> Session: Class initialized using 'CodeIgniter\Session\Handlers\FileHandler' driver.
DEBUG - 2025-09-12 04:44:15 --> Session: Class initialized using 'CodeIgniter\Session\Handlers\FileHandler' driver.
DEBUG - 2025-09-12 04:44:15 --> Session: Class initialized using 'CodeIgniter\Session\Handlers\FileHandler' driver.
CRITICAL - 2025-09-12 04:44:15 --> ErrorException: unlink(C:\xampp\htdocs\hms_ram\writable\debugbar/debugbar_1757652070.469650.json): No such file or directory
[Method: GET, Route: /]
in SYSTEMPATH\Debug\Toolbar\Collectors\History.php on line 82.
 1 [internal function]: CodeIgniter\Debug\Exceptions->errorHandler(2, 'unlink(C:\\xampp\\htdocs\\hms_ram\\writable\\debugbar/debugbar_1757652070.469650.json): No such file or directory', 'C:\\xampp\\htdocs\\hms_ram\\system\\Debug\\Toolbar\\Collectors\\History.php', 82)
 2 SYSTEMPATH\Debug\Toolbar\Collectors\History.php(82): unlink('C:\\xampp\\htdocs\\hms_ram\\writable\\debugbar/debugbar_1757652070.469650.json')
 3 SYSTEMPATH\Debug\Toolbar.php(517): CodeIgniter\Debug\Toolbar\Collectors\History->setFiles('1757652255.248498', 20)
 4 SYSTEMPATH\Debug\Toolbar.php(496): CodeIgniter\Debug\Toolbar->format([...], 'html')
 5 APPPATH\Config\Events.php(47): CodeIgniter\Debug\Toolbar->respond()
 6 SYSTEMPATH\Events\Events.php(155): CodeIgniter\Events\Events::Config\{closure}()
 7 SYSTEMPATH\CodeIgniter.php(339): CodeIgniter\Events\Events::trigger('pre_system')
 8 SYSTEMPATH\Boot.php(334): CodeIgniter\CodeIgniter->run()
 9 SYSTEMPATH\Boot.php(67): CodeIgniter\Boot::runCodeIgniter(Object(CodeIgniter\CodeIgniter))
10 FCPATH\index.php(46): CodeIgniter\Boot::bootWeb(Object(Config\Paths))
DEBUG - 2025-09-12 04:44:17 --> Session: Class initialized using 'CodeIgniter\Session\Handlers\FileHandler' driver.
DEBUG - 2025-09-12 04:44:17 --> Session: Class initialized using 'CodeIgniter\Session\Handlers\FileHandler' driver.
DEBUG - 2025-09-12 04:44:17 --> Session: Class initialized using 'CodeIgniter\Session\Handlers\FileHandler' driver.
DEBUG - 2025-09-12 04:44:17 --> Session: Class initialized using 'CodeIgniter\Session\Handlers\FileHandler' driver.
DEBUG - 2025-09-12 04:44:19 --> Session: Class initialized using 'CodeIgniter\Session\Handlers\FileHandler' driver.
DEBUG - 2025-09-12 04:44:19 --> Session: Class initialized using 'CodeIgniter\Session\Handlers\FileHandler' driver.
DEBUG - 2025-09-12 04:44:20 --> Session: Class initialized using 'CodeIgniter\Session\Handlers\FileHandler' driver.
DEBUG - 2025-09-12 04:44:20 --> Session: Class initialized using 'CodeIgniter\Session\Handlers\FileHandler' driver.
DEBUG - 2025-09-12 04:44:20 --> Session: Class initialized using 'CodeIgniter\Session\Handlers\FileHandler' driver.
DEBUG - 2025-09-12 04:44:46 --> Session: Class initialized using 'CodeIgniter\Session\Handlers\FileHandler' driver.
DEBUG - 2025-09-12 04:53:15 --> Session: Class initialized using 'CodeIgniter\Session\Handlers\FileHandler' driver.
DEBUG - 2025-09-12 04:53:15 --> Session: Class initialized using 'CodeIgniter\Session\Handlers\FileHandler' driver.
DEBUG - 2025-09-12 04:53:15 --> Session: Class initialized using 'CodeIgniter\Session\Handlers\FileHandler' driver.
DEBUG - 2025-09-12 04:53:15 --> Session: Class initialized using 'CodeIgniter\Session\Handlers\FileHandler' driver.
DEBUG - 2025-09-12 04:53:15 --> Session: Class initialized using 'CodeIgniter\Session\Handlers\FileHandler' driver.
DEBUG - 2025-09-12 04:53:15 --> Session: Class initialized using 'CodeIgniter\Session\Handlers\FileHandler' driver.
DEBUG - 2025-09-12 04:53:15 --> Session: Class initialized using 'CodeIgniter\Session\Handlers\FileHandler' driver.
DEBUG - 2025-09-12 04:53:15 --> Session: Class initialized using 'CodeIgniter\Session\Handlers\FileHandler' driver.
DEBUG - 2025-09-12 04:53:15 --> Session: Class initialized using 'CodeIgniter\Session\Handlers\FileHandler' driver.
DEBUG - 2025-09-12 04:53:15 --> Session: Class initialized using 'CodeIgniter\Session\Handlers\FileHandler' driver.
DEBUG - 2025-09-12 04:53:16 --> Session: Class initialized using 'CodeIgniter\Session\Handlers\FileHandler' driver.
DEBUG - 2025-09-12 04:53:16 --> Session: Class initialized using 'CodeIgniter\Session\Handlers\FileHandler' driver.
DEBUG - 2025-09-12 04:53:16 --> Session: Class initialized using 'CodeIgniter\Session\Handlers\FileHandler' driver.
DEBUG - 2025-09-12 04:53:16 --> Session: Class initialized using 'CodeIgniter\Session\Handlers\FileHandler' driver.
DEBUG - 2025-09-12 04:53:16 --> Session: Class initialized using 'CodeIgniter\Session\Handlers\FileHandler' driver.
DEBUG - 2025-09-12 04:53:16 --> Session: Class initialized using 'CodeIgniter\Session\Handlers\FileHandler' driver.
DEBUG - 2025-09-12 04:54:01 --> Session: Class initialized using 'CodeIgniter\Session\Handlers\FileHandler' driver.
DEBUG - 2025-09-12 04:54:01 --> Session: Class initialized using 'CodeIgniter\Session\Handlers\FileHandler' driver.
DEBUG - 2025-09-12 04:54:01 --> Session: Class initialized using 'CodeIgniter\Session\Handlers\FileHandler' driver.
DEBUG - 2025-09-12 04:54:01 --> Session: Class initialized using 'CodeIgniter\Session\Handlers\FileHandler' driver.
DEBUG - 2025-09-12 04:54:01 --> Session: Class initialized using 'CodeIgniter\Session\Handlers\FileHandler' driver.
DEBUG - 2025-09-12 04:54:01 --> Session: Class initialized using 'CodeIgniter\Session\Handlers\FileHandler' driver.
DEBUG - 2025-09-12 04:56:17 --> Session: Class initialized using 'CodeIgniter\Session\Handlers\FileHandler' driver.
DEBUG - 2025-09-12 04:56:47 --> Session: Class initialized using 'CodeIgniter\Session\Handlers\FileHandler' driver.
DEBUG - 2025-09-12 04:57:55 --> Session: Class initialized using 'CodeIgniter\Session\Handlers\FileHandler' driver.
DEBUG - 2025-09-12 04:57:55 --> Session: Class initialized using 'CodeIgniter\Session\Handlers\FileHandler' driver.
DEBUG - 2025-09-12 04:57:55 --> Session: Class initialized using 'CodeIgniter\Session\Handlers\FileHandler' driver.
DEBUG - 2025-09-12 04:57:56 --> Session: Class initialized using 'CodeIgniter\Session\Handlers\FileHandler' driver.
DEBUG - 2025-09-12 04:57:56 --> Session: Class initialized using 'CodeIgniter\Session\Handlers\FileHandler' driver.
DEBUG - 2025-09-12 04:57:56 --> Session: Class initialized using 'CodeIgniter\Session\Handlers\FileHandler' driver.
DEBUG - 2025-09-12 04:57:56 --> Session: Class initialized using 'CodeIgniter\Session\Handlers\FileHandler' driver.
CRITICAL - 2025-09-12 04:57:57 --> ErrorException: unlink(C:\xampp\htdocs\hms_ram\writable\debugbar/debugbar_1757652841.554896.json): No such file or directory
[Method: GET, Route: /]
in SYSTEMPATH\Debug\Toolbar\Collectors\History.php on line 82.
 1 [internal function]: CodeIgniter\Debug\Exceptions->errorHandler(2, 'unlink(C:\\xampp\\htdocs\\hms_ram\\writable\\debugbar/debugbar_1757652841.554896.json): No such file or directory', 'C:\\xampp\\htdocs\\hms_ram\\system\\Debug\\Toolbar\\Collectors\\History.php', 82)
 2 SYSTEMPATH\Debug\Toolbar\Collectors\History.php(82): unlink('C:\\xampp\\htdocs\\hms_ram\\writable\\debugbar/debugbar_1757652841.554896.json')
 3 SYSTEMPATH\Debug\Toolbar.php(517): CodeIgniter\Debug\Toolbar\Collectors\History->setFiles('1757653076.019335', 20)
 4 SYSTEMPATH\Debug\Toolbar.php(496): CodeIgniter\Debug\Toolbar->format([...], 'html')
 5 APPPATH\Config\Events.php(47): CodeIgniter\Debug\Toolbar->respond()
 6 SYSTEMPATH\Events\Events.php(155): CodeIgniter\Events\Events::Config\{closure}()
 7 SYSTEMPATH\CodeIgniter.php(339): CodeIgniter\Events\Events::trigger('pre_system')
 8 SYSTEMPATH\Boot.php(334): CodeIgniter\CodeIgniter->run()
 9 SYSTEMPATH\Boot.php(67): CodeIgniter\Boot::runCodeIgniter(Object(CodeIgniter\CodeIgniter))
10 FCPATH\index.php(46): CodeIgniter\Boot::bootWeb(Object(Config\Paths))
CRITICAL - 2025-09-12 04:57:57 --> ErrorException: unlink(C:\xampp\htdocs\hms_ram\writable\debugbar/debugbar_1757652841.554896.json): No such file or directory
[Method: GET, Route: /]
in SYSTEMPATH\Debug\Toolbar\Collectors\History.php on line 82.
 1 [internal function]: CodeIgniter\Debug\Exceptions->errorHandler(2, 'unlink(C:\\xampp\\htdocs\\hms_ram\\writable\\debugbar/debugbar_1757652841.554896.json): No such file or directory', 'C:\\xampp\\htdocs\\hms_ram\\system\\Debug\\Toolbar\\Collectors\\History.php', 82)
 2 SYSTEMPATH\Debug\Toolbar\Collectors\History.php(82): unlink('C:\\xampp\\htdocs\\hms_ram\\writable\\debugbar/debugbar_1757652841.554896.json')
 3 SYSTEMPATH\Debug\Toolbar.php(517): CodeIgniter\Debug\Toolbar\Collectors\History->setFiles('1757653076.133947', 20)
 4 SYSTEMPATH\Debug\Toolbar.php(496): CodeIgniter\Debug\Toolbar->format([...], 'html')
 5 APPPATH\Config\Events.php(47): CodeIgniter\Debug\Toolbar->respond()
 6 SYSTEMPATH\Events\Events.php(155): CodeIgniter\Events\Events::Config\{closure}()
 7 SYSTEMPATH\CodeIgniter.php(339): CodeIgniter\Events\Events::trigger('pre_system')
 8 SYSTEMPATH\Boot.php(334): CodeIgniter\CodeIgniter->run()
 9 SYSTEMPATH\Boot.php(67): CodeIgniter\Boot::runCodeIgniter(Object(CodeIgniter\CodeIgniter))
10 FCPATH\index.php(46): CodeIgniter\Boot::bootWeb(Object(Config\Paths))
CRITICAL - 2025-09-12 04:57:57 --> ErrorException: unlink(C:\xampp\htdocs\hms_ram\writable\debugbar/debugbar_1757652841.554896.json): No such file or directory
[Method: GET, Route: /]
in SYSTEMPATH\Debug\Toolbar\Collectors\History.php on line 82.
 1 [internal function]: CodeIgniter\Debug\Exceptions->errorHandler(2, 'unlink(C:\\xampp\\htdocs\\hms_ram\\writable\\debugbar/debugbar_1757652841.554896.json): No such file or directory', 'C:\\xampp\\htdocs\\hms_ram\\system\\Debug\\Toolbar\\Collectors\\History.php', 82)
 2 SYSTEMPATH\Debug\Toolbar\Collectors\History.php(82): unlink('C:\\xampp\\htdocs\\hms_ram\\writable\\debugbar/debugbar_1757652841.554896.json')
 3 SYSTEMPATH\Debug\Toolbar.php(517): CodeIgniter\Debug\Toolbar\Collectors\History->setFiles('1757653075.867000', 20)
 4 SYSTEMPATH\Debug\Toolbar.php(496): CodeIgniter\Debug\Toolbar->format([...], 'html')
 5 APPPATH\Config\Events.php(47): CodeIgniter\Debug\Toolbar->respond()
 6 SYSTEMPATH\Events\Events.php(155): CodeIgniter\Events\Events::Config\{closure}()
 7 SYSTEMPATH\CodeIgniter.php(339): CodeIgniter\Events\Events::trigger('pre_system')
 8 SYSTEMPATH\Boot.php(334): CodeIgniter\CodeIgniter->run()
 9 SYSTEMPATH\Boot.php(67): CodeIgniter\Boot::runCodeIgniter(Object(CodeIgniter\CodeIgniter))
10 FCPATH\index.php(46): CodeIgniter\Boot::bootWeb(Object(Config\Paths))
DEBUG - 2025-09-12 04:58:21 --> Session: Class initialized using 'CodeIgniter\Session\Handlers\FileHandler' driver.
DEBUG - 2025-09-12 04:58:27 --> Session: Class initialized using 'CodeIgniter\Session\Handlers\FileHandler' driver.
DEBUG - 2025-09-12 04:58:30 --> Session: Class initialized using 'CodeIgniter\Session\Handlers\FileHandler' driver.
DEBUG - 2025-09-12 04:58:31 --> Session: Class initialized using 'CodeIgniter\Session\Handlers\FileHandler' driver.
DEBUG - 2025-09-12 04:58:42 --> Session: Class initialized using 'CodeIgniter\Session\Handlers\FileHandler' driver.
DEBUG - 2025-09-12 04:58:49 --> Session: Class initialized using 'CodeIgniter\Session\Handlers\FileHandler' driver.
DEBUG - 2025-09-12 04:58:50 --> Session: Class initialized using 'CodeIgniter\Session\Handlers\FileHandler' driver.
DEBUG - 2025-09-12 04:58:56 --> Session: Class initialized using 'CodeIgniter\Session\Handlers\FileHandler' driver.
DEBUG - 2025-09-12 04:59:51 --> Session: Class initialized using 'CodeIgniter\Session\Handlers\FileHandler' driver.
DEBUG - 2025-09-12 04:59:52 --> Session: Class initialized using 'CodeIgniter\Session\Handlers\FileHandler' driver.
DEBUG - 2025-09-12 04:59:52 --> Session: Class initialized using 'CodeIgniter\Session\Handlers\FileHandler' driver.
DEBUG - 2025-09-12 04:59:52 --> Session: Class initialized using 'CodeIgniter\Session\Handlers\FileHandler' driver.
CRITICAL - 2025-09-12 04:59:53 --> ErrorException: unlink(C:\xampp\htdocs\hms_ram\writable\debugbar/debugbar_1757653076.019335.json): No such file or directory
[Method: GET, Route: /]
in SYSTEMPATH\Debug\Toolbar\Collectors\History.php on line 82.
 1 [internal function]: CodeIgniter\Debug\Exceptions->errorHandler(2, 'unlink(C:\\xampp\\htdocs\\hms_ram\\writable\\debugbar/debugbar_1757653076.019335.json): No such file or directory', 'C:\\xampp\\htdocs\\hms_ram\\system\\Debug\\Toolbar\\Collectors\\History.php', 82)
 2 SYSTEMPATH\Debug\Toolbar\Collectors\History.php(82): unlink('C:\\xampp\\htdocs\\hms_ram\\writable\\debugbar/debugbar_1757653076.019335.json')
 3 SYSTEMPATH\Debug\Toolbar.php(517): CodeIgniter\Debug\Toolbar\Collectors\History->setFiles('1757653192.683898', 20)
 4 SYSTEMPATH\Debug\Toolbar.php(496): CodeIgniter\Debug\Toolbar->format([...], 'html')
 5 APPPATH\Config\Events.php(47): CodeIgniter\Debug\Toolbar->respond()
 6 SYSTEMPATH\Events\Events.php(155): CodeIgniter\Events\Events::Config\{closure}()
 7 SYSTEMPATH\CodeIgniter.php(339): CodeIgniter\Events\Events::trigger('pre_system')
 8 SYSTEMPATH\Boot.php(334): CodeIgniter\CodeIgniter->run()
 9 SYSTEMPATH\Boot.php(67): CodeIgniter\Boot::runCodeIgniter(Object(CodeIgniter\CodeIgniter))
10 FCPATH\index.php(46): CodeIgniter\Boot::bootWeb(Object(Config\Paths))
DEBUG - 2025-09-12 05:02:18 --> Session: Class initialized using 'CodeIgniter\Session\Handlers\FileHandler' driver.
DEBUG - 2025-09-12 05:02:19 --> Session: Class initialized using 'CodeIgniter\Session\Handlers\FileHandler' driver.
DEBUG - 2025-09-12 05:02:19 --> Session: Class initialized using 'CodeIgniter\Session\Handlers\FileHandler' driver.
CRITICAL - 2025-09-12 05:02:20 --> ErrorException: unlink(C:\xampp\htdocs\hms_ram\writable\debugbar/debugbar_1757653107.166778.json): No such file or directory
[Method: GET, Route: /]
in SYSTEMPATH\Debug\Toolbar\Collectors\History.php on line 82.
 1 [internal function]: CodeIgniter\Debug\Exceptions->errorHandler(2, 'unlink(C:\\xampp\\htdocs\\hms_ram\\writable\\debugbar/debugbar_1757653107.166778.json): No such file or directory', 'C:\\xampp\\htdocs\\hms_ram\\system\\Debug\\Toolbar\\Collectors\\History.php', 82)
 2 SYSTEMPATH\Debug\Toolbar\Collectors\History.php(82): unlink('C:\\xampp\\htdocs\\hms_ram\\writable\\debugbar/debugbar_1757653107.166778.json')
 3 SYSTEMPATH\Debug\Toolbar.php(517): CodeIgniter\Debug\Toolbar\Collectors\History->setFiles('1757653339.183441', 20)
 4 SYSTEMPATH\Debug\Toolbar.php(496): CodeIgniter\Debug\Toolbar->format([...], 'html')
 5 APPPATH\Config\Events.php(47): CodeIgniter\Debug\Toolbar->respond()
 6 SYSTEMPATH\Events\Events.php(155): CodeIgniter\Events\Events::Config\{closure}()
 7 SYSTEMPATH\CodeIgniter.php(339): CodeIgniter\Events\Events::trigger('pre_system')
 8 SYSTEMPATH\Boot.php(334): CodeIgniter\CodeIgniter->run()
 9 SYSTEMPATH\Boot.php(67): CodeIgniter\Boot::runCodeIgniter(Object(CodeIgniter\CodeIgniter))
10 FCPATH\index.php(46): CodeIgniter\Boot::bootWeb(Object(Config\Paths))
CRITICAL - 2025-09-12 05:02:20 --> ErrorException: unlink(C:\xampp\htdocs\hms_ram\writable\debugbar/debugbar_1757653107.166778.json): No such file or directory
[Method: GET, Route: /]
in SYSTEMPATH\Debug\Toolbar\Collectors\History.php on line 82.
 1 [internal function]: CodeIgniter\Debug\Exceptions->errorHandler(2, 'unlink(C:\\xampp\\htdocs\\hms_ram\\writable\\debugbar/debugbar_1757653107.166778.json): No such file or directory', 'C:\\xampp\\htdocs\\hms_ram\\system\\Debug\\Toolbar\\Collectors\\History.php', 82)
 2 SYSTEMPATH\Debug\Toolbar\Collectors\History.php(82): unlink('C:\\xampp\\htdocs\\hms_ram\\writable\\debugbar/debugbar_1757653107.166778.json')
 3 SYSTEMPATH\Debug\Toolbar.php(517): CodeIgniter\Debug\Toolbar\Collectors\History->setFiles('1757653339.014730', 20)
 4 SYSTEMPATH\Debug\Toolbar.php(496): CodeIgniter\Debug\Toolbar->format([...], 'html')
 5 APPPATH\Config\Events.php(47): CodeIgniter\Debug\Toolbar->respond()
 6 SYSTEMPATH\Events\Events.php(155): CodeIgniter\Events\Events::Config\{closure}()
 7 SYSTEMPATH\CodeIgniter.php(339): CodeIgniter\Events\Events::trigger('pre_system')
 8 SYSTEMPATH\Boot.php(334): CodeIgniter\CodeIgniter->run()
 9 SYSTEMPATH\Boot.php(67): CodeIgniter\Boot::runCodeIgniter(Object(CodeIgniter\CodeIgniter))
10 FCPATH\index.php(46): CodeIgniter\Boot::bootWeb(Object(Config\Paths))
DEBUG - 2025-09-12 05:06:00 --> Session: Class initialized using 'CodeIgniter\Session\Handlers\FileHandler' driver.
DEBUG - 2025-09-12 05:06:04 --> Session: Class initialized using 'CodeIgniter\Session\Handlers\FileHandler' driver.
DEBUG - 2025-09-12 05:06:05 --> Session: Class initialized using 'CodeIgniter\Session\Handlers\FileHandler' driver.
DEBUG - 2025-09-12 05:06:12 --> Session: Class initialized using 'CodeIgniter\Session\Handlers\FileHandler' driver.
DEBUG - 2025-09-12 05:06:13 --> Session: Class initialized using 'CodeIgniter\Session\Handlers\FileHandler' driver.
DEBUG - 2025-09-12 05:07:11 --> Session: Class initialized using 'CodeIgniter\Session\Handlers\FileHandler' driver.
DEBUG - 2025-09-12 05:07:11 --> Session: Class initialized using 'CodeIgniter\Session\Handlers\FileHandler' driver.
DEBUG - 2025-09-12 05:33:01 --> Session: Class initialized using 'CodeIgniter\Session\Handlers\FileHandler' driver.
DEBUG - 2025-09-12 05:33:01 --> Session: Class initialized using 'CodeIgniter\Session\Handlers\FileHandler' driver.
DEBUG - 2025-09-12 05:33:27 --> Session: Class initialized using 'CodeIgniter\Session\Handlers\FileHandler' driver.
DEBUG - 2025-09-12 05:33:42 --> Session: Class initialized using 'CodeIgniter\Session\Handlers\FileHandler' driver.
DEBUG - 2025-09-12 05:33:44 --> Session: Class initialized using 'CodeIgniter\Session\Handlers\FileHandler' driver.
DEBUG - 2025-09-12 05:33:48 --> Session: Class initialized using 'CodeIgniter\Session\Handlers\FileHandler' driver.
DEBUG - 2025-09-12 05:33:53 --> Session: Class initialized using 'CodeIgniter\Session\Handlers\FileHandler' driver.
DEBUG - 2025-09-12 05:34:56 --> Session: Class initialized using 'CodeIgniter\Session\Handlers\FileHandler' driver.
DEBUG - 2025-09-12 05:35:00 --> Session: Class initialized using 'CodeIgniter\Session\Handlers\FileHandler' driver.
DEBUG - 2025-09-12 05:35:02 --> Session: Class initialized using 'CodeIgniter\Session\Handlers\FileHandler' driver.
DEBUG - 2025-09-12 05:35:07 --> Session: Class initialized using 'CodeIgniter\Session\Handlers\FileHandler' driver.
DEBUG - 2025-09-12 05:35:10 --> Session: Class initialized using 'CodeIgniter\Session\Handlers\FileHandler' driver.
DEBUG - 2025-09-12 05:35:11 --> Session: Class initialized using 'CodeIgniter\Session\Handlers\FileHandler' driver.
DEBUG - 2025-09-12 05:35:21 --> Session: Class initialized using 'CodeIgniter\Session\Handlers\FileHandler' driver.
DEBUG - 2025-09-12 05:35:22 --> Session: Class initialized using 'CodeIgniter\Session\Handlers\FileHandler' driver.
DEBUG - 2025-09-12 05:36:41 --> Session: Class initialized using 'CodeIgniter\Session\Handlers\FileHandler' driver.
DEBUG - 2025-09-12 05:36:41 --> Session: Class initialized using 'CodeIgniter\Session\Handlers\FileHandler' driver.
DEBUG - 2025-09-12 05:36:52 --> Session: Class initialized using 'CodeIgniter\Session\Handlers\FileHandler' driver.
DEBUG - 2025-09-12 05:36:55 --> Session: Class initialized using 'CodeIgniter\Session\Handlers\FileHandler' driver.
DEBUG - 2025-09-12 05:38:23 --> Session: Class initialized using 'CodeIgniter\Session\Handlers\FileHandler' driver.
DEBUG - 2025-09-12 05:38:23 --> Session: Class initialized using 'CodeIgniter\Session\Handlers\FileHandler' driver.
DEBUG - 2025-09-12 05:38:23 --> Session: Class initialized using 'CodeIgniter\Session\Handlers\FileHandler' driver.
DEBUG - 2025-09-12 05:38:32 --> Session: Class initialized using 'CodeIgniter\Session\Handlers\FileHandler' driver.
DEBUG - 2025-09-12 05:38:32 --> Session: Class initialized using 'CodeIgniter\Session\Handlers\FileHandler' driver.
DEBUG - 2025-09-12 05:38:32 --> Session: Class initialized using 'CodeIgniter\Session\Handlers\FileHandler' driver.
DEBUG - 2025-09-12 05:38:43 --> Session: Class initialized using 'CodeIgniter\Session\Handlers\FileHandler' driver.
CRITICAL - 2025-09-12 05:38:43 --> ErrorException: Undefined variable $dueAmount
[Method: GET, Route: pharmacy/sales/billsByPatient/17]
in APPPATH\Views\pharmacy\sales\bills_by_patient.php on line 36.
 1 APPPATH\Views\pharmacy\sales\bills_by_patient.php(36): CodeIgniter\Debug\Exceptions->errorHandler(2, 'Undefined variable $dueAmount', 'C:\\xampp\\htdocs\\hms_ram\\app\\Views\\pharmacy\\sales\\bills_by_patient.php', 36)
 2 SYSTEMPATH\View\View.php(224): include('C:\\xampp\\htdocs\\hms_ram\\app\\Views\\pharmacy\\sales\\bills_by_patient.php')
 3 SYSTEMPATH\View\View.php(227): CodeIgniter\View\View->CodeIgniter\View\{closure}()
 4 SYSTEMPATH\Common.php(1173): CodeIgniter\View\View->render('pharmacy/sales/bills_by_patient', [], true)
 5 APPPATH\Controllers\Pharmacy\Sales.php(595): view('pharmacy/sales/bills_by_patient', [...])
 6 SYSTEMPATH\CodeIgniter.php(933): App\Controllers\Pharmacy\Sales->billsByPatient(17)
 7 SYSTEMPATH\CodeIgniter.php(507): CodeIgniter\CodeIgniter->runController(Object(App\Controllers\Pharmacy\Sales))
 8 SYSTEMPATH\CodeIgniter.php(354): CodeIgniter\CodeIgniter->handleRequest(null, Object(Config\Cache), false)
 9 SYSTEMPATH\Boot.php(334): CodeIgniter\CodeIgniter->run()
10 SYSTEMPATH\Boot.php(67): CodeIgniter\Boot::runCodeIgniter(Object(CodeIgniter\CodeIgniter))
11 FCPATH\index.php(46): CodeIgniter\Boot::bootWeb(Object(Config\Paths))
DEBUG - 2025-09-12 05:38:43 --> Session: Class initialized using 'CodeIgniter\Session\Handlers\FileHandler' driver.
DEBUG - 2025-09-12 05:38:43 --> Session: Class initialized using 'CodeIgniter\Session\Handlers\FileHandler' driver.
DEBUG - 2025-09-12 05:38:49 --> Session: Class initialized using 'CodeIgniter\Session\Handlers\FileHandler' driver.
DEBUG - 2025-09-12 05:38:49 --> Session: Class initialized using 'CodeIgniter\Session\Handlers\FileHandler' driver.
DEBUG - 2025-09-12 05:39:39 --> Session: Class initialized using 'CodeIgniter\Session\Handlers\FileHandler' driver.
DEBUG - 2025-09-12 05:39:39 --> Session: Class initialized using 'CodeIgniter\Session\Handlers\FileHandler' driver.
CRITICAL - 2025-09-12 05:39:40 --> ErrorException: unlink(C:\xampp\htdocs\hms_ram\writable\debugbar/debugbar_1757655503.205059.json): No such file or directory
[Method: GET, Route: /]
in SYSTEMPATH\Debug\Toolbar\Collectors\History.php on line 82.
 1 [internal function]: CodeIgniter\Debug\Exceptions->errorHandler(2, 'unlink(C:\\xampp\\htdocs\\hms_ram\\writable\\debugbar/debugbar_1757655503.205059.json): No such file or directory', 'C:\\xampp\\htdocs\\hms_ram\\system\\Debug\\Toolbar\\Collectors\\History.php', 82)
 2 SYSTEMPATH\Debug\Toolbar\Collectors\History.php(82): unlink('C:\\xampp\\htdocs\\hms_ram\\writable\\debugbar/debugbar_1757655503.205059.json')
 3 SYSTEMPATH\Debug\Toolbar.php(517): CodeIgniter\Debug\Toolbar\Collectors\History->setFiles('1757655579.769494', 20)
 4 SYSTEMPATH\Debug\Toolbar.php(496): CodeIgniter\Debug\Toolbar->format([...], 'html')
 5 APPPATH\Config\Events.php(47): CodeIgniter\Debug\Toolbar->respond()
 6 SYSTEMPATH\Events\Events.php(155): CodeIgniter\Events\Events::Config\{closure}()
 7 SYSTEMPATH\CodeIgniter.php(339): CodeIgniter\Events\Events::trigger('pre_system')
 8 SYSTEMPATH\Boot.php(334): CodeIgniter\CodeIgniter->run()
 9 SYSTEMPATH\Boot.php(67): CodeIgniter\Boot::runCodeIgniter(Object(CodeIgniter\CodeIgniter))
10 FCPATH\index.php(46): CodeIgniter\Boot::bootWeb(Object(Config\Paths))
DEBUG - 2025-09-12 05:39:47 --> Session: Class initialized using 'CodeIgniter\Session\Handlers\FileHandler' driver.
DEBUG - 2025-09-12 05:39:54 --> Session: Class initialized using 'CodeIgniter\Session\Handlers\FileHandler' driver.
DEBUG - 2025-09-12 05:40:15 --> Session: Class initialized using 'CodeIgniter\Session\Handlers\FileHandler' driver.
DEBUG - 2025-09-12 05:40:16 --> Session: Class initialized using 'CodeIgniter\Session\Handlers\FileHandler' driver.
DEBUG - 2025-09-12 05:40:18 --> Session: Class initialized using 'CodeIgniter\Session\Handlers\FileHandler' driver.
DEBUG - 2025-09-12 05:40:23 --> Session: Class initialized using 'CodeIgniter\Session\Handlers\FileHandler' driver.
DEBUG - 2025-09-12 05:40:26 --> Session: Class initialized using 'CodeIgniter\Session\Handlers\FileHandler' driver.
DEBUG - 2025-09-12 05:44:04 --> Session: Class initialized using 'CodeIgniter\Session\Handlers\FileHandler' driver.
DEBUG - 2025-09-12 05:44:04 --> Session: Class initialized using 'CodeIgniter\Session\Handlers\FileHandler' driver.
CRITICAL - 2025-09-12 05:44:04 --> ErrorException: Undefined array key "grandTotal"
[Method: GET, Route: pharmacy/sales/billsByPatient/17]
in APPPATH\Views\pharmacy\sales\bills_by_patient.php on line 39.
 1 APPPATH\Views\pharmacy\sales\bills_by_patient.php(39): CodeIgniter\Debug\Exceptions->errorHandler(2, 'Undefined array key "grandTotal"', 'C:\\xampp\\htdocs\\hms_ram\\app\\Views\\pharmacy\\sales\\bills_by_patient.php', 39)
 2 SYSTEMPATH\View\View.php(224): include('C:\\xampp\\htdocs\\hms_ram\\app\\Views\\pharmacy\\sales\\bills_by_patient.php')
 3 SYSTEMPATH\View\View.php(227): CodeIgniter\View\View->CodeIgniter\View\{closure}()
 4 SYSTEMPATH\Common.php(1173): CodeIgniter\View\View->render('pharmacy/sales/bills_by_patient', [], true)
 5 APPPATH\Controllers\Pharmacy\Sales.php(595): view('pharmacy/sales/bills_by_patient', [...])
 6 SYSTEMPATH\CodeIgniter.php(933): App\Controllers\Pharmacy\Sales->billsByPatient(17)
 7 SYSTEMPATH\CodeIgniter.php(507): CodeIgniter\CodeIgniter->runController(Object(App\Controllers\Pharmacy\Sales))
 8 SYSTEMPATH\CodeIgniter.php(354): CodeIgniter\CodeIgniter->handleRequest(null, Object(Config\Cache), false)
 9 SYSTEMPATH\Boot.php(334): CodeIgniter\CodeIgniter->run()
10 SYSTEMPATH\Boot.php(67): CodeIgniter\Boot::runCodeIgniter(Object(CodeIgniter\CodeIgniter))
11 FCPATH\index.php(46): CodeIgniter\Boot::bootWeb(Object(Config\Paths))
DEBUG - 2025-09-12 05:44:08 --> Session: Class initialized using 'CodeIgniter\Session\Handlers\FileHandler' driver.
DEBUG - 2025-09-12 05:44:10 --> Session: Class initialized using 'CodeIgniter\Session\Handlers\FileHandler' driver.
DEBUG - 2025-09-12 06:03:35 --> Session: Class initialized using 'CodeIgniter\Session\Handlers\FileHandler' driver.
DEBUG - 2025-09-12 06:03:35 --> Session: Class initialized using 'CodeIgniter\Session\Handlers\FileHandler' driver.
CRITICAL - 2025-09-12 06:03:38 --> ErrorException: unlink(C:\xampp\htdocs\hms_ram\writable\debugbar/debugbar_1757655579.637021.json): No such file or directory
[Method: GET, Route: /]
in SYSTEMPATH\Debug\Toolbar\Collectors\History.php on line 82.
 1 [internal function]: CodeIgniter\Debug\Exceptions->errorHandler(2, 'unlink(C:\\xampp\\htdocs\\hms_ram\\writable\\debugbar/debugbar_1757655579.637021.json): No such file or directory', 'C:\\xampp\\htdocs\\hms_ram\\system\\Debug\\Toolbar\\Collectors\\History.php', 82)
 2 SYSTEMPATH\Debug\Toolbar\Collectors\History.php(82): unlink('C:\\xampp\\htdocs\\hms_ram\\writable\\debugbar/debugbar_1757655579.637021.json')
 3 SYSTEMPATH\Debug\Toolbar.php(517): CodeIgniter\Debug\Toolbar\Collectors\History->setFiles('1757657015.895489', 20)
 4 SYSTEMPATH\Debug\Toolbar.php(496): CodeIgniter\Debug\Toolbar->format([...], 'html')
 5 APPPATH\Config\Events.php(47): CodeIgniter\Debug\Toolbar->respond()
 6 SYSTEMPATH\Events\Events.php(155): CodeIgniter\Events\Events::Config\{closure}()
 7 SYSTEMPATH\CodeIgniter.php(339): CodeIgniter\Events\Events::trigger('pre_system')
 8 SYSTEMPATH\Boot.php(334): CodeIgniter\CodeIgniter->run()
 9 SYSTEMPATH\Boot.php(67): CodeIgniter\Boot::runCodeIgniter(Object(CodeIgniter\CodeIgniter))
10 FCPATH\index.php(46): CodeIgniter\Boot::bootWeb(Object(Config\Paths))
DEBUG - 2025-09-12 06:03:39 --> Session: Class initialized using 'CodeIgniter\Session\Handlers\FileHandler' driver.
DEBUG - 2025-09-12 06:03:44 --> Session: Class initialized using 'CodeIgniter\Session\Handlers\FileHandler' driver.
DEBUG - 2025-09-12 06:03:47 --> Session: Class initialized using 'CodeIgniter\Session\Handlers\FileHandler' driver.
DEBUG - 2025-09-12 06:04:17 --> Session: Class initialized using 'CodeIgniter\Session\Handlers\FileHandler' driver.
DEBUG - 2025-09-12 06:04:30 --> Session: Class initialized using 'CodeIgniter\Session\Handlers\FileHandler' driver.
DEBUG - 2025-09-12 06:04:32 --> Session: Class initialized using 'CodeIgniter\Session\Handlers\FileHandler' driver.
DEBUG - 2025-09-12 06:04:37 --> Session: Class initialized using 'CodeIgniter\Session\Handlers\FileHandler' driver.
DEBUG - 2025-09-12 06:04:40 --> Session: Class initialized using 'CodeIgniter\Session\Handlers\FileHandler' driver.
DEBUG - 2025-09-12 06:05:03 --> Session: Class initialized using 'CodeIgniter\Session\Handlers\FileHandler' driver.
DEBUG - 2025-09-12 06:05:05 --> Session: Class initialized using 'CodeIgniter\Session\Handlers\FileHandler' driver.
DEBUG - 2025-09-12 06:05:06 --> Session: Class initialized using 'CodeIgniter\Session\Handlers\FileHandler' driver.
DEBUG - 2025-09-12 06:05:10 --> Session: Class initialized using 'CodeIgniter\Session\Handlers\FileHandler' driver.
DEBUG - 2025-09-12 06:05:15 --> Session: Class initialized using 'CodeIgniter\Session\Handlers\FileHandler' driver.
DEBUG - 2025-09-12 06:05:19 --> Session: Class initialized using 'CodeIgniter\Session\Handlers\FileHandler' driver.
DEBUG - 2025-09-12 06:05:22 --> Session: Class initialized using 'CodeIgniter\Session\Handlers\FileHandler' driver.
DEBUG - 2025-09-12 06:05:23 --> Session: Class initialized using 'CodeIgniter\Session\Handlers\FileHandler' driver.
DEBUG - 2025-09-12 06:05:30 --> Session: Class initialized using 'CodeIgniter\Session\Handlers\FileHandler' driver.
DEBUG - 2025-09-12 06:05:31 --> Session: Class initialized using 'CodeIgniter\Session\Handlers\FileHandler' driver.
DEBUG - 2025-09-12 06:05:43 --> Session: Class initialized using 'CodeIgniter\Session\Handlers\FileHandler' driver.
DEBUG - 2025-09-12 06:05:43 --> Session: Class initialized using 'CodeIgniter\Session\Handlers\FileHandler' driver.
DEBUG - 2025-09-12 06:05:48 --> Session: Class initialized using 'CodeIgniter\Session\Handlers\FileHandler' driver.
DEBUG - 2025-09-12 06:05:53 --> Session: Class initialized using 'CodeIgniter\Session\Handlers\FileHandler' driver.
DEBUG - 2025-09-12 06:05:54 --> Session: Class initialized using 'CodeIgniter\Session\Handlers\FileHandler' driver.
DEBUG - 2025-09-12 06:06:10 --> Session: Class initialized using 'CodeIgniter\Session\Handlers\FileHandler' driver.
DEBUG - 2025-09-12 06:06:20 --> Session: Class initialized using 'CodeIgniter\Session\Handlers\FileHandler' driver.
DEBUG - 2025-09-12 06:06:23 --> Session: Class initialized using 'CodeIgniter\Session\Handlers\FileHandler' driver.
DEBUG - 2025-09-12 06:06:26 --> Session: Class initialized using 'CodeIgniter\Session\Handlers\FileHandler' driver.
DEBUG - 2025-09-12 06:06:28 --> Session: Class initialized using 'CodeIgniter\Session\Handlers\FileHandler' driver.
DEBUG - 2025-09-12 06:06:32 --> Session: Class initialized using 'CodeIgniter\Session\Handlers\FileHandler' driver.
DEBUG - 2025-09-12 06:06:35 --> Session: Class initialized using 'CodeIgniter\Session\Handlers\FileHandler' driver.
DEBUG - 2025-09-12 06:06:47 --> Session: Class initialized using 'CodeIgniter\Session\Handlers\FileHandler' driver.
DEBUG - 2025-09-12 06:06:47 --> Session: Class initialized using 'CodeIgniter\Session\Handlers\FileHandler' driver.
DEBUG - 2025-09-12 06:07:08 --> Session: Class initialized using 'CodeIgniter\Session\Handlers\FileHandler' driver.
DEBUG - 2025-09-12 06:07:14 --> Session: Class initialized using 'CodeIgniter\Session\Handlers\FileHandler' driver.
DEBUG - 2025-09-12 06:07:21 --> Session: Class initialized using 'CodeIgniter\Session\Handlers\FileHandler' driver.
DEBUG - 2025-09-12 06:07:40 --> Session: Class initialized using 'CodeIgniter\Session\Handlers\FileHandler' driver.
DEBUG - 2025-09-12 06:07:43 --> Session: Class initialized using 'CodeIgniter\Session\Handlers\FileHandler' driver.
DEBUG - 2025-09-12 06:07:53 --> Session: Class initialized using 'CodeIgniter\Session\Handlers\FileHandler' driver.
DEBUG - 2025-09-12 06:07:57 --> Session: Class initialized using 'CodeIgniter\Session\Handlers\FileHandler' driver.
DEBUG - 2025-09-12 06:08:00 --> Session: Class initialized using 'CodeIgniter\Session\Handlers\FileHandler' driver.
DEBUG - 2025-09-12 06:08:02 --> Session: Class initialized using 'CodeIgniter\Session\Handlers\FileHandler' driver.
DEBUG - 2025-09-12 06:08:04 --> Session: Class initialized using 'CodeIgniter\Session\Handlers\FileHandler' driver.
DEBUG - 2025-09-12 06:08:05 --> Session: Class initialized using 'CodeIgniter\Session\Handlers\FileHandler' driver.
DEBUG - 2025-09-12 06:08:07 --> Session: Class initialized using 'CodeIgniter\Session\Handlers\FileHandler' driver.
DEBUG - 2025-09-12 06:08:16 --> Session: Class initialized using 'CodeIgniter\Session\Handlers\FileHandler' driver.
DEBUG - 2025-09-12 06:08:21 --> Session: Class initialized using 'CodeIgniter\Session\Handlers\FileHandler' driver.
DEBUG - 2025-09-12 06:08:21 --> Session: Class initialized using 'CodeIgniter\Session\Handlers\FileHandler' driver.
DEBUG - 2025-09-12 06:09:01 --> Session: Class initialized using 'CodeIgniter\Session\Handlers\FileHandler' driver.
DEBUG - 2025-09-12 06:09:02 --> Session: Class initialized using 'CodeIgniter\Session\Handlers\FileHandler' driver.
DEBUG - 2025-09-12 06:09:06 --> Session: Class initialized using 'CodeIgniter\Session\Handlers\FileHandler' driver.
DEBUG - 2025-09-12 06:09:12 --> Session: Class initialized using 'CodeIgniter\Session\Handlers\FileHandler' driver.
DEBUG - 2025-09-12 06:09:12 --> Session: Class initialized using 'CodeIgniter\Session\Handlers\FileHandler' driver.
DEBUG - 2025-09-12 06:09:38 --> Session: Class initialized using 'CodeIgniter\Session\Handlers\FileHandler' driver.
DEBUG - 2025-09-12 06:09:39 --> Session: Class initialized using 'CodeIgniter\Session\Handlers\FileHandler' driver.
DEBUG - 2025-09-12 06:09:39 --> Session: Class initialized using 'CodeIgniter\Session\Handlers\FileHandler' driver.
DEBUG - 2025-09-12 06:09:39 --> Session: Class initialized using 'CodeIgniter\Session\Handlers\FileHandler' driver.
DEBUG - 2025-09-12 06:10:25 --> Session: Class initialized using 'CodeIgniter\Session\Handlers\FileHandler' driver.
DEBUG - 2025-09-12 06:10:25 --> Session: Class initialized using 'CodeIgniter\Session\Handlers\FileHandler' driver.
DEBUG - 2025-09-12 06:10:26 --> Session: Class initialized using 'CodeIgniter\Session\Handlers\FileHandler' driver.
DEBUG - 2025-09-12 06:10:26 --> Session: Class initialized using 'CodeIgniter\Session\Handlers\FileHandler' driver.
DEBUG - 2025-09-12 06:10:41 --> Session: Class initialized using 'CodeIgniter\Session\Handlers\FileHandler' driver.
DEBUG - 2025-09-12 06:10:41 --> Session: Class initialized using 'CodeIgniter\Session\Handlers\FileHandler' driver.
DEBUG - 2025-09-12 06:10:41 --> Session: Class initialized using 'CodeIgniter\Session\Handlers\FileHandler' driver.
DEBUG - 2025-09-12 06:10:41 --> Session: Class initialized using 'CodeIgniter\Session\Handlers\FileHandler' driver.
DEBUG - 2025-09-12 06:10:44 --> Session: Class initialized using 'CodeIgniter\Session\Handlers\FileHandler' driver.
DEBUG - 2025-09-12 06:10:44 --> Session: Class initialized using 'CodeIgniter\Session\Handlers\FileHandler' driver.
DEBUG - 2025-09-12 06:10:44 --> Session: Class initialized using 'CodeIgniter\Session\Handlers\FileHandler' driver.
DEBUG - 2025-09-12 06:10:44 --> Session: Class initialized using 'CodeIgniter\Session\Handlers\FileHandler' driver.
DEBUG - 2025-09-12 06:11:33 --> Session: Class initialized using 'CodeIgniter\Session\Handlers\FileHandler' driver.
DEBUG - 2025-09-12 06:11:40 --> Session: Class initialized using 'CodeIgniter\Session\Handlers\FileHandler' driver.
DEBUG - 2025-09-12 06:11:41 --> Session: Class initialized using 'CodeIgniter\Session\Handlers\FileHandler' driver.
DEBUG - 2025-09-12 06:11:51 --> Session: Class initialized using 'CodeIgniter\Session\Handlers\FileHandler' driver.
DEBUG - 2025-09-12 06:11:56 --> Session: Class initialized using 'CodeIgniter\Session\Handlers\FileHandler' driver.
DEBUG - 2025-09-12 06:11:58 --> Session: Class initialized using 'CodeIgniter\Session\Handlers\FileHandler' driver.
DEBUG - 2025-09-12 06:12:23 --> Session: Class initialized using 'CodeIgniter\Session\Handlers\FileHandler' driver.
DEBUG - 2025-09-12 06:12:24 --> Session: Class initialized using 'CodeIgniter\Session\Handlers\FileHandler' driver.
DEBUG - 2025-09-12 06:12:25 --> Session: Class initialized using 'CodeIgniter\Session\Handlers\FileHandler' driver.
DEBUG - 2025-09-12 06:12:29 --> Session: Class initialized using 'CodeIgniter\Session\Handlers\FileHandler' driver.
DEBUG - 2025-09-12 06:12:29 --> Session: Class initialized using 'CodeIgniter\Session\Handlers\FileHandler' driver.
DEBUG - 2025-09-12 06:12:45 --> Session: Class initialized using 'CodeIgniter\Session\Handlers\FileHandler' driver.
DEBUG - 2025-09-12 06:12:49 --> Session: Class initialized using 'CodeIgniter\Session\Handlers\FileHandler' driver.
DEBUG - 2025-09-12 06:13:20 --> Session: Class initialized using 'CodeIgniter\Session\Handlers\FileHandler' driver.
DEBUG - 2025-09-12 06:13:29 --> Session: Class initialized using 'CodeIgniter\Session\Handlers\FileHandler' driver.
DEBUG - 2025-09-12 06:13:40 --> Session: Class initialized using 'CodeIgniter\Session\Handlers\FileHandler' driver.
DEBUG - 2025-09-12 06:13:40 --> Session: Class initialized using 'CodeIgniter\Session\Handlers\FileHandler' driver.
DEBUG - 2025-09-12 06:14:07 --> Session: Class initialized using 'CodeIgniter\Session\Handlers\FileHandler' driver.
DEBUG - 2025-09-12 06:14:24 --> Session: Class initialized using 'CodeIgniter\Session\Handlers\FileHandler' driver.
DEBUG - 2025-09-12 06:14:24 --> Session: Class initialized using 'CodeIgniter\Session\Handlers\FileHandler' driver.
DEBUG - 2025-09-12 06:14:24 --> Session: Class initialized using 'CodeIgniter\Session\Handlers\FileHandler' driver.
DEBUG - 2025-09-12 06:14:24 --> Session: Class initialized using 'CodeIgniter\Session\Handlers\FileHandler' driver.
DEBUG - 2025-09-12 06:14:52 --> Session: Class initialized using 'CodeIgniter\Session\Handlers\FileHandler' driver.
DEBUG - 2025-09-12 06:14:57 --> Session: Class initialized using 'CodeIgniter\Session\Handlers\FileHandler' driver.
DEBUG - 2025-09-12 06:15:00 --> Session: Class initialized using 'CodeIgniter\Session\Handlers\FileHandler' driver.
DEBUG - 2025-09-12 06:15:14 --> Session: Class initialized using 'CodeIgniter\Session\Handlers\FileHandler' driver.
DEBUG - 2025-09-12 06:15:19 --> Session: Class initialized using 'CodeIgniter\Session\Handlers\FileHandler' driver.
DEBUG - 2025-09-12 06:15:22 --> Session: Class initialized using 'CodeIgniter\Session\Handlers\FileHandler' driver.
DEBUG - 2025-09-12 06:15:41 --> Session: Class initialized using 'CodeIgniter\Session\Handlers\FileHandler' driver.
DEBUG - 2025-09-12 06:15:52 --> Session: Class initialized using 'CodeIgniter\Session\Handlers\FileHandler' driver.
DEBUG - 2025-09-12 06:15:57 --> Session: Class initialized using 'CodeIgniter\Session\Handlers\FileHandler' driver.
DEBUG - 2025-09-12 06:16:48 --> Session: Class initialized using 'CodeIgniter\Session\Handlers\FileHandler' driver.
DEBUG - 2025-09-12 06:17:35 --> Session: Class initialized using 'CodeIgniter\Session\Handlers\FileHandler' driver.
DEBUG - 2025-09-12 06:17:43 --> Session: Class initialized using 'CodeIgniter\Session\Handlers\FileHandler' driver.
DEBUG - 2025-09-12 06:17:44 --> Session: Class initialized using 'CodeIgniter\Session\Handlers\FileHandler' driver.
DEBUG - 2025-09-12 06:18:20 --> Session: Class initialized using 'CodeIgniter\Session\Handlers\FileHandler' driver.
DEBUG - 2025-09-12 06:18:27 --> Session: Class initialized using 'CodeIgniter\Session\Handlers\FileHandler' driver.
DEBUG - 2025-09-12 06:18:31 --> Session: Class initialized using 'CodeIgniter\Session\Handlers\FileHandler' driver.
DEBUG - 2025-09-12 06:18:46 --> Session: Class initialized using 'CodeIgniter\Session\Handlers\FileHandler' driver.
DEBUG - 2025-09-12 06:18:52 --> Session: Class initialized using 'CodeIgniter\Session\Handlers\FileHandler' driver.
DEBUG - 2025-09-12 06:18:53 --> Session: Class initialized using 'CodeIgniter\Session\Handlers\FileHandler' driver.
DEBUG - 2025-09-12 06:18:55 --> Session: Class initialized using 'CodeIgniter\Session\Handlers\FileHandler' driver.
DEBUG - 2025-09-12 06:19:52 --> Session: Class initialized using 'CodeIgniter\Session\Handlers\FileHandler' driver.
DEBUG - 2025-09-12 06:27:04 --> Session: Class initialized using 'CodeIgniter\Session\Handlers\FileHandler' driver.
DEBUG - 2025-09-12 06:27:06 --> Session: Class initialized using 'CodeIgniter\Session\Handlers\FileHandler' driver.
DEBUG - 2025-09-12 06:27:08 --> Session: Class initialized using 'CodeIgniter\Session\Handlers\FileHandler' driver.
DEBUG - 2025-09-12 06:27:09 --> Session: Class initialized using 'CodeIgniter\Session\Handlers\FileHandler' driver.
DEBUG - 2025-09-12 06:27:17 --> Session: Class initialized using 'CodeIgniter\Session\Handlers\FileHandler' driver.
DEBUG - 2025-09-12 06:29:29 --> Session: Class initialized using 'CodeIgniter\Session\Handlers\FileHandler' driver.
DEBUG - 2025-09-12 06:29:29 --> Session: Class initialized using 'CodeIgniter\Session\Handlers\FileHandler' driver.
DEBUG - 2025-09-12 06:29:29 --> Session: Class initialized using 'CodeIgniter\Session\Handlers\FileHandler' driver.
DEBUG - 2025-09-12 06:29:30 --> Session: Class initialized using 'CodeIgniter\Session\Handlers\FileHandler' driver.
DEBUG - 2025-09-12 06:29:33 --> Session: Class initialized using 'CodeIgniter\Session\Handlers\FileHandler' driver.
DEBUG - 2025-09-12 06:29:43 --> Session: Class initialized using 'CodeIgniter\Session\Handlers\FileHandler' driver.
DEBUG - 2025-09-12 06:29:44 --> Session: Class initialized using 'CodeIgniter\Session\Handlers\FileHandler' driver.
DEBUG - 2025-09-12 06:30:00 --> Session: Class initialized using 'CodeIgniter\Session\Handlers\FileHandler' driver.
DEBUG - 2025-09-12 06:30:05 --> Session: Class initialized using 'CodeIgniter\Session\Handlers\FileHandler' driver.
DEBUG - 2025-09-12 06:52:23 --> Session: Class initialized using 'CodeIgniter\Session\Handlers\FileHandler' driver.
DEBUG - 2025-09-12 06:52:28 --> Session: Class initialized using 'CodeIgniter\Session\Handlers\FileHandler' driver.
DEBUG - 2025-09-12 07:01:00 --> Session: Class initialized using 'CodeIgniter\Session\Handlers\FileHandler' driver.
DEBUG - 2025-09-12 07:01:00 --> Session: Class initialized using 'CodeIgniter\Session\Handlers\FileHandler' driver.
DEBUG - 2025-09-12 07:01:00 --> Session: Class initialized using 'CodeIgniter\Session\Handlers\FileHandler' driver.
DEBUG - 2025-09-12 07:01:00 --> Session: Class initialized using 'CodeIgniter\Session\Handlers\FileHandler' driver.
DEBUG - 2025-09-12 07:01:04 --> Session: Class initialized using 'CodeIgniter\Session\Handlers\FileHandler' driver.
DEBUG - 2025-09-12 07:01:10 --> Session: Class initialized using 'CodeIgniter\Session\Handlers\FileHandler' driver.
DEBUG - 2025-09-12 07:03:19 --> Session: Class initialized using 'CodeIgniter\Session\Handlers\FileHandler' driver.
DEBUG - 2025-09-12 07:03:19 --> Session: Class initialized using 'CodeIgniter\Session\Handlers\FileHandler' driver.
DEBUG - 2025-09-12 07:03:19 --> Session: Class initialized using 'CodeIgniter\Session\Handlers\FileHandler' driver.
DEBUG - 2025-09-12 07:03:20 --> Session: Class initialized using 'CodeIgniter\Session\Handlers\FileHandler' driver.
DEBUG - 2025-09-12 07:03:30 --> Session: Class initialized using 'CodeIgniter\Session\Handlers\FileHandler' driver.
DEBUG - 2025-09-12 07:03:33 --> Session: Class initialized using 'CodeIgniter\Session\Handlers\FileHandler' driver.
DEBUG - 2025-09-12 07:04:02 --> Session: Class initialized using 'CodeIgniter\Session\Handlers\FileHandler' driver.
DEBUG - 2025-09-12 07:04:10 --> Session: Class initialized using 'CodeIgniter\Session\Handlers\FileHandler' driver.
DEBUG - 2025-09-12 07:04:42 --> Session: Class initialized using 'CodeIgniter\Session\Handlers\FileHandler' driver.
DEBUG - 2025-09-12 07:04:43 --> Session: Class initialized using 'CodeIgniter\Session\Handlers\FileHandler' driver.
DEBUG - 2025-09-12 07:04:43 --> Session: Class initialized using 'CodeIgniter\Session\Handlers\FileHandler' driver.
DEBUG - 2025-09-12 07:04:43 --> Session: Class initialized using 'CodeIgniter\Session\Handlers\FileHandler' driver.
DEBUG - 2025-09-12 07:21:44 --> Session: Class initialized using 'CodeIgniter\Session\Handlers\FileHandler' driver.
DEBUG - 2025-09-12 07:21:50 --> Session: Class initialized using 'CodeIgniter\Session\Handlers\FileHandler' driver.
DEBUG - 2025-09-12 07:21:53 --> Session: Class initialized using 'CodeIgniter\Session\Handlers\FileHandler' driver.
DEBUG - 2025-09-12 07:33:17 --> Session: Class initialized using 'CodeIgniter\Session\Handlers\FileHandler' driver.
DEBUG - 2025-09-12 07:37:15 --> Session: Class initialized using 'CodeIgniter\Session\Handlers\FileHandler' driver.
DEBUG - 2025-09-12 07:39:20 --> Session: Class initialized using 'CodeIgniter\Session\Handlers\FileHandler' driver.
DEBUG - 2025-09-12 07:40:00 --> Session: Class initialized using 'CodeIgniter\Session\Handlers\FileHandler' driver.
DEBUG - 2025-09-12 07:40:00 --> Session: Class initialized using 'CodeIgniter\Session\Handlers\FileHandler' driver.
DEBUG - 2025-09-12 07:40:00 --> Session: Class initialized using 'CodeIgniter\Session\Handlers\FileHandler' driver.
DEBUG - 2025-09-12 07:40:00 --> Session: Class initialized using 'CodeIgniter\Session\Handlers\FileHandler' driver.
DEBUG - 2025-09-12 07:40:11 --> Session: Class initialized using 'CodeIgniter\Session\Handlers\FileHandler' driver.
DEBUG - 2025-09-12 07:40:27 --> Session: Class initialized using 'CodeIgniter\Session\Handlers\FileHandler' driver.
DEBUG - 2025-09-12 07:40:29 --> Session: Class initialized using 'CodeIgniter\Session\Handlers\FileHandler' driver.
DEBUG - 2025-09-12 07:40:33 --> Session: Class initialized using 'CodeIgniter\Session\Handlers\FileHandler' driver.
DEBUG - 2025-09-12 07:41:03 --> Session: Class initialized using 'CodeIgniter\Session\Handlers\FileHandler' driver.
DEBUG - 2025-09-12 07:41:05 --> Session: Class initialized using 'CodeIgniter\Session\Handlers\FileHandler' driver.
DEBUG - 2025-09-12 07:41:08 --> Session: Class initialized using 'CodeIgniter\Session\Handlers\FileHandler' driver.
DEBUG - 2025-09-12 07:41:13 --> Session: Class initialized using 'CodeIgniter\Session\Handlers\FileHandler' driver.
DEBUG - 2025-09-12 07:41:19 --> Session: Class initialized using 'CodeIgniter\Session\Handlers\FileHandler' driver.
DEBUG - 2025-09-12 07:41:36 --> Session: Class initialized using 'CodeIgniter\Session\Handlers\FileHandler' driver.
DEBUG - 2025-09-12 07:52:43 --> Session: Class initialized using 'CodeIgniter\Session\Handlers\FileHandler' driver.
DEBUG - 2025-09-12 07:55:57 --> Session: Class initialized using 'CodeIgniter\Session\Handlers\FileHandler' driver.
DEBUG - 2025-09-12 07:56:00 --> Session: Class initialized using 'CodeIgniter\Session\Handlers\FileHandler' driver.
DEBUG - 2025-09-12 07:57:00 --> Session: Class initialized using 'CodeIgniter\Session\Handlers\FileHandler' driver.
DEBUG - 2025-09-12 08:02:55 --> Session: Class initialized using 'CodeIgniter\Session\Handlers\FileHandler' driver.
DEBUG - 2025-09-12 08:02:55 --> Session: Class initialized using 'CodeIgniter\Session\Handlers\FileHandler' driver.
DEBUG - 2025-09-12 08:02:55 --> Session: Class initialized using 'CodeIgniter\Session\Handlers\FileHandler' driver.
DEBUG - 2025-09-12 08:02:56 --> Session: Class initialized using 'CodeIgniter\Session\Handlers\FileHandler' driver.
DEBUG - 2025-09-12 08:02:56 --> Session: Class initialized using 'CodeIgniter\Session\Handlers\FileHandler' driver.
DEBUG - 2025-09-12 08:03:11 --> Session: Class initialized using 'CodeIgniter\Session\Handlers\FileHandler' driver.
DEBUG - 2025-09-12 08:03:13 --> Session: Class initialized using 'CodeIgniter\Session\Handlers\FileHandler' driver.
DEBUG - 2025-09-12 09:08:01 --> Session: Class initialized using 'CodeIgniter\Session\Handlers\FileHandler' driver.
DEBUG - 2025-09-12 09:08:01 --> Session: Class initialized using 'CodeIgniter\Session\Handlers\FileHandler' driver.
DEBUG - 2025-09-12 09:08:01 --> Session: Class initialized using 'CodeIgniter\Session\Handlers\FileHandler' driver.
DEBUG - 2025-09-12 09:08:01 --> Session: Class initialized using 'CodeIgniter\Session\Handlers\FileHandler' driver.
DEBUG - 2025-09-12 09:08:01 --> Session: Class initialized using 'CodeIgniter\Session\Handlers\FileHandler' driver.
DEBUG - 2025-09-12 09:08:21 --> Session: Class initialized using 'CodeIgniter\Session\Handlers\FileHandler' driver.
DEBUG - 2025-09-12 09:08:25 --> Session: Class initialized using 'CodeIgniter\Session\Handlers\FileHandler' driver.
DEBUG - 2025-09-12 10:03:43 --> Session: Class initialized using 'CodeIgniter\Session\Handlers\FileHandler' driver.
DEBUG - 2025-09-12 10:03:43 --> Session: Class initialized using 'CodeIgniter\Session\Handlers\FileHandler' driver.
DEBUG - 2025-09-12 10:03:43 --> Session: Class initialized using 'CodeIgniter\Session\Handlers\FileHandler' driver.
DEBUG - 2025-09-12 10:03:43 --> Session: Class initialized using 'CodeIgniter\Session\Handlers\FileHandler' driver.
DEBUG - 2025-09-12 10:03:44 --> Session: Class initialized using 'CodeIgniter\Session\Handlers\FileHandler' driver.
CRITICAL - 2025-09-12 10:03:45 --> ErrorException: unlink(C:\xampp\htdocs\hms_ram\writable\debugbar/debugbar_1757668081.048055.json): No such file or directory
[Method: GET, Route: /]
in SYSTEMPATH\Debug\Toolbar\Collectors\History.php on line 82.
 1 [internal function]: CodeIgniter\Debug\Exceptions->errorHandler(2, 'unlink(C:\\xampp\\htdocs\\hms_ram\\writable\\debugbar/debugbar_1757668081.048055.json): No such file or directory', 'C:\\xampp\\htdocs\\hms_ram\\system\\Debug\\Toolbar\\Collectors\\History.php', 82)
 2 SYSTEMPATH\Debug\Toolbar\Collectors\History.php(82): unlink('C:\\xampp\\htdocs\\hms_ram\\writable\\debugbar/debugbar_1757668081.048055.json')
 3 SYSTEMPATH\Debug\Toolbar.php(517): CodeIgniter\Debug\Toolbar\Collectors\History->setFiles('1757671423.722971', 20)
 4 SYSTEMPATH\Debug\Toolbar.php(496): CodeIgniter\Debug\Toolbar->format([...], 'html')
 5 APPPATH\Config\Events.php(47): CodeIgniter\Debug\Toolbar->respond()
 6 SYSTEMPATH\Events\Events.php(155): CodeIgniter\Events\Events::Config\{closure}()
 7 SYSTEMPATH\CodeIgniter.php(339): CodeIgniter\Events\Events::trigger('pre_system')
 8 SYSTEMPATH\Boot.php(334): CodeIgniter\CodeIgniter->run()
 9 SYSTEMPATH\Boot.php(67): CodeIgniter\Boot::runCodeIgniter(Object(CodeIgniter\CodeIgniter))
10 FCPATH\index.php(46): CodeIgniter\Boot::bootWeb(Object(Config\Paths))
CRITICAL - 2025-09-12 10:03:45 --> ErrorException: unlink(C:\xampp\htdocs\hms_ram\writable\debugbar/debugbar_1757668081.048055.json): No such file or directory
[Method: GET, Route: /]
in SYSTEMPATH\Debug\Toolbar\Collectors\History.php on line 82.
 1 [internal function]: CodeIgniter\Debug\Exceptions->errorHandler(2, 'unlink(C:\\xampp\\htdocs\\hms_ram\\writable\\debugbar/debugbar_1757668081.048055.json): No such file or directory', 'C:\\xampp\\htdocs\\hms_ram\\system\\Debug\\Toolbar\\Collectors\\History.php', 82)
 2 SYSTEMPATH\Debug\Toolbar\Collectors\History.php(82): unlink('C:\\xampp\\htdocs\\hms_ram\\writable\\debugbar/debugbar_1757668081.048055.json')
 3 SYSTEMPATH\Debug\Toolbar.php(517): CodeIgniter\Debug\Toolbar\Collectors\History->setFiles('1757671423.819477', 20)
 4 SYSTEMPATH\Debug\Toolbar.php(496): CodeIgniter\Debug\Toolbar->format([...], 'html')
 5 APPPATH\Config\Events.php(47): CodeIgniter\Debug\Toolbar->respond()
 6 SYSTEMPATH\Events\Events.php(155): CodeIgniter\Events\Events::Config\{closure}()
 7 SYSTEMPATH\CodeIgniter.php(339): CodeIgniter\Events\Events::trigger('pre_system')
 8 SYSTEMPATH\Boot.php(334): CodeIgniter\CodeIgniter->run()
 9 SYSTEMPATH\Boot.php(67): CodeIgniter\Boot::runCodeIgniter(Object(CodeIgniter\CodeIgniter))
10 FCPATH\index.php(46): CodeIgniter\Boot::bootWeb(Object(Config\Paths))
DEBUG - 2025-09-12 10:03:58 --> Session: Class initialized using 'CodeIgniter\Session\Handlers\FileHandler' driver.
DEBUG - 2025-09-12 10:03:59 --> Session: Class initialized using 'CodeIgniter\Session\Handlers\FileHandler' driver.
DEBUG - 2025-09-12 10:04:01 --> Session: Class initialized using 'CodeIgniter\Session\Handlers\FileHandler' driver.
DEBUG - 2025-09-12 10:04:06 --> Session: Class initialized using 'CodeIgniter\Session\Handlers\FileHandler' driver.
DEBUG - 2025-09-12 10:04:10 --> Session: Class initialized using 'CodeIgniter\Session\Handlers\FileHandler' driver.
DEBUG - 2025-09-12 10:04:20 --> Session: Class initialized using 'CodeIgniter\Session\Handlers\FileHandler' driver.
DEBUG - 2025-09-12 10:04:21 --> Session: Class initialized using 'CodeIgniter\Session\Handlers\FileHandler' driver.
DEBUG - 2025-09-12 10:04:28 --> Session: Class initialized using 'CodeIgniter\Session\Handlers\FileHandler' driver.
DEBUG - 2025-09-12 10:04:29 --> Session: Class initialized using 'CodeIgniter\Session\Handlers\FileHandler' driver.
DEBUG - 2025-09-12 10:05:33 --> Session: Class initialized using 'CodeIgniter\Session\Handlers\FileHandler' driver.
DEBUG - 2025-09-12 10:05:33 --> Session: Class initialized using 'CodeIgniter\Session\Handlers\FileHandler' driver.
DEBUG - 2025-09-12 10:05:39 --> Session: Class initialized using 'CodeIgniter\Session\Handlers\FileHandler' driver.
DEBUG - 2025-09-12 10:07:07 --> Session: Class initialized using 'CodeIgniter\Session\Handlers\FileHandler' driver.
DEBUG - 2025-09-12 10:07:07 --> Session: Class initialized using 'CodeIgniter\Session\Handlers\FileHandler' driver.
DEBUG - 2025-09-12 10:07:07 --> Session: Class initialized using 'CodeIgniter\Session\Handlers\FileHandler' driver.
DEBUG - 2025-09-12 10:07:08 --> Session: Class initialized using 'CodeIgniter\Session\Handlers\FileHandler' driver.
DEBUG - 2025-09-12 10:17:15 --> Session: Class initialized using 'CodeIgniter\Session\Handlers\FileHandler' driver.
DEBUG - 2025-09-12 10:17:16 --> Session: Class initialized using 'CodeIgniter\Session\Handlers\FileHandler' driver.
DEBUG - 2025-09-12 10:17:16 --> Session: Class initialized using 'CodeIgniter\Session\Handlers\FileHandler' driver.
DEBUG - 2025-09-12 10:17:16 --> Session: Class initialized using 'CodeIgniter\Session\Handlers\FileHandler' driver.
CRITICAL - 2025-09-12 10:17:17 --> ErrorException: unlink(C:\xampp\htdocs\hms_ram\writable\debugbar/debugbar_1757671461.541589.json): No such file or directory
[Method: GET, Route: /]
in SYSTEMPATH\Debug\Toolbar\Collectors\History.php on line 82.
 1 [internal function]: CodeIgniter\Debug\Exceptions->errorHandler(2, 'unlink(C:\\xampp\\htdocs\\hms_ram\\writable\\debugbar/debugbar_1757671461.541589.json): No such file or directory', 'C:\\xampp\\htdocs\\hms_ram\\system\\Debug\\Toolbar\\Collectors\\History.php', 82)
 2 SYSTEMPATH\Debug\Toolbar\Collectors\History.php(82): unlink('C:\\xampp\\htdocs\\hms_ram\\writable\\debugbar/debugbar_1757671461.541589.json')
 3 SYSTEMPATH\Debug\Toolbar.php(517): CodeIgniter\Debug\Toolbar\Collectors\History->setFiles('1757672236.036415', 20)
 4 SYSTEMPATH\Debug\Toolbar.php(496): CodeIgniter\Debug\Toolbar->format([...], 'html')
 5 APPPATH\Config\Events.php(47): CodeIgniter\Debug\Toolbar->respond()
 6 SYSTEMPATH\Events\Events.php(155): CodeIgniter\Events\Events::Config\{closure}()
 7 SYSTEMPATH\CodeIgniter.php(339): CodeIgniter\Events\Events::trigger('pre_system')
 8 SYSTEMPATH\Boot.php(334): CodeIgniter\CodeIgniter->run()
 9 SYSTEMPATH\Boot.php(67): CodeIgniter\Boot::runCodeIgniter(Object(CodeIgniter\CodeIgniter))
10 FCPATH\index.php(46): CodeIgniter\Boot::bootWeb(Object(Config\Paths))
DEBUG - 2025-09-12 10:17:20 --> Session: Class initialized using 'CodeIgniter\Session\Handlers\FileHandler' driver.
DEBUG - 2025-09-12 10:17:22 --> Session: Class initialized using 'CodeIgniter\Session\Handlers\FileHandler' driver.
DEBUG - 2025-09-12 10:17:25 --> Session: Class initialized using 'CodeIgniter\Session\Handlers\FileHandler' driver.
DEBUG - 2025-09-12 10:17:28 --> Session: Class initialized using 'CodeIgniter\Session\Handlers\FileHandler' driver.
DEBUG - 2025-09-12 10:17:37 --> Session: Class initialized using 'CodeIgniter\Session\Handlers\FileHandler' driver.
DEBUG - 2025-09-12 10:17:37 --> Session: Class initialized using 'CodeIgniter\Session\Handlers\FileHandler' driver.
DEBUG - 2025-09-12 10:17:43 --> Session: Class initialized using 'CodeIgniter\Session\Handlers\FileHandler' driver.
DEBUG - 2025-09-12 10:17:44 --> Session: Class initialized using 'CodeIgniter\Session\Handlers\FileHandler' driver.
DEBUG - 2025-09-12 10:17:56 --> Session: Class initialized using 'CodeIgniter\Session\Handlers\FileHandler' driver.
DEBUG - 2025-09-12 10:17:56 --> Session: Class initialized using 'CodeIgniter\Session\Handlers\FileHandler' driver.
DEBUG - 2025-09-12 10:17:59 --> Session: Class initialized using 'CodeIgniter\Session\Handlers\FileHandler' driver.
DEBUG - 2025-09-12 10:29:46 --> Session: Class initialized using 'CodeIgniter\Session\Handlers\FileHandler' driver.
DEBUG - 2025-09-12 10:29:46 --> Session: Class initialized using 'CodeIgniter\Session\Handlers\FileHandler' driver.
DEBUG - 2025-09-12 10:29:46 --> Session: Class initialized using 'CodeIgniter\Session\Handlers\FileHandler' driver.
DEBUG - 2025-09-12 10:29:46 --> Session: Class initialized using 'CodeIgniter\Session\Handlers\FileHandler' driver.
DEBUG - 2025-09-12 10:29:46 --> Session: Class initialized using 'CodeIgniter\Session\Handlers\FileHandler' driver.
CRITICAL - 2025-09-12 10:30:08 --> ParseError: syntax error, unexpected variable "$mainSaleData", expecting "("
[Method: GET, Route: pharmacy/sales/invoice/PHM-OP-20250912-00018]
in APPPATH\Controllers\Pharmacy\Sales.php on line 160.
 1 SYSTEMPATH\Autoloader\Autoloader.php(295): CodeIgniter\Autoloader\Autoloader->includeFile('C:\\xampp\\htdocs\\hms_ram\\app\\Controllers\\Pharmacy\\Sales.php')
 2 SYSTEMPATH\Autoloader\Autoloader.php(271): CodeIgniter\Autoloader\Autoloader->loadInNamespace('App\\Controllers\\Pharmacy\\Sales')
 3 [internal function]: CodeIgniter\Autoloader\Autoloader->loadClass('App\\Controllers\\Pharmacy\\Sales')
 4 SYSTEMPATH\CodeIgniter.php(885): class_exists('\\App\\Controllers\\Pharmacy\\Sales', true)
 5 SYSTEMPATH\CodeIgniter.php(494): CodeIgniter\CodeIgniter->startController()
 6 SYSTEMPATH\CodeIgniter.php(354): CodeIgniter\CodeIgniter->handleRequest(null, Object(Config\Cache), false)
 7 SYSTEMPATH\Boot.php(334): CodeIgniter\CodeIgniter->run()
 8 SYSTEMPATH\Boot.php(67): CodeIgniter\Boot::runCodeIgniter(Object(CodeIgniter\CodeIgniter))
 9 FCPATH\index.php(46): CodeIgniter\Boot::bootWeb(Object(Config\Paths))
CRITICAL - 2025-09-12 10:30:09 --> ParseError: syntax error, unexpected variable "$mainSaleData", expecting "("
[Method: GET, Route: pharmacy/sales/invoice/PHM-OP-20250912-00020]
in APPPATH\Controllers\Pharmacy\Sales.php on line 160.
 1 SYSTEMPATH\Autoloader\Autoloader.php(295): CodeIgniter\Autoloader\Autoloader->includeFile('C:\\xampp\\htdocs\\hms_ram\\app\\Controllers\\Pharmacy\\Sales.php')
 2 SYSTEMPATH\Autoloader\Autoloader.php(271): CodeIgniter\Autoloader\Autoloader->loadInNamespace('App\\Controllers\\Pharmacy\\Sales')
 3 [internal function]: CodeIgniter\Autoloader\Autoloader->loadClass('App\\Controllers\\Pharmacy\\Sales')
 4 SYSTEMPATH\CodeIgniter.php(885): class_exists('\\App\\Controllers\\Pharmacy\\Sales', true)
 5 SYSTEMPATH\CodeIgniter.php(494): CodeIgniter\CodeIgniter->startController()
 6 SYSTEMPATH\CodeIgniter.php(354): CodeIgniter\CodeIgniter->handleRequest(null, Object(Config\Cache), false)
 7 SYSTEMPATH\Boot.php(334): CodeIgniter\CodeIgniter->run()
 8 SYSTEMPATH\Boot.php(67): CodeIgniter\Boot::runCodeIgniter(Object(CodeIgniter\CodeIgniter))
 9 FCPATH\index.php(46): CodeIgniter\Boot::bootWeb(Object(Config\Paths))
CRITICAL - 2025-09-12 10:30:09 --> ParseError: syntax error, unexpected variable "$mainSaleData", expecting "("
[Method: GET, Route: pharmacy/sales/invoice/PHM-OP-20250912-00019]
in APPPATH\Controllers\Pharmacy\Sales.php on line 160.
 1 SYSTEMPATH\Autoloader\Autoloader.php(295): CodeIgniter\Autoloader\Autoloader->includeFile('C:\\xampp\\htdocs\\hms_ram\\app\\Controllers\\Pharmacy\\Sales.php')
 2 SYSTEMPATH\Autoloader\Autoloader.php(271): CodeIgniter\Autoloader\Autoloader->loadInNamespace('App\\Controllers\\Pharmacy\\Sales')
 3 [internal function]: CodeIgniter\Autoloader\Autoloader->loadClass('App\\Controllers\\Pharmacy\\Sales')
 4 SYSTEMPATH\CodeIgniter.php(885): class_exists('\\App\\Controllers\\Pharmacy\\Sales', true)
 5 SYSTEMPATH\CodeIgniter.php(494): CodeIgniter\CodeIgniter->startController()
 6 SYSTEMPATH\CodeIgniter.php(354): CodeIgniter\CodeIgniter->handleRequest(null, Object(Config\Cache), false)
 7 SYSTEMPATH\Boot.php(334): CodeIgniter\CodeIgniter->run()
 8 SYSTEMPATH\Boot.php(67): CodeIgniter\Boot::runCodeIgniter(Object(CodeIgniter\CodeIgniter))
 9 FCPATH\index.php(46): CodeIgniter\Boot::bootWeb(Object(Config\Paths))
CRITICAL - 2025-09-12 10:30:09 --> ParseError: syntax error, unexpected variable "$mainSaleData", expecting "("
[Method: GET, Route: pharmacy/sales/listBills/outside_sale]
in APPPATH\Controllers\Pharmacy\Sales.php on line 160.
 1 SYSTEMPATH\Autoloader\Autoloader.php(295): CodeIgniter\Autoloader\Autoloader->includeFile('C:\\xampp\\htdocs\\hms_ram\\app\\Controllers\\Pharmacy\\Sales.php')
 2 SYSTEMPATH\Autoloader\Autoloader.php(271): CodeIgniter\Autoloader\Autoloader->loadInNamespace('App\\Controllers\\Pharmacy\\Sales')
 3 [internal function]: CodeIgniter\Autoloader\Autoloader->loadClass('App\\Controllers\\Pharmacy\\Sales')
 4 SYSTEMPATH\CodeIgniter.php(885): class_exists('\\App\\Controllers\\Pharmacy\\Sales', true)
 5 SYSTEMPATH\CodeIgniter.php(494): CodeIgniter\CodeIgniter->startController()
 6 SYSTEMPATH\CodeIgniter.php(354): CodeIgniter\CodeIgniter->handleRequest(null, Object(Config\Cache), false)
 7 SYSTEMPATH\Boot.php(334): CodeIgniter\CodeIgniter->run()
 8 SYSTEMPATH\Boot.php(67): CodeIgniter\Boot::runCodeIgniter(Object(CodeIgniter\CodeIgniter))
 9 FCPATH\index.php(46): CodeIgniter\Boot::bootWeb(Object(Config\Paths))
CRITICAL - 2025-09-12 10:30:09 --> ParseError: syntax error, unexpected variable "$mainSaleData", expecting "("
[Method: GET, Route: pharmacy/sales/invoice/PHM-OP-20250912-00018]
in APPPATH\Controllers\Pharmacy\Sales.php on line 160.
 1 SYSTEMPATH\Autoloader\Autoloader.php(295): CodeIgniter\Autoloader\Autoloader->includeFile('C:\\xampp\\htdocs\\hms_ram\\app\\Controllers\\Pharmacy\\Sales.php')
 2 SYSTEMPATH\Autoloader\Autoloader.php(271): CodeIgniter\Autoloader\Autoloader->loadInNamespace('App\\Controllers\\Pharmacy\\Sales')
 3 [internal function]: CodeIgniter\Autoloader\Autoloader->loadClass('App\\Controllers\\Pharmacy\\Sales')
 4 SYSTEMPATH\CodeIgniter.php(885): class_exists('\\App\\Controllers\\Pharmacy\\Sales', true)
 5 SYSTEMPATH\CodeIgniter.php(494): CodeIgniter\CodeIgniter->startController()
 6 SYSTEMPATH\CodeIgniter.php(354): CodeIgniter\CodeIgniter->handleRequest(null, Object(Config\Cache), false)
 7 SYSTEMPATH\Boot.php(334): CodeIgniter\CodeIgniter->run()
 8 SYSTEMPATH\Boot.php(67): CodeIgniter\Boot::runCodeIgniter(Object(CodeIgniter\CodeIgniter))
 9 FCPATH\index.php(46): CodeIgniter\Boot::bootWeb(Object(Config\Paths))
DEBUG - 2025-09-12 10:30:43 --> Session: Class initialized using 'CodeIgniter\Session\Handlers\FileHandler' driver.
DEBUG - 2025-09-12 10:30:45 --> Session: Class initialized using 'CodeIgniter\Session\Handlers\FileHandler' driver.
DEBUG - 2025-09-12 10:30:51 --> Session: Class initialized using 'CodeIgniter\Session\Handlers\FileHandler' driver.
DEBUG - 2025-09-12 10:30:53 --> Session: Class initialized using 'CodeIgniter\Session\Handlers\FileHandler' driver.
DEBUG - 2025-09-12 10:30:55 --> Session: Class initialized using 'CodeIgniter\Session\Handlers\FileHandler' driver.
DEBUG - 2025-09-12 10:31:03 --> Session: Class initialized using 'CodeIgniter\Session\Handlers\FileHandler' driver.
DEBUG - 2025-09-12 10:31:04 --> Session: Class initialized using 'CodeIgniter\Session\Handlers\FileHandler' driver.
DEBUG - 2025-09-12 10:31:12 --> Session: Class initialized using 'CodeIgniter\Session\Handlers\FileHandler' driver.
DEBUG - 2025-09-12 10:31:14 --> Session: Class initialized using 'CodeIgniter\Session\Handlers\FileHandler' driver.
DEBUG - 2025-09-12 10:31:25 --> Session: Class initialized using 'CodeIgniter\Session\Handlers\FileHandler' driver.
DEBUG - 2025-09-12 10:52:56 --> Session: Class initialized using 'CodeIgniter\Session\Handlers\FileHandler' driver.
DEBUG - 2025-09-12 10:52:56 --> Session: Class initialized using 'CodeIgniter\Session\Handlers\FileHandler' driver.
DEBUG - 2025-09-12 10:53:29 --> Session: Class initialized using 'CodeIgniter\Session\Handlers\FileHandler' driver.
DEBUG - 2025-09-12 10:53:33 --> Session: Class initialized using 'CodeIgniter\Session\Handlers\FileHandler' driver.
DEBUG - 2025-09-12 10:53:37 --> Session: Class initialized using 'CodeIgniter\Session\Handlers\FileHandler' driver.
DEBUG - 2025-09-12 10:53:37 --> Session: Class initialized using 'CodeIgniter\Session\Handlers\FileHandler' driver.
DEBUG - 2025-09-12 10:53:39 --> Session: Class initialized using 'CodeIgniter\Session\Handlers\FileHandler' driver.
DEBUG - 2025-09-12 10:53:49 --> Session: Class initialized using 'CodeIgniter\Session\Handlers\FileHandler' driver.
DEBUG - 2025-09-12 10:53:50 --> Session: Class initialized using 'CodeIgniter\Session\Handlers\FileHandler' driver.
DEBUG - 2025-09-12 10:53:56 --> Session: Class initialized using 'CodeIgniter\Session\Handlers\FileHandler' driver.
DEBUG - 2025-09-12 10:53:58 --> Session: Class initialized using 'CodeIgniter\Session\Handlers\FileHandler' driver.
DEBUG - 2025-09-12 10:53:59 --> Session: Class initialized using 'CodeIgniter\Session\Handlers\FileHandler' driver.
DEBUG - 2025-09-12 10:54:11 --> Session: Class initialized using 'CodeIgniter\Session\Handlers\FileHandler' driver.
DEBUG - 2025-09-12 10:56:30 --> Session: Class initialized using 'CodeIgniter\Session\Handlers\FileHandler' driver.
DEBUG - 2025-09-12 10:57:35 --> Session: Class initialized using 'CodeIgniter\Session\Handlers\FileHandler' driver.
DEBUG - 2025-09-12 10:57:39 --> Session: Class initialized using 'CodeIgniter\Session\Handlers\FileHandler' driver.
DEBUG - 2025-09-12 10:57:55 --> Session: Class initialized using 'CodeIgniter\Session\Handlers\FileHandler' driver.
DEBUG - 2025-09-12 10:57:56 --> Session: Class initialized using 'CodeIgniter\Session\Handlers\FileHandler' driver.
DEBUG - 2025-09-12 10:58:02 --> Session: Class initialized using 'CodeIgniter\Session\Handlers\FileHandler' driver.
DEBUG - 2025-09-12 10:58:04 --> Session: Class initialized using 'CodeIgniter\Session\Handlers\FileHandler' driver.
DEBUG - 2025-09-12 10:58:05 --> Session: Class initialized using 'CodeIgniter\Session\Handlers\FileHandler' driver.
DEBUG - 2025-09-12 10:58:14 --> Session: Class initialized using 'CodeIgniter\Session\Handlers\FileHandler' driver.
DEBUG - 2025-09-12 11:00:10 --> Session: Class initialized using 'CodeIgniter\Session\Handlers\FileHandler' driver.
DEBUG - 2025-09-12 11:00:10 --> Session: Class initialized using 'CodeIgniter\Session\Handlers\FileHandler' driver.
DEBUG - 2025-09-12 11:00:13 --> Session: Class initialized using 'CodeIgniter\Session\Handlers\FileHandler' driver.
DEBUG - 2025-09-12 11:00:26 --> Session: Class initialized using 'CodeIgniter\Session\Handlers\FileHandler' driver.
DEBUG - 2025-09-12 11:00:26 --> Session: Class initialized using 'CodeIgniter\Session\Handlers\FileHandler' driver.
DEBUG - 2025-09-12 11:00:28 --> Session: Class initialized using 'CodeIgniter\Session\Handlers\FileHandler' driver.
DEBUG - 2025-09-12 11:00:28 --> Session: Class initialized using 'CodeIgniter\Session\Handlers\FileHandler' driver.
DEBUG - 2025-09-12 11:01:43 --> Session: Class initialized using 'CodeIgniter\Session\Handlers\FileHandler' driver.
DEBUG - 2025-09-12 11:01:45 --> Session: Class initialized using 'CodeIgniter\Session\Handlers\FileHandler' driver.
DEBUG - 2025-09-12 11:01:48 --> Session: Class initialized using 'CodeIgniter\Session\Handlers\FileHandler' driver.
DEBUG - 2025-09-12 11:02:31 --> Session: Class initialized using 'CodeIgniter\Session\Handlers\FileHandler' driver.
DEBUG - 2025-09-12 11:02:32 --> Session: Class initialized using 'CodeIgniter\Session\Handlers\FileHandler' driver.
DEBUG - 2025-09-12 11:02:32 --> Session: Class initialized using 'CodeIgniter\Session\Handlers\FileHandler' driver.
CRITICAL - 2025-09-12 11:02:32 --> ErrorException: unlink(C:\xampp\htdocs\hms_ram\writable\debugbar/debugbar_1757674685.391905.json): No such file or directory
[Method: GET, Route: /]
in SYSTEMPATH\Debug\Toolbar\Collectors\History.php on line 82.
 1 [internal function]: CodeIgniter\Debug\Exceptions->errorHandler(2, 'unlink(C:\\xampp\\htdocs\\hms_ram\\writable\\debugbar/debugbar_1757674685.391905.json): No such file or directory', 'C:\\xampp\\htdocs\\hms_ram\\system\\Debug\\Toolbar\\Collectors\\History.php', 82)
 2 SYSTEMPATH\Debug\Toolbar\Collectors\History.php(82): unlink('C:\\xampp\\htdocs\\hms_ram\\writable\\debugbar/debugbar_1757674685.391905.json')
 3 SYSTEMPATH\Debug\Toolbar.php(517): CodeIgniter\Debug\Toolbar\Collectors\History->setFiles('1757674952.178805', 20)
 4 SYSTEMPATH\Debug\Toolbar.php(496): CodeIgniter\Debug\Toolbar->format([...], 'html')
 5 APPPATH\Config\Events.php(47): CodeIgniter\Debug\Toolbar->respond()
 6 SYSTEMPATH\Events\Events.php(155): CodeIgniter\Events\Events::Config\{closure}()
 7 SYSTEMPATH\CodeIgniter.php(339): CodeIgniter\Events\Events::trigger('pre_system')
 8 SYSTEMPATH\Boot.php(334): CodeIgniter\CodeIgniter->run()
 9 SYSTEMPATH\Boot.php(67): CodeIgniter\Boot::runCodeIgniter(Object(CodeIgniter\CodeIgniter))
10 FCPATH\index.php(46): CodeIgniter\Boot::bootWeb(Object(Config\Paths))
DEBUG - 2025-09-12 11:02:32 --> Session: Class initialized using 'CodeIgniter\Session\Handlers\FileHandler' driver.
DEBUG - 2025-09-12 11:02:32 --> Session: Class initialized using 'CodeIgniter\Session\Handlers\FileHandler' driver.
DEBUG - 2025-09-12 11:02:45 --> Session: Class initialized using 'CodeIgniter\Session\Handlers\FileHandler' driver.
DEBUG - 2025-09-12 11:03:00 --> Session: Class initialized using 'CodeIgniter\Session\Handlers\FileHandler' driver.
DEBUG - 2025-09-12 11:03:03 --> Session: Class initialized using 'CodeIgniter\Session\Handlers\FileHandler' driver.
DEBUG - 2025-09-12 11:03:07 --> Session: Class initialized using 'CodeIgniter\Session\Handlers\FileHandler' driver.
DEBUG - 2025-09-12 11:03:09 --> Session: Class initialized using 'CodeIgniter\Session\Handlers\FileHandler' driver.
DEBUG - 2025-09-12 11:03:10 --> Session: Class initialized using 'CodeIgniter\Session\Handlers\FileHandler' driver.
DEBUG - 2025-09-12 11:03:17 --> Session: Class initialized using 'CodeIgniter\Session\Handlers\FileHandler' driver.
DEBUG - 2025-09-12 11:03:18 --> Session: Class initialized using 'CodeIgniter\Session\Handlers\FileHandler' driver.
DEBUG - 2025-09-12 11:03:49 --> Session: Class initialized using 'CodeIgniter\Session\Handlers\FileHandler' driver.
DEBUG - 2025-09-12 11:03:50 --> Session: Class initialized using 'CodeIgniter\Session\Handlers\FileHandler' driver.
DEBUG - 2025-09-12 11:03:59 --> Session: Class initialized using 'CodeIgniter\Session\Handlers\FileHandler' driver.
DEBUG - 2025-09-12 11:04:02 --> Session: Class initialized using 'CodeIgniter\Session\Handlers\FileHandler' driver.
DEBUG - 2025-09-12 11:04:03 --> Session: Class initialized using 'CodeIgniter\Session\Handlers\FileHandler' driver.
DEBUG - 2025-09-12 11:04:08 --> Session: Class initialized using 'CodeIgniter\Session\Handlers\FileHandler' driver.
DEBUG - 2025-09-12 11:04:51 --> Session: Class initialized using 'CodeIgniter\Session\Handlers\FileHandler' driver.
DEBUG - 2025-09-12 11:04:53 --> Session: Class initialized using 'CodeIgniter\Session\Handlers\FileHandler' driver.
DEBUG - 2025-09-12 11:04:54 --> Session: Class initialized using 'CodeIgniter\Session\Handlers\FileHandler' driver.
DEBUG - 2025-09-12 11:04:57 --> Session: Class initialized using 'CodeIgniter\Session\Handlers\FileHandler' driver.
DEBUG - 2025-09-12 11:05:02 --> Session: Class initialized using 'CodeIgniter\Session\Handlers\FileHandler' driver.
DEBUG - 2025-09-12 11:05:02 --> Session: Class initialized using 'CodeIgniter\Session\Handlers\FileHandler' driver.
DEBUG - 2025-09-12 11:05:17 --> Session: Class initialized using 'CodeIgniter\Session\Handlers\FileHandler' driver.
DEBUG - 2025-09-12 11:05:18 --> Session: Class initialized using 'CodeIgniter\Session\Handlers\FileHandler' driver.
DEBUG - 2025-09-12 11:05:19 --> Session: Class initialized using 'CodeIgniter\Session\Handlers\FileHandler' driver.
DEBUG - 2025-09-12 11:05:25 --> Session: Class initialized using 'CodeIgniter\Session\Handlers\FileHandler' driver.
DEBUG - 2025-09-12 11:05:25 --> Session: Class initialized using 'CodeIgniter\Session\Handlers\FileHandler' driver.
DEBUG - 2025-09-12 11:05:40 --> Session: Class initialized using 'CodeIgniter\Session\Handlers\FileHandler' driver.
DEBUG - 2025-09-12 11:05:47 --> Session: Class initialized using 'CodeIgniter\Session\Handlers\FileHandler' driver.
ERROR - 2025-09-12 11:05:48 --> mysqli_sql_exception: Unknown column 'pm.generic_name' in 'field list' in C:\xampp\htdocs\hms_ram\system\Database\MySQLi\Connection.php:327
Stack trace:
#0 C:\xampp\htdocs\hms_ram\system\Database\MySQLi\Connection.php(327): mysqli->query('SELECT `pharmac...', 0)
#1 C:\xampp\htdocs\hms_ram\system\Database\BaseConnection.php(738): CodeIgniter\Database\MySQLi\Connection->execute('SELECT `pharmac...')
#2 C:\xampp\htdocs\hms_ram\system\Database\BaseConnection.php(652): CodeIgniter\Database\BaseConnection->simpleQuery('SELECT `pharmac...')
#3 C:\xampp\htdocs\hms_ram\system\Database\BaseBuilder.php(1649): CodeIgniter\Database\BaseConnection->query('SELECT `pharmac...', Array, false)
#4 C:\xampp\htdocs\hms_ram\system\Model.php(286): CodeIgniter\Database\BaseBuilder->get()
#5 C:\xampp\htdocs\hms_ram\system\BaseModel.php(679): CodeIgniter\Model->doFindAll(0, 0)
#6 C:\xampp\htdocs\hms_ram\app\Controllers\Pharmacy\Returns.php(60): CodeIgniter\BaseModel->findAll()
#7 C:\xampp\htdocs\hms_ram\system\CodeIgniter.php(933): App\Controllers\Pharmacy\Returns->index()
#8 C:\xampp\htdocs\hms_ram\system\CodeIgniter.php(507): CodeIgniter\CodeIgniter->runController(Object(App\Controllers\Pharmacy\Returns))
#9 C:\xampp\htdocs\hms_ram\system\CodeIgniter.php(354): CodeIgniter\CodeIgniter->handleRequest(NULL, Object(Config\Cache), false)
#10 C:\xampp\htdocs\hms_ram\system\Boot.php(334): CodeIgniter\CodeIgniter->run()
#11 C:\xampp\htdocs\hms_ram\system\Boot.php(67): CodeIgniter\Boot::runCodeIgniter(Object(CodeIgniter\CodeIgniter))
#12 C:\xampp\htdocs\hms_ram\index.php(46): CodeIgniter\Boot::bootWeb(Object(Config\Paths))
#13 {main}
CRITICAL - 2025-09-12 11:05:48 --> CodeIgniter\Database\Exceptions\DatabaseException: Unknown column 'pm.generic_name' in 'field list'
[Method: GET, Route: pharmacy/returns]
in SYSTEMPATH\Database\BaseConnection.php on line 692.
 1 SYSTEMPATH\Database\BaseBuilder.php(1649): CodeIgniter\Database\BaseConnection->query('SELECT `pharmacy_returns`.*, `pharmacy_returns`.`quantity_returned` as `quantity`, `pharmacy_returns`.`return_reason` as `reason`, `pharmacy_returns`.`approval_status` as `status`, `pm`.`generic_name` as `medicine_name`, `pb`.`batch_number`, `ps`.`invoice_number`, `pbill`.`bill_id` as `billing_invoice_number`
FROM `pharmacy_returns`
JOIN `pharmacy_medicines` `pm` ON `pm`.`id` = `pharmacy_returns`.`medicine_id`
LEFT JOIN `pharmacy_batches` `pb` ON `pb`.`id` = `pharmacy_returns`.`batch_id`
LEFT JOIN `pharmacy_sales` `ps` ON `ps`.`id` = `pharmacy_returns`.`sale_id`
LEFT JOIN `pharmacy_billings` `pbill` ON `pbill`.`id` = `pharmacy_returns`.`billing_id`
ORDER BY `return_date` DESC', [], false)
 2 SYSTEMPATH\Model.php(286): CodeIgniter\Database\BaseBuilder->get()
 3 SYSTEMPATH\BaseModel.php(679): CodeIgniter\Model->doFindAll(0, 0)
 4 APPPATH\Controllers\Pharmacy\Returns.php(60): CodeIgniter\BaseModel->findAll()
 5 SYSTEMPATH\CodeIgniter.php(933): App\Controllers\Pharmacy\Returns->index()
 6 SYSTEMPATH\CodeIgniter.php(507): CodeIgniter\CodeIgniter->runController(Object(App\Controllers\Pharmacy\Returns))
 7 SYSTEMPATH\CodeIgniter.php(354): CodeIgniter\CodeIgniter->handleRequest(null, Object(Config\Cache), false)
 8 SYSTEMPATH\Boot.php(334): CodeIgniter\CodeIgniter->run()
 9 SYSTEMPATH\Boot.php(67): CodeIgniter\Boot::runCodeIgniter(Object(CodeIgniter\CodeIgniter))
10 FCPATH\index.php(46): CodeIgniter\Boot::bootWeb(Object(Config\Paths))
CRITICAL - 2025-09-12 11:05:48 --> [Caused by] CodeIgniter\Database\Exceptions\DatabaseException: Unknown column 'pm.generic_name' in 'field list'
in SYSTEMPATH\Database\MySQLi\Connection.php on line 332.
 1 SYSTEMPATH\Database\BaseConnection.php(738): CodeIgniter\Database\MySQLi\Connection->execute('SELECT `pharmacy_returns`.*, `pharmacy_returns`.`quantity_returned` as `quantity`, `pharmacy_returns`.`return_reason` as `reason`, `pharmacy_returns`.`approval_status` as `status`, `pm`.`generic_name` as `medicine_name`, `pb`.`batch_number`, `ps`.`invoice_number`, `pbill`.`bill_id` as `billing_invoice_number`
FROM `pharmacy_returns`
JOIN `pharmacy_medicines` `pm` ON `pm`.`id` = `pharmacy_returns`.`medicine_id`
LEFT JOIN `pharmacy_batches` `pb` ON `pb`.`id` = `pharmacy_returns`.`batch_id`
LEFT JOIN `pharmacy_sales` `ps` ON `ps`.`id` = `pharmacy_returns`.`sale_id`
LEFT JOIN `pharmacy_billings` `pbill` ON `pbill`.`id` = `pharmacy_returns`.`billing_id`
ORDER BY `return_date` DESC')
 2 SYSTEMPATH\Database\BaseConnection.php(652): CodeIgniter\Database\BaseConnection->simpleQuery('SELECT `pharmacy_returns`.*, `pharmacy_returns`.`quantity_returned` as `quantity`, `pharmacy_returns`.`return_reason` as `reason`, `pharmacy_returns`.`approval_status` as `status`, `pm`.`generic_name` as `medicine_name`, `pb`.`batch_number`, `ps`.`invoice_number`, `pbill`.`bill_id` as `billing_invoice_number`
FROM `pharmacy_returns`
JOIN `pharmacy_medicines` `pm` ON `pm`.`id` = `pharmacy_returns`.`medicine_id`
LEFT JOIN `pharmacy_batches` `pb` ON `pb`.`id` = `pharmacy_returns`.`batch_id`
LEFT JOIN `pharmacy_sales` `ps` ON `ps`.`id` = `pharmacy_returns`.`sale_id`
LEFT JOIN `pharmacy_billings` `pbill` ON `pbill`.`id` = `pharmacy_returns`.`billing_id`
ORDER BY `return_date` DESC')
 3 SYSTEMPATH\Database\BaseBuilder.php(1649): CodeIgniter\Database\BaseConnection->query('SELECT `pharmacy_returns`.*, `pharmacy_returns`.`quantity_returned` as `quantity`, `pharmacy_returns`.`return_reason` as `reason`, `pharmacy_returns`.`approval_status` as `status`, `pm`.`generic_name` as `medicine_name`, `pb`.`batch_number`, `ps`.`invoice_number`, `pbill`.`bill_id` as `billing_invoice_number`
FROM `pharmacy_returns`
JOIN `pharmacy_medicines` `pm` ON `pm`.`id` = `pharmacy_returns`.`medicine_id`
LEFT JOIN `pharmacy_batches` `pb` ON `pb`.`id` = `pharmacy_returns`.`batch_id`
LEFT JOIN `pharmacy_sales` `ps` ON `ps`.`id` = `pharmacy_returns`.`sale_id`
LEFT JOIN `pharmacy_billings` `pbill` ON `pbill`.`id` = `pharmacy_returns`.`billing_id`
ORDER BY `return_date` DESC', [], false)
 4 SYSTEMPATH\Model.php(286): CodeIgniter\Database\BaseBuilder->get()
 5 SYSTEMPATH\BaseModel.php(679): CodeIgniter\Model->doFindAll(0, 0)
 6 APPPATH\Controllers\Pharmacy\Returns.php(60): CodeIgniter\BaseModel->findAll()
 7 SYSTEMPATH\CodeIgniter.php(933): App\Controllers\Pharmacy\Returns->index()
 8 SYSTEMPATH\CodeIgniter.php(507): CodeIgniter\CodeIgniter->runController(Object(App\Controllers\Pharmacy\Returns))
 9 SYSTEMPATH\CodeIgniter.php(354): CodeIgniter\CodeIgniter->handleRequest(null, Object(Config\Cache), false)
10 SYSTEMPATH\Boot.php(334): CodeIgniter\CodeIgniter->run()
11 SYSTEMPATH\Boot.php(67): CodeIgniter\Boot::runCodeIgniter(Object(CodeIgniter\CodeIgniter))
12 FCPATH\index.php(46): CodeIgniter\Boot::bootWeb(Object(Config\Paths))
CRITICAL - 2025-09-12 11:05:48 --> [Caused by] mysqli_sql_exception: Unknown column 'pm.generic_name' in 'field list'
in SYSTEMPATH\Database\MySQLi\Connection.php on line 327.
 1 SYSTEMPATH\Database\MySQLi\Connection.php(327): mysqli->query('SELECT `pharmacy_returns`.*, `pharmacy_returns`.`quantity_returned` as `quantity`, `pharmacy_returns`.`return_reason` as `reason`, `pharmacy_returns`.`approval_status` as `status`, `pm`.`generic_name` as `medicine_name`, `pb`.`batch_number`, `ps`.`invoice_number`, `pbill`.`bill_id` as `billing_invoice_number`
FROM `pharmacy_returns`
JOIN `pharmacy_medicines` `pm` ON `pm`.`id` = `pharmacy_returns`.`medicine_id`
LEFT JOIN `pharmacy_batches` `pb` ON `pb`.`id` = `pharmacy_returns`.`batch_id`
LEFT JOIN `pharmacy_sales` `ps` ON `ps`.`id` = `pharmacy_returns`.`sale_id`
LEFT JOIN `pharmacy_billings` `pbill` ON `pbill`.`id` = `pharmacy_returns`.`billing_id`
ORDER BY `return_date` DESC', 0)
 2 SYSTEMPATH\Database\BaseConnection.php(738): CodeIgniter\Database\MySQLi\Connection->execute('SELECT `pharmacy_returns`.*, `pharmacy_returns`.`quantity_returned` as `quantity`, `pharmacy_returns`.`return_reason` as `reason`, `pharmacy_returns`.`approval_status` as `status`, `pm`.`generic_name` as `medicine_name`, `pb`.`batch_number`, `ps`.`invoice_number`, `pbill`.`bill_id` as `billing_invoice_number`
FROM `pharmacy_returns`
JOIN `pharmacy_medicines` `pm` ON `pm`.`id` = `pharmacy_returns`.`medicine_id`
LEFT JOIN `pharmacy_batches` `pb` ON `pb`.`id` = `pharmacy_returns`.`batch_id`
LEFT JOIN `pharmacy_sales` `ps` ON `ps`.`id` = `pharmacy_returns`.`sale_id`
LEFT JOIN `pharmacy_billings` `pbill` ON `pbill`.`id` = `pharmacy_returns`.`billing_id`
ORDER BY `return_date` DESC')
 3 SYSTEMPATH\Database\BaseConnection.php(652): CodeIgniter\Database\BaseConnection->simpleQuery('SELECT `pharmacy_returns`.*, `pharmacy_returns`.`quantity_returned` as `quantity`, `pharmacy_returns`.`return_reason` as `reason`, `pharmacy_returns`.`approval_status` as `status`, `pm`.`generic_name` as `medicine_name`, `pb`.`batch_number`, `ps`.`invoice_number`, `pbill`.`bill_id` as `billing_invoice_number`
FROM `pharmacy_returns`
JOIN `pharmacy_medicines` `pm` ON `pm`.`id` = `pharmacy_returns`.`medicine_id`
LEFT JOIN `pharmacy_batches` `pb` ON `pb`.`id` = `pharmacy_returns`.`batch_id`
LEFT JOIN `pharmacy_sales` `ps` ON `ps`.`id` = `pharmacy_returns`.`sale_id`
LEFT JOIN `pharmacy_billings` `pbill` ON `pbill`.`id` = `pharmacy_returns`.`billing_id`
ORDER BY `return_date` DESC')
 4 SYSTEMPATH\Database\BaseBuilder.php(1649): CodeIgniter\Database\BaseConnection->query('SELECT `pharmacy_returns`.*, `pharmacy_returns`.`quantity_returned` as `quantity`, `pharmacy_returns`.`return_reason` as `reason`, `pharmacy_returns`.`approval_status` as `status`, `pm`.`generic_name` as `medicine_name`, `pb`.`batch_number`, `ps`.`invoice_number`, `pbill`.`bill_id` as `billing_invoice_number`
FROM `pharmacy_returns`
JOIN `pharmacy_medicines` `pm` ON `pm`.`id` = `pharmacy_returns`.`medicine_id`
LEFT JOIN `pharmacy_batches` `pb` ON `pb`.`id` = `pharmacy_returns`.`batch_id`
LEFT JOIN `pharmacy_sales` `ps` ON `ps`.`id` = `pharmacy_returns`.`sale_id`
LEFT JOIN `pharmacy_billings` `pbill` ON `pbill`.`id` = `pharmacy_returns`.`billing_id`
ORDER BY `return_date` DESC', [], false)
 5 SYSTEMPATH\Model.php(286): CodeIgniter\Database\BaseBuilder->get()
 6 SYSTEMPATH\BaseModel.php(679): CodeIgniter\Model->doFindAll(0, 0)
 7 APPPATH\Controllers\Pharmacy\Returns.php(60): CodeIgniter\BaseModel->findAll()
 8 SYSTEMPATH\CodeIgniter.php(933): App\Controllers\Pharmacy\Returns->index()
 9 SYSTEMPATH\CodeIgniter.php(507): CodeIgniter\CodeIgniter->runController(Object(App\Controllers\Pharmacy\Returns))
10 SYSTEMPATH\CodeIgniter.php(354): CodeIgniter\CodeIgniter->handleRequest(null, Object(Config\Cache), false)
11 SYSTEMPATH\Boot.php(334): CodeIgniter\CodeIgniter->run()
12 SYSTEMPATH\Boot.php(67): CodeIgniter\Boot::runCodeIgniter(Object(CodeIgniter\CodeIgniter))
13 FCPATH\index.php(46): CodeIgniter\Boot::bootWeb(Object(Config\Paths))
DEBUG - 2025-09-12 11:12:59 --> Session: Class initialized using 'CodeIgniter\Session\Handlers\FileHandler' driver.
DEBUG - 2025-09-12 11:12:59 --> Session: Class initialized using 'CodeIgniter\Session\Handlers\FileHandler' driver.
DEBUG - 2025-09-12 11:12:59 --> Session: Class initialized using 'CodeIgniter\Session\Handlers\FileHandler' driver.
DEBUG - 2025-09-12 11:13:02 --> Session: Class initialized using 'CodeIgniter\Session\Handlers\FileHandler' driver.
DEBUG - 2025-09-12 11:13:02 --> Session: Class initialized using 'CodeIgniter\Session\Handlers\FileHandler' driver.
DEBUG - 2025-09-12 11:13:02 --> Session: Class initialized using 'CodeIgniter\Session\Handlers\FileHandler' driver.
DEBUG - 2025-09-12 11:13:25 --> Session: Class initialized using 'CodeIgniter\Session\Handlers\FileHandler' driver.
DEBUG - 2025-09-12 11:13:26 --> Session: Class initialized using 'CodeIgniter\Session\Handlers\FileHandler' driver.
DEBUG - 2025-09-12 11:13:26 --> Session: Class initialized using 'CodeIgniter\Session\Handlers\FileHandler' driver.
DEBUG - 2025-09-12 11:13:29 --> Session: Class initialized using 'CodeIgniter\Session\Handlers\FileHandler' driver.
DEBUG - 2025-09-12 11:13:29 --> Session: Class initialized using 'CodeIgniter\Session\Handlers\FileHandler' driver.
DEBUG - 2025-09-12 11:13:30 --> Session: Class initialized using 'CodeIgniter\Session\Handlers\FileHandler' driver.
DEBUG - 2025-09-12 11:13:31 --> Session: Class initialized using 'CodeIgniter\Session\Handlers\FileHandler' driver.
DEBUG - 2025-09-12 11:13:31 --> Session: Class initialized using 'CodeIgniter\Session\Handlers\FileHandler' driver.
DEBUG - 2025-09-12 11:13:34 --> Session: Class initialized using 'CodeIgniter\Session\Handlers\FileHandler' driver.
DEBUG - 2025-09-12 11:13:42 --> Session: Class initialized using 'CodeIgniter\Session\Handlers\FileHandler' driver.
DEBUG - 2025-09-12 11:13:44 --> Session: Class initialized using 'CodeIgniter\Session\Handlers\FileHandler' driver.
DEBUG - 2025-09-12 11:13:44 --> Fetching medicines for invoice: PHM-OP-20250903-00014
DEBUG - 2025-09-12 11:13:44 --> Outside sale found with ID: 32
DEBUG - 2025-09-12 11:13:44 --> Found 2 sale items for outside sale
CRITICAL - 2025-09-12 11:13:44 --> ErrorException: Undefined array key "generic_name"
[Method: GET, Route: pharmacy/returns/getMedicinesByInvoice/PHM-OP-20250903-00014]
in APPPATH\Controllers\Pharmacy\Returns.php on line 377.
 1 APPPATH\Controllers\Pharmacy\Returns.php(377): CodeIgniter\Debug\Exceptions->errorHandler(2, 'Undefined array key "generic_name"', 'C:\\xampp\\htdocs\\hms_ram\\app\\Controllers\\Pharmacy\\Returns.php', 377)
 2 SYSTEMPATH\CodeIgniter.php(933): App\Controllers\Pharmacy\Returns->getMedicinesByInvoice('PHM-OP-20250903-00014')
 3 SYSTEMPATH\CodeIgniter.php(507): CodeIgniter\CodeIgniter->runController(Object(App\Controllers\Pharmacy\Returns))
 4 SYSTEMPATH\CodeIgniter.php(354): CodeIgniter\CodeIgniter->handleRequest(null, Object(Config\Cache), false)
 5 SYSTEMPATH\Boot.php(334): CodeIgniter\CodeIgniter->run()
 6 SYSTEMPATH\Boot.php(67): CodeIgniter\Boot::runCodeIgniter(Object(CodeIgniter\CodeIgniter))
 7 FCPATH\index.php(46): CodeIgniter\Boot::bootWeb(Object(Config\Paths))
DEBUG - 2025-09-12 11:13:46 --> Session: Class initialized using 'CodeIgniter\Session\Handlers\FileHandler' driver.
DEBUG - 2025-09-12 11:13:46 --> Fetching medicines for invoice: PHM-OP-20250903-00014
DEBUG - 2025-09-12 11:13:46 --> Outside sale found with ID: 32
DEBUG - 2025-09-12 11:13:46 --> Found 2 sale items for outside sale
CRITICAL - 2025-09-12 11:13:46 --> ErrorException: Undefined array key "generic_name"
[Method: GET, Route: pharmacy/returns/getMedicinesByInvoice/PHM-OP-20250903-00014]
in APPPATH\Controllers\Pharmacy\Returns.php on line 377.
 1 APPPATH\Controllers\Pharmacy\Returns.php(377): CodeIgniter\Debug\Exceptions->errorHandler(2, 'Undefined array key "generic_name"', 'C:\\xampp\\htdocs\\hms_ram\\app\\Controllers\\Pharmacy\\Returns.php', 377)
 2 SYSTEMPATH\CodeIgniter.php(933): App\Controllers\Pharmacy\Returns->getMedicinesByInvoice('PHM-OP-20250903-00014')
 3 SYSTEMPATH\CodeIgniter.php(507): CodeIgniter\CodeIgniter->runController(Object(App\Controllers\Pharmacy\Returns))
 4 SYSTEMPATH\CodeIgniter.php(354): CodeIgniter\CodeIgniter->handleRequest(null, Object(Config\Cache), false)
 5 SYSTEMPATH\Boot.php(334): CodeIgniter\CodeIgniter->run()
 6 SYSTEMPATH\Boot.php(67): CodeIgniter\Boot::runCodeIgniter(Object(CodeIgniter\CodeIgniter))
 7 FCPATH\index.php(46): CodeIgniter\Boot::bootWeb(Object(Config\Paths))
DEBUG - 2025-09-12 11:13:55 --> Session: Class initialized using 'CodeIgniter\Session\Handlers\FileHandler' driver.
DEBUG - 2025-09-12 11:13:57 --> Session: Class initialized using 'CodeIgniter\Session\Handlers\FileHandler' driver.
DEBUG - 2025-09-12 11:14:01 --> Session: Class initialized using 'CodeIgniter\Session\Handlers\FileHandler' driver.
DEBUG - 2025-09-12 11:14:01 --> Fetching medicines for invoice: PHM-OP-20250903-00014
DEBUG - 2025-09-12 11:14:01 --> Outside sale found with ID: 32
DEBUG - 2025-09-12 11:14:01 --> Found 2 sale items for outside sale
CRITICAL - 2025-09-12 11:14:01 --> ErrorException: Undefined array key "generic_name"
[Method: GET, Route: pharmacy/returns/getMedicinesByInvoice/PHM-OP-20250903-00014]
in APPPATH\Controllers\Pharmacy\Returns.php on line 377.
 1 APPPATH\Controllers\Pharmacy\Returns.php(377): CodeIgniter\Debug\Exceptions->errorHandler(2, 'Undefined array key "generic_name"', 'C:\\xampp\\htdocs\\hms_ram\\app\\Controllers\\Pharmacy\\Returns.php', 377)
 2 SYSTEMPATH\CodeIgniter.php(933): App\Controllers\Pharmacy\Returns->getMedicinesByInvoice('PHM-OP-20250903-00014')
 3 SYSTEMPATH\CodeIgniter.php(507): CodeIgniter\CodeIgniter->runController(Object(App\Controllers\Pharmacy\Returns))
 4 SYSTEMPATH\CodeIgniter.php(354): CodeIgniter\CodeIgniter->handleRequest(null, Object(Config\Cache), false)
 5 SYSTEMPATH\Boot.php(334): CodeIgniter\CodeIgniter->run()
 6 SYSTEMPATH\Boot.php(67): CodeIgniter\Boot::runCodeIgniter(Object(CodeIgniter\CodeIgniter))
 7 FCPATH\index.php(46): CodeIgniter\Boot::bootWeb(Object(Config\Paths))
DEBUG - 2025-09-12 11:14:04 --> Session: Class initialized using 'CodeIgniter\Session\Handlers\FileHandler' driver.
DEBUG - 2025-09-12 11:14:04 --> Fetching medicines for invoice: PHM-OP-20250912-00021
DEBUG - 2025-09-12 11:14:04 --> Outside sale found with ID: 39
DEBUG - 2025-09-12 11:14:04 --> Found 2 sale items for outside sale
CRITICAL - 2025-09-12 11:14:04 --> ErrorException: Undefined array key "generic_name"
[Method: GET, Route: pharmacy/returns/getMedicinesByInvoice/PHM-OP-20250912-00021]
in APPPATH\Controllers\Pharmacy\Returns.php on line 377.
 1 APPPATH\Controllers\Pharmacy\Returns.php(377): CodeIgniter\Debug\Exceptions->errorHandler(2, 'Undefined array key "generic_name"', 'C:\\xampp\\htdocs\\hms_ram\\app\\Controllers\\Pharmacy\\Returns.php', 377)
 2 SYSTEMPATH\CodeIgniter.php(933): App\Controllers\Pharmacy\Returns->getMedicinesByInvoice('PHM-OP-20250912-00021')
 3 SYSTEMPATH\CodeIgniter.php(507): CodeIgniter\CodeIgniter->runController(Object(App\Controllers\Pharmacy\Returns))
 4 SYSTEMPATH\CodeIgniter.php(354): CodeIgniter\CodeIgniter->handleRequest(null, Object(Config\Cache), false)
 5 SYSTEMPATH\Boot.php(334): CodeIgniter\CodeIgniter->run()
 6 SYSTEMPATH\Boot.php(67): CodeIgniter\Boot::runCodeIgniter(Object(CodeIgniter\CodeIgniter))
 7 FCPATH\index.php(46): CodeIgniter\Boot::bootWeb(Object(Config\Paths))
DEBUG - 2025-09-12 11:14:04 --> Session: Class initialized using 'CodeIgniter\Session\Handlers\FileHandler' driver.
DEBUG - 2025-09-12 11:14:04 --> Fetching medicines for invoice: PHM-OP-20250912-00021
DEBUG - 2025-09-12 11:14:04 --> Outside sale found with ID: 39
DEBUG - 2025-09-12 11:14:04 --> Found 2 sale items for outside sale
CRITICAL - 2025-09-12 11:14:04 --> ErrorException: Undefined array key "generic_name"
[Method: GET, Route: pharmacy/returns/getMedicinesByInvoice/PHM-OP-20250912-00021]
in APPPATH\Controllers\Pharmacy\Returns.php on line 377.
 1 APPPATH\Controllers\Pharmacy\Returns.php(377): CodeIgniter\Debug\Exceptions->errorHandler(2, 'Undefined array key "generic_name"', 'C:\\xampp\\htdocs\\hms_ram\\app\\Controllers\\Pharmacy\\Returns.php', 377)
 2 SYSTEMPATH\CodeIgniter.php(933): App\Controllers\Pharmacy\Returns->getMedicinesByInvoice('PHM-OP-20250912-00021')
 3 SYSTEMPATH\CodeIgniter.php(507): CodeIgniter\CodeIgniter->runController(Object(App\Controllers\Pharmacy\Returns))
 4 SYSTEMPATH\CodeIgniter.php(354): CodeIgniter\CodeIgniter->handleRequest(null, Object(Config\Cache), false)
 5 SYSTEMPATH\Boot.php(334): CodeIgniter\CodeIgniter->run()
 6 SYSTEMPATH\Boot.php(67): CodeIgniter\Boot::runCodeIgniter(Object(CodeIgniter\CodeIgniter))
 7 FCPATH\index.php(46): CodeIgniter\Boot::bootWeb(Object(Config\Paths))
DEBUG - 2025-09-12 11:14:06 --> Session: Class initialized using 'CodeIgniter\Session\Handlers\FileHandler' driver.
DEBUG - 2025-09-12 11:14:09 --> Session: Class initialized using 'CodeIgniter\Session\Handlers\FileHandler' driver.
DEBUG - 2025-09-12 11:14:09 --> Fetching medicines for invoice: PHM-OP-20250912-00021
DEBUG - 2025-09-12 11:14:09 --> Outside sale found with ID: 39
DEBUG - 2025-09-12 11:14:09 --> Found 2 sale items for outside sale
CRITICAL - 2025-09-12 11:14:09 --> ErrorException: Undefined array key "generic_name"
[Method: GET, Route: pharmacy/returns/getMedicinesByInvoice/PHM-OP-20250912-00021]
in APPPATH\Controllers\Pharmacy\Returns.php on line 377.
 1 APPPATH\Controllers\Pharmacy\Returns.php(377): CodeIgniter\Debug\Exceptions->errorHandler(2, 'Undefined array key "generic_name"', 'C:\\xampp\\htdocs\\hms_ram\\app\\Controllers\\Pharmacy\\Returns.php', 377)
 2 SYSTEMPATH\CodeIgniter.php(933): App\Controllers\Pharmacy\Returns->getMedicinesByInvoice('PHM-OP-20250912-00021')
 3 SYSTEMPATH\CodeIgniter.php(507): CodeIgniter\CodeIgniter->runController(Object(App\Controllers\Pharmacy\Returns))
 4 SYSTEMPATH\CodeIgniter.php(354): CodeIgniter\CodeIgniter->handleRequest(null, Object(Config\Cache), false)
 5 SYSTEMPATH\Boot.php(334): CodeIgniter\CodeIgniter->run()
 6 SYSTEMPATH\Boot.php(67): CodeIgniter\Boot::runCodeIgniter(Object(CodeIgniter\CodeIgniter))
 7 FCPATH\index.php(46): CodeIgniter\Boot::bootWeb(Object(Config\Paths))
DEBUG - 2025-09-12 11:14:09 --> Session: Class initialized using 'CodeIgniter\Session\Handlers\FileHandler' driver.
DEBUG - 2025-09-12 11:14:09 --> Fetching medicines for invoice: PHM-OP-20250912-00021
DEBUG - 2025-09-12 11:14:09 --> Outside sale found with ID: 39
DEBUG - 2025-09-12 11:14:09 --> Found 2 sale items for outside sale
CRITICAL - 2025-09-12 11:14:09 --> ErrorException: Undefined array key "generic_name"
[Method: GET, Route: pharmacy/returns/getMedicinesByInvoice/PHM-OP-20250912-00021]
in APPPATH\Controllers\Pharmacy\Returns.php on line 377.
 1 APPPATH\Controllers\Pharmacy\Returns.php(377): CodeIgniter\Debug\Exceptions->errorHandler(2, 'Undefined array key "generic_name"', 'C:\\xampp\\htdocs\\hms_ram\\app\\Controllers\\Pharmacy\\Returns.php', 377)
 2 SYSTEMPATH\CodeIgniter.php(933): App\Controllers\Pharmacy\Returns->getMedicinesByInvoice('PHM-OP-20250912-00021')
 3 SYSTEMPATH\CodeIgniter.php(507): CodeIgniter\CodeIgniter->runController(Object(App\Controllers\Pharmacy\Returns))
 4 SYSTEMPATH\CodeIgniter.php(354): CodeIgniter\CodeIgniter->handleRequest(null, Object(Config\Cache), false)
 5 SYSTEMPATH\Boot.php(334): CodeIgniter\CodeIgniter->run()
 6 SYSTEMPATH\Boot.php(67): CodeIgniter\Boot::runCodeIgniter(Object(CodeIgniter\CodeIgniter))
 7 FCPATH\index.php(46): CodeIgniter\Boot::bootWeb(Object(Config\Paths))
DEBUG - 2025-09-12 11:17:26 --> Session: Class initialized using 'CodeIgniter\Session\Handlers\FileHandler' driver.
DEBUG - 2025-09-12 11:17:26 --> Session: Class initialized using 'CodeIgniter\Session\Handlers\FileHandler' driver.
DEBUG - 2025-09-12 11:17:26 --> Session: Class initialized using 'CodeIgniter\Session\Handlers\FileHandler' driver.
DEBUG - 2025-09-12 11:17:27 --> Session: Class initialized using 'CodeIgniter\Session\Handlers\FileHandler' driver.
DEBUG - 2025-09-12 11:17:42 --> Session: Class initialized using 'CodeIgniter\Session\Handlers\FileHandler' driver.
DEBUG - 2025-09-12 11:17:42 --> Session: Class initialized using 'CodeIgniter\Session\Handlers\FileHandler' driver.
DEBUG - 2025-09-12 11:17:42 --> Session: Class initialized using 'CodeIgniter\Session\Handlers\FileHandler' driver.
DEBUG - 2025-09-12 11:17:42 --> Session: Class initialized using 'CodeIgniter\Session\Handlers\FileHandler' driver.
DEBUG - 2025-09-12 11:17:52 --> Session: Class initialized using 'CodeIgniter\Session\Handlers\FileHandler' driver.
DEBUG - 2025-09-12 11:17:52 --> Session: Class initialized using 'CodeIgniter\Session\Handlers\FileHandler' driver.
DEBUG - 2025-09-12 11:17:53 --> Session: Class initialized using 'CodeIgniter\Session\Handlers\FileHandler' driver.
DEBUG - 2025-09-12 11:17:53 --> Session: Class initialized using 'CodeIgniter\Session\Handlers\FileHandler' driver.
DEBUG - 2025-09-12 11:18:00 --> Session: Class initialized using 'CodeIgniter\Session\Handlers\FileHandler' driver.
DEBUG - 2025-09-12 11:18:02 --> Session: Class initialized using 'CodeIgniter\Session\Handlers\FileHandler' driver.
DEBUG - 2025-09-12 11:18:02 --> Fetching medicines for invoice: PHM-OP-20250903-00014
DEBUG - 2025-09-12 11:18:03 --> Outside sale found with ID: 32
DEBUG - 2025-09-12 11:18:03 --> Found 2 sale items for outside sale
CRITICAL - 2025-09-12 11:18:03 --> ErrorException: Undefined property: App\Controllers\Pharmacy\Returns::$db
[Method: GET, Route: pharmacy/returns/getMedicinesByInvoice/PHM-OP-20250903-00014]
in APPPATH\Controllers\Pharmacy\Returns.php on line 378.
 1 APPPATH\Controllers\Pharmacy\Returns.php(378): CodeIgniter\Debug\Exceptions->errorHandler(2, 'Undefined property: App\\Controllers\\Pharmacy\\Returns::$db', 'C:\\xampp\\htdocs\\hms_ram\\app\\Controllers\\Pharmacy\\Returns.php', 378)
 2 SYSTEMPATH\CodeIgniter.php(933): App\Controllers\Pharmacy\Returns->getMedicinesByInvoice('PHM-OP-20250903-00014')
 3 SYSTEMPATH\CodeIgniter.php(507): CodeIgniter\CodeIgniter->runController(Object(App\Controllers\Pharmacy\Returns))
 4 SYSTEMPATH\CodeIgniter.php(354): CodeIgniter\CodeIgniter->handleRequest(null, Object(Config\Cache), false)
 5 SYSTEMPATH\Boot.php(334): CodeIgniter\CodeIgniter->run()
 6 SYSTEMPATH\Boot.php(67): CodeIgniter\Boot::runCodeIgniter(Object(CodeIgniter\CodeIgniter))
 7 FCPATH\index.php(46): CodeIgniter\Boot::bootWeb(Object(Config\Paths))
DEBUG - 2025-09-12 11:18:04 --> Session: Class initialized using 'CodeIgniter\Session\Handlers\FileHandler' driver.
DEBUG - 2025-09-12 11:18:04 --> Fetching medicines for invoice: PHM-OP-20250903-00014
DEBUG - 2025-09-12 11:18:04 --> Outside sale found with ID: 32
DEBUG - 2025-09-12 11:18:04 --> Found 2 sale items for outside sale
CRITICAL - 2025-09-12 11:18:04 --> ErrorException: Undefined property: App\Controllers\Pharmacy\Returns::$db
[Method: GET, Route: pharmacy/returns/getMedicinesByInvoice/PHM-OP-20250903-00014]
in APPPATH\Controllers\Pharmacy\Returns.php on line 378.
 1 APPPATH\Controllers\Pharmacy\Returns.php(378): CodeIgniter\Debug\Exceptions->errorHandler(2, 'Undefined property: App\\Controllers\\Pharmacy\\Returns::$db', 'C:\\xampp\\htdocs\\hms_ram\\app\\Controllers\\Pharmacy\\Returns.php', 378)
 2 SYSTEMPATH\CodeIgniter.php(933): App\Controllers\Pharmacy\Returns->getMedicinesByInvoice('PHM-OP-20250903-00014')
 3 SYSTEMPATH\CodeIgniter.php(507): CodeIgniter\CodeIgniter->runController(Object(App\Controllers\Pharmacy\Returns))
 4 SYSTEMPATH\CodeIgniter.php(354): CodeIgniter\CodeIgniter->handleRequest(null, Object(Config\Cache), false)
 5 SYSTEMPATH\Boot.php(334): CodeIgniter\CodeIgniter->run()
 6 SYSTEMPATH\Boot.php(67): CodeIgniter\Boot::runCodeIgniter(Object(CodeIgniter\CodeIgniter))
 7 FCPATH\index.php(46): CodeIgniter\Boot::bootWeb(Object(Config\Paths))
DEBUG - 2025-09-12 11:18:14 --> Session: Class initialized using 'CodeIgniter\Session\Handlers\FileHandler' driver.
DEBUG - 2025-09-12 11:18:14 --> Fetching medicines for invoice: PHM-OP-20250903-00014
DEBUG - 2025-09-12 11:18:14 --> Outside sale found with ID: 32
DEBUG - 2025-09-12 11:18:14 --> Found 2 sale items for outside sale
CRITICAL - 2025-09-12 11:18:14 --> ErrorException: Undefined property: App\Controllers\Pharmacy\Returns::$db
[Method: GET, Route: pharmacy/returns/getMedicinesByInvoice/PHM-OP-20250903-00014]
in APPPATH\Controllers\Pharmacy\Returns.php on line 378.
 1 APPPATH\Controllers\Pharmacy\Returns.php(378): CodeIgniter\Debug\Exceptions->errorHandler(2, 'Undefined property: App\\Controllers\\Pharmacy\\Returns::$db', 'C:\\xampp\\htdocs\\hms_ram\\app\\Controllers\\Pharmacy\\Returns.php', 378)
 2 SYSTEMPATH\CodeIgniter.php(933): App\Controllers\Pharmacy\Returns->getMedicinesByInvoice('PHM-OP-20250903-00014')
 3 SYSTEMPATH\CodeIgniter.php(507): CodeIgniter\CodeIgniter->runController(Object(App\Controllers\Pharmacy\Returns))
 4 SYSTEMPATH\CodeIgniter.php(354): CodeIgniter\CodeIgniter->handleRequest(null, Object(Config\Cache), false)
 5 SYSTEMPATH\Boot.php(334): CodeIgniter\CodeIgniter->run()
 6 SYSTEMPATH\Boot.php(67): CodeIgniter\Boot::runCodeIgniter(Object(CodeIgniter\CodeIgniter))
 7 FCPATH\index.php(46): CodeIgniter\Boot::bootWeb(Object(Config\Paths))
DEBUG - 2025-09-12 11:18:33 --> Session: Class initialized using 'CodeIgniter\Session\Handlers\FileHandler' driver.
DEBUG - 2025-09-12 11:18:33 --> Fetching medicines for invoice: PHM-OP-20250903-00014
DEBUG - 2025-09-12 11:18:33 --> Outside sale found with ID: 32
DEBUG - 2025-09-12 11:18:33 --> Found 2 sale items for outside sale
CRITICAL - 2025-09-12 11:18:33 --> ErrorException: Undefined property: App\Controllers\Pharmacy\Returns::$db
[Method: GET, Route: pharmacy/returns/getMedicinesByInvoice/PHM-OP-20250903-00014]
in APPPATH\Controllers\Pharmacy\Returns.php on line 378.
 1 APPPATH\Controllers\Pharmacy\Returns.php(378): CodeIgniter\Debug\Exceptions->errorHandler(2, 'Undefined property: App\\Controllers\\Pharmacy\\Returns::$db', 'C:\\xampp\\htdocs\\hms_ram\\app\\Controllers\\Pharmacy\\Returns.php', 378)
 2 SYSTEMPATH\CodeIgniter.php(933): App\Controllers\Pharmacy\Returns->getMedicinesByInvoice('PHM-OP-20250903-00014')
 3 SYSTEMPATH\CodeIgniter.php(507): CodeIgniter\CodeIgniter->runController(Object(App\Controllers\Pharmacy\Returns))
 4 SYSTEMPATH\CodeIgniter.php(354): CodeIgniter\CodeIgniter->handleRequest(null, Object(Config\Cache), false)
 5 SYSTEMPATH\Boot.php(334): CodeIgniter\CodeIgniter->run()
 6 SYSTEMPATH\Boot.php(67): CodeIgniter\Boot::runCodeIgniter(Object(CodeIgniter\CodeIgniter))
 7 FCPATH\index.php(46): CodeIgniter\Boot::bootWeb(Object(Config\Paths))
DEBUG - 2025-09-12 11:18:40 --> Session: Class initialized using 'CodeIgniter\Session\Handlers\FileHandler' driver.
DEBUG - 2025-09-12 11:18:40 --> Fetching medicines for invoice: PHM-OP-20250903-00014
DEBUG - 2025-09-12 11:18:40 --> Outside sale found with ID: 32
DEBUG - 2025-09-12 11:18:40 --> Found 2 sale items for outside sale
CRITICAL - 2025-09-12 11:18:40 --> ErrorException: Undefined property: App\Controllers\Pharmacy\Returns::$db
[Method: GET, Route: pharmacy/returns/getMedicinesByInvoice/PHM-OP-20250903-00014]
in APPPATH\Controllers\Pharmacy\Returns.php on line 378.
 1 APPPATH\Controllers\Pharmacy\Returns.php(378): CodeIgniter\Debug\Exceptions->errorHandler(2, 'Undefined property: App\\Controllers\\Pharmacy\\Returns::$db', 'C:\\xampp\\htdocs\\hms_ram\\app\\Controllers\\Pharmacy\\Returns.php', 378)
 2 SYSTEMPATH\CodeIgniter.php(933): App\Controllers\Pharmacy\Returns->getMedicinesByInvoice('PHM-OP-20250903-00014')
 3 SYSTEMPATH\CodeIgniter.php(507): CodeIgniter\CodeIgniter->runController(Object(App\Controllers\Pharmacy\Returns))
 4 SYSTEMPATH\CodeIgniter.php(354): CodeIgniter\CodeIgniter->handleRequest(null, Object(Config\Cache), false)
 5 SYSTEMPATH\Boot.php(334): CodeIgniter\CodeIgniter->run()
 6 SYSTEMPATH\Boot.php(67): CodeIgniter\Boot::runCodeIgniter(Object(CodeIgniter\CodeIgniter))
 7 FCPATH\index.php(46): CodeIgniter\Boot::bootWeb(Object(Config\Paths))
DEBUG - 2025-09-12 11:19:04 --> Session: Class initialized using 'CodeIgniter\Session\Handlers\FileHandler' driver.
DEBUG - 2025-09-12 11:19:04 --> Fetching medicines for invoice: PHM-OP-20250903-00014
DEBUG - 2025-09-12 11:19:04 --> Outside sale found with ID: 32
DEBUG - 2025-09-12 11:19:04 --> Found 2 sale items for outside sale
CRITICAL - 2025-09-12 11:19:04 --> ErrorException: Undefined property: App\Controllers\Pharmacy\Returns::$db
[Method: GET, Route: pharmacy/returns/getMedicinesByInvoice/PHM-OP-20250903-00014]
in APPPATH\Controllers\Pharmacy\Returns.php on line 378.
 1 APPPATH\Controllers\Pharmacy\Returns.php(378): CodeIgniter\Debug\Exceptions->errorHandler(2, 'Undefined property: App\\Controllers\\Pharmacy\\Returns::$db', 'C:\\xampp\\htdocs\\hms_ram\\app\\Controllers\\Pharmacy\\Returns.php', 378)
 2 SYSTEMPATH\CodeIgniter.php(933): App\Controllers\Pharmacy\Returns->getMedicinesByInvoice('PHM-OP-20250903-00014')
 3 SYSTEMPATH\CodeIgniter.php(507): CodeIgniter\CodeIgniter->runController(Object(App\Controllers\Pharmacy\Returns))
 4 SYSTEMPATH\CodeIgniter.php(354): CodeIgniter\CodeIgniter->handleRequest(null, Object(Config\Cache), false)
 5 SYSTEMPATH\Boot.php(334): CodeIgniter\CodeIgniter->run()
 6 SYSTEMPATH\Boot.php(67): CodeIgniter\Boot::runCodeIgniter(Object(CodeIgniter\CodeIgniter))
 7 FCPATH\index.php(46): CodeIgniter\Boot::bootWeb(Object(Config\Paths))
DEBUG - 2025-09-12 11:19:06 --> Session: Class initialized using 'CodeIgniter\Session\Handlers\FileHandler' driver.
DEBUG - 2025-09-12 11:19:06 --> Fetching medicines for invoice: PHM-OP-20250903-00014
DEBUG - 2025-09-12 11:19:06 --> Outside sale found with ID: 32
DEBUG - 2025-09-12 11:19:06 --> Found 2 sale items for outside sale
CRITICAL - 2025-09-12 11:19:06 --> ErrorException: Undefined property: App\Controllers\Pharmacy\Returns::$db
[Method: GET, Route: pharmacy/returns/getMedicinesByInvoice/PHM-OP-20250903-00014]
in APPPATH\Controllers\Pharmacy\Returns.php on line 378.
 1 APPPATH\Controllers\Pharmacy\Returns.php(378): CodeIgniter\Debug\Exceptions->errorHandler(2, 'Undefined property: App\\Controllers\\Pharmacy\\Returns::$db', 'C:\\xampp\\htdocs\\hms_ram\\app\\Controllers\\Pharmacy\\Returns.php', 378)
 2 SYSTEMPATH\CodeIgniter.php(933): App\Controllers\Pharmacy\Returns->getMedicinesByInvoice('PHM-OP-20250903-00014')
 3 SYSTEMPATH\CodeIgniter.php(507): CodeIgniter\CodeIgniter->runController(Object(App\Controllers\Pharmacy\Returns))
 4 SYSTEMPATH\CodeIgniter.php(354): CodeIgniter\CodeIgniter->handleRequest(null, Object(Config\Cache), false)
 5 SYSTEMPATH\Boot.php(334): CodeIgniter\CodeIgniter->run()
 6 SYSTEMPATH\Boot.php(67): CodeIgniter\Boot::runCodeIgniter(Object(CodeIgniter\CodeIgniter))
 7 FCPATH\index.php(46): CodeIgniter\Boot::bootWeb(Object(Config\Paths))
DEBUG - 2025-09-12 11:23:26 --> Session: Class initialized using 'CodeIgniter\Session\Handlers\FileHandler' driver.
DEBUG - 2025-09-12 11:23:26 --> Fetching medicines for invoice: PHM-OP-20250903-00014
DEBUG - 2025-09-12 11:23:26 --> Outside sale found with ID: 32
DEBUG - 2025-09-12 11:23:26 --> Found 2 sale items for outside sale
CRITICAL - 2025-09-12 11:23:26 --> ErrorException: Undefined property: App\Controllers\Pharmacy\Returns::$db
[Method: GET, Route: pharmacy/returns/getMedicinesByInvoice/PHM-OP-20250903-00014]
in APPPATH\Controllers\Pharmacy\Returns.php on line 378.
 1 APPPATH\Controllers\Pharmacy\Returns.php(378): CodeIgniter\Debug\Exceptions->errorHandler(2, 'Undefined property: App\\Controllers\\Pharmacy\\Returns::$db', 'C:\\xampp\\htdocs\\hms_ram\\app\\Controllers\\Pharmacy\\Returns.php', 378)
 2 SYSTEMPATH\CodeIgniter.php(933): App\Controllers\Pharmacy\Returns->getMedicinesByInvoice('PHM-OP-20250903-00014')
 3 SYSTEMPATH\CodeIgniter.php(507): CodeIgniter\CodeIgniter->runController(Object(App\Controllers\Pharmacy\Returns))
 4 SYSTEMPATH\CodeIgniter.php(354): CodeIgniter\CodeIgniter->handleRequest(null, Object(Config\Cache), false)
 5 SYSTEMPATH\Boot.php(334): CodeIgniter\CodeIgniter->run()
 6 SYSTEMPATH\Boot.php(67): CodeIgniter\Boot::runCodeIgniter(Object(CodeIgniter\CodeIgniter))
 7 FCPATH\index.php(46): CodeIgniter\Boot::bootWeb(Object(Config\Paths))
DEBUG - 2025-09-12 11:23:34 --> Session: Class initialized using 'CodeIgniter\Session\Handlers\FileHandler' driver.
DEBUG - 2025-09-12 11:23:34 --> Session: Class initialized using 'CodeIgniter\Session\Handlers\FileHandler' driver.
DEBUG - 2025-09-12 11:23:34 --> Fetching medicines for invoice: PHM-OP-20250903-00014
DEBUG - 2025-09-12 11:23:34 --> Outside sale found with ID: 32
DEBUG - 2025-09-12 11:23:34 --> Found 2 sale items for outside sale
CRITICAL - 2025-09-12 11:23:34 --> Error: Call to a member function table() on null
[Method: GET, Route: pharmacy/returns/getMedicinesByInvoice/PHM-OP-20250903-00014]
in APPPATH\Controllers\Pharmacy\Returns.php on line 379.
 1 SYSTEMPATH\CodeIgniter.php(933): App\Controllers\Pharmacy\Returns->getMedicinesByInvoice('PHM-OP-20250903-00014')
 2 SYSTEMPATH\CodeIgniter.php(507): CodeIgniter\CodeIgniter->runController(Object(App\Controllers\Pharmacy\Returns))
 3 SYSTEMPATH\CodeIgniter.php(354): CodeIgniter\CodeIgniter->handleRequest(null, Object(Config\Cache), false)
 4 SYSTEMPATH\Boot.php(334): CodeIgniter\CodeIgniter->run()
 5 SYSTEMPATH\Boot.php(67): CodeIgniter\Boot::runCodeIgniter(Object(CodeIgniter\CodeIgniter))
 6 FCPATH\index.php(46): CodeIgniter\Boot::bootWeb(Object(Config\Paths))
DEBUG - 2025-09-12 11:23:34 --> Session: Class initialized using 'CodeIgniter\Session\Handlers\FileHandler' driver.
DEBUG - 2025-09-12 11:23:34 --> Session: Class initialized using 'CodeIgniter\Session\Handlers\FileHandler' driver.
DEBUG - 2025-09-12 11:23:34 --> Session: Class initialized using 'CodeIgniter\Session\Handlers\FileHandler' driver.
CRITICAL - 2025-09-12 11:23:35 --> ErrorException: unlink(C:\xampp\htdocs\hms_ram\writable\debugbar/debugbar_1757675862.188484.json): No such file or directory
[Method: GET, Route: /]
in SYSTEMPATH\Debug\Toolbar\Collectors\History.php on line 82.
 1 [internal function]: CodeIgniter\Debug\Exceptions->errorHandler(2, 'unlink(C:\\xampp\\htdocs\\hms_ram\\writable\\debugbar/debugbar_1757675862.188484.json): No such file or directory', 'C:\\xampp\\htdocs\\hms_ram\\system\\Debug\\Toolbar\\Collectors\\History.php', 82)
 2 SYSTEMPATH\Debug\Toolbar\Collectors\History.php(82): unlink('C:\\xampp\\htdocs\\hms_ram\\writable\\debugbar/debugbar_1757675862.188484.json')
 3 SYSTEMPATH\Debug\Toolbar.php(517): CodeIgniter\Debug\Toolbar\Collectors\History->setFiles('1757676214.191952', 20)
 4 SYSTEMPATH\Debug\Toolbar.php(496): CodeIgniter\Debug\Toolbar->format([...], 'html')
 5 APPPATH\Config\Events.php(47): CodeIgniter\Debug\Toolbar->respond()
 6 SYSTEMPATH\Events\Events.php(155): CodeIgniter\Events\Events::Config\{closure}()
 7 SYSTEMPATH\CodeIgniter.php(339): CodeIgniter\Events\Events::trigger('pre_system')
 8 SYSTEMPATH\Boot.php(334): CodeIgniter\CodeIgniter->run()
 9 SYSTEMPATH\Boot.php(67): CodeIgniter\Boot::runCodeIgniter(Object(CodeIgniter\CodeIgniter))
10 FCPATH\index.php(46): CodeIgniter\Boot::bootWeb(Object(Config\Paths))
DEBUG - 2025-09-12 11:23:36 --> Session: Class initialized using 'CodeIgniter\Session\Handlers\FileHandler' driver.
DEBUG - 2025-09-12 11:23:36 --> Fetching medicines for invoice: PHM-OP-20250903-00014
DEBUG - 2025-09-12 11:23:36 --> Outside sale found with ID: 32
DEBUG - 2025-09-12 11:23:36 --> Found 2 sale items for outside sale
CRITICAL - 2025-09-12 11:23:36 --> Error: Call to a member function table() on null
[Method: GET, Route: pharmacy/returns/getMedicinesByInvoice/PHM-OP-20250903-00014]
in APPPATH\Controllers\Pharmacy\Returns.php on line 379.
 1 SYSTEMPATH\CodeIgniter.php(933): App\Controllers\Pharmacy\Returns->getMedicinesByInvoice('PHM-OP-20250903-00014')
 2 SYSTEMPATH\CodeIgniter.php(507): CodeIgniter\CodeIgniter->runController(Object(App\Controllers\Pharmacy\Returns))
 3 SYSTEMPATH\CodeIgniter.php(354): CodeIgniter\CodeIgniter->handleRequest(null, Object(Config\Cache), false)
 4 SYSTEMPATH\Boot.php(334): CodeIgniter\CodeIgniter->run()
 5 SYSTEMPATH\Boot.php(67): CodeIgniter\Boot::runCodeIgniter(Object(CodeIgniter\CodeIgniter))
 6 FCPATH\index.php(46): CodeIgniter\Boot::bootWeb(Object(Config\Paths))
DEBUG - 2025-09-12 11:23:37 --> Session: Class initialized using 'CodeIgniter\Session\Handlers\FileHandler' driver.
DEBUG - 2025-09-12 11:23:37 --> Fetching medicines for invoice: PHM-OP-20250903-00014
DEBUG - 2025-09-12 11:23:37 --> Outside sale found with ID: 32
DEBUG - 2025-09-12 11:23:37 --> Found 2 sale items for outside sale
CRITICAL - 2025-09-12 11:23:37 --> Error: Call to a member function table() on null
[Method: GET, Route: pharmacy/returns/getMedicinesByInvoice/PHM-OP-20250903-00014]
in APPPATH\Controllers\Pharmacy\Returns.php on line 379.
 1 SYSTEMPATH\CodeIgniter.php(933): App\Controllers\Pharmacy\Returns->getMedicinesByInvoice('PHM-OP-20250903-00014')
 2 SYSTEMPATH\CodeIgniter.php(507): CodeIgniter\CodeIgniter->runController(Object(App\Controllers\Pharmacy\Returns))
 3 SYSTEMPATH\CodeIgniter.php(354): CodeIgniter\CodeIgniter->handleRequest(null, Object(Config\Cache), false)
 4 SYSTEMPATH\Boot.php(334): CodeIgniter\CodeIgniter->run()
 5 SYSTEMPATH\Boot.php(67): CodeIgniter\Boot::runCodeIgniter(Object(CodeIgniter\CodeIgniter))
 6 FCPATH\index.php(46): CodeIgniter\Boot::bootWeb(Object(Config\Paths))
DEBUG - 2025-09-12 11:23:40 --> Session: Class initialized using 'CodeIgniter\Session\Handlers\FileHandler' driver.
DEBUG - 2025-09-12 11:23:40 --> Fetching medicines for invoice: PHM-OP-20250903-00014
DEBUG - 2025-09-12 11:23:40 --> Outside sale found with ID: 32
DEBUG - 2025-09-12 11:23:40 --> Found 2 sale items for outside sale
CRITICAL - 2025-09-12 11:23:40 --> Error: Call to a member function table() on null
[Method: GET, Route: pharmacy/returns/getMedicinesByInvoice/PHM-OP-20250903-00014]
in APPPATH\Controllers\Pharmacy\Returns.php on line 379.
 1 SYSTEMPATH\CodeIgniter.php(933): App\Controllers\Pharmacy\Returns->getMedicinesByInvoice('PHM-OP-20250903-00014')
 2 SYSTEMPATH\CodeIgniter.php(507): CodeIgniter\CodeIgniter->runController(Object(App\Controllers\Pharmacy\Returns))
 3 SYSTEMPATH\CodeIgniter.php(354): CodeIgniter\CodeIgniter->handleRequest(null, Object(Config\Cache), false)
 4 SYSTEMPATH\Boot.php(334): CodeIgniter\CodeIgniter->run()
 5 SYSTEMPATH\Boot.php(67): CodeIgniter\Boot::runCodeIgniter(Object(CodeIgniter\CodeIgniter))
 6 FCPATH\index.php(46): CodeIgniter\Boot::bootWeb(Object(Config\Paths))
DEBUG - 2025-09-12 11:23:51 --> Session: Class initialized using 'CodeIgniter\Session\Handlers\FileHandler' driver.
DEBUG - 2025-09-12 11:23:51 --> Fetching medicines for invoice: PHM-OP-20250903-00014
DEBUG - 2025-09-12 11:23:51 --> Outside sale found with ID: 32
DEBUG - 2025-09-12 11:23:51 --> Found 2 sale items for outside sale
CRITICAL - 2025-09-12 11:23:51 --> Error: Call to a member function table() on null
[Method: GET, Route: pharmacy/returns/getMedicinesByInvoice/PHM-OP-20250903-00014]
in APPPATH\Controllers\Pharmacy\Returns.php on line 379.
 1 SYSTEMPATH\CodeIgniter.php(933): App\Controllers\Pharmacy\Returns->getMedicinesByInvoice('PHM-OP-20250903-00014')
 2 SYSTEMPATH\CodeIgniter.php(507): CodeIgniter\CodeIgniter->runController(Object(App\Controllers\Pharmacy\Returns))
 3 SYSTEMPATH\CodeIgniter.php(354): CodeIgniter\CodeIgniter->handleRequest(null, Object(Config\Cache), false)
 4 SYSTEMPATH\Boot.php(334): CodeIgniter\CodeIgniter->run()
 5 SYSTEMPATH\Boot.php(67): CodeIgniter\Boot::runCodeIgniter(Object(CodeIgniter\CodeIgniter))
 6 FCPATH\index.php(46): CodeIgniter\Boot::bootWeb(Object(Config\Paths))
DEBUG - 2025-09-12 11:23:55 --> Session: Class initialized using 'CodeIgniter\Session\Handlers\FileHandler' driver.
DEBUG - 2025-09-12 11:23:55 --> Session: Class initialized using 'CodeIgniter\Session\Handlers\FileHandler' driver.
DEBUG - 2025-09-12 11:23:55 --> Session: Class initialized using 'CodeIgniter\Session\Handlers\FileHandler' driver.
DEBUG - 2025-09-12 11:23:58 --> Session: Class initialized using 'CodeIgniter\Session\Handlers\FileHandler' driver.
DEBUG - 2025-09-12 11:23:58 --> Session: Class initialized using 'CodeIgniter\Session\Handlers\FileHandler' driver.
DEBUG - 2025-09-12 11:23:58 --> Session: Class initialized using 'CodeIgniter\Session\Handlers\FileHandler' driver.
DEBUG - 2025-09-12 11:24:11 --> Session: Class initialized using 'CodeIgniter\Session\Handlers\FileHandler' driver.
DEBUG - 2025-09-12 11:24:13 --> Session: Class initialized using 'CodeIgniter\Session\Handlers\FileHandler' driver.
DEBUG - 2025-09-12 11:24:13 --> Fetching medicines for invoice: PHM-OP-20250903-00014
DEBUG - 2025-09-12 11:24:13 --> Outside sale found with ID: 32
DEBUG - 2025-09-12 11:24:13 --> Found 2 sale items for outside sale
DEBUG - 2025-09-12 11:24:13 --> Session: Class initialized using 'CodeIgniter\Session\Handlers\FileHandler' driver.
DEBUG - 2025-09-12 11:24:13 --> Fetching medicines for invoice: PHM-OP-20250903-00014
DEBUG - 2025-09-12 11:24:13 --> Outside sale found with ID: 32
DEBUG - 2025-09-12 11:24:13 --> Found 2 sale items for outside sale
DEBUG - 2025-09-12 11:24:16 --> Session: Class initialized using 'CodeIgniter\Session\Handlers\FileHandler' driver.
DEBUG - 2025-09-12 11:24:18 --> Session: Class initialized using 'CodeIgniter\Session\Handlers\FileHandler' driver.
DEBUG - 2025-09-12 11:24:18 --> Fetching medicines for invoice: PHM-OP-20250903-00014
DEBUG - 2025-09-12 11:24:18 --> Outside sale found with ID: 32
DEBUG - 2025-09-12 11:24:18 --> Found 2 sale items for outside sale
DEBUG - 2025-09-12 11:24:20 --> Session: Class initialized using 'CodeIgniter\Session\Handlers\FileHandler' driver.
DEBUG - 2025-09-12 11:24:20 --> Fetching medicines for invoice: PHM-OP-20250903-00014
DEBUG - 2025-09-12 11:24:20 --> Outside sale found with ID: 32
DEBUG - 2025-09-12 11:24:20 --> Found 2 sale items for outside sale
DEBUG - 2025-09-12 11:24:33 --> Session: Class initialized using 'CodeIgniter\Session\Handlers\FileHandler' driver.
DEBUG - 2025-09-12 11:24:33 --> Fetching medicines for invoice: PHM-OP-20250912-00021
DEBUG - 2025-09-12 11:24:33 --> Outside sale found with ID: 39
DEBUG - 2025-09-12 11:24:33 --> Found 2 sale items for outside sale
DEBUG - 2025-09-12 11:24:33 --> Session: Class initialized using 'CodeIgniter\Session\Handlers\FileHandler' driver.
DEBUG - 2025-09-12 11:24:33 --> Fetching medicines for invoice: PHM-OP-20250912-00021
DEBUG - 2025-09-12 11:24:33 --> Outside sale found with ID: 39
DEBUG - 2025-09-12 11:24:33 --> Found 2 sale items for outside sale
DEBUG - 2025-09-12 11:24:37 --> Session: Class initialized using 'CodeIgniter\Session\Handlers\FileHandler' driver.
DEBUG - 2025-09-12 11:24:40 --> Session: Class initialized using 'CodeIgniter\Session\Handlers\FileHandler' driver.
DEBUG - 2025-09-12 11:24:40 --> Fetching medicines for invoice: PHM-OP-20250912-00021
DEBUG - 2025-09-12 11:24:40 --> Outside sale found with ID: 39
DEBUG - 2025-09-12 11:24:40 --> Found 2 sale items for outside sale
DEBUG - 2025-09-12 11:24:41 --> Session: Class initialized using 'CodeIgniter\Session\Handlers\FileHandler' driver.
DEBUG - 2025-09-12 11:24:41 --> Fetching medicines for invoice: PHM-OP-20250912-00021
DEBUG - 2025-09-12 11:24:41 --> Outside sale found with ID: 39
DEBUG - 2025-09-12 11:24:41 --> Found 2 sale items for outside sale
DEBUG - 2025-09-12 11:25:10 --> Session: Class initialized using 'CodeIgniter\Session\Handlers\FileHandler' driver.
DEBUG - 2025-09-12 11:25:10 --> POST DATA: {"invoice_number":"PHM-OP-20250912-00021","sale_item_id":"81","sale_id":"39","billing_id":"","quantity_returned":"1","medicine_condition":"Good","return_reason":"re reg ","notes":""}
DEBUG - 2025-09-12 11:25:10 --> Session: Class initialized using 'CodeIgniter\Session\Handlers\FileHandler' driver.
DEBUG - 2025-09-12 11:25:17 --> Session: Class initialized using 'CodeIgniter\Session\Handlers\FileHandler' driver.
ERROR - 2025-09-12 11:25:17 --> mysqli_sql_exception: Not unique table/alias: 'pm' in C:\xampp\htdocs\hms_ram\system\Database\MySQLi\Connection.php:327
Stack trace:
#0 C:\xampp\htdocs\hms_ram\system\Database\MySQLi\Connection.php(327): mysqli->query('SELECT `pharmac...', 0)
#1 C:\xampp\htdocs\hms_ram\system\Database\BaseConnection.php(738): CodeIgniter\Database\MySQLi\Connection->execute('SELECT `pharmac...')
#2 C:\xampp\htdocs\hms_ram\system\Database\BaseConnection.php(652): CodeIgniter\Database\BaseConnection->simpleQuery('SELECT `pharmac...')
#3 C:\xampp\htdocs\hms_ram\system\Database\BaseBuilder.php(1649): CodeIgniter\Database\BaseConnection->query('SELECT `pharmac...', Array, false)
#4 C:\xampp\htdocs\hms_ram\system\Model.php(330): CodeIgniter\Database\BaseBuilder->get()
#5 C:\xampp\htdocs\hms_ram\system\BaseModel.php(717): CodeIgniter\Model->doFirst()
#6 C:\xampp\htdocs\hms_ram\app\Controllers\Pharmacy\Returns.php(178): CodeIgniter\BaseModel->first()
#7 C:\xampp\htdocs\hms_ram\system\CodeIgniter.php(933): App\Controllers\Pharmacy\Returns->approve('28')
#8 C:\xampp\htdocs\hms_ram\system\CodeIgniter.php(507): CodeIgniter\CodeIgniter->runController(Object(App\Controllers\Pharmacy\Returns))
#9 C:\xampp\htdocs\hms_ram\system\CodeIgniter.php(354): CodeIgniter\CodeIgniter->handleRequest(NULL, Object(Config\Cache), false)
#10 C:\xampp\htdocs\hms_ram\system\Boot.php(334): CodeIgniter\CodeIgniter->run()
#11 C:\xampp\htdocs\hms_ram\system\Boot.php(67): CodeIgniter\Boot::runCodeIgniter(Object(CodeIgniter\CodeIgniter))
#12 C:\xampp\htdocs\hms_ram\index.php(46): CodeIgniter\Boot::bootWeb(Object(Config\Paths))
#13 {main}
CRITICAL - 2025-09-12 11:25:17 --> CodeIgniter\Database\Exceptions\DatabaseException: Not unique table/alias: 'pm'
[Method: GET, Route: pharmacy/returns/approve/28]
in SYSTEMPATH\Database\BaseConnection.php on line 692.
 1 SYSTEMPATH\Database\BaseBuilder.php(1649): CodeIgniter\Database\BaseConnection->query('SELECT `pharmacy_returns`.*, `ps`.`invoice_number`, CONCAT(pb2.brand_name, " (", `pg`.`generic_name`, ", ", `pm`.`strength`, ")") as medicine_name, `pb`.`batch_number`, `psale_item`.`quantity` as `sold_quantity`
FROM `pharmacy_returns`
LEFT JOIN `pharmacy_medicines` `pm` ON `pm`.`id` = `pharmacy_returns`.`medicine_id`
LEFT JOIN `pharmacy_generics` `pg` ON `pg`.`id` = `pm`.`generic_id`
LEFT JOIN `pharmacy_brands` `pb2` ON `pb2`.`id` = `pm`.`brand_id`
LEFT JOIN `pharmacy_sale_items` `psale_item` ON `psale_item`.`id` = `pharmacy_returns`.`sale_item_id`
LEFT JOIN `pharmacy_medicines` `pm` ON `pm`.`id` = `pharmacy_returns`.`medicine_id`
LEFT JOIN `pharmacy_batches` `pb` ON `pb`.`id` = `pharmacy_returns`.`batch_id`
WHERE `pharmacy_returns`.`id` = :pharmacy_returns.id:
 LIMIT 1', [...], false)
 2 SYSTEMPATH\Model.php(330): CodeIgniter\Database\BaseBuilder->get()
 3 SYSTEMPATH\BaseModel.php(717): CodeIgniter\Model->doFirst()
 4 APPPATH\Controllers\Pharmacy\Returns.php(178): CodeIgniter\BaseModel->first()
 5 SYSTEMPATH\CodeIgniter.php(933): App\Controllers\Pharmacy\Returns->approve('28')
 6 SYSTEMPATH\CodeIgniter.php(507): CodeIgniter\CodeIgniter->runController(Object(App\Controllers\Pharmacy\Returns))
 7 SYSTEMPATH\CodeIgniter.php(354): CodeIgniter\CodeIgniter->handleRequest(null, Object(Config\Cache), false)
 8 SYSTEMPATH\Boot.php(334): CodeIgniter\CodeIgniter->run()
 9 SYSTEMPATH\Boot.php(67): CodeIgniter\Boot::runCodeIgniter(Object(CodeIgniter\CodeIgniter))
10 FCPATH\index.php(46): CodeIgniter\Boot::bootWeb(Object(Config\Paths))
CRITICAL - 2025-09-12 11:25:17 --> [Caused by] CodeIgniter\Database\Exceptions\DatabaseException: Not unique table/alias: 'pm'
in SYSTEMPATH\Database\MySQLi\Connection.php on line 332.
 1 SYSTEMPATH\Database\BaseConnection.php(738): CodeIgniter\Database\MySQLi\Connection->execute('SELECT `pharmacy_returns`.*, `ps`.`invoice_number`, CONCAT(pb2.brand_name, " (", `pg`.`generic_name`, ", ", `pm`.`strength`, ")") as medicine_name, `pb`.`batch_number`, `psale_item`.`quantity` as `sold_quantity`
FROM `pharmacy_returns`
LEFT JOIN `pharmacy_medicines` `pm` ON `pm`.`id` = `pharmacy_returns`.`medicine_id`
LEFT JOIN `pharmacy_generics` `pg` ON `pg`.`id` = `pm`.`generic_id`
LEFT JOIN `pharmacy_brands` `pb2` ON `pb2`.`id` = `pm`.`brand_id`
LEFT JOIN `pharmacy_sale_items` `psale_item` ON `psale_item`.`id` = `pharmacy_returns`.`sale_item_id`
LEFT JOIN `pharmacy_medicines` `pm` ON `pm`.`id` = `pharmacy_returns`.`medicine_id`
LEFT JOIN `pharmacy_batches` `pb` ON `pb`.`id` = `pharmacy_returns`.`batch_id`
WHERE `pharmacy_returns`.`id` = \'28\'
 LIMIT 1')
 2 SYSTEMPATH\Database\BaseConnection.php(652): CodeIgniter\Database\BaseConnection->simpleQuery('SELECT `pharmacy_returns`.*, `ps`.`invoice_number`, CONCAT(pb2.brand_name, " (", `pg`.`generic_name`, ", ", `pm`.`strength`, ")") as medicine_name, `pb`.`batch_number`, `psale_item`.`quantity` as `sold_quantity`
FROM `pharmacy_returns`
LEFT JOIN `pharmacy_medicines` `pm` ON `pm`.`id` = `pharmacy_returns`.`medicine_id`
LEFT JOIN `pharmacy_generics` `pg` ON `pg`.`id` = `pm`.`generic_id`
LEFT JOIN `pharmacy_brands` `pb2` ON `pb2`.`id` = `pm`.`brand_id`
LEFT JOIN `pharmacy_sale_items` `psale_item` ON `psale_item`.`id` = `pharmacy_returns`.`sale_item_id`
LEFT JOIN `pharmacy_medicines` `pm` ON `pm`.`id` = `pharmacy_returns`.`medicine_id`
LEFT JOIN `pharmacy_batches` `pb` ON `pb`.`id` = `pharmacy_returns`.`batch_id`
WHERE `pharmacy_returns`.`id` = \'28\'
 LIMIT 1')
 3 SYSTEMPATH\Database\BaseBuilder.php(1649): CodeIgniter\Database\BaseConnection->query('SELECT `pharmacy_returns`.*, `ps`.`invoice_number`, CONCAT(pb2.brand_name, " (", `pg`.`generic_name`, ", ", `pm`.`strength`, ")") as medicine_name, `pb`.`batch_number`, `psale_item`.`quantity` as `sold_quantity`
FROM `pharmacy_returns`
LEFT JOIN `pharmacy_medicines` `pm` ON `pm`.`id` = `pharmacy_returns`.`medicine_id`
LEFT JOIN `pharmacy_generics` `pg` ON `pg`.`id` = `pm`.`generic_id`
LEFT JOIN `pharmacy_brands` `pb2` ON `pb2`.`id` = `pm`.`brand_id`
LEFT JOIN `pharmacy_sale_items` `psale_item` ON `psale_item`.`id` = `pharmacy_returns`.`sale_item_id`
LEFT JOIN `pharmacy_medicines` `pm` ON `pm`.`id` = `pharmacy_returns`.`medicine_id`
LEFT JOIN `pharmacy_batches` `pb` ON `pb`.`id` = `pharmacy_returns`.`batch_id`
WHERE `pharmacy_returns`.`id` = :pharmacy_returns.id:
 LIMIT 1', [...], false)
 4 SYSTEMPATH\Model.php(330): CodeIgniter\Database\BaseBuilder->get()
 5 SYSTEMPATH\BaseModel.php(717): CodeIgniter\Model->doFirst()
 6 APPPATH\Controllers\Pharmacy\Returns.php(178): CodeIgniter\BaseModel->first()
 7 SYSTEMPATH\CodeIgniter.php(933): App\Controllers\Pharmacy\Returns->approve('28')
 8 SYSTEMPATH\CodeIgniter.php(507): CodeIgniter\CodeIgniter->runController(Object(App\Controllers\Pharmacy\Returns))
 9 SYSTEMPATH\CodeIgniter.php(354): CodeIgniter\CodeIgniter->handleRequest(null, Object(Config\Cache), false)
10 SYSTEMPATH\Boot.php(334): CodeIgniter\CodeIgniter->run()
11 SYSTEMPATH\Boot.php(67): CodeIgniter\Boot::runCodeIgniter(Object(CodeIgniter\CodeIgniter))
12 FCPATH\index.php(46): CodeIgniter\Boot::bootWeb(Object(Config\Paths))
CRITICAL - 2025-09-12 11:25:17 --> [Caused by] mysqli_sql_exception: Not unique table/alias: 'pm'
in SYSTEMPATH\Database\MySQLi\Connection.php on line 327.
 1 SYSTEMPATH\Database\MySQLi\Connection.php(327): mysqli->query('SELECT `pharmacy_returns`.*, `ps`.`invoice_number`, CONCAT(pb2.brand_name, " (", `pg`.`generic_name`, ", ", `pm`.`strength`, ")") as medicine_name, `pb`.`batch_number`, `psale_item`.`quantity` as `sold_quantity`
FROM `pharmacy_returns`
LEFT JOIN `pharmacy_medicines` `pm` ON `pm`.`id` = `pharmacy_returns`.`medicine_id`
LEFT JOIN `pharmacy_generics` `pg` ON `pg`.`id` = `pm`.`generic_id`
LEFT JOIN `pharmacy_brands` `pb2` ON `pb2`.`id` = `pm`.`brand_id`
LEFT JOIN `pharmacy_sale_items` `psale_item` ON `psale_item`.`id` = `pharmacy_returns`.`sale_item_id`
LEFT JOIN `pharmacy_medicines` `pm` ON `pm`.`id` = `pharmacy_returns`.`medicine_id`
LEFT JOIN `pharmacy_batches` `pb` ON `pb`.`id` = `pharmacy_returns`.`batch_id`
WHERE `pharmacy_returns`.`id` = \'28\'
 LIMIT 1', 0)
 2 SYSTEMPATH\Database\BaseConnection.php(738): CodeIgniter\Database\MySQLi\Connection->execute('SELECT `pharmacy_returns`.*, `ps`.`invoice_number`, CONCAT(pb2.brand_name, " (", `pg`.`generic_name`, ", ", `pm`.`strength`, ")") as medicine_name, `pb`.`batch_number`, `psale_item`.`quantity` as `sold_quantity`
FROM `pharmacy_returns`
LEFT JOIN `pharmacy_medicines` `pm` ON `pm`.`id` = `pharmacy_returns`.`medicine_id`
LEFT JOIN `pharmacy_generics` `pg` ON `pg`.`id` = `pm`.`generic_id`
LEFT JOIN `pharmacy_brands` `pb2` ON `pb2`.`id` = `pm`.`brand_id`
LEFT JOIN `pharmacy_sale_items` `psale_item` ON `psale_item`.`id` = `pharmacy_returns`.`sale_item_id`
LEFT JOIN `pharmacy_medicines` `pm` ON `pm`.`id` = `pharmacy_returns`.`medicine_id`
LEFT JOIN `pharmacy_batches` `pb` ON `pb`.`id` = `pharmacy_returns`.`batch_id`
WHERE `pharmacy_returns`.`id` = \'28\'
 LIMIT 1')
 3 SYSTEMPATH\Database\BaseConnection.php(652): CodeIgniter\Database\BaseConnection->simpleQuery('SELECT `pharmacy_returns`.*, `ps`.`invoice_number`, CONCAT(pb2.brand_name, " (", `pg`.`generic_name`, ", ", `pm`.`strength`, ")") as medicine_name, `pb`.`batch_number`, `psale_item`.`quantity` as `sold_quantity`
FROM `pharmacy_returns`
LEFT JOIN `pharmacy_medicines` `pm` ON `pm`.`id` = `pharmacy_returns`.`medicine_id`
LEFT JOIN `pharmacy_generics` `pg` ON `pg`.`id` = `pm`.`generic_id`
LEFT JOIN `pharmacy_brands` `pb2` ON `pb2`.`id` = `pm`.`brand_id`
LEFT JOIN `pharmacy_sale_items` `psale_item` ON `psale_item`.`id` = `pharmacy_returns`.`sale_item_id`
LEFT JOIN `pharmacy_medicines` `pm` ON `pm`.`id` = `pharmacy_returns`.`medicine_id`
LEFT JOIN `pharmacy_batches` `pb` ON `pb`.`id` = `pharmacy_returns`.`batch_id`
WHERE `pharmacy_returns`.`id` = \'28\'
 LIMIT 1')
 4 SYSTEMPATH\Database\BaseBuilder.php(1649): CodeIgniter\Database\BaseConnection->query('SELECT `pharmacy_returns`.*, `ps`.`invoice_number`, CONCAT(pb2.brand_name, " (", `pg`.`generic_name`, ", ", `pm`.`strength`, ")") as medicine_name, `pb`.`batch_number`, `psale_item`.`quantity` as `sold_quantity`
FROM `pharmacy_returns`
LEFT JOIN `pharmacy_medicines` `pm` ON `pm`.`id` = `pharmacy_returns`.`medicine_id`
LEFT JOIN `pharmacy_generics` `pg` ON `pg`.`id` = `pm`.`generic_id`
LEFT JOIN `pharmacy_brands` `pb2` ON `pb2`.`id` = `pm`.`brand_id`
LEFT JOIN `pharmacy_sale_items` `psale_item` ON `psale_item`.`id` = `pharmacy_returns`.`sale_item_id`
LEFT JOIN `pharmacy_medicines` `pm` ON `pm`.`id` = `pharmacy_returns`.`medicine_id`
LEFT JOIN `pharmacy_batches` `pb` ON `pb`.`id` = `pharmacy_returns`.`batch_id`
WHERE `pharmacy_returns`.`id` = :pharmacy_returns.id:
 LIMIT 1', [...], false)
 5 SYSTEMPATH\Model.php(330): CodeIgniter\Database\BaseBuilder->get()
 6 SYSTEMPATH\BaseModel.php(717): CodeIgniter\Model->doFirst()
 7 APPPATH\Controllers\Pharmacy\Returns.php(178): CodeIgniter\BaseModel->first()
 8 SYSTEMPATH\CodeIgniter.php(933): App\Controllers\Pharmacy\Returns->approve('28')
 9 SYSTEMPATH\CodeIgniter.php(507): CodeIgniter\CodeIgniter->runController(Object(App\Controllers\Pharmacy\Returns))
10 SYSTEMPATH\CodeIgniter.php(354): CodeIgniter\CodeIgniter->handleRequest(null, Object(Config\Cache), false)
11 SYSTEMPATH\Boot.php(334): CodeIgniter\CodeIgniter->run()
12 SYSTEMPATH\Boot.php(67): CodeIgniter\Boot::runCodeIgniter(Object(CodeIgniter\CodeIgniter))
13 FCPATH\index.php(46): CodeIgniter\Boot::bootWeb(Object(Config\Paths))
DEBUG - 2025-09-12 11:25:18 --> Session: Class initialized using 'CodeIgniter\Session\Handlers\FileHandler' driver.
DEBUG - 2025-09-12 11:25:19 --> Session: Class initialized using 'CodeIgniter\Session\Handlers\FileHandler' driver.
DEBUG - 2025-09-12 11:25:36 --> Session: Class initialized using 'CodeIgniter\Session\Handlers\FileHandler' driver.
DEBUG - 2025-09-12 11:25:40 --> Session: Class initialized using 'CodeIgniter\Session\Handlers\FileHandler' driver.
DEBUG - 2025-09-12 11:25:40 --> Fetching medicines for invoice: PHM-IP-20250912-00022
DEBUG - 2025-09-12 11:25:40 --> In-hospital billing found with ID: 23
DEBUG - 2025-09-12 11:25:40 --> Found 2 sale items for in-hospital billing
DEBUG - 2025-09-12 11:25:40 --> Session: Class initialized using 'CodeIgniter\Session\Handlers\FileHandler' driver.
DEBUG - 2025-09-12 11:25:40 --> Fetching medicines for invoice: PHM-IP-20250912-00022
DEBUG - 2025-09-12 11:25:40 --> In-hospital billing found with ID: 23
DEBUG - 2025-09-12 11:25:40 --> Found 2 sale items for in-hospital billing
DEBUG - 2025-09-12 11:25:49 --> Session: Class initialized using 'CodeIgniter\Session\Handlers\FileHandler' driver.
DEBUG - 2025-09-12 11:25:49 --> POST DATA: {"invoice_number":"PHM-IP-20250912-00022","sale_item_id":"83","sale_id":"","billing_id":"23","quantity_returned":"1","medicine_condition":"Damaged","return_reason":"fdbz bszre","notes":"ragvgreg"}
DEBUG - 2025-09-12 11:25:49 --> Session: Class initialized using 'CodeIgniter\Session\Handlers\FileHandler' driver.
DEBUG - 2025-09-12 11:25:52 --> Session: Class initialized using 'CodeIgniter\Session\Handlers\FileHandler' driver.
ERROR - 2025-09-12 11:25:52 --> mysqli_sql_exception: Not unique table/alias: 'pm' in C:\xampp\htdocs\hms_ram\system\Database\MySQLi\Connection.php:327
Stack trace:
#0 C:\xampp\htdocs\hms_ram\system\Database\MySQLi\Connection.php(327): mysqli->query('SELECT `pharmac...', 0)
#1 C:\xampp\htdocs\hms_ram\system\Database\BaseConnection.php(738): CodeIgniter\Database\MySQLi\Connection->execute('SELECT `pharmac...')
#2 C:\xampp\htdocs\hms_ram\system\Database\BaseConnection.php(652): CodeIgniter\Database\BaseConnection->simpleQuery('SELECT `pharmac...')
#3 C:\xampp\htdocs\hms_ram\system\Database\BaseBuilder.php(1649): CodeIgniter\Database\BaseConnection->query('SELECT `pharmac...', Array, false)
#4 C:\xampp\htdocs\hms_ram\system\Model.php(330): CodeIgniter\Database\BaseBuilder->get()
#5 C:\xampp\htdocs\hms_ram\system\BaseModel.php(717): CodeIgniter\Model->doFirst()
#6 C:\xampp\htdocs\hms_ram\app\Controllers\Pharmacy\Returns.php(178): CodeIgniter\BaseModel->first()
#7 C:\xampp\htdocs\hms_ram\system\CodeIgniter.php(933): App\Controllers\Pharmacy\Returns->approve('28')
#8 C:\xampp\htdocs\hms_ram\system\CodeIgniter.php(507): CodeIgniter\CodeIgniter->runController(Object(App\Controllers\Pharmacy\Returns))
#9 C:\xampp\htdocs\hms_ram\system\CodeIgniter.php(354): CodeIgniter\CodeIgniter->handleRequest(NULL, Object(Config\Cache), false)
#10 C:\xampp\htdocs\hms_ram\system\Boot.php(334): CodeIgniter\CodeIgniter->run()
#11 C:\xampp\htdocs\hms_ram\system\Boot.php(67): CodeIgniter\Boot::runCodeIgniter(Object(CodeIgniter\CodeIgniter))
#12 C:\xampp\htdocs\hms_ram\index.php(46): CodeIgniter\Boot::bootWeb(Object(Config\Paths))
#13 {main}
CRITICAL - 2025-09-12 11:25:52 --> CodeIgniter\Database\Exceptions\DatabaseException: Not unique table/alias: 'pm'
[Method: GET, Route: pharmacy/returns/approve/28]
in SYSTEMPATH\Database\BaseConnection.php on line 692.
 1 SYSTEMPATH\Database\BaseBuilder.php(1649): CodeIgniter\Database\BaseConnection->query('SELECT `pharmacy_returns`.*, `ps`.`invoice_number`, CONCAT(pb2.brand_name, " (", `pg`.`generic_name`, ", ", `pm`.`strength`, ")") as medicine_name, `pb`.`batch_number`, `psale_item`.`quantity` as `sold_quantity`
FROM `pharmacy_returns`
LEFT JOIN `pharmacy_medicines` `pm` ON `pm`.`id` = `pharmacy_returns`.`medicine_id`
LEFT JOIN `pharmacy_generics` `pg` ON `pg`.`id` = `pm`.`generic_id`
LEFT JOIN `pharmacy_brands` `pb2` ON `pb2`.`id` = `pm`.`brand_id`
LEFT JOIN `pharmacy_sale_items` `psale_item` ON `psale_item`.`id` = `pharmacy_returns`.`sale_item_id`
LEFT JOIN `pharmacy_medicines` `pm` ON `pm`.`id` = `pharmacy_returns`.`medicine_id`
LEFT JOIN `pharmacy_batches` `pb` ON `pb`.`id` = `pharmacy_returns`.`batch_id`
WHERE `pharmacy_returns`.`id` = :pharmacy_returns.id:
 LIMIT 1', [...], false)
 2 SYSTEMPATH\Model.php(330): CodeIgniter\Database\BaseBuilder->get()
 3 SYSTEMPATH\BaseModel.php(717): CodeIgniter\Model->doFirst()
 4 APPPATH\Controllers\Pharmacy\Returns.php(178): CodeIgniter\BaseModel->first()
 5 SYSTEMPATH\CodeIgniter.php(933): App\Controllers\Pharmacy\Returns->approve('28')
 6 SYSTEMPATH\CodeIgniter.php(507): CodeIgniter\CodeIgniter->runController(Object(App\Controllers\Pharmacy\Returns))
 7 SYSTEMPATH\CodeIgniter.php(354): CodeIgniter\CodeIgniter->handleRequest(null, Object(Config\Cache), false)
 8 SYSTEMPATH\Boot.php(334): CodeIgniter\CodeIgniter->run()
 9 SYSTEMPATH\Boot.php(67): CodeIgniter\Boot::runCodeIgniter(Object(CodeIgniter\CodeIgniter))
10 FCPATH\index.php(46): CodeIgniter\Boot::bootWeb(Object(Config\Paths))
CRITICAL - 2025-09-12 11:25:52 --> [Caused by] CodeIgniter\Database\Exceptions\DatabaseException: Not unique table/alias: 'pm'
in SYSTEMPATH\Database\MySQLi\Connection.php on line 332.
 1 SYSTEMPATH\Database\BaseConnection.php(738): CodeIgniter\Database\MySQLi\Connection->execute('SELECT `pharmacy_returns`.*, `ps`.`invoice_number`, CONCAT(pb2.brand_name, " (", `pg`.`generic_name`, ", ", `pm`.`strength`, ")") as medicine_name, `pb`.`batch_number`, `psale_item`.`quantity` as `sold_quantity`
FROM `pharmacy_returns`
LEFT JOIN `pharmacy_medicines` `pm` ON `pm`.`id` = `pharmacy_returns`.`medicine_id`
LEFT JOIN `pharmacy_generics` `pg` ON `pg`.`id` = `pm`.`generic_id`
LEFT JOIN `pharmacy_brands` `pb2` ON `pb2`.`id` = `pm`.`brand_id`
LEFT JOIN `pharmacy_sale_items` `psale_item` ON `psale_item`.`id` = `pharmacy_returns`.`sale_item_id`
LEFT JOIN `pharmacy_medicines` `pm` ON `pm`.`id` = `pharmacy_returns`.`medicine_id`
LEFT JOIN `pharmacy_batches` `pb` ON `pb`.`id` = `pharmacy_returns`.`batch_id`
WHERE `pharmacy_returns`.`id` = \'28\'
 LIMIT 1')
 2 SYSTEMPATH\Database\BaseConnection.php(652): CodeIgniter\Database\BaseConnection->simpleQuery('SELECT `pharmacy_returns`.*, `ps`.`invoice_number`, CONCAT(pb2.brand_name, " (", `pg`.`generic_name`, ", ", `pm`.`strength`, ")") as medicine_name, `pb`.`batch_number`, `psale_item`.`quantity` as `sold_quantity`
FROM `pharmacy_returns`
LEFT JOIN `pharmacy_medicines` `pm` ON `pm`.`id` = `pharmacy_returns`.`medicine_id`
LEFT JOIN `pharmacy_generics` `pg` ON `pg`.`id` = `pm`.`generic_id`
LEFT JOIN `pharmacy_brands` `pb2` ON `pb2`.`id` = `pm`.`brand_id`
LEFT JOIN `pharmacy_sale_items` `psale_item` ON `psale_item`.`id` = `pharmacy_returns`.`sale_item_id`
LEFT JOIN `pharmacy_medicines` `pm` ON `pm`.`id` = `pharmacy_returns`.`medicine_id`
LEFT JOIN `pharmacy_batches` `pb` ON `pb`.`id` = `pharmacy_returns`.`batch_id`
WHERE `pharmacy_returns`.`id` = \'28\'
 LIMIT 1')
 3 SYSTEMPATH\Database\BaseBuilder.php(1649): CodeIgniter\Database\BaseConnection->query('SELECT `pharmacy_returns`.*, `ps`.`invoice_number`, CONCAT(pb2.brand_name, " (", `pg`.`generic_name`, ", ", `pm`.`strength`, ")") as medicine_name, `pb`.`batch_number`, `psale_item`.`quantity` as `sold_quantity`
FROM `pharmacy_returns`
LEFT JOIN `pharmacy_medicines` `pm` ON `pm`.`id` = `pharmacy_returns`.`medicine_id`
LEFT JOIN `pharmacy_generics` `pg` ON `pg`.`id` = `pm`.`generic_id`
LEFT JOIN `pharmacy_brands` `pb2` ON `pb2`.`id` = `pm`.`brand_id`
LEFT JOIN `pharmacy_sale_items` `psale_item` ON `psale_item`.`id` = `pharmacy_returns`.`sale_item_id`
LEFT JOIN `pharmacy_medicines` `pm` ON `pm`.`id` = `pharmacy_returns`.`medicine_id`
LEFT JOIN `pharmacy_batches` `pb` ON `pb`.`id` = `pharmacy_returns`.`batch_id`
WHERE `pharmacy_returns`.`id` = :pharmacy_returns.id:
 LIMIT 1', [...], false)
 4 SYSTEMPATH\Model.php(330): CodeIgniter\Database\BaseBuilder->get()
 5 SYSTEMPATH\BaseModel.php(717): CodeIgniter\Model->doFirst()
 6 APPPATH\Controllers\Pharmacy\Returns.php(178): CodeIgniter\BaseModel->first()
 7 SYSTEMPATH\CodeIgniter.php(933): App\Controllers\Pharmacy\Returns->approve('28')
 8 SYSTEMPATH\CodeIgniter.php(507): CodeIgniter\CodeIgniter->runController(Object(App\Controllers\Pharmacy\Returns))
 9 SYSTEMPATH\CodeIgniter.php(354): CodeIgniter\CodeIgniter->handleRequest(null, Object(Config\Cache), false)
10 SYSTEMPATH\Boot.php(334): CodeIgniter\CodeIgniter->run()
11 SYSTEMPATH\Boot.php(67): CodeIgniter\Boot::runCodeIgniter(Object(CodeIgniter\CodeIgniter))
12 FCPATH\index.php(46): CodeIgniter\Boot::bootWeb(Object(Config\Paths))
CRITICAL - 2025-09-12 11:25:52 --> [Caused by] mysqli_sql_exception: Not unique table/alias: 'pm'
in SYSTEMPATH\Database\MySQLi\Connection.php on line 327.
 1 SYSTEMPATH\Database\MySQLi\Connection.php(327): mysqli->query('SELECT `pharmacy_returns`.*, `ps`.`invoice_number`, CONCAT(pb2.brand_name, " (", `pg`.`generic_name`, ", ", `pm`.`strength`, ")") as medicine_name, `pb`.`batch_number`, `psale_item`.`quantity` as `sold_quantity`
FROM `pharmacy_returns`
LEFT JOIN `pharmacy_medicines` `pm` ON `pm`.`id` = `pharmacy_returns`.`medicine_id`
LEFT JOIN `pharmacy_generics` `pg` ON `pg`.`id` = `pm`.`generic_id`
LEFT JOIN `pharmacy_brands` `pb2` ON `pb2`.`id` = `pm`.`brand_id`
LEFT JOIN `pharmacy_sale_items` `psale_item` ON `psale_item`.`id` = `pharmacy_returns`.`sale_item_id`
LEFT JOIN `pharmacy_medicines` `pm` ON `pm`.`id` = `pharmacy_returns`.`medicine_id`
LEFT JOIN `pharmacy_batches` `pb` ON `pb`.`id` = `pharmacy_returns`.`batch_id`
WHERE `pharmacy_returns`.`id` = \'28\'
 LIMIT 1', 0)
 2 SYSTEMPATH\Database\BaseConnection.php(738): CodeIgniter\Database\MySQLi\Connection->execute('SELECT `pharmacy_returns`.*, `ps`.`invoice_number`, CONCAT(pb2.brand_name, " (", `pg`.`generic_name`, ", ", `pm`.`strength`, ")") as medicine_name, `pb`.`batch_number`, `psale_item`.`quantity` as `sold_quantity`
FROM `pharmacy_returns`
LEFT JOIN `pharmacy_medicines` `pm` ON `pm`.`id` = `pharmacy_returns`.`medicine_id`
LEFT JOIN `pharmacy_generics` `pg` ON `pg`.`id` = `pm`.`generic_id`
LEFT JOIN `pharmacy_brands` `pb2` ON `pb2`.`id` = `pm`.`brand_id`
LEFT JOIN `pharmacy_sale_items` `psale_item` ON `psale_item`.`id` = `pharmacy_returns`.`sale_item_id`
LEFT JOIN `pharmacy_medicines` `pm` ON `pm`.`id` = `pharmacy_returns`.`medicine_id`
LEFT JOIN `pharmacy_batches` `pb` ON `pb`.`id` = `pharmacy_returns`.`batch_id`
WHERE `pharmacy_returns`.`id` = \'28\'
 LIMIT 1')
 3 SYSTEMPATH\Database\BaseConnection.php(652): CodeIgniter\Database\BaseConnection->simpleQuery('SELECT `pharmacy_returns`.*, `ps`.`invoice_number`, CONCAT(pb2.brand_name, " (", `pg`.`generic_name`, ", ", `pm`.`strength`, ")") as medicine_name, `pb`.`batch_number`, `psale_item`.`quantity` as `sold_quantity`
FROM `pharmacy_returns`
LEFT JOIN `pharmacy_medicines` `pm` ON `pm`.`id` = `pharmacy_returns`.`medicine_id`
LEFT JOIN `pharmacy_generics` `pg` ON `pg`.`id` = `pm`.`generic_id`
LEFT JOIN `pharmacy_brands` `pb2` ON `pb2`.`id` = `pm`.`brand_id`
LEFT JOIN `pharmacy_sale_items` `psale_item` ON `psale_item`.`id` = `pharmacy_returns`.`sale_item_id`
LEFT JOIN `pharmacy_medicines` `pm` ON `pm`.`id` = `pharmacy_returns`.`medicine_id`
LEFT JOIN `pharmacy_batches` `pb` ON `pb`.`id` = `pharmacy_returns`.`batch_id`
WHERE `pharmacy_returns`.`id` = \'28\'
 LIMIT 1')
 4 SYSTEMPATH\Database\BaseBuilder.php(1649): CodeIgniter\Database\BaseConnection->query('SELECT `pharmacy_returns`.*, `ps`.`invoice_number`, CONCAT(pb2.brand_name, " (", `pg`.`generic_name`, ", ", `pm`.`strength`, ")") as medicine_name, `pb`.`batch_number`, `psale_item`.`quantity` as `sold_quantity`
FROM `pharmacy_returns`
LEFT JOIN `pharmacy_medicines` `pm` ON `pm`.`id` = `pharmacy_returns`.`medicine_id`
LEFT JOIN `pharmacy_generics` `pg` ON `pg`.`id` = `pm`.`generic_id`
LEFT JOIN `pharmacy_brands` `pb2` ON `pb2`.`id` = `pm`.`brand_id`
LEFT JOIN `pharmacy_sale_items` `psale_item` ON `psale_item`.`id` = `pharmacy_returns`.`sale_item_id`
LEFT JOIN `pharmacy_medicines` `pm` ON `pm`.`id` = `pharmacy_returns`.`medicine_id`
LEFT JOIN `pharmacy_batches` `pb` ON `pb`.`id` = `pharmacy_returns`.`batch_id`
WHERE `pharmacy_returns`.`id` = :pharmacy_returns.id:
 LIMIT 1', [...], false)
 5 SYSTEMPATH\Model.php(330): CodeIgniter\Database\BaseBuilder->get()
 6 SYSTEMPATH\BaseModel.php(717): CodeIgniter\Model->doFirst()
 7 APPPATH\Controllers\Pharmacy\Returns.php(178): CodeIgniter\BaseModel->first()
 8 SYSTEMPATH\CodeIgniter.php(933): App\Controllers\Pharmacy\Returns->approve('28')
 9 SYSTEMPATH\CodeIgniter.php(507): CodeIgniter\CodeIgniter->runController(Object(App\Controllers\Pharmacy\Returns))
10 SYSTEMPATH\CodeIgniter.php(354): CodeIgniter\CodeIgniter->handleRequest(null, Object(Config\Cache), false)
11 SYSTEMPATH\Boot.php(334): CodeIgniter\CodeIgniter->run()
12 SYSTEMPATH\Boot.php(67): CodeIgniter\Boot::runCodeIgniter(Object(CodeIgniter\CodeIgniter))
13 FCPATH\index.php(46): CodeIgniter\Boot::bootWeb(Object(Config\Paths))
DEBUG - 2025-09-12 11:36:07 --> Session: Class initialized using 'CodeIgniter\Session\Handlers\FileHandler' driver.
DEBUG - 2025-09-12 11:37:21 --> Session: Class initialized using 'CodeIgniter\Session\Handlers\FileHandler' driver.
DEBUG - 2025-09-12 11:37:21 --> Session: Class initialized using 'CodeIgniter\Session\Handlers\FileHandler' driver.
DEBUG - 2025-09-12 11:37:22 --> Session: Class initialized using 'CodeIgniter\Session\Handlers\FileHandler' driver.
CRITICAL - 2025-09-12 11:37:23 --> ErrorException: unlink(C:\xampp\htdocs\hms_ram\writable\debugbar/debugbar_1757676273.313139.json): No such file or directory
[Method: GET, Route: /]
in SYSTEMPATH\Debug\Toolbar\Collectors\History.php on line 82.
 1 [internal function]: CodeIgniter\Debug\Exceptions->errorHandler(2, 'unlink(C:\\xampp\\htdocs\\hms_ram\\writable\\debugbar/debugbar_1757676273.313139.json): No such file or directory', 'C:\\xampp\\htdocs\\hms_ram\\system\\Debug\\Toolbar\\Collectors\\History.php', 82)
 2 SYSTEMPATH\Debug\Toolbar\Collectors\History.php(82): unlink('C:\\xampp\\htdocs\\hms_ram\\writable\\debugbar/debugbar_1757676273.313139.json')
 3 SYSTEMPATH\Debug\Toolbar.php(517): CodeIgniter\Debug\Toolbar\Collectors\History->setFiles('1757677041.898856', 20)
 4 SYSTEMPATH\Debug\Toolbar.php(496): CodeIgniter\Debug\Toolbar->format([...], 'html')
 5 APPPATH\Config\Events.php(47): CodeIgniter\Debug\Toolbar->respond()
 6 SYSTEMPATH\Events\Events.php(155): CodeIgniter\Events\Events::Config\{closure}()
 7 SYSTEMPATH\CodeIgniter.php(339): CodeIgniter\Events\Events::trigger('pre_system')
 8 SYSTEMPATH\Boot.php(334): CodeIgniter\CodeIgniter->run()
 9 SYSTEMPATH\Boot.php(67): CodeIgniter\Boot::runCodeIgniter(Object(CodeIgniter\CodeIgniter))
10 FCPATH\index.php(46): CodeIgniter\Boot::bootWeb(Object(Config\Paths))
CRITICAL - 2025-09-12 11:37:23 --> ErrorException: unlink(C:\xampp\htdocs\hms_ram\writable\debugbar/debugbar_1757676273.313139.json): No such file or directory
[Method: GET, Route: /]
in SYSTEMPATH\Debug\Toolbar\Collectors\History.php on line 82.
 1 [internal function]: CodeIgniter\Debug\Exceptions->errorHandler(2, 'unlink(C:\\xampp\\htdocs\\hms_ram\\writable\\debugbar/debugbar_1757676273.313139.json): No such file or directory', 'C:\\xampp\\htdocs\\hms_ram\\system\\Debug\\Toolbar\\Collectors\\History.php', 82)
 2 SYSTEMPATH\Debug\Toolbar\Collectors\History.php(82): unlink('C:\\xampp\\htdocs\\hms_ram\\writable\\debugbar/debugbar_1757676273.313139.json')
 3 SYSTEMPATH\Debug\Toolbar.php(517): CodeIgniter\Debug\Toolbar\Collectors\History->setFiles('1757677041.345683', 20)
 4 SYSTEMPATH\Debug\Toolbar.php(496): CodeIgniter\Debug\Toolbar->format([...], 'html')
 5 APPPATH\Config\Events.php(47): CodeIgniter\Debug\Toolbar->respond()
 6 SYSTEMPATH\Events\Events.php(155): CodeIgniter\Events\Events::Config\{closure}()
 7 SYSTEMPATH\CodeIgniter.php(339): CodeIgniter\Events\Events::trigger('pre_system')
 8 SYSTEMPATH\Boot.php(334): CodeIgniter\CodeIgniter->run()
 9 SYSTEMPATH\Boot.php(67): CodeIgniter\Boot::runCodeIgniter(Object(CodeIgniter\CodeIgniter))
10 FCPATH\index.php(46): CodeIgniter\Boot::bootWeb(Object(Config\Paths))
DEBUG - 2025-09-12 11:37:39 --> Session: Class initialized using 'CodeIgniter\Session\Handlers\FileHandler' driver.
DEBUG - 2025-09-12 11:37:42 --> Session: Class initialized using 'CodeIgniter\Session\Handlers\FileHandler' driver.
DEBUG - 2025-09-12 11:37:53 --> Session: Class initialized using 'CodeIgniter\Session\Handlers\FileHandler' driver.
DEBUG - 2025-09-12 11:37:53 --> Redirecting to: http://localhost/hms_ram/index.php/pharmacy/sales/invoice/PHM-OP-20250912-00021
DEBUG - 2025-09-12 11:37:53 --> Return approval info - billing_id: NULL, sale_id: 39
DEBUG - 2025-09-12 11:37:53 --> Invoice numbers - billing invoice: NULL, sale invoice: PHM-OP-20250912-00021
DEBUG - 2025-09-12 11:37:53 --> Redirect URL chosen: http://localhost/hms_ram/index.php/pharmacy/sales/invoice/PHM-OP-20250912-00021
DEBUG - 2025-09-12 11:37:53 --> Session: Class initialized using 'CodeIgniter\Session\Handlers\FileHandler' driver.
DEBUG - 2025-09-12 11:38:36 --> Session: Class initialized using 'CodeIgniter\Session\Handlers\FileHandler' driver.
DEBUG - 2025-09-12 11:38:36 --> Session: Class initialized using 'CodeIgniter\Session\Handlers\FileHandler' driver.
DEBUG - 2025-09-12 11:38:52 --> Session: Class initialized using 'CodeIgniter\Session\Handlers\FileHandler' driver.
DEBUG - 2025-09-12 11:38:59 --> Session: Class initialized using 'CodeIgniter\Session\Handlers\FileHandler' driver.
DEBUG - 2025-09-12 11:38:59 --> Redirecting to: http://localhost/hms_ram/index.php/pharmacy/sales/invoice/PHM-IP-20250912-00022
DEBUG - 2025-09-12 11:38:59 --> Return approval info - billing_id: 23, sale_id: NULL
DEBUG - 2025-09-12 11:38:59 --> Invoice numbers - billing invoice: PHM-IP-20250912-00022, sale invoice: PHM-IP-20250912-00022
DEBUG - 2025-09-12 11:38:59 --> Redirect URL chosen: http://localhost/hms_ram/index.php/pharmacy/sales/invoice/PHM-IP-20250912-00022
DEBUG - 2025-09-12 11:39:00 --> Session: Class initialized using 'CodeIgniter\Session\Handlers\FileHandler' driver.
DEBUG - 2025-09-12 11:39:28 --> Session: Class initialized using 'CodeIgniter\Session\Handlers\FileHandler' driver.
DEBUG - 2025-09-12 11:39:28 --> Session: Class initialized using 'CodeIgniter\Session\Handlers\FileHandler' driver.
DEBUG - 2025-09-12 11:39:30 --> Session: Class initialized using 'CodeIgniter\Session\Handlers\FileHandler' driver.
DEBUG - 2025-09-12 11:39:30 --> Session: Class initialized using 'CodeIgniter\Session\Handlers\FileHandler' driver.
DEBUG - 2025-09-12 11:39:32 --> Session: Class initialized using 'CodeIgniter\Session\Handlers\FileHandler' driver.
DEBUG - 2025-09-12 11:39:32 --> Session: Class initialized using 'CodeIgniter\Session\Handlers\FileHandler' driver.
DEBUG - 2025-09-12 11:39:33 --> Session: Class initialized using 'CodeIgniter\Session\Handlers\FileHandler' driver.
DEBUG - 2025-09-12 11:39:33 --> Session: Class initialized using 'CodeIgniter\Session\Handlers\FileHandler' driver.
DEBUG - 2025-09-12 11:39:38 --> Session: Class initialized using 'CodeIgniter\Session\Handlers\FileHandler' driver.
DEBUG - 2025-09-12 11:39:40 --> Session: Class initialized using 'CodeIgniter\Session\Handlers\FileHandler' driver.
DEBUG - 2025-09-12 11:39:40 --> Fetching medicines for invoice: PHM-OP-20250903-00014
DEBUG - 2025-09-12 11:39:40 --> Outside sale found with ID: 32
DEBUG - 2025-09-12 11:39:40 --> Found 2 sale items for outside sale
DEBUG - 2025-09-12 11:39:40 --> Session: Class initialized using 'CodeIgniter\Session\Handlers\FileHandler' driver.
DEBUG - 2025-09-12 11:39:40 --> Fetching medicines for invoice: PHM-OP-20250903-00014
DEBUG - 2025-09-12 11:39:40 --> Outside sale found with ID: 32
DEBUG - 2025-09-12 11:39:40 --> Found 2 sale items for outside sale
DEBUG - 2025-09-12 11:39:59 --> Session: Class initialized using 'CodeIgniter\Session\Handlers\FileHandler' driver.
DEBUG - 2025-09-12 11:39:59 --> POST DATA: {"invoice_number":"PHM-OP-20250903-00014","sale_item_id":"49","sale_id":"32","billing_id":"","quantity_returned":"1","medicine_condition":"Good","return_reason":"dsvn lf vd","notes":"vvd "}
DEBUG - 2025-09-12 11:39:59 --> Session: Class initialized using 'CodeIgniter\Session\Handlers\FileHandler' driver.
DEBUG - 2025-09-12 11:40:05 --> Session: Class initialized using 'CodeIgniter\Session\Handlers\FileHandler' driver.
DEBUG - 2025-09-12 11:40:08 --> Session: Class initialized using 'CodeIgniter\Session\Handlers\FileHandler' driver.
DEBUG - 2025-09-12 11:40:08 --> Redirecting to: http://localhost/hms_ram/index.php/pharmacy/returns
DEBUG - 2025-09-12 11:40:08 --> Return approval info - billing_id: NULL, sale_id: 32
DEBUG - 2025-09-12 11:40:08 --> Invoice numbers - billing invoice: NULL, sale invoice: NULL
DEBUG - 2025-09-12 11:40:08 --> Redirect URL chosen: http://localhost/hms_ram/index.php/pharmacy/returns
DEBUG - 2025-09-12 11:40:09 --> Session: Class initialized using 'CodeIgniter\Session\Handlers\FileHandler' driver.
DEBUG - 2025-09-12 11:42:08 --> Session: Class initialized using 'CodeIgniter\Session\Handlers\FileHandler' driver.
DEBUG - 2025-09-12 11:42:08 --> Session: Class initialized using 'CodeIgniter\Session\Handlers\FileHandler' driver.
DEBUG - 2025-09-12 11:42:21 --> Session: Class initialized using 'CodeIgniter\Session\Handlers\FileHandler' driver.
DEBUG - 2025-09-12 11:43:32 --> Session: Class initialized using 'CodeIgniter\Session\Handlers\FileHandler' driver.
DEBUG - 2025-09-12 11:43:34 --> Session: Class initialized using 'CodeIgniter\Session\Handlers\FileHandler' driver.
DEBUG - 2025-09-12 11:43:36 --> Session: Class initialized using 'CodeIgniter\Session\Handlers\FileHandler' driver.
CRITICAL - 2025-09-12 11:57:01 --> ParseError: syntax error, unexpected identifier "groupedReturns", expecting "function" or "const"
[Method: GET, Route: pharmacy/sales/invoice/PHM-OP-20250912-00021]
in APPPATH\Controllers\Pharmacy\Sales.php on line 253.
 1 SYSTEMPATH\Autoloader\Autoloader.php(295): CodeIgniter\Autoloader\Autoloader->includeFile('C:\\xampp\\htdocs\\hms_ram\\app\\Controllers\\Pharmacy\\Sales.php')
 2 SYSTEMPATH\Autoloader\Autoloader.php(271): CodeIgniter\Autoloader\Autoloader->loadInNamespace('App\\Controllers\\Pharmacy\\Sales')
 3 [internal function]: CodeIgniter\Autoloader\Autoloader->loadClass('App\\Controllers\\Pharmacy\\Sales')
 4 SYSTEMPATH\CodeIgniter.php(885): class_exists('\\App\\Controllers\\Pharmacy\\Sales', true)
 5 SYSTEMPATH\CodeIgniter.php(494): CodeIgniter\CodeIgniter->startController()
 6 SYSTEMPATH\CodeIgniter.php(354): CodeIgniter\CodeIgniter->handleRequest(null, Object(Config\Cache), false)
 7 SYSTEMPATH\Boot.php(334): CodeIgniter\CodeIgniter->run()
 8 SYSTEMPATH\Boot.php(67): CodeIgniter\Boot::runCodeIgniter(Object(CodeIgniter\CodeIgniter))
 9 FCPATH\index.php(46): CodeIgniter\Boot::bootWeb(Object(Config\Paths))
DEBUG - 2025-09-12 11:57:01 --> Session: Class initialized using 'CodeIgniter\Session\Handlers\FileHandler' driver.
CRITICAL - 2025-09-12 11:57:01 --> ParseError: syntax error, unexpected identifier "groupedReturns", expecting "function" or "const"
[Method: GET, Route: pharmacy/sales/invoice/PHM-IP-20250912-00022]
in APPPATH\Controllers\Pharmacy\Sales.php on line 253.
 1 SYSTEMPATH\Autoloader\Autoloader.php(295): CodeIgniter\Autoloader\Autoloader->includeFile('C:\\xampp\\htdocs\\hms_ram\\app\\Controllers\\Pharmacy\\Sales.php')
 2 SYSTEMPATH\Autoloader\Autoloader.php(271): CodeIgniter\Autoloader\Autoloader->loadInNamespace('App\\Controllers\\Pharmacy\\Sales')
 3 [internal function]: CodeIgniter\Autoloader\Autoloader->loadClass('App\\Controllers\\Pharmacy\\Sales')
 4 SYSTEMPATH\CodeIgniter.php(885): class_exists('\\App\\Controllers\\Pharmacy\\Sales', true)
 5 SYSTEMPATH\CodeIgniter.php(494): CodeIgniter\CodeIgniter->startController()
 6 SYSTEMPATH\CodeIgniter.php(354): CodeIgniter\CodeIgniter->handleRequest(null, Object(Config\Cache), false)
 7 SYSTEMPATH\Boot.php(334): CodeIgniter\CodeIgniter->run()
 8 SYSTEMPATH\Boot.php(67): CodeIgniter\Boot::runCodeIgniter(Object(CodeIgniter\CodeIgniter))
 9 FCPATH\index.php(46): CodeIgniter\Boot::bootWeb(Object(Config\Paths))
CRITICAL - 2025-09-12 11:57:01 --> ParseError: syntax error, unexpected identifier "groupedReturns", expecting "function" or "const"
[Method: GET, Route: pharmacy/sales/invoice/PHM-OP-20250912-00018]
in APPPATH\Controllers\Pharmacy\Sales.php on line 253.
 1 SYSTEMPATH\Autoloader\Autoloader.php(295): CodeIgniter\Autoloader\Autoloader->includeFile('C:\\xampp\\htdocs\\hms_ram\\app\\Controllers\\Pharmacy\\Sales.php')
 2 SYSTEMPATH\Autoloader\Autoloader.php(271): CodeIgniter\Autoloader\Autoloader->loadInNamespace('App\\Controllers\\Pharmacy\\Sales')
 3 [internal function]: CodeIgniter\Autoloader\Autoloader->loadClass('App\\Controllers\\Pharmacy\\Sales')
 4 SYSTEMPATH\CodeIgniter.php(885): class_exists('\\App\\Controllers\\Pharmacy\\Sales', true)
 5 SYSTEMPATH\CodeIgniter.php(494): CodeIgniter\CodeIgniter->startController()
 6 SYSTEMPATH\CodeIgniter.php(354): CodeIgniter\CodeIgniter->handleRequest(null, Object(Config\Cache), false)
 7 SYSTEMPATH\Boot.php(334): CodeIgniter\CodeIgniter->run()
 8 SYSTEMPATH\Boot.php(67): CodeIgniter\Boot::runCodeIgniter(Object(CodeIgniter\CodeIgniter))
 9 FCPATH\index.php(46): CodeIgniter\Boot::bootWeb(Object(Config\Paths))
CRITICAL - 2025-09-12 11:57:02 --> ParseError: syntax error, unexpected identifier "groupedReturns", expecting "function" or "const"
[Method: GET, Route: pharmacy/sales/invoice/PHM-IP-20250912-00022]
in APPPATH\Controllers\Pharmacy\Sales.php on line 253.
 1 SYSTEMPATH\Autoloader\Autoloader.php(295): CodeIgniter\Autoloader\Autoloader->includeFile('C:\\xampp\\htdocs\\hms_ram\\app\\Controllers\\Pharmacy\\Sales.php')
 2 SYSTEMPATH\Autoloader\Autoloader.php(271): CodeIgniter\Autoloader\Autoloader->loadInNamespace('App\\Controllers\\Pharmacy\\Sales')
 3 [internal function]: CodeIgniter\Autoloader\Autoloader->loadClass('App\\Controllers\\Pharmacy\\Sales')
 4 SYSTEMPATH\CodeIgniter.php(885): class_exists('\\App\\Controllers\\Pharmacy\\Sales', true)
 5 SYSTEMPATH\CodeIgniter.php(494): CodeIgniter\CodeIgniter->startController()
 6 SYSTEMPATH\CodeIgniter.php(354): CodeIgniter\CodeIgniter->handleRequest(null, Object(Config\Cache), false)
 7 SYSTEMPATH\Boot.php(334): CodeIgniter\CodeIgniter->run()
 8 SYSTEMPATH\Boot.php(67): CodeIgniter\Boot::runCodeIgniter(Object(CodeIgniter\CodeIgniter))
 9 FCPATH\index.php(46): CodeIgniter\Boot::bootWeb(Object(Config\Paths))
DEBUG - 2025-09-12 11:58:17 --> Session: Class initialized using 'CodeIgniter\Session\Handlers\FileHandler' driver.
DEBUG - 2025-09-12 11:58:20 --> Session: Class initialized using 'CodeIgniter\Session\Handlers\FileHandler' driver.
DEBUG - 2025-09-12 11:58:33 --> Session: Class initialized using 'CodeIgniter\Session\Handlers\FileHandler' driver.
DEBUG - 2025-09-12 11:58:45 --> Session: Class initialized using 'CodeIgniter\Session\Handlers\FileHandler' driver.
DEBUG - 2025-09-12 11:58:46 --> Session: Class initialized using 'CodeIgniter\Session\Handlers\FileHandler' driver.
DEBUG - 2025-09-12 11:58:52 --> Session: Class initialized using 'CodeIgniter\Session\Handlers\FileHandler' driver.
CRITICAL - 2025-09-12 11:58:52 --> ErrorException: Undefined array key "batch_number"
[Method: GET, Route: pharmacy/sales/invoice/PHM-IP-20250912-00022]
in APPPATH\Controllers\Pharmacy\Sales.php on line 426.
 1 APPPATH\Controllers\Pharmacy\Sales.php(426): CodeIgniter\Debug\Exceptions->errorHandler(2, 'Undefined array key "batch_number"', 'C:\\xampp\\htdocs\\hms_ram\\app\\Controllers\\Pharmacy\\Sales.php', 426)
 2 SYSTEMPATH\CodeIgniter.php(933): App\Controllers\Pharmacy\Sales->invoice('PHM-IP-20250912-00022')
 3 SYSTEMPATH\CodeIgniter.php(507): CodeIgniter\CodeIgniter->runController(Object(App\Controllers\Pharmacy\Sales))
 4 SYSTEMPATH\CodeIgniter.php(354): CodeIgniter\CodeIgniter->handleRequest(null, Object(Config\Cache), false)
 5 SYSTEMPATH\Boot.php(334): CodeIgniter\CodeIgniter->run()
 6 SYSTEMPATH\Boot.php(67): CodeIgniter\Boot::runCodeIgniter(Object(CodeIgniter\CodeIgniter))
 7 FCPATH\index.php(46): CodeIgniter\Boot::bootWeb(Object(Config\Paths))
DEBUG - 2025-09-12 11:58:52 --> Session: Class initialized using 'CodeIgniter\Session\Handlers\FileHandler' driver.
DEBUG - 2025-09-12 11:58:53 --> Session: Class initialized using 'CodeIgniter\Session\Handlers\FileHandler' driver.
CRITICAL - 2025-09-12 11:58:53 --> ErrorException: Undefined array key "batch_number"
[Method: GET, Route: pharmacy/sales/invoice/PHM-IP-20250912-00022]
in APPPATH\Controllers\Pharmacy\Sales.php on line 426.
 1 APPPATH\Controllers\Pharmacy\Sales.php(426): CodeIgniter\Debug\Exceptions->errorHandler(2, 'Undefined array key "batch_number"', 'C:\\xampp\\htdocs\\hms_ram\\app\\Controllers\\Pharmacy\\Sales.php', 426)
 2 SYSTEMPATH\CodeIgniter.php(933): App\Controllers\Pharmacy\Sales->invoice('PHM-IP-20250912-00022')
 3 SYSTEMPATH\CodeIgniter.php(507): CodeIgniter\CodeIgniter->runController(Object(App\Controllers\Pharmacy\Sales))
 4 SYSTEMPATH\CodeIgniter.php(354): CodeIgniter\CodeIgniter->handleRequest(null, Object(Config\Cache), false)
 5 SYSTEMPATH\Boot.php(334): CodeIgniter\CodeIgniter->run()
 6 SYSTEMPATH\Boot.php(67): CodeIgniter\Boot::runCodeIgniter(Object(CodeIgniter\CodeIgniter))
 7 FCPATH\index.php(46): CodeIgniter\Boot::bootWeb(Object(Config\Paths))
DEBUG - 2025-09-12 11:58:54 --> Session: Class initialized using 'CodeIgniter\Session\Handlers\FileHandler' driver.
CRITICAL - 2025-09-12 11:58:54 --> ErrorException: Undefined array key "batch_number"
[Method: GET, Route: pharmacy/sales/invoice/PHM-IP-20250912-00022]
in APPPATH\Controllers\Pharmacy\Sales.php on line 426.
 1 APPPATH\Controllers\Pharmacy\Sales.php(426): CodeIgniter\Debug\Exceptions->errorHandler(2, 'Undefined array key "batch_number"', 'C:\\xampp\\htdocs\\hms_ram\\app\\Controllers\\Pharmacy\\Sales.php', 426)
 2 SYSTEMPATH\CodeIgniter.php(933): App\Controllers\Pharmacy\Sales->invoice('PHM-IP-20250912-00022')
 3 SYSTEMPATH\CodeIgniter.php(507): CodeIgniter\CodeIgniter->runController(Object(App\Controllers\Pharmacy\Sales))
 4 SYSTEMPATH\CodeIgniter.php(354): CodeIgniter\CodeIgniter->handleRequest(null, Object(Config\Cache), false)
 5 SYSTEMPATH\Boot.php(334): CodeIgniter\CodeIgniter->run()
 6 SYSTEMPATH\Boot.php(67): CodeIgniter\Boot::runCodeIgniter(Object(CodeIgniter\CodeIgniter))
 7 FCPATH\index.php(46): CodeIgniter\Boot::bootWeb(Object(Config\Paths))
DEBUG - 2025-09-12 11:59:00 --> Session: Class initialized using 'CodeIgniter\Session\Handlers\FileHandler' driver.
DEBUG - 2025-09-12 12:01:28 --> Session: Class initialized using 'CodeIgniter\Session\Handlers\FileHandler' driver.
DEBUG - 2025-09-12 12:01:38 --> Session: Class initialized using 'CodeIgniter\Session\Handlers\FileHandler' driver.
DEBUG - 2025-09-12 12:01:40 --> Session: Class initialized using 'CodeIgniter\Session\Handlers\FileHandler' driver.
CRITICAL - 2025-09-12 12:01:40 --> ErrorException: Undefined array key "batch_number"
[Method: GET, Route: pharmacy/sales/invoice/PHM-IP-20250912-00022]
in APPPATH\Controllers\Pharmacy\Sales.php on line 406.
 1 APPPATH\Controllers\Pharmacy\Sales.php(406): CodeIgniter\Debug\Exceptions->errorHandler(2, 'Undefined array key "batch_number"', 'C:\\xampp\\htdocs\\hms_ram\\app\\Controllers\\Pharmacy\\Sales.php', 406)
 2 SYSTEMPATH\CodeIgniter.php(933): App\Controllers\Pharmacy\Sales->invoice('PHM-IP-20250912-00022')
 3 SYSTEMPATH\CodeIgniter.php(507): CodeIgniter\CodeIgniter->runController(Object(App\Controllers\Pharmacy\Sales))
 4 SYSTEMPATH\CodeIgniter.php(354): CodeIgniter\CodeIgniter->handleRequest(null, Object(Config\Cache), false)
 5 SYSTEMPATH\Boot.php(334): CodeIgniter\CodeIgniter->run()
 6 SYSTEMPATH\Boot.php(67): CodeIgniter\Boot::runCodeIgniter(Object(CodeIgniter\CodeIgniter))
 7 FCPATH\index.php(46): CodeIgniter\Boot::bootWeb(Object(Config\Paths))
DEBUG - 2025-09-12 12:01:41 --> Session: Class initialized using 'CodeIgniter\Session\Handlers\FileHandler' driver.
CRITICAL - 2025-09-12 12:01:41 --> ErrorException: Undefined array key "batch_number"
[Method: GET, Route: pharmacy/sales/invoice/PHM-IP-20250912-00022]
in APPPATH\Controllers\Pharmacy\Sales.php on line 406.
 1 APPPATH\Controllers\Pharmacy\Sales.php(406): CodeIgniter\Debug\Exceptions->errorHandler(2, 'Undefined array key "batch_number"', 'C:\\xampp\\htdocs\\hms_ram\\app\\Controllers\\Pharmacy\\Sales.php', 406)
 2 SYSTEMPATH\CodeIgniter.php(933): App\Controllers\Pharmacy\Sales->invoice('PHM-IP-20250912-00022')
 3 SYSTEMPATH\CodeIgniter.php(507): CodeIgniter\CodeIgniter->runController(Object(App\Controllers\Pharmacy\Sales))
 4 SYSTEMPATH\CodeIgniter.php(354): CodeIgniter\CodeIgniter->handleRequest(null, Object(Config\Cache), false)
 5 SYSTEMPATH\Boot.php(334): CodeIgniter\CodeIgniter->run()
 6 SYSTEMPATH\Boot.php(67): CodeIgniter\Boot::runCodeIgniter(Object(CodeIgniter\CodeIgniter))
 7 FCPATH\index.php(46): CodeIgniter\Boot::bootWeb(Object(Config\Paths))
DEBUG - 2025-09-12 12:03:21 --> Session: Class initialized using 'CodeIgniter\Session\Handlers\FileHandler' driver.
DEBUG - 2025-09-12 12:03:22 --> Session: Class initialized using 'CodeIgniter\Session\Handlers\FileHandler' driver.
DEBUG - 2025-09-12 12:03:44 --> Session: Class initialized using 'CodeIgniter\Session\Handlers\FileHandler' driver.
DEBUG - 2025-09-12 12:03:59 --> Session: Class initialized using 'CodeIgniter\Session\Handlers\FileHandler' driver.
DEBUG - 2025-09-12 12:04:04 --> Session: Class initialized using 'CodeIgniter\Session\Handlers\FileHandler' driver.
DEBUG - 2025-09-12 12:04:13 --> Session: Class initialized using 'CodeIgniter\Session\Handlers\FileHandler' driver.
DEBUG - 2025-09-12 12:04:15 --> Session: Class initialized using 'CodeIgniter\Session\Handlers\FileHandler' driver.
DEBUG - 2025-09-12 12:04:47 --> Session: Class initialized using 'CodeIgniter\Session\Handlers\FileHandler' driver.
DEBUG - 2025-09-12 12:05:08 --> Session: Class initialized using 'CodeIgniter\Session\Handlers\FileHandler' driver.
DEBUG - 2025-09-12 12:05:15 --> Session: Class initialized using 'CodeIgniter\Session\Handlers\FileHandler' driver.
DEBUG - 2025-09-12 12:05:50 --> Session: Class initialized using 'CodeIgniter\Session\Handlers\FileHandler' driver.
DEBUG - 2025-09-12 12:05:51 --> Session: Class initialized using 'CodeIgniter\Session\Handlers\FileHandler' driver.
DEBUG - 2025-09-12 12:05:51 --> Fetching medicines for invoice: PHM-IP-20250912-00022
DEBUG - 2025-09-12 12:05:51 --> In-hospital billing found with ID: 23
DEBUG - 2025-09-12 12:05:51 --> Found 2 sale items for in-hospital billing
DEBUG - 2025-09-12 12:05:51 --> Session: Class initialized using 'CodeIgniter\Session\Handlers\FileHandler' driver.
DEBUG - 2025-09-12 12:05:51 --> Fetching medicines for invoice: PHM-IP-20250912-00022
DEBUG - 2025-09-12 12:05:51 --> In-hospital billing found with ID: 23
DEBUG - 2025-09-12 12:05:51 --> Found 2 sale items for in-hospital billing
DEBUG - 2025-09-12 12:05:56 --> Session: Class initialized using 'CodeIgniter\Session\Handlers\FileHandler' driver.
DEBUG - 2025-09-12 12:05:56 --> Fetching medicines for invoice: PHM-IP-20250912-00022
DEBUG - 2025-09-12 12:05:56 --> In-hospital billing found with ID: 23
DEBUG - 2025-09-12 12:05:56 --> Found 2 sale items for in-hospital billing
DEBUG - 2025-09-12 12:05:57 --> Session: Class initialized using 'CodeIgniter\Session\Handlers\FileHandler' driver.
DEBUG - 2025-09-12 12:05:57 --> Fetching medicines for invoice: PHM-IP-20250912-00022
DEBUG - 2025-09-12 12:05:57 --> In-hospital billing found with ID: 23
DEBUG - 2025-09-12 12:05:57 --> Found 2 sale items for in-hospital billing
DEBUG - 2025-09-12 12:06:13 --> Session: Class initialized using 'CodeIgniter\Session\Handlers\FileHandler' driver.
DEBUG - 2025-09-12 12:06:13 --> POST DATA: {"invoice_number":"PHM-IP-20250912-00022","sale_item_id":"83","sale_id":"","billing_id":"23","quantity_returned":"1","medicine_condition":"Good","return_reason":" fbaer g st","notes":"etb ae"}
DEBUG - 2025-09-12 12:06:13 --> Session: Class initialized using 'CodeIgniter\Session\Handlers\FileHandler' driver.
DEBUG - 2025-09-12 12:06:17 --> Session: Class initialized using 'CodeIgniter\Session\Handlers\FileHandler' driver.
DEBUG - 2025-09-12 12:06:24 --> Session: Class initialized using 'CodeIgniter\Session\Handlers\FileHandler' driver.
DEBUG - 2025-09-12 12:06:24 --> Redirecting to: http://localhost/hms_ram/index.php/pharmacy/sales/invoice/PHM-IP-20250912-00022
DEBUG - 2025-09-12 12:06:24 --> Return approval info - billing_id: 23, sale_id: NULL
DEBUG - 2025-09-12 12:06:24 --> Invoice numbers - billing invoice: PHM-IP-20250912-00022, sale invoice: PHM-IP-20250912-00022
DEBUG - 2025-09-12 12:06:24 --> Redirect URL chosen: http://localhost/hms_ram/index.php/pharmacy/sales/invoice/PHM-IP-20250912-00022
DEBUG - 2025-09-12 12:06:24 --> Session: Class initialized using 'CodeIgniter\Session\Handlers\FileHandler' driver.
DEBUG - 2025-09-12 12:07:20 --> Session: Class initialized using 'CodeIgniter\Session\Handlers\FileHandler' driver.
DEBUG - 2025-09-12 12:07:29 --> Session: Class initialized using 'CodeIgniter\Session\Handlers\FileHandler' driver.
DEBUG - 2025-09-12 12:14:15 --> Session: Class initialized using 'CodeIgniter\Session\Handlers\FileHandler' driver.
DEBUG - 2025-09-12 12:14:15 --> Session: Class initialized using 'CodeIgniter\Session\Handlers\FileHandler' driver.
DEBUG - 2025-09-12 12:14:15 --> Session: Class initialized using 'CodeIgniter\Session\Handlers\FileHandler' driver.
DEBUG - 2025-09-12 12:14:15 --> Session: Class initialized using 'CodeIgniter\Session\Handlers\FileHandler' driver.
DEBUG - 2025-09-12 12:14:16 --> Session: Class initialized using 'CodeIgniter\Session\Handlers\FileHandler' driver.
CRITICAL - 2025-09-12 12:14:16 --> ErrorException: unlink(C:\xampp\htdocs\hms_ram\writable\debugbar/debugbar_1757678644.382253.json): No such file or directory
[Method: GET, Route: /]
in SYSTEMPATH\Debug\Toolbar\Collectors\History.php on line 82.
 1 [internal function]: CodeIgniter\Debug\Exceptions->errorHandler(2, 'unlink(C:\\xampp\\htdocs\\hms_ram\\writable\\debugbar/debugbar_1757678644.382253.json): No such file or directory', 'C:\\xampp\\htdocs\\hms_ram\\system\\Debug\\Toolbar\\Collectors\\History.php', 82)
 2 SYSTEMPATH\Debug\Toolbar\Collectors\History.php(82): unlink('C:\\xampp\\htdocs\\hms_ram\\writable\\debugbar/debugbar_1757678644.382253.json')
 3 SYSTEMPATH\Debug\Toolbar.php(517): CodeIgniter\Debug\Toolbar\Collectors\History->setFiles('1757679255.465634', 20)
 4 SYSTEMPATH\Debug\Toolbar.php(496): CodeIgniter\Debug\Toolbar->format([...], 'html')
 5 APPPATH\Config\Events.php(47): CodeIgniter\Debug\Toolbar->respond()
 6 SYSTEMPATH\Events\Events.php(155): CodeIgniter\Events\Events::Config\{closure}()
 7 SYSTEMPATH\CodeIgniter.php(339): CodeIgniter\Events\Events::trigger('pre_system')
 8 SYSTEMPATH\Boot.php(334): CodeIgniter\CodeIgniter->run()
 9 SYSTEMPATH\Boot.php(67): CodeIgniter\Boot::runCodeIgniter(Object(CodeIgniter\CodeIgniter))
10 FCPATH\index.php(46): CodeIgniter\Boot::bootWeb(Object(Config\Paths))
CRITICAL - 2025-09-12 12:14:16 --> ErrorException: unlink(C:\xampp\htdocs\hms_ram\writable\debugbar/debugbar_1757678655.497971.json): No such file or directory
[Method: GET, Route: /]
in SYSTEMPATH\Debug\Toolbar\Collectors\History.php on line 82.
 1 [internal function]: CodeIgniter\Debug\Exceptions->errorHandler(2, 'unlink(C:\\xampp\\htdocs\\hms_ram\\writable\\debugbar/debugbar_1757678655.497971.json): No such file or directory', 'C:\\xampp\\htdocs\\hms_ram\\system\\Debug\\Toolbar\\Collectors\\History.php', 82)
 2 SYSTEMPATH\Debug\Toolbar\Collectors\History.php(82): unlink('C:\\xampp\\htdocs\\hms_ram\\writable\\debugbar/debugbar_1757678655.497971.json')
 3 SYSTEMPATH\Debug\Toolbar.php(517): CodeIgniter\Debug\Toolbar\Collectors\History->setFiles('1757679256.193433', 20)
 4 SYSTEMPATH\Debug\Toolbar.php(496): CodeIgniter\Debug\Toolbar->format([...], 'html')
 5 APPPATH\Config\Events.php(47): CodeIgniter\Debug\Toolbar->respond()
 6 SYSTEMPATH\Events\Events.php(155): CodeIgniter\Events\Events::Config\{closure}()
 7 SYSTEMPATH\CodeIgniter.php(339): CodeIgniter\Events\Events::trigger('pre_system')
 8 SYSTEMPATH\Boot.php(334): CodeIgniter\CodeIgniter->run()
 9 SYSTEMPATH\Boot.php(67): CodeIgniter\Boot::runCodeIgniter(Object(CodeIgniter\CodeIgniter))
10 FCPATH\index.php(46): CodeIgniter\Boot::bootWeb(Object(Config\Paths))
CRITICAL - 2025-09-12 12:14:16 --> ErrorException: unlink(C:\xampp\htdocs\hms_ram\writable\debugbar/debugbar_1757678624.361932.json): No such file or directory
[Method: GET, Route: /]
in SYSTEMPATH\Debug\Toolbar\Collectors\History.php on line 82.
 1 [internal function]: CodeIgniter\Debug\Exceptions->errorHandler(2, 'unlink(C:\\xampp\\htdocs\\hms_ram\\writable\\debugbar/debugbar_1757678624.361932.json): No such file or directory', 'C:\\xampp\\htdocs\\hms_ram\\system\\Debug\\Toolbar\\Collectors\\History.php', 82)
 2 SYSTEMPATH\Debug\Toolbar\Collectors\History.php(82): unlink('C:\\xampp\\htdocs\\hms_ram\\writable\\debugbar/debugbar_1757678624.361932.json')
 3 SYSTEMPATH\Debug\Toolbar.php(517): CodeIgniter\Debug\Toolbar\Collectors\History->setFiles('1757679256.066726', 20)
 4 SYSTEMPATH\Debug\Toolbar.php(496): CodeIgniter\Debug\Toolbar->format([...], 'html')
 5 APPPATH\Config\Events.php(47): CodeIgniter\Debug\Toolbar->respond()
 6 SYSTEMPATH\Events\Events.php(155): CodeIgniter\Events\Events::Config\{closure}()
 7 SYSTEMPATH\CodeIgniter.php(339): CodeIgniter\Events\Events::trigger('pre_system')
 8 SYSTEMPATH\Boot.php(334): CodeIgniter\CodeIgniter->run()
 9 SYSTEMPATH\Boot.php(67): CodeIgniter\Boot::runCodeIgniter(Object(CodeIgniter\CodeIgniter))
10 FCPATH\index.php(46): CodeIgniter\Boot::bootWeb(Object(Config\Paths))
DEBUG - 2025-09-12 12:16:57 --> Session: Class initialized using 'CodeIgniter\Session\Handlers\FileHandler' driver.
DEBUG - 2025-09-12 12:16:57 --> Session: Class initialized using 'CodeIgniter\Session\Handlers\FileHandler' driver.
CRITICAL - 2025-09-12 12:16:58 --> ErrorException: unlink(C:\xampp\htdocs\hms_ram\writable\debugbar/debugbar_1757678773.368388.json): No such file or directory
[Method: GET, Route: /]
in SYSTEMPATH\Debug\Toolbar\Collectors\History.php on line 82.
 1 [internal function]: CodeIgniter\Debug\Exceptions->errorHandler(2, 'unlink(C:\\xampp\\htdocs\\hms_ram\\writable\\debugbar/debugbar_1757678773.368388.json): No such file or directory', 'C:\\xampp\\htdocs\\hms_ram\\system\\Debug\\Toolbar\\Collectors\\History.php', 82)
 2 SYSTEMPATH\Debug\Toolbar\Collectors\History.php(82): unlink('C:\\xampp\\htdocs\\hms_ram\\writable\\debugbar/debugbar_1757678773.368388.json')
 3 SYSTEMPATH\Debug\Toolbar.php(517): CodeIgniter\Debug\Toolbar\Collectors\History->setFiles('1757679417.417142', 20)
 4 SYSTEMPATH\Debug\Toolbar.php(496): CodeIgniter\Debug\Toolbar->format([...], 'html')
 5 APPPATH\Config\Events.php(47): CodeIgniter\Debug\Toolbar->respond()
 6 SYSTEMPATH\Events\Events.php(155): CodeIgniter\Events\Events::Config\{closure}()
 7 SYSTEMPATH\CodeIgniter.php(339): CodeIgniter\Events\Events::trigger('pre_system')
 8 SYSTEMPATH\Boot.php(334): CodeIgniter\CodeIgniter->run()
 9 SYSTEMPATH\Boot.php(67): CodeIgniter\Boot::runCodeIgniter(Object(CodeIgniter\CodeIgniter))
10 FCPATH\index.php(46): CodeIgniter\Boot::bootWeb(Object(Config\Paths))
DEBUG - 2025-09-12 12:17:00 --> Session: Class initialized using 'CodeIgniter\Session\Handlers\FileHandler' driver.
DEBUG - 2025-09-12 12:18:15 --> Session: Class initialized using 'CodeIgniter\Session\Handlers\FileHandler' driver.
DEBUG - 2025-09-12 12:27:00 --> Session: Class initialized using 'CodeIgniter\Session\Handlers\FileHandler' driver.
DEBUG - 2025-09-12 12:31:28 --> Session: Class initialized using 'CodeIgniter\Session\Handlers\FileHandler' driver.
DEBUG - 2025-09-12 12:32:01 --> Session: Class initialized using 'CodeIgniter\Session\Handlers\FileHandler' driver.
