DEBUG - 2025-09-13 03:48:08 --> Session: Class initialized using 'CodeIgniter\Session\Handlers\FileHandler' driver.
DEBUG - 2025-09-13 03:48:14 --> Session: Class initialized using 'CodeIgniter\Session\Handlers\FileHandler' driver.
DEBUG - 2025-09-13 03:48:18 --> Session: Class initialized using 'CodeIgniter\Session\Handlers\FileHandler' driver.
DEBUG - 2025-09-13 03:48:22 --> Session: Class initialized using 'CodeIgniter\Session\Handlers\FileHandler' driver.
DEBUG - 2025-09-13 03:48:22 --> Session: Class initialized using 'CodeIgniter\Session\Handlers\FileHandler' driver.
DEBUG - 2025-09-13 03:48:41 --> Session: Class initialized using 'CodeIgniter\Session\Handlers\FileHandler' driver.
DEBUG - 2025-09-13 03:48:44 --> Session: Class initialized using 'CodeIgniter\Session\Handlers\FileHandler' driver.
DEBUG - 2025-09-13 03:48:45 --> Session: Class initialized using 'CodeIgniter\Session\Handlers\FileHandler' driver.
DEBUG - 2025-09-13 03:48:45 --> Session: Class initialized using 'CodeIgniter\Session\Handlers\FileHandler' driver.
DEBUG - 2025-09-13 03:48:46 --> Session: Class initialized using 'CodeIgniter\Session\Handlers\FileHandler' driver.
DEBUG - 2025-09-13 03:48:47 --> Session: Class initialized using 'CodeIgniter\Session\Handlers\FileHandler' driver.
DEBUG - 2025-09-13 04:13:03 --> Session: Class initialized using 'CodeIgniter\Session\Handlers\FileHandler' driver.
DEBUG - 2025-09-13 04:13:04 --> Session: Class initialized using 'CodeIgniter\Session\Handlers\FileHandler' driver.
DEBUG - 2025-09-13 04:13:06 --> Session: Class initialized using 'CodeIgniter\Session\Handlers\FileHandler' driver.
CRITICAL - 2025-09-13 04:13:08 --> ErrorException: unlink(C:\xampp\htdocs\hms_ram\writable\debugbar/debugbar_1757679495.667464.json): No such file or directory
[Method: GET, Route: /]
in SYSTEMPATH\Debug\Toolbar\Collectors\History.php on line 82.
 1 [internal function]: CodeIgniter\Debug\Exceptions->errorHandler(2, 'unlink(C:\\xampp\\htdocs\\hms_ram\\writable\\debugbar/debugbar_1757679495.667464.json): No such file or directory', 'C:\\xampp\\htdocs\\hms_ram\\system\\Debug\\Toolbar\\Collectors\\History.php', 82)
 2 SYSTEMPATH\Debug\Toolbar\Collectors\History.php(82): unlink('C:\\xampp\\htdocs\\hms_ram\\writable\\debugbar/debugbar_1757679495.667464.json')
 3 SYSTEMPATH\Debug\Toolbar.php(517): CodeIgniter\Debug\Toolbar\Collectors\History->setFiles('1757736785.989254', 20)
 4 SYSTEMPATH\Debug\Toolbar.php(496): CodeIgniter\Debug\Toolbar->format([...], 'html')
 5 APPPATH\Config\Events.php(47): CodeIgniter\Debug\Toolbar->respond()
 6 SYSTEMPATH\Events\Events.php(155): CodeIgniter\Events\Events::Config\{closure}()
 7 SYSTEMPATH\CodeIgniter.php(339): CodeIgniter\Events\Events::trigger('pre_system')
 8 SYSTEMPATH\Boot.php(334): CodeIgniter\CodeIgniter->run()
 9 SYSTEMPATH\Boot.php(67): CodeIgniter\Boot::runCodeIgniter(Object(CodeIgniter\CodeIgniter))
10 FCPATH\index.php(46): CodeIgniter\Boot::bootWeb(Object(Config\Paths))
CRITICAL - 2025-09-13 04:13:08 --> ErrorException: unlink(C:\xampp\htdocs\hms_ram\writable\debugbar/debugbar_1757679495.667464.json): No such file or directory
[Method: GET, Route: /]
in SYSTEMPATH\Debug\Toolbar\Collectors\History.php on line 82.
 1 [internal function]: CodeIgniter\Debug\Exceptions->errorHandler(2, 'unlink(C:\\xampp\\htdocs\\hms_ram\\writable\\debugbar/debugbar_1757679495.667464.json): No such file or directory', 'C:\\xampp\\htdocs\\hms_ram\\system\\Debug\\Toolbar\\Collectors\\History.php', 82)
 2 SYSTEMPATH\Debug\Toolbar\Collectors\History.php(82): unlink('C:\\xampp\\htdocs\\hms_ram\\writable\\debugbar/debugbar_1757679495.667464.json')
 3 SYSTEMPATH\Debug\Toolbar.php(517): CodeIgniter\Debug\Toolbar\Collectors\History->setFiles('1757736786.738795', 20)
 4 SYSTEMPATH\Debug\Toolbar.php(496): CodeIgniter\Debug\Toolbar->format([...], 'html')
 5 APPPATH\Config\Events.php(47): CodeIgniter\Debug\Toolbar->respond()
 6 SYSTEMPATH\Events\Events.php(155): CodeIgniter\Events\Events::Config\{closure}()
 7 SYSTEMPATH\CodeIgniter.php(339): CodeIgniter\Events\Events::trigger('pre_system')
 8 SYSTEMPATH\Boot.php(334): CodeIgniter\CodeIgniter->run()
 9 SYSTEMPATH\Boot.php(67): CodeIgniter\Boot::runCodeIgniter(Object(CodeIgniter\CodeIgniter))
10 FCPATH\index.php(46): CodeIgniter\Boot::bootWeb(Object(Config\Paths))
DEBUG - 2025-09-13 04:13:16 --> Session: Class initialized using 'CodeIgniter\Session\Handlers\FileHandler' driver.
DEBUG - 2025-09-13 04:22:28 --> Session: Class initialized using 'CodeIgniter\Session\Handlers\FileHandler' driver.
DEBUG - 2025-09-13 04:22:34 --> Session: Class initialized using 'CodeIgniter\Session\Handlers\FileHandler' driver.
DEBUG - 2025-09-13 05:03:01 --> Session: Class initialized using 'CodeIgniter\Session\Handlers\FileHandler' driver.
DEBUG - 2025-09-13 05:03:01 --> Session: Class initialized using 'CodeIgniter\Session\Handlers\FileHandler' driver.
DEBUG - 2025-09-13 05:03:02 --> Session: Class initialized using 'CodeIgniter\Session\Handlers\FileHandler' driver.
DEBUG - 2025-09-13 05:03:02 --> Session: Class initialized using 'CodeIgniter\Session\Handlers\FileHandler' driver.
CRITICAL - 2025-09-13 05:03:03 --> ErrorException: unlink(C:\xampp\htdocs\hms_ram\writable\debugbar/debugbar_1757735302.211902.json): No such file or directory
[Method: GET, Route: /]
in SYSTEMPATH\Debug\Toolbar\Collectors\History.php on line 82.
 1 [internal function]: CodeIgniter\Debug\Exceptions->errorHandler(2, 'unlink(C:\\xampp\\htdocs\\hms_ram\\writable\\debugbar/debugbar_1757735302.211902.json): No such file or directory', 'C:\\xampp\\htdocs\\hms_ram\\system\\Debug\\Toolbar\\Collectors\\History.php', 82)
 2 SYSTEMPATH\Debug\Toolbar\Collectors\History.php(82): unlink('C:\\xampp\\htdocs\\hms_ram\\writable\\debugbar/debugbar_1757735302.211902.json')
 3 SYSTEMPATH\Debug\Toolbar.php(517): CodeIgniter\Debug\Toolbar\Collectors\History->setFiles('1757739782.446664', 20)
 4 SYSTEMPATH\Debug\Toolbar.php(496): CodeIgniter\Debug\Toolbar->format([...], 'html')
 5 APPPATH\Config\Events.php(47): CodeIgniter\Debug\Toolbar->respond()
 6 SYSTEMPATH\Events\Events.php(155): CodeIgniter\Events\Events::Config\{closure}()
 7 SYSTEMPATH\CodeIgniter.php(339): CodeIgniter\Events\Events::trigger('pre_system')
 8 SYSTEMPATH\Boot.php(334): CodeIgniter\CodeIgniter->run()
 9 SYSTEMPATH\Boot.php(67): CodeIgniter\Boot::runCodeIgniter(Object(CodeIgniter\CodeIgniter))
10 FCPATH\index.php(46): CodeIgniter\Boot::bootWeb(Object(Config\Paths))
CRITICAL - 2025-09-13 05:03:03 --> ErrorException: unlink(C:\xampp\htdocs\hms_ram\writable\debugbar/debugbar_1757735302.211902.json): No such file or directory
[Method: GET, Route: /]
in SYSTEMPATH\Debug\Toolbar\Collectors\History.php on line 82.
 1 [internal function]: CodeIgniter\Debug\Exceptions->errorHandler(2, 'unlink(C:\\xampp\\htdocs\\hms_ram\\writable\\debugbar/debugbar_1757735302.211902.json): No such file or directory', 'C:\\xampp\\htdocs\\hms_ram\\system\\Debug\\Toolbar\\Collectors\\History.php', 82)
 2 SYSTEMPATH\Debug\Toolbar\Collectors\History.php(82): unlink('C:\\xampp\\htdocs\\hms_ram\\writable\\debugbar/debugbar_1757735302.211902.json')
 3 SYSTEMPATH\Debug\Toolbar.php(517): CodeIgniter\Debug\Toolbar\Collectors\History->setFiles('1757739782.618357', 20)
 4 SYSTEMPATH\Debug\Toolbar.php(496): CodeIgniter\Debug\Toolbar->format([...], 'html')
 5 APPPATH\Config\Events.php(47): CodeIgniter\Debug\Toolbar->respond()
 6 SYSTEMPATH\Events\Events.php(155): CodeIgniter\Events\Events::Config\{closure}()
 7 SYSTEMPATH\CodeIgniter.php(339): CodeIgniter\Events\Events::trigger('pre_system')
 8 SYSTEMPATH\Boot.php(334): CodeIgniter\CodeIgniter->run()
 9 SYSTEMPATH\Boot.php(67): CodeIgniter\Boot::runCodeIgniter(Object(CodeIgniter\CodeIgniter))
10 FCPATH\index.php(46): CodeIgniter\Boot::bootWeb(Object(Config\Paths))
DEBUG - 2025-09-13 05:03:17 --> Session: Class initialized using 'CodeIgniter\Session\Handlers\FileHandler' driver.
DEBUG - 2025-09-13 05:03:28 --> Session: Class initialized using 'CodeIgniter\Session\Handlers\FileHandler' driver.
DEBUG - 2025-09-13 05:04:13 --> Session: Class initialized using 'CodeIgniter\Session\Handlers\FileHandler' driver.
DEBUG - 2025-09-13 05:04:13 --> Session: Class initialized using 'CodeIgniter\Session\Handlers\FileHandler' driver.
DEBUG - 2025-09-13 05:04:14 --> Session: Class initialized using 'CodeIgniter\Session\Handlers\FileHandler' driver.
DEBUG - 2025-09-13 05:04:14 --> Session: Class initialized using 'CodeIgniter\Session\Handlers\FileHandler' driver.
DEBUG - 2025-09-13 05:04:23 --> Session: Class initialized using 'CodeIgniter\Session\Handlers\FileHandler' driver.
DEBUG - 2025-09-13 05:04:28 --> Session: Class initialized using 'CodeIgniter\Session\Handlers\FileHandler' driver.
DEBUG - 2025-09-13 05:04:28 --> Session: Class initialized using 'CodeIgniter\Session\Handlers\FileHandler' driver.
DEBUG - 2025-09-13 05:04:28 --> Session: Class initialized using 'CodeIgniter\Session\Handlers\FileHandler' driver.
DEBUG - 2025-09-13 05:04:29 --> Session: Class initialized using 'CodeIgniter\Session\Handlers\FileHandler' driver.
DEBUG - 2025-09-13 05:04:45 --> Session: Class initialized using 'CodeIgniter\Session\Handlers\FileHandler' driver.
DEBUG - 2025-09-13 06:04:06 --> Session: Class initialized using 'CodeIgniter\Session\Handlers\FileHandler' driver.
DEBUG - 2025-09-13 06:04:06 --> Session: Class initialized using 'CodeIgniter\Session\Handlers\FileHandler' driver.
DEBUG - 2025-09-13 06:04:06 --> Session: Class initialized using 'CodeIgniter\Session\Handlers\FileHandler' driver.
CRITICAL - 2025-09-13 06:04:06 --> ParseError: syntax error, unexpected token "endforeach", expecting "elseif" or "else" or "endif"
[Method: GET, Route: pharmacy/sales/invoice/PHM-IP-20250912-00022]
in APPPATH\Views\pharmacy\sales\invoice.php on line 245.
 1 SYSTEMPATH\View\View.php(227): CodeIgniter\View\View->CodeIgniter\View\{closure}()
 2 SYSTEMPATH\Common.php(1173): CodeIgniter\View\View->render('pharmacy/sales/invoice', [], true)
 3 APPPATH\Controllers\Pharmacy\Sales.php(441): view('pharmacy/sales/invoice', [...])
 4 SYSTEMPATH\CodeIgniter.php(933): App\Controllers\Pharmacy\Sales->invoice('PHM-IP-20250912-00022')
 5 SYSTEMPATH\CodeIgniter.php(507): CodeIgniter\CodeIgniter->runController(Object(App\Controllers\Pharmacy\Sales))
 6 SYSTEMPATH\CodeIgniter.php(354): CodeIgniter\CodeIgniter->handleRequest(null, Object(Config\Cache), false)
 7 SYSTEMPATH\Boot.php(334): CodeIgniter\CodeIgniter->run()
 8 SYSTEMPATH\Boot.php(67): CodeIgniter\Boot::runCodeIgniter(Object(CodeIgniter\CodeIgniter))
 9 FCPATH\index.php(46): CodeIgniter\Boot::bootWeb(Object(Config\Paths))
DEBUG - 2025-09-13 06:04:06 --> Session: Class initialized using 'CodeIgniter\Session\Handlers\FileHandler' driver.
CRITICAL - 2025-09-13 06:04:06 --> ParseError: syntax error, unexpected token "endforeach", expecting "elseif" or "else" or "endif"
[Method: GET, Route: pharmacy/sales/invoice/PHM-OP-20250912-00021]
in APPPATH\Views\pharmacy\sales\invoice.php on line 245.
 1 SYSTEMPATH\View\View.php(227): CodeIgniter\View\View->CodeIgniter\View\{closure}()
 2 SYSTEMPATH\Common.php(1173): CodeIgniter\View\View->render('pharmacy/sales/invoice', [], true)
 3 APPPATH\Controllers\Pharmacy\Sales.php(441): view('pharmacy/sales/invoice', [...])
 4 SYSTEMPATH\CodeIgniter.php(933): App\Controllers\Pharmacy\Sales->invoice('PHM-OP-20250912-00021')
 5 SYSTEMPATH\CodeIgniter.php(507): CodeIgniter\CodeIgniter->runController(Object(App\Controllers\Pharmacy\Sales))
 6 SYSTEMPATH\CodeIgniter.php(354): CodeIgniter\CodeIgniter->handleRequest(null, Object(Config\Cache), false)
 7 SYSTEMPATH\Boot.php(334): CodeIgniter\CodeIgniter->run()
 8 SYSTEMPATH\Boot.php(67): CodeIgniter\Boot::runCodeIgniter(Object(CodeIgniter\CodeIgniter))
 9 FCPATH\index.php(46): CodeIgniter\Boot::bootWeb(Object(Config\Paths))
CRITICAL - 2025-09-13 06:04:07 --> ErrorException: unlink(C:\xampp\htdocs\hms_ram\writable\debugbar/debugbar_1757739853.787547.json): No such file or directory
[Method: GET, Route: /]
in SYSTEMPATH\Debug\Toolbar\Collectors\History.php on line 82.
 1 [internal function]: CodeIgniter\Debug\Exceptions->errorHandler(2, 'unlink(C:\\xampp\\htdocs\\hms_ram\\writable\\debugbar/debugbar_1757739853.787547.json): No such file or directory', 'C:\\xampp\\htdocs\\hms_ram\\system\\Debug\\Toolbar\\Collectors\\History.php', 82)
 2 SYSTEMPATH\Debug\Toolbar\Collectors\History.php(82): unlink('C:\\xampp\\htdocs\\hms_ram\\writable\\debugbar/debugbar_1757739853.787547.json')
 3 SYSTEMPATH\Debug\Toolbar.php(517): CodeIgniter\Debug\Toolbar\Collectors\History->setFiles('1757743446.133386', 20)
 4 SYSTEMPATH\Debug\Toolbar.php(496): CodeIgniter\Debug\Toolbar->format([...], 'html')
 5 APPPATH\Config\Events.php(47): CodeIgniter\Debug\Toolbar->respond()
 6 SYSTEMPATH\Events\Events.php(155): CodeIgniter\Events\Events::Config\{closure}()
 7 SYSTEMPATH\CodeIgniter.php(339): CodeIgniter\Events\Events::trigger('pre_system')
 8 SYSTEMPATH\Boot.php(334): CodeIgniter\CodeIgniter->run()
 9 SYSTEMPATH\Boot.php(67): CodeIgniter\Boot::runCodeIgniter(Object(CodeIgniter\CodeIgniter))
10 FCPATH\index.php(46): CodeIgniter\Boot::bootWeb(Object(Config\Paths))
DEBUG - 2025-09-13 06:42:53 --> Session: Class initialized using 'CodeIgniter\Session\Handlers\FileHandler' driver.
DEBUG - 2025-09-13 06:43:00 --> Session: Class initialized using 'CodeIgniter\Session\Handlers\FileHandler' driver.
CRITICAL - 2025-09-13 06:43:00 --> ErrorException: Undefined variable $totalReturnAmount
[Method: GET, Route: pharmacy/sales/invoice/PHM-IP-20250912-00022]
in APPPATH\Views\pharmacy\sales\invoice.php on line 236.
 1 APPPATH\Views\pharmacy\sales\invoice.php(236): CodeIgniter\Debug\Exceptions->errorHandler(2, 'Undefined variable $totalReturnAmount', 'C:\\xampp\\htdocs\\hms_ram\\app\\Views\\pharmacy\\sales\\invoice.php', 236)
 2 SYSTEMPATH\View\View.php(224): include('C:\\xampp\\htdocs\\hms_ram\\app\\Views\\pharmacy\\sales\\invoice.php')
 3 SYSTEMPATH\View\View.php(227): CodeIgniter\View\View->CodeIgniter\View\{closure}()
 4 SYSTEMPATH\Common.php(1173): CodeIgniter\View\View->render('pharmacy/sales/invoice', [], true)
 5 APPPATH\Controllers\Pharmacy\Sales.php(441): view('pharmacy/sales/invoice', [...])
 6 SYSTEMPATH\CodeIgniter.php(933): App\Controllers\Pharmacy\Sales->invoice('PHM-IP-20250912-00022')
 7 SYSTEMPATH\CodeIgniter.php(507): CodeIgniter\CodeIgniter->runController(Object(App\Controllers\Pharmacy\Sales))
 8 SYSTEMPATH\CodeIgniter.php(354): CodeIgniter\CodeIgniter->handleRequest(null, Object(Config\Cache), false)
 9 SYSTEMPATH\Boot.php(334): CodeIgniter\CodeIgniter->run()
10 SYSTEMPATH\Boot.php(67): CodeIgniter\Boot::runCodeIgniter(Object(CodeIgniter\CodeIgniter))
11 FCPATH\index.php(46): CodeIgniter\Boot::bootWeb(Object(Config\Paths))
DEBUG - 2025-09-13 06:43:01 --> Session: Class initialized using 'CodeIgniter\Session\Handlers\FileHandler' driver.
CRITICAL - 2025-09-13 06:43:01 --> ErrorException: Undefined variable $totalReturnAmount
[Method: GET, Route: pharmacy/sales/invoice/PHM-IP-20250912-00022]
in APPPATH\Views\pharmacy\sales\invoice.php on line 236.
 1 APPPATH\Views\pharmacy\sales\invoice.php(236): CodeIgniter\Debug\Exceptions->errorHandler(2, 'Undefined variable $totalReturnAmount', 'C:\\xampp\\htdocs\\hms_ram\\app\\Views\\pharmacy\\sales\\invoice.php', 236)
 2 SYSTEMPATH\View\View.php(224): include('C:\\xampp\\htdocs\\hms_ram\\app\\Views\\pharmacy\\sales\\invoice.php')
 3 SYSTEMPATH\View\View.php(227): CodeIgniter\View\View->CodeIgniter\View\{closure}()
 4 SYSTEMPATH\Common.php(1173): CodeIgniter\View\View->render('pharmacy/sales/invoice', [], true)
 5 APPPATH\Controllers\Pharmacy\Sales.php(441): view('pharmacy/sales/invoice', [...])
 6 SYSTEMPATH\CodeIgniter.php(933): App\Controllers\Pharmacy\Sales->invoice('PHM-IP-20250912-00022')
 7 SYSTEMPATH\CodeIgniter.php(507): CodeIgniter\CodeIgniter->runController(Object(App\Controllers\Pharmacy\Sales))
 8 SYSTEMPATH\CodeIgniter.php(354): CodeIgniter\CodeIgniter->handleRequest(null, Object(Config\Cache), false)
 9 SYSTEMPATH\Boot.php(334): CodeIgniter\CodeIgniter->run()
10 SYSTEMPATH\Boot.php(67): CodeIgniter\Boot::runCodeIgniter(Object(CodeIgniter\CodeIgniter))
11 FCPATH\index.php(46): CodeIgniter\Boot::bootWeb(Object(Config\Paths))
DEBUG - 2025-09-13 06:55:29 --> Session: Class initialized using 'CodeIgniter\Session\Handlers\FileHandler' driver.
DEBUG - 2025-09-13 06:55:29 --> Session: Class initialized using 'CodeIgniter\Session\Handlers\FileHandler' driver.
CRITICAL - 2025-09-13 06:55:32 --> ErrorException: unlink(C:\xampp\htdocs\hms_ram\writable\debugbar/debugbar_1757739854.517809.json): Permission denied
[Method: GET, Route: /]
in SYSTEMPATH\Debug\Toolbar\Collectors\History.php on line 82.
 1 [internal function]: CodeIgniter\Debug\Exceptions->errorHandler(2, 'unlink(C:\\xampp\\htdocs\\hms_ram\\writable\\debugbar/debugbar_1757739854.517809.json): Permission denied', 'C:\\xampp\\htdocs\\hms_ram\\system\\Debug\\Toolbar\\Collectors\\History.php', 82)
 2 SYSTEMPATH\Debug\Toolbar\Collectors\History.php(82): unlink('C:\\xampp\\htdocs\\hms_ram\\writable\\debugbar/debugbar_1757739854.517809.json')
 3 SYSTEMPATH\Debug\Toolbar.php(517): CodeIgniter\Debug\Toolbar\Collectors\History->setFiles('1757746530.586118', 20)
 4 SYSTEMPATH\Debug\Toolbar.php(496): CodeIgniter\Debug\Toolbar->format([...], 'html')
 5 APPPATH\Config\Events.php(47): CodeIgniter\Debug\Toolbar->respond()
 6 SYSTEMPATH\Events\Events.php(155): CodeIgniter\Events\Events::Config\{closure}()
 7 SYSTEMPATH\CodeIgniter.php(339): CodeIgniter\Events\Events::trigger('pre_system')
 8 SYSTEMPATH\Boot.php(334): CodeIgniter\CodeIgniter->run()
 9 SYSTEMPATH\Boot.php(67): CodeIgniter\Boot::runCodeIgniter(Object(CodeIgniter\CodeIgniter))
10 FCPATH\index.php(46): CodeIgniter\Boot::bootWeb(Object(Config\Paths))
DEBUG - 2025-09-13 06:56:35 --> Session: Class initialized using 'CodeIgniter\Session\Handlers\FileHandler' driver.
DEBUG - 2025-09-13 06:59:45 --> Session: Class initialized using 'CodeIgniter\Session\Handlers\FileHandler' driver.
ERROR - 2025-09-13 06:59:45 --> mysqli_sql_exception: You have an error in your SQL syntax; check the manual that corresponds to your MariaDB server version for the right syntax to use near '`IN` = ('82','83')' at line 10 in C:\xampp\htdocs\hms_ram\system\Database\MySQLi\Connection.php:327
Stack trace:
#0 C:\xampp\htdocs\hms_ram\system\Database\MySQLi\Connection.php(327): mysqli->query('SELECT `r`.*, `...', 0)
#1 C:\xampp\htdocs\hms_ram\system\Database\BaseConnection.php(738): CodeIgniter\Database\MySQLi\Connection->execute('SELECT `r`.*, `...')
#2 C:\xampp\htdocs\hms_ram\system\Database\BaseConnection.php(652): CodeIgniter\Database\BaseConnection->simpleQuery('SELECT `r`.*, `...')
#3 C:\xampp\htdocs\hms_ram\system\Database\BaseBuilder.php(1649): CodeIgniter\Database\BaseConnection->query('SELECT `r`.*, `...', Array, false)
#4 C:\xampp\htdocs\hms_ram\system\Model.php(286): CodeIgniter\Database\BaseBuilder->get()
#5 C:\xampp\htdocs\hms_ram\system\BaseModel.php(679): CodeIgniter\Model->doFindAll(0, 0)
#6 C:\xampp\htdocs\hms_ram\app\Controllers\Pharmacy\Sales.php(393): CodeIgniter\BaseModel->findAll()
#7 C:\xampp\htdocs\hms_ram\system\CodeIgniter.php(933): App\Controllers\Pharmacy\Sales->invoice('PHM-IP-20250912...')
#8 C:\xampp\htdocs\hms_ram\system\CodeIgniter.php(507): CodeIgniter\CodeIgniter->runController(Object(App\Controllers\Pharmacy\Sales))
#9 C:\xampp\htdocs\hms_ram\system\CodeIgniter.php(354): CodeIgniter\CodeIgniter->handleRequest(NULL, Object(Config\Cache), false)
#10 C:\xampp\htdocs\hms_ram\system\Boot.php(334): CodeIgniter\CodeIgniter->run()
#11 C:\xampp\htdocs\hms_ram\system\Boot.php(67): CodeIgniter\Boot::runCodeIgniter(Object(CodeIgniter\CodeIgniter))
#12 C:\xampp\htdocs\hms_ram\index.php(46): CodeIgniter\Boot::bootWeb(Object(Config\Paths))
#13 {main}
CRITICAL - 2025-09-13 06:59:45 --> CodeIgniter\Database\Exceptions\DatabaseException: You have an error in your SQL syntax; check the manual that corresponds to your MariaDB server version for the right syntax to use near '`IN` = ('82','83')' at line 10
[Method: GET, Route: pharmacy/sales/invoice/PHM-IP-20250912-00022]
in SYSTEMPATH\Database\BaseConnection.php on line 692.
 1 SYSTEMPATH\Database\BaseBuilder.php(1649): CodeIgniter\Database\BaseConnection->query('SELECT `r`.*, `pg`.`generic_name` as `medicine_name`, `si`.`unit_selling_price`, `b`.`batch_number`
FROM (`pharmacy_returns`, `pharmacy_returns` `r`)
JOIN `pharmacy_medicines` `m` ON `m`.`id` = `r`.`medicine_id`
JOIN `pharmacy_generics` `pg` ON `pg`.`id` = `m`.`generic_id`
JOIN `pharmacy_batches` `b` ON `b`.`id` = `r`.`batch_id`
JOIN `pharmacy_sale_items` `si` ON `si`.`id` = `r`.`sale_item_id`
WHERE `r`.`billing_id` = :r.billing_id:
AND `r`.`sale_id` IS NULL
AND `r`.`approval_status` = :r.approval_status:
AND `r`.`sale_item_id` `IN` = :r.sale_item_id IN:', [...], false)
 2 SYSTEMPATH\Model.php(286): CodeIgniter\Database\BaseBuilder->get()
 3 SYSTEMPATH\BaseModel.php(679): CodeIgniter\Model->doFindAll(0, 0)
 4 APPPATH\Controllers\Pharmacy\Sales.php(393): CodeIgniter\BaseModel->findAll()
 5 SYSTEMPATH\CodeIgniter.php(933): App\Controllers\Pharmacy\Sales->invoice('PHM-IP-20250912-00022')
 6 SYSTEMPATH\CodeIgniter.php(507): CodeIgniter\CodeIgniter->runController(Object(App\Controllers\Pharmacy\Sales))
 7 SYSTEMPATH\CodeIgniter.php(354): CodeIgniter\CodeIgniter->handleRequest(null, Object(Config\Cache), false)
 8 SYSTEMPATH\Boot.php(334): CodeIgniter\CodeIgniter->run()
 9 SYSTEMPATH\Boot.php(67): CodeIgniter\Boot::runCodeIgniter(Object(CodeIgniter\CodeIgniter))
10 FCPATH\index.php(46): CodeIgniter\Boot::bootWeb(Object(Config\Paths))
CRITICAL - 2025-09-13 06:59:45 --> [Caused by] CodeIgniter\Database\Exceptions\DatabaseException: You have an error in your SQL syntax; check the manual that corresponds to your MariaDB server version for the right syntax to use near '`IN` = ('82','83')' at line 10
in SYSTEMPATH\Database\MySQLi\Connection.php on line 332.
 1 SYSTEMPATH\Database\BaseConnection.php(738): CodeIgniter\Database\MySQLi\Connection->execute('SELECT `r`.*, `pg`.`generic_name` as `medicine_name`, `si`.`unit_selling_price`, `b`.`batch_number`
FROM (`pharmacy_returns`, `pharmacy_returns` `r`)
JOIN `pharmacy_medicines` `m` ON `m`.`id` = `r`.`medicine_id`
JOIN `pharmacy_generics` `pg` ON `pg`.`id` = `m`.`generic_id`
JOIN `pharmacy_batches` `b` ON `b`.`id` = `r`.`batch_id`
JOIN `pharmacy_sale_items` `si` ON `si`.`id` = `r`.`sale_item_id`
WHERE `r`.`billing_id` = \'23\'
AND `r`.`sale_id` IS NULL
AND `r`.`approval_status` = \'approved\'
AND `r`.`sale_item_id` `IN` = (\'82\',\'83\')')
 2 SYSTEMPATH\Database\BaseConnection.php(652): CodeIgniter\Database\BaseConnection->simpleQuery('SELECT `r`.*, `pg`.`generic_name` as `medicine_name`, `si`.`unit_selling_price`, `b`.`batch_number`
FROM (`pharmacy_returns`, `pharmacy_returns` `r`)
JOIN `pharmacy_medicines` `m` ON `m`.`id` = `r`.`medicine_id`
JOIN `pharmacy_generics` `pg` ON `pg`.`id` = `m`.`generic_id`
JOIN `pharmacy_batches` `b` ON `b`.`id` = `r`.`batch_id`
JOIN `pharmacy_sale_items` `si` ON `si`.`id` = `r`.`sale_item_id`
WHERE `r`.`billing_id` = \'23\'
AND `r`.`sale_id` IS NULL
AND `r`.`approval_status` = \'approved\'
AND `r`.`sale_item_id` `IN` = (\'82\',\'83\')')
 3 SYSTEMPATH\Database\BaseBuilder.php(1649): CodeIgniter\Database\BaseConnection->query('SELECT `r`.*, `pg`.`generic_name` as `medicine_name`, `si`.`unit_selling_price`, `b`.`batch_number`
FROM (`pharmacy_returns`, `pharmacy_returns` `r`)
JOIN `pharmacy_medicines` `m` ON `m`.`id` = `r`.`medicine_id`
JOIN `pharmacy_generics` `pg` ON `pg`.`id` = `m`.`generic_id`
JOIN `pharmacy_batches` `b` ON `b`.`id` = `r`.`batch_id`
JOIN `pharmacy_sale_items` `si` ON `si`.`id` = `r`.`sale_item_id`
WHERE `r`.`billing_id` = :r.billing_id:
AND `r`.`sale_id` IS NULL
AND `r`.`approval_status` = :r.approval_status:
AND `r`.`sale_item_id` `IN` = :r.sale_item_id IN:', [...], false)
 4 SYSTEMPATH\Model.php(286): CodeIgniter\Database\BaseBuilder->get()
 5 SYSTEMPATH\BaseModel.php(679): CodeIgniter\Model->doFindAll(0, 0)
 6 APPPATH\Controllers\Pharmacy\Sales.php(393): CodeIgniter\BaseModel->findAll()
 7 SYSTEMPATH\CodeIgniter.php(933): App\Controllers\Pharmacy\Sales->invoice('PHM-IP-20250912-00022')
 8 SYSTEMPATH\CodeIgniter.php(507): CodeIgniter\CodeIgniter->runController(Object(App\Controllers\Pharmacy\Sales))
 9 SYSTEMPATH\CodeIgniter.php(354): CodeIgniter\CodeIgniter->handleRequest(null, Object(Config\Cache), false)
10 SYSTEMPATH\Boot.php(334): CodeIgniter\CodeIgniter->run()
11 SYSTEMPATH\Boot.php(67): CodeIgniter\Boot::runCodeIgniter(Object(CodeIgniter\CodeIgniter))
12 FCPATH\index.php(46): CodeIgniter\Boot::bootWeb(Object(Config\Paths))
CRITICAL - 2025-09-13 06:59:45 --> [Caused by] mysqli_sql_exception: You have an error in your SQL syntax; check the manual that corresponds to your MariaDB server version for the right syntax to use near '`IN` = ('82','83')' at line 10
in SYSTEMPATH\Database\MySQLi\Connection.php on line 327.
 1 SYSTEMPATH\Database\MySQLi\Connection.php(327): mysqli->query('SELECT `r`.*, `pg`.`generic_name` as `medicine_name`, `si`.`unit_selling_price`, `b`.`batch_number`
FROM (`pharmacy_returns`, `pharmacy_returns` `r`)
JOIN `pharmacy_medicines` `m` ON `m`.`id` = `r`.`medicine_id`
JOIN `pharmacy_generics` `pg` ON `pg`.`id` = `m`.`generic_id`
JOIN `pharmacy_batches` `b` ON `b`.`id` = `r`.`batch_id`
JOIN `pharmacy_sale_items` `si` ON `si`.`id` = `r`.`sale_item_id`
WHERE `r`.`billing_id` = \'23\'
AND `r`.`sale_id` IS NULL
AND `r`.`approval_status` = \'approved\'
AND `r`.`sale_item_id` `IN` = (\'82\',\'83\')', 0)
 2 SYSTEMPATH\Database\BaseConnection.php(738): CodeIgniter\Database\MySQLi\Connection->execute('SELECT `r`.*, `pg`.`generic_name` as `medicine_name`, `si`.`unit_selling_price`, `b`.`batch_number`
FROM (`pharmacy_returns`, `pharmacy_returns` `r`)
JOIN `pharmacy_medicines` `m` ON `m`.`id` = `r`.`medicine_id`
JOIN `pharmacy_generics` `pg` ON `pg`.`id` = `m`.`generic_id`
JOIN `pharmacy_batches` `b` ON `b`.`id` = `r`.`batch_id`
JOIN `pharmacy_sale_items` `si` ON `si`.`id` = `r`.`sale_item_id`
WHERE `r`.`billing_id` = \'23\'
AND `r`.`sale_id` IS NULL
AND `r`.`approval_status` = \'approved\'
AND `r`.`sale_item_id` `IN` = (\'82\',\'83\')')
 3 SYSTEMPATH\Database\BaseConnection.php(652): CodeIgniter\Database\BaseConnection->simpleQuery('SELECT `r`.*, `pg`.`generic_name` as `medicine_name`, `si`.`unit_selling_price`, `b`.`batch_number`
FROM (`pharmacy_returns`, `pharmacy_returns` `r`)
JOIN `pharmacy_medicines` `m` ON `m`.`id` = `r`.`medicine_id`
JOIN `pharmacy_generics` `pg` ON `pg`.`id` = `m`.`generic_id`
JOIN `pharmacy_batches` `b` ON `b`.`id` = `r`.`batch_id`
JOIN `pharmacy_sale_items` `si` ON `si`.`id` = `r`.`sale_item_id`
WHERE `r`.`billing_id` = \'23\'
AND `r`.`sale_id` IS NULL
AND `r`.`approval_status` = \'approved\'
AND `r`.`sale_item_id` `IN` = (\'82\',\'83\')')
 4 SYSTEMPATH\Database\BaseBuilder.php(1649): CodeIgniter\Database\BaseConnection->query('SELECT `r`.*, `pg`.`generic_name` as `medicine_name`, `si`.`unit_selling_price`, `b`.`batch_number`
FROM (`pharmacy_returns`, `pharmacy_returns` `r`)
JOIN `pharmacy_medicines` `m` ON `m`.`id` = `r`.`medicine_id`
JOIN `pharmacy_generics` `pg` ON `pg`.`id` = `m`.`generic_id`
JOIN `pharmacy_batches` `b` ON `b`.`id` = `r`.`batch_id`
JOIN `pharmacy_sale_items` `si` ON `si`.`id` = `r`.`sale_item_id`
WHERE `r`.`billing_id` = :r.billing_id:
AND `r`.`sale_id` IS NULL
AND `r`.`approval_status` = :r.approval_status:
AND `r`.`sale_item_id` `IN` = :r.sale_item_id IN:', [...], false)
 5 SYSTEMPATH\Model.php(286): CodeIgniter\Database\BaseBuilder->get()
 6 SYSTEMPATH\BaseModel.php(679): CodeIgniter\Model->doFindAll(0, 0)
 7 APPPATH\Controllers\Pharmacy\Sales.php(393): CodeIgniter\BaseModel->findAll()
 8 SYSTEMPATH\CodeIgniter.php(933): App\Controllers\Pharmacy\Sales->invoice('PHM-IP-20250912-00022')
 9 SYSTEMPATH\CodeIgniter.php(507): CodeIgniter\CodeIgniter->runController(Object(App\Controllers\Pharmacy\Sales))
10 SYSTEMPATH\CodeIgniter.php(354): CodeIgniter\CodeIgniter->handleRequest(null, Object(Config\Cache), false)
11 SYSTEMPATH\Boot.php(334): CodeIgniter\CodeIgniter->run()
12 SYSTEMPATH\Boot.php(67): CodeIgniter\Boot::runCodeIgniter(Object(CodeIgniter\CodeIgniter))
13 FCPATH\index.php(46): CodeIgniter\Boot::bootWeb(Object(Config\Paths))
DEBUG - 2025-09-13 06:59:51 --> Session: Class initialized using 'CodeIgniter\Session\Handlers\FileHandler' driver.
ERROR - 2025-09-13 06:59:51 --> mysqli_sql_exception: You have an error in your SQL syntax; check the manual that corresponds to your MariaDB server version for the right syntax to use near '`IN` = ('82','83')' at line 10 in C:\xampp\htdocs\hms_ram\system\Database\MySQLi\Connection.php:327
Stack trace:
#0 C:\xampp\htdocs\hms_ram\system\Database\MySQLi\Connection.php(327): mysqli->query('SELECT `r`.*, `...', 0)
#1 C:\xampp\htdocs\hms_ram\system\Database\BaseConnection.php(738): CodeIgniter\Database\MySQLi\Connection->execute('SELECT `r`.*, `...')
#2 C:\xampp\htdocs\hms_ram\system\Database\BaseConnection.php(652): CodeIgniter\Database\BaseConnection->simpleQuery('SELECT `r`.*, `...')
#3 C:\xampp\htdocs\hms_ram\system\Database\BaseBuilder.php(1649): CodeIgniter\Database\BaseConnection->query('SELECT `r`.*, `...', Array, false)
#4 C:\xampp\htdocs\hms_ram\system\Model.php(286): CodeIgniter\Database\BaseBuilder->get()
#5 C:\xampp\htdocs\hms_ram\system\BaseModel.php(679): CodeIgniter\Model->doFindAll(0, 0)
#6 C:\xampp\htdocs\hms_ram\app\Controllers\Pharmacy\Sales.php(393): CodeIgniter\BaseModel->findAll()
#7 C:\xampp\htdocs\hms_ram\system\CodeIgniter.php(933): App\Controllers\Pharmacy\Sales->invoice('PHM-IP-20250912...')
#8 C:\xampp\htdocs\hms_ram\system\CodeIgniter.php(507): CodeIgniter\CodeIgniter->runController(Object(App\Controllers\Pharmacy\Sales))
#9 C:\xampp\htdocs\hms_ram\system\CodeIgniter.php(354): CodeIgniter\CodeIgniter->handleRequest(NULL, Object(Config\Cache), false)
#10 C:\xampp\htdocs\hms_ram\system\Boot.php(334): CodeIgniter\CodeIgniter->run()
#11 C:\xampp\htdocs\hms_ram\system\Boot.php(67): CodeIgniter\Boot::runCodeIgniter(Object(CodeIgniter\CodeIgniter))
#12 C:\xampp\htdocs\hms_ram\index.php(46): CodeIgniter\Boot::bootWeb(Object(Config\Paths))
#13 {main}
CRITICAL - 2025-09-13 06:59:51 --> CodeIgniter\Database\Exceptions\DatabaseException: You have an error in your SQL syntax; check the manual that corresponds to your MariaDB server version for the right syntax to use near '`IN` = ('82','83')' at line 10
[Method: GET, Route: pharmacy/sales/invoice/PHM-IP-20250912-00022]
in SYSTEMPATH\Database\BaseConnection.php on line 692.
 1 SYSTEMPATH\Database\BaseBuilder.php(1649): CodeIgniter\Database\BaseConnection->query('SELECT `r`.*, `pg`.`generic_name` as `medicine_name`, `si`.`unit_selling_price`, `b`.`batch_number`
FROM (`pharmacy_returns`, `pharmacy_returns` `r`)
JOIN `pharmacy_medicines` `m` ON `m`.`id` = `r`.`medicine_id`
JOIN `pharmacy_generics` `pg` ON `pg`.`id` = `m`.`generic_id`
JOIN `pharmacy_batches` `b` ON `b`.`id` = `r`.`batch_id`
JOIN `pharmacy_sale_items` `si` ON `si`.`id` = `r`.`sale_item_id`
WHERE `r`.`billing_id` = :r.billing_id:
AND `r`.`sale_id` IS NULL
AND `r`.`approval_status` = :r.approval_status:
AND `r`.`sale_item_id` `IN` = :r.sale_item_id IN:', [...], false)
 2 SYSTEMPATH\Model.php(286): CodeIgniter\Database\BaseBuilder->get()
 3 SYSTEMPATH\BaseModel.php(679): CodeIgniter\Model->doFindAll(0, 0)
 4 APPPATH\Controllers\Pharmacy\Sales.php(393): CodeIgniter\BaseModel->findAll()
 5 SYSTEMPATH\CodeIgniter.php(933): App\Controllers\Pharmacy\Sales->invoice('PHM-IP-20250912-00022')
 6 SYSTEMPATH\CodeIgniter.php(507): CodeIgniter\CodeIgniter->runController(Object(App\Controllers\Pharmacy\Sales))
 7 SYSTEMPATH\CodeIgniter.php(354): CodeIgniter\CodeIgniter->handleRequest(null, Object(Config\Cache), false)
 8 SYSTEMPATH\Boot.php(334): CodeIgniter\CodeIgniter->run()
 9 SYSTEMPATH\Boot.php(67): CodeIgniter\Boot::runCodeIgniter(Object(CodeIgniter\CodeIgniter))
10 FCPATH\index.php(46): CodeIgniter\Boot::bootWeb(Object(Config\Paths))
CRITICAL - 2025-09-13 06:59:51 --> [Caused by] CodeIgniter\Database\Exceptions\DatabaseException: You have an error in your SQL syntax; check the manual that corresponds to your MariaDB server version for the right syntax to use near '`IN` = ('82','83')' at line 10
in SYSTEMPATH\Database\MySQLi\Connection.php on line 332.
 1 SYSTEMPATH\Database\BaseConnection.php(738): CodeIgniter\Database\MySQLi\Connection->execute('SELECT `r`.*, `pg`.`generic_name` as `medicine_name`, `si`.`unit_selling_price`, `b`.`batch_number`
FROM (`pharmacy_returns`, `pharmacy_returns` `r`)
JOIN `pharmacy_medicines` `m` ON `m`.`id` = `r`.`medicine_id`
JOIN `pharmacy_generics` `pg` ON `pg`.`id` = `m`.`generic_id`
JOIN `pharmacy_batches` `b` ON `b`.`id` = `r`.`batch_id`
JOIN `pharmacy_sale_items` `si` ON `si`.`id` = `r`.`sale_item_id`
WHERE `r`.`billing_id` = \'23\'
AND `r`.`sale_id` IS NULL
AND `r`.`approval_status` = \'approved\'
AND `r`.`sale_item_id` `IN` = (\'82\',\'83\')')
 2 SYSTEMPATH\Database\BaseConnection.php(652): CodeIgniter\Database\BaseConnection->simpleQuery('SELECT `r`.*, `pg`.`generic_name` as `medicine_name`, `si`.`unit_selling_price`, `b`.`batch_number`
FROM (`pharmacy_returns`, `pharmacy_returns` `r`)
JOIN `pharmacy_medicines` `m` ON `m`.`id` = `r`.`medicine_id`
JOIN `pharmacy_generics` `pg` ON `pg`.`id` = `m`.`generic_id`
JOIN `pharmacy_batches` `b` ON `b`.`id` = `r`.`batch_id`
JOIN `pharmacy_sale_items` `si` ON `si`.`id` = `r`.`sale_item_id`
WHERE `r`.`billing_id` = \'23\'
AND `r`.`sale_id` IS NULL
AND `r`.`approval_status` = \'approved\'
AND `r`.`sale_item_id` `IN` = (\'82\',\'83\')')
 3 SYSTEMPATH\Database\BaseBuilder.php(1649): CodeIgniter\Database\BaseConnection->query('SELECT `r`.*, `pg`.`generic_name` as `medicine_name`, `si`.`unit_selling_price`, `b`.`batch_number`
FROM (`pharmacy_returns`, `pharmacy_returns` `r`)
JOIN `pharmacy_medicines` `m` ON `m`.`id` = `r`.`medicine_id`
JOIN `pharmacy_generics` `pg` ON `pg`.`id` = `m`.`generic_id`
JOIN `pharmacy_batches` `b` ON `b`.`id` = `r`.`batch_id`
JOIN `pharmacy_sale_items` `si` ON `si`.`id` = `r`.`sale_item_id`
WHERE `r`.`billing_id` = :r.billing_id:
AND `r`.`sale_id` IS NULL
AND `r`.`approval_status` = :r.approval_status:
AND `r`.`sale_item_id` `IN` = :r.sale_item_id IN:', [...], false)
 4 SYSTEMPATH\Model.php(286): CodeIgniter\Database\BaseBuilder->get()
 5 SYSTEMPATH\BaseModel.php(679): CodeIgniter\Model->doFindAll(0, 0)
 6 APPPATH\Controllers\Pharmacy\Sales.php(393): CodeIgniter\BaseModel->findAll()
 7 SYSTEMPATH\CodeIgniter.php(933): App\Controllers\Pharmacy\Sales->invoice('PHM-IP-20250912-00022')
 8 SYSTEMPATH\CodeIgniter.php(507): CodeIgniter\CodeIgniter->runController(Object(App\Controllers\Pharmacy\Sales))
 9 SYSTEMPATH\CodeIgniter.php(354): CodeIgniter\CodeIgniter->handleRequest(null, Object(Config\Cache), false)
10 SYSTEMPATH\Boot.php(334): CodeIgniter\CodeIgniter->run()
11 SYSTEMPATH\Boot.php(67): CodeIgniter\Boot::runCodeIgniter(Object(CodeIgniter\CodeIgniter))
12 FCPATH\index.php(46): CodeIgniter\Boot::bootWeb(Object(Config\Paths))
CRITICAL - 2025-09-13 06:59:51 --> [Caused by] mysqli_sql_exception: You have an error in your SQL syntax; check the manual that corresponds to your MariaDB server version for the right syntax to use near '`IN` = ('82','83')' at line 10
in SYSTEMPATH\Database\MySQLi\Connection.php on line 327.
 1 SYSTEMPATH\Database\MySQLi\Connection.php(327): mysqli->query('SELECT `r`.*, `pg`.`generic_name` as `medicine_name`, `si`.`unit_selling_price`, `b`.`batch_number`
FROM (`pharmacy_returns`, `pharmacy_returns` `r`)
JOIN `pharmacy_medicines` `m` ON `m`.`id` = `r`.`medicine_id`
JOIN `pharmacy_generics` `pg` ON `pg`.`id` = `m`.`generic_id`
JOIN `pharmacy_batches` `b` ON `b`.`id` = `r`.`batch_id`
JOIN `pharmacy_sale_items` `si` ON `si`.`id` = `r`.`sale_item_id`
WHERE `r`.`billing_id` = \'23\'
AND `r`.`sale_id` IS NULL
AND `r`.`approval_status` = \'approved\'
AND `r`.`sale_item_id` `IN` = (\'82\',\'83\')', 0)
 2 SYSTEMPATH\Database\BaseConnection.php(738): CodeIgniter\Database\MySQLi\Connection->execute('SELECT `r`.*, `pg`.`generic_name` as `medicine_name`, `si`.`unit_selling_price`, `b`.`batch_number`
FROM (`pharmacy_returns`, `pharmacy_returns` `r`)
JOIN `pharmacy_medicines` `m` ON `m`.`id` = `r`.`medicine_id`
JOIN `pharmacy_generics` `pg` ON `pg`.`id` = `m`.`generic_id`
JOIN `pharmacy_batches` `b` ON `b`.`id` = `r`.`batch_id`
JOIN `pharmacy_sale_items` `si` ON `si`.`id` = `r`.`sale_item_id`
WHERE `r`.`billing_id` = \'23\'
AND `r`.`sale_id` IS NULL
AND `r`.`approval_status` = \'approved\'
AND `r`.`sale_item_id` `IN` = (\'82\',\'83\')')
 3 SYSTEMPATH\Database\BaseConnection.php(652): CodeIgniter\Database\BaseConnection->simpleQuery('SELECT `r`.*, `pg`.`generic_name` as `medicine_name`, `si`.`unit_selling_price`, `b`.`batch_number`
FROM (`pharmacy_returns`, `pharmacy_returns` `r`)
JOIN `pharmacy_medicines` `m` ON `m`.`id` = `r`.`medicine_id`
JOIN `pharmacy_generics` `pg` ON `pg`.`id` = `m`.`generic_id`
JOIN `pharmacy_batches` `b` ON `b`.`id` = `r`.`batch_id`
JOIN `pharmacy_sale_items` `si` ON `si`.`id` = `r`.`sale_item_id`
WHERE `r`.`billing_id` = \'23\'
AND `r`.`sale_id` IS NULL
AND `r`.`approval_status` = \'approved\'
AND `r`.`sale_item_id` `IN` = (\'82\',\'83\')')
 4 SYSTEMPATH\Database\BaseBuilder.php(1649): CodeIgniter\Database\BaseConnection->query('SELECT `r`.*, `pg`.`generic_name` as `medicine_name`, `si`.`unit_selling_price`, `b`.`batch_number`
FROM (`pharmacy_returns`, `pharmacy_returns` `r`)
JOIN `pharmacy_medicines` `m` ON `m`.`id` = `r`.`medicine_id`
JOIN `pharmacy_generics` `pg` ON `pg`.`id` = `m`.`generic_id`
JOIN `pharmacy_batches` `b` ON `b`.`id` = `r`.`batch_id`
JOIN `pharmacy_sale_items` `si` ON `si`.`id` = `r`.`sale_item_id`
WHERE `r`.`billing_id` = :r.billing_id:
AND `r`.`sale_id` IS NULL
AND `r`.`approval_status` = :r.approval_status:
AND `r`.`sale_item_id` `IN` = :r.sale_item_id IN:', [...], false)
 5 SYSTEMPATH\Model.php(286): CodeIgniter\Database\BaseBuilder->get()
 6 SYSTEMPATH\BaseModel.php(679): CodeIgniter\Model->doFindAll(0, 0)
 7 APPPATH\Controllers\Pharmacy\Sales.php(393): CodeIgniter\BaseModel->findAll()
 8 SYSTEMPATH\CodeIgniter.php(933): App\Controllers\Pharmacy\Sales->invoice('PHM-IP-20250912-00022')
 9 SYSTEMPATH\CodeIgniter.php(507): CodeIgniter\CodeIgniter->runController(Object(App\Controllers\Pharmacy\Sales))
10 SYSTEMPATH\CodeIgniter.php(354): CodeIgniter\CodeIgniter->handleRequest(null, Object(Config\Cache), false)
11 SYSTEMPATH\Boot.php(334): CodeIgniter\CodeIgniter->run()
12 SYSTEMPATH\Boot.php(67): CodeIgniter\Boot::runCodeIgniter(Object(CodeIgniter\CodeIgniter))
13 FCPATH\index.php(46): CodeIgniter\Boot::bootWeb(Object(Config\Paths))
DEBUG - 2025-09-13 07:04:57 --> Session: Class initialized using 'CodeIgniter\Session\Handlers\FileHandler' driver.
DEBUG - 2025-09-13 07:04:58 --> Session: Class initialized using 'CodeIgniter\Session\Handlers\FileHandler' driver.
ERROR - 2025-09-13 07:04:58 --> mysqli_sql_exception: You have an error in your SQL syntax; check the manual that corresponds to your MariaDB server version for the right syntax to use near '`IN` = ('82','83')' at line 10 in C:\xampp\htdocs\hms_ram\system\Database\MySQLi\Connection.php:327
Stack trace:
#0 C:\xampp\htdocs\hms_ram\system\Database\MySQLi\Connection.php(327): mysqli->query('SELECT `r`.*, `...', 0)
#1 C:\xampp\htdocs\hms_ram\system\Database\BaseConnection.php(738): CodeIgniter\Database\MySQLi\Connection->execute('SELECT `r`.*, `...')
#2 C:\xampp\htdocs\hms_ram\system\Database\BaseConnection.php(652): CodeIgniter\Database\BaseConnection->simpleQuery('SELECT `r`.*, `...')
#3 C:\xampp\htdocs\hms_ram\system\Database\BaseBuilder.php(1649): CodeIgniter\Database\BaseConnection->query('SELECT `r`.*, `...', Array, false)
#4 C:\xampp\htdocs\hms_ram\system\Model.php(286): CodeIgniter\Database\BaseBuilder->get()
#5 C:\xampp\htdocs\hms_ram\system\BaseModel.php(679): CodeIgniter\Model->doFindAll(0, 0)
#6 C:\xampp\htdocs\hms_ram\app\Controllers\Pharmacy\Sales.php(393): CodeIgniter\BaseModel->findAll()
#7 C:\xampp\htdocs\hms_ram\system\CodeIgniter.php(933): App\Controllers\Pharmacy\Sales->invoice('PHM-IP-20250912...')
#8 C:\xampp\htdocs\hms_ram\system\CodeIgniter.php(507): CodeIgniter\CodeIgniter->runController(Object(App\Controllers\Pharmacy\Sales))
#9 C:\xampp\htdocs\hms_ram\system\CodeIgniter.php(354): CodeIgniter\CodeIgniter->handleRequest(NULL, Object(Config\Cache), false)
#10 C:\xampp\htdocs\hms_ram\system\Boot.php(334): CodeIgniter\CodeIgniter->run()
#11 C:\xampp\htdocs\hms_ram\system\Boot.php(67): CodeIgniter\Boot::runCodeIgniter(Object(CodeIgniter\CodeIgniter))
#12 C:\xampp\htdocs\hms_ram\index.php(46): CodeIgniter\Boot::bootWeb(Object(Config\Paths))
#13 {main}
CRITICAL - 2025-09-13 07:04:58 --> CodeIgniter\Database\Exceptions\DatabaseException: You have an error in your SQL syntax; check the manual that corresponds to your MariaDB server version for the right syntax to use near '`IN` = ('82','83')' at line 10
[Method: GET, Route: pharmacy/sales/invoice/PHM-IP-20250912-00022]
in SYSTEMPATH\Database\BaseConnection.php on line 692.
 1 SYSTEMPATH\Database\BaseBuilder.php(1649): CodeIgniter\Database\BaseConnection->query('SELECT `r`.*, `pg`.`generic_name` as `medicine_name`, `si`.`unit_selling_price`, `b`.`batch_number`
FROM (`pharmacy_returns`, `pharmacy_returns` `r`)
JOIN `pharmacy_medicines` `m` ON `m`.`id` = `r`.`medicine_id`
JOIN `pharmacy_generics` `pg` ON `pg`.`id` = `m`.`generic_id`
JOIN `pharmacy_batches` `b` ON `b`.`id` = `r`.`batch_id`
JOIN `pharmacy_sale_items` `si` ON `si`.`id` = `r`.`sale_item_id`
WHERE `r`.`billing_id` = :r.billing_id:
AND `r`.`sale_id` IS NULL
AND `r`.`approval_status` = :r.approval_status:
AND `r`.`sale_item_id` `IN` = :r.sale_item_id IN:', [...], false)
 2 SYSTEMPATH\Model.php(286): CodeIgniter\Database\BaseBuilder->get()
 3 SYSTEMPATH\BaseModel.php(679): CodeIgniter\Model->doFindAll(0, 0)
 4 APPPATH\Controllers\Pharmacy\Sales.php(393): CodeIgniter\BaseModel->findAll()
 5 SYSTEMPATH\CodeIgniter.php(933): App\Controllers\Pharmacy\Sales->invoice('PHM-IP-20250912-00022')
 6 SYSTEMPATH\CodeIgniter.php(507): CodeIgniter\CodeIgniter->runController(Object(App\Controllers\Pharmacy\Sales))
 7 SYSTEMPATH\CodeIgniter.php(354): CodeIgniter\CodeIgniter->handleRequest(null, Object(Config\Cache), false)
 8 SYSTEMPATH\Boot.php(334): CodeIgniter\CodeIgniter->run()
 9 SYSTEMPATH\Boot.php(67): CodeIgniter\Boot::runCodeIgniter(Object(CodeIgniter\CodeIgniter))
10 FCPATH\index.php(46): CodeIgniter\Boot::bootWeb(Object(Config\Paths))
CRITICAL - 2025-09-13 07:04:58 --> [Caused by] CodeIgniter\Database\Exceptions\DatabaseException: You have an error in your SQL syntax; check the manual that corresponds to your MariaDB server version for the right syntax to use near '`IN` = ('82','83')' at line 10
in SYSTEMPATH\Database\MySQLi\Connection.php on line 332.
 1 SYSTEMPATH\Database\BaseConnection.php(738): CodeIgniter\Database\MySQLi\Connection->execute('SELECT `r`.*, `pg`.`generic_name` as `medicine_name`, `si`.`unit_selling_price`, `b`.`batch_number`
FROM (`pharmacy_returns`, `pharmacy_returns` `r`)
JOIN `pharmacy_medicines` `m` ON `m`.`id` = `r`.`medicine_id`
JOIN `pharmacy_generics` `pg` ON `pg`.`id` = `m`.`generic_id`
JOIN `pharmacy_batches` `b` ON `b`.`id` = `r`.`batch_id`
JOIN `pharmacy_sale_items` `si` ON `si`.`id` = `r`.`sale_item_id`
WHERE `r`.`billing_id` = \'23\'
AND `r`.`sale_id` IS NULL
AND `r`.`approval_status` = \'approved\'
AND `r`.`sale_item_id` `IN` = (\'82\',\'83\')')
 2 SYSTEMPATH\Database\BaseConnection.php(652): CodeIgniter\Database\BaseConnection->simpleQuery('SELECT `r`.*, `pg`.`generic_name` as `medicine_name`, `si`.`unit_selling_price`, `b`.`batch_number`
FROM (`pharmacy_returns`, `pharmacy_returns` `r`)
JOIN `pharmacy_medicines` `m` ON `m`.`id` = `r`.`medicine_id`
JOIN `pharmacy_generics` `pg` ON `pg`.`id` = `m`.`generic_id`
JOIN `pharmacy_batches` `b` ON `b`.`id` = `r`.`batch_id`
JOIN `pharmacy_sale_items` `si` ON `si`.`id` = `r`.`sale_item_id`
WHERE `r`.`billing_id` = \'23\'
AND `r`.`sale_id` IS NULL
AND `r`.`approval_status` = \'approved\'
AND `r`.`sale_item_id` `IN` = (\'82\',\'83\')')
 3 SYSTEMPATH\Database\BaseBuilder.php(1649): CodeIgniter\Database\BaseConnection->query('SELECT `r`.*, `pg`.`generic_name` as `medicine_name`, `si`.`unit_selling_price`, `b`.`batch_number`
FROM (`pharmacy_returns`, `pharmacy_returns` `r`)
JOIN `pharmacy_medicines` `m` ON `m`.`id` = `r`.`medicine_id`
JOIN `pharmacy_generics` `pg` ON `pg`.`id` = `m`.`generic_id`
JOIN `pharmacy_batches` `b` ON `b`.`id` = `r`.`batch_id`
JOIN `pharmacy_sale_items` `si` ON `si`.`id` = `r`.`sale_item_id`
WHERE `r`.`billing_id` = :r.billing_id:
AND `r`.`sale_id` IS NULL
AND `r`.`approval_status` = :r.approval_status:
AND `r`.`sale_item_id` `IN` = :r.sale_item_id IN:', [...], false)
 4 SYSTEMPATH\Model.php(286): CodeIgniter\Database\BaseBuilder->get()
 5 SYSTEMPATH\BaseModel.php(679): CodeIgniter\Model->doFindAll(0, 0)
 6 APPPATH\Controllers\Pharmacy\Sales.php(393): CodeIgniter\BaseModel->findAll()
 7 SYSTEMPATH\CodeIgniter.php(933): App\Controllers\Pharmacy\Sales->invoice('PHM-IP-20250912-00022')
 8 SYSTEMPATH\CodeIgniter.php(507): CodeIgniter\CodeIgniter->runController(Object(App\Controllers\Pharmacy\Sales))
 9 SYSTEMPATH\CodeIgniter.php(354): CodeIgniter\CodeIgniter->handleRequest(null, Object(Config\Cache), false)
10 SYSTEMPATH\Boot.php(334): CodeIgniter\CodeIgniter->run()
11 SYSTEMPATH\Boot.php(67): CodeIgniter\Boot::runCodeIgniter(Object(CodeIgniter\CodeIgniter))
12 FCPATH\index.php(46): CodeIgniter\Boot::bootWeb(Object(Config\Paths))
CRITICAL - 2025-09-13 07:04:58 --> [Caused by] mysqli_sql_exception: You have an error in your SQL syntax; check the manual that corresponds to your MariaDB server version for the right syntax to use near '`IN` = ('82','83')' at line 10
in SYSTEMPATH\Database\MySQLi\Connection.php on line 327.
 1 SYSTEMPATH\Database\MySQLi\Connection.php(327): mysqli->query('SELECT `r`.*, `pg`.`generic_name` as `medicine_name`, `si`.`unit_selling_price`, `b`.`batch_number`
FROM (`pharmacy_returns`, `pharmacy_returns` `r`)
JOIN `pharmacy_medicines` `m` ON `m`.`id` = `r`.`medicine_id`
JOIN `pharmacy_generics` `pg` ON `pg`.`id` = `m`.`generic_id`
JOIN `pharmacy_batches` `b` ON `b`.`id` = `r`.`batch_id`
JOIN `pharmacy_sale_items` `si` ON `si`.`id` = `r`.`sale_item_id`
WHERE `r`.`billing_id` = \'23\'
AND `r`.`sale_id` IS NULL
AND `r`.`approval_status` = \'approved\'
AND `r`.`sale_item_id` `IN` = (\'82\',\'83\')', 0)
 2 SYSTEMPATH\Database\BaseConnection.php(738): CodeIgniter\Database\MySQLi\Connection->execute('SELECT `r`.*, `pg`.`generic_name` as `medicine_name`, `si`.`unit_selling_price`, `b`.`batch_number`
FROM (`pharmacy_returns`, `pharmacy_returns` `r`)
JOIN `pharmacy_medicines` `m` ON `m`.`id` = `r`.`medicine_id`
JOIN `pharmacy_generics` `pg` ON `pg`.`id` = `m`.`generic_id`
JOIN `pharmacy_batches` `b` ON `b`.`id` = `r`.`batch_id`
JOIN `pharmacy_sale_items` `si` ON `si`.`id` = `r`.`sale_item_id`
WHERE `r`.`billing_id` = \'23\'
AND `r`.`sale_id` IS NULL
AND `r`.`approval_status` = \'approved\'
AND `r`.`sale_item_id` `IN` = (\'82\',\'83\')')
 3 SYSTEMPATH\Database\BaseConnection.php(652): CodeIgniter\Database\BaseConnection->simpleQuery('SELECT `r`.*, `pg`.`generic_name` as `medicine_name`, `si`.`unit_selling_price`, `b`.`batch_number`
FROM (`pharmacy_returns`, `pharmacy_returns` `r`)
JOIN `pharmacy_medicines` `m` ON `m`.`id` = `r`.`medicine_id`
JOIN `pharmacy_generics` `pg` ON `pg`.`id` = `m`.`generic_id`
JOIN `pharmacy_batches` `b` ON `b`.`id` = `r`.`batch_id`
JOIN `pharmacy_sale_items` `si` ON `si`.`id` = `r`.`sale_item_id`
WHERE `r`.`billing_id` = \'23\'
AND `r`.`sale_id` IS NULL
AND `r`.`approval_status` = \'approved\'
AND `r`.`sale_item_id` `IN` = (\'82\',\'83\')')
 4 SYSTEMPATH\Database\BaseBuilder.php(1649): CodeIgniter\Database\BaseConnection->query('SELECT `r`.*, `pg`.`generic_name` as `medicine_name`, `si`.`unit_selling_price`, `b`.`batch_number`
FROM (`pharmacy_returns`, `pharmacy_returns` `r`)
JOIN `pharmacy_medicines` `m` ON `m`.`id` = `r`.`medicine_id`
JOIN `pharmacy_generics` `pg` ON `pg`.`id` = `m`.`generic_id`
JOIN `pharmacy_batches` `b` ON `b`.`id` = `r`.`batch_id`
JOIN `pharmacy_sale_items` `si` ON `si`.`id` = `r`.`sale_item_id`
WHERE `r`.`billing_id` = :r.billing_id:
AND `r`.`sale_id` IS NULL
AND `r`.`approval_status` = :r.approval_status:
AND `r`.`sale_item_id` `IN` = :r.sale_item_id IN:', [...], false)
 5 SYSTEMPATH\Model.php(286): CodeIgniter\Database\BaseBuilder->get()
 6 SYSTEMPATH\BaseModel.php(679): CodeIgniter\Model->doFindAll(0, 0)
 7 APPPATH\Controllers\Pharmacy\Sales.php(393): CodeIgniter\BaseModel->findAll()
 8 SYSTEMPATH\CodeIgniter.php(933): App\Controllers\Pharmacy\Sales->invoice('PHM-IP-20250912-00022')
 9 SYSTEMPATH\CodeIgniter.php(507): CodeIgniter\CodeIgniter->runController(Object(App\Controllers\Pharmacy\Sales))
10 SYSTEMPATH\CodeIgniter.php(354): CodeIgniter\CodeIgniter->handleRequest(null, Object(Config\Cache), false)
11 SYSTEMPATH\Boot.php(334): CodeIgniter\CodeIgniter->run()
12 SYSTEMPATH\Boot.php(67): CodeIgniter\Boot::runCodeIgniter(Object(CodeIgniter\CodeIgniter))
13 FCPATH\index.php(46): CodeIgniter\Boot::bootWeb(Object(Config\Paths))
DEBUG - 2025-09-13 07:05:00 --> Session: Class initialized using 'CodeIgniter\Session\Handlers\FileHandler' driver.
ERROR - 2025-09-13 07:05:00 --> mysqli_sql_exception: You have an error in your SQL syntax; check the manual that corresponds to your MariaDB server version for the right syntax to use near '`IN` = ('82','83')' at line 10 in C:\xampp\htdocs\hms_ram\system\Database\MySQLi\Connection.php:327
Stack trace:
#0 C:\xampp\htdocs\hms_ram\system\Database\MySQLi\Connection.php(327): mysqli->query('SELECT `r`.*, `...', 0)
#1 C:\xampp\htdocs\hms_ram\system\Database\BaseConnection.php(738): CodeIgniter\Database\MySQLi\Connection->execute('SELECT `r`.*, `...')
#2 C:\xampp\htdocs\hms_ram\system\Database\BaseConnection.php(652): CodeIgniter\Database\BaseConnection->simpleQuery('SELECT `r`.*, `...')
#3 C:\xampp\htdocs\hms_ram\system\Database\BaseBuilder.php(1649): CodeIgniter\Database\BaseConnection->query('SELECT `r`.*, `...', Array, false)
#4 C:\xampp\htdocs\hms_ram\system\Model.php(286): CodeIgniter\Database\BaseBuilder->get()
#5 C:\xampp\htdocs\hms_ram\system\BaseModel.php(679): CodeIgniter\Model->doFindAll(0, 0)
#6 C:\xampp\htdocs\hms_ram\app\Controllers\Pharmacy\Sales.php(393): CodeIgniter\BaseModel->findAll()
#7 C:\xampp\htdocs\hms_ram\system\CodeIgniter.php(933): App\Controllers\Pharmacy\Sales->invoice('PHM-IP-20250912...')
#8 C:\xampp\htdocs\hms_ram\system\CodeIgniter.php(507): CodeIgniter\CodeIgniter->runController(Object(App\Controllers\Pharmacy\Sales))
#9 C:\xampp\htdocs\hms_ram\system\CodeIgniter.php(354): CodeIgniter\CodeIgniter->handleRequest(NULL, Object(Config\Cache), false)
#10 C:\xampp\htdocs\hms_ram\system\Boot.php(334): CodeIgniter\CodeIgniter->run()
#11 C:\xampp\htdocs\hms_ram\system\Boot.php(67): CodeIgniter\Boot::runCodeIgniter(Object(CodeIgniter\CodeIgniter))
#12 C:\xampp\htdocs\hms_ram\index.php(46): CodeIgniter\Boot::bootWeb(Object(Config\Paths))
#13 {main}
CRITICAL - 2025-09-13 07:05:00 --> CodeIgniter\Database\Exceptions\DatabaseException: You have an error in your SQL syntax; check the manual that corresponds to your MariaDB server version for the right syntax to use near '`IN` = ('82','83')' at line 10
[Method: GET, Route: pharmacy/sales/invoice/PHM-IP-20250912-00022]
in SYSTEMPATH\Database\BaseConnection.php on line 692.
 1 SYSTEMPATH\Database\BaseBuilder.php(1649): CodeIgniter\Database\BaseConnection->query('SELECT `r`.*, `pg`.`generic_name` as `medicine_name`, `si`.`unit_selling_price`, `b`.`batch_number`
FROM (`pharmacy_returns`, `pharmacy_returns` `r`)
JOIN `pharmacy_medicines` `m` ON `m`.`id` = `r`.`medicine_id`
JOIN `pharmacy_generics` `pg` ON `pg`.`id` = `m`.`generic_id`
JOIN `pharmacy_batches` `b` ON `b`.`id` = `r`.`batch_id`
JOIN `pharmacy_sale_items` `si` ON `si`.`id` = `r`.`sale_item_id`
WHERE `r`.`billing_id` = :r.billing_id:
AND `r`.`sale_id` IS NULL
AND `r`.`approval_status` = :r.approval_status:
AND `r`.`sale_item_id` `IN` = :r.sale_item_id IN:', [...], false)
 2 SYSTEMPATH\Model.php(286): CodeIgniter\Database\BaseBuilder->get()
 3 SYSTEMPATH\BaseModel.php(679): CodeIgniter\Model->doFindAll(0, 0)
 4 APPPATH\Controllers\Pharmacy\Sales.php(393): CodeIgniter\BaseModel->findAll()
 5 SYSTEMPATH\CodeIgniter.php(933): App\Controllers\Pharmacy\Sales->invoice('PHM-IP-20250912-00022')
 6 SYSTEMPATH\CodeIgniter.php(507): CodeIgniter\CodeIgniter->runController(Object(App\Controllers\Pharmacy\Sales))
 7 SYSTEMPATH\CodeIgniter.php(354): CodeIgniter\CodeIgniter->handleRequest(null, Object(Config\Cache), false)
 8 SYSTEMPATH\Boot.php(334): CodeIgniter\CodeIgniter->run()
 9 SYSTEMPATH\Boot.php(67): CodeIgniter\Boot::runCodeIgniter(Object(CodeIgniter\CodeIgniter))
10 FCPATH\index.php(46): CodeIgniter\Boot::bootWeb(Object(Config\Paths))
CRITICAL - 2025-09-13 07:05:00 --> [Caused by] CodeIgniter\Database\Exceptions\DatabaseException: You have an error in your SQL syntax; check the manual that corresponds to your MariaDB server version for the right syntax to use near '`IN` = ('82','83')' at line 10
in SYSTEMPATH\Database\MySQLi\Connection.php on line 332.
 1 SYSTEMPATH\Database\BaseConnection.php(738): CodeIgniter\Database\MySQLi\Connection->execute('SELECT `r`.*, `pg`.`generic_name` as `medicine_name`, `si`.`unit_selling_price`, `b`.`batch_number`
FROM (`pharmacy_returns`, `pharmacy_returns` `r`)
JOIN `pharmacy_medicines` `m` ON `m`.`id` = `r`.`medicine_id`
JOIN `pharmacy_generics` `pg` ON `pg`.`id` = `m`.`generic_id`
JOIN `pharmacy_batches` `b` ON `b`.`id` = `r`.`batch_id`
JOIN `pharmacy_sale_items` `si` ON `si`.`id` = `r`.`sale_item_id`
WHERE `r`.`billing_id` = \'23\'
AND `r`.`sale_id` IS NULL
AND `r`.`approval_status` = \'approved\'
AND `r`.`sale_item_id` `IN` = (\'82\',\'83\')')
 2 SYSTEMPATH\Database\BaseConnection.php(652): CodeIgniter\Database\BaseConnection->simpleQuery('SELECT `r`.*, `pg`.`generic_name` as `medicine_name`, `si`.`unit_selling_price`, `b`.`batch_number`
FROM (`pharmacy_returns`, `pharmacy_returns` `r`)
JOIN `pharmacy_medicines` `m` ON `m`.`id` = `r`.`medicine_id`
JOIN `pharmacy_generics` `pg` ON `pg`.`id` = `m`.`generic_id`
JOIN `pharmacy_batches` `b` ON `b`.`id` = `r`.`batch_id`
JOIN `pharmacy_sale_items` `si` ON `si`.`id` = `r`.`sale_item_id`
WHERE `r`.`billing_id` = \'23\'
AND `r`.`sale_id` IS NULL
AND `r`.`approval_status` = \'approved\'
AND `r`.`sale_item_id` `IN` = (\'82\',\'83\')')
 3 SYSTEMPATH\Database\BaseBuilder.php(1649): CodeIgniter\Database\BaseConnection->query('SELECT `r`.*, `pg`.`generic_name` as `medicine_name`, `si`.`unit_selling_price`, `b`.`batch_number`
FROM (`pharmacy_returns`, `pharmacy_returns` `r`)
JOIN `pharmacy_medicines` `m` ON `m`.`id` = `r`.`medicine_id`
JOIN `pharmacy_generics` `pg` ON `pg`.`id` = `m`.`generic_id`
JOIN `pharmacy_batches` `b` ON `b`.`id` = `r`.`batch_id`
JOIN `pharmacy_sale_items` `si` ON `si`.`id` = `r`.`sale_item_id`
WHERE `r`.`billing_id` = :r.billing_id:
AND `r`.`sale_id` IS NULL
AND `r`.`approval_status` = :r.approval_status:
AND `r`.`sale_item_id` `IN` = :r.sale_item_id IN:', [...], false)
 4 SYSTEMPATH\Model.php(286): CodeIgniter\Database\BaseBuilder->get()
 5 SYSTEMPATH\BaseModel.php(679): CodeIgniter\Model->doFindAll(0, 0)
 6 APPPATH\Controllers\Pharmacy\Sales.php(393): CodeIgniter\BaseModel->findAll()
 7 SYSTEMPATH\CodeIgniter.php(933): App\Controllers\Pharmacy\Sales->invoice('PHM-IP-20250912-00022')
 8 SYSTEMPATH\CodeIgniter.php(507): CodeIgniter\CodeIgniter->runController(Object(App\Controllers\Pharmacy\Sales))
 9 SYSTEMPATH\CodeIgniter.php(354): CodeIgniter\CodeIgniter->handleRequest(null, Object(Config\Cache), false)
10 SYSTEMPATH\Boot.php(334): CodeIgniter\CodeIgniter->run()
11 SYSTEMPATH\Boot.php(67): CodeIgniter\Boot::runCodeIgniter(Object(CodeIgniter\CodeIgniter))
12 FCPATH\index.php(46): CodeIgniter\Boot::bootWeb(Object(Config\Paths))
CRITICAL - 2025-09-13 07:05:00 --> [Caused by] mysqli_sql_exception: You have an error in your SQL syntax; check the manual that corresponds to your MariaDB server version for the right syntax to use near '`IN` = ('82','83')' at line 10
in SYSTEMPATH\Database\MySQLi\Connection.php on line 327.
 1 SYSTEMPATH\Database\MySQLi\Connection.php(327): mysqli->query('SELECT `r`.*, `pg`.`generic_name` as `medicine_name`, `si`.`unit_selling_price`, `b`.`batch_number`
FROM (`pharmacy_returns`, `pharmacy_returns` `r`)
JOIN `pharmacy_medicines` `m` ON `m`.`id` = `r`.`medicine_id`
JOIN `pharmacy_generics` `pg` ON `pg`.`id` = `m`.`generic_id`
JOIN `pharmacy_batches` `b` ON `b`.`id` = `r`.`batch_id`
JOIN `pharmacy_sale_items` `si` ON `si`.`id` = `r`.`sale_item_id`
WHERE `r`.`billing_id` = \'23\'
AND `r`.`sale_id` IS NULL
AND `r`.`approval_status` = \'approved\'
AND `r`.`sale_item_id` `IN` = (\'82\',\'83\')', 0)
 2 SYSTEMPATH\Database\BaseConnection.php(738): CodeIgniter\Database\MySQLi\Connection->execute('SELECT `r`.*, `pg`.`generic_name` as `medicine_name`, `si`.`unit_selling_price`, `b`.`batch_number`
FROM (`pharmacy_returns`, `pharmacy_returns` `r`)
JOIN `pharmacy_medicines` `m` ON `m`.`id` = `r`.`medicine_id`
JOIN `pharmacy_generics` `pg` ON `pg`.`id` = `m`.`generic_id`
JOIN `pharmacy_batches` `b` ON `b`.`id` = `r`.`batch_id`
JOIN `pharmacy_sale_items` `si` ON `si`.`id` = `r`.`sale_item_id`
WHERE `r`.`billing_id` = \'23\'
AND `r`.`sale_id` IS NULL
AND `r`.`approval_status` = \'approved\'
AND `r`.`sale_item_id` `IN` = (\'82\',\'83\')')
 3 SYSTEMPATH\Database\BaseConnection.php(652): CodeIgniter\Database\BaseConnection->simpleQuery('SELECT `r`.*, `pg`.`generic_name` as `medicine_name`, `si`.`unit_selling_price`, `b`.`batch_number`
FROM (`pharmacy_returns`, `pharmacy_returns` `r`)
JOIN `pharmacy_medicines` `m` ON `m`.`id` = `r`.`medicine_id`
JOIN `pharmacy_generics` `pg` ON `pg`.`id` = `m`.`generic_id`
JOIN `pharmacy_batches` `b` ON `b`.`id` = `r`.`batch_id`
JOIN `pharmacy_sale_items` `si` ON `si`.`id` = `r`.`sale_item_id`
WHERE `r`.`billing_id` = \'23\'
AND `r`.`sale_id` IS NULL
AND `r`.`approval_status` = \'approved\'
AND `r`.`sale_item_id` `IN` = (\'82\',\'83\')')
 4 SYSTEMPATH\Database\BaseBuilder.php(1649): CodeIgniter\Database\BaseConnection->query('SELECT `r`.*, `pg`.`generic_name` as `medicine_name`, `si`.`unit_selling_price`, `b`.`batch_number`
FROM (`pharmacy_returns`, `pharmacy_returns` `r`)
JOIN `pharmacy_medicines` `m` ON `m`.`id` = `r`.`medicine_id`
JOIN `pharmacy_generics` `pg` ON `pg`.`id` = `m`.`generic_id`
JOIN `pharmacy_batches` `b` ON `b`.`id` = `r`.`batch_id`
JOIN `pharmacy_sale_items` `si` ON `si`.`id` = `r`.`sale_item_id`
WHERE `r`.`billing_id` = :r.billing_id:
AND `r`.`sale_id` IS NULL
AND `r`.`approval_status` = :r.approval_status:
AND `r`.`sale_item_id` `IN` = :r.sale_item_id IN:', [...], false)
 5 SYSTEMPATH\Model.php(286): CodeIgniter\Database\BaseBuilder->get()
 6 SYSTEMPATH\BaseModel.php(679): CodeIgniter\Model->doFindAll(0, 0)
 7 APPPATH\Controllers\Pharmacy\Sales.php(393): CodeIgniter\BaseModel->findAll()
 8 SYSTEMPATH\CodeIgniter.php(933): App\Controllers\Pharmacy\Sales->invoice('PHM-IP-20250912-00022')
 9 SYSTEMPATH\CodeIgniter.php(507): CodeIgniter\CodeIgniter->runController(Object(App\Controllers\Pharmacy\Sales))
10 SYSTEMPATH\CodeIgniter.php(354): CodeIgniter\CodeIgniter->handleRequest(null, Object(Config\Cache), false)
11 SYSTEMPATH\Boot.php(334): CodeIgniter\CodeIgniter->run()
12 SYSTEMPATH\Boot.php(67): CodeIgniter\Boot::runCodeIgniter(Object(CodeIgniter\CodeIgniter))
13 FCPATH\index.php(46): CodeIgniter\Boot::bootWeb(Object(Config\Paths))
DEBUG - 2025-09-13 07:05:07 --> Session: Class initialized using 'CodeIgniter\Session\Handlers\FileHandler' driver.
ERROR - 2025-09-13 07:05:07 --> mysqli_sql_exception: You have an error in your SQL syntax; check the manual that corresponds to your MariaDB server version for the right syntax to use near '`IN` = ('82','83')' at line 10 in C:\xampp\htdocs\hms_ram\system\Database\MySQLi\Connection.php:327
Stack trace:
#0 C:\xampp\htdocs\hms_ram\system\Database\MySQLi\Connection.php(327): mysqli->query('SELECT `r`.*, `...', 0)
#1 C:\xampp\htdocs\hms_ram\system\Database\BaseConnection.php(738): CodeIgniter\Database\MySQLi\Connection->execute('SELECT `r`.*, `...')
#2 C:\xampp\htdocs\hms_ram\system\Database\BaseConnection.php(652): CodeIgniter\Database\BaseConnection->simpleQuery('SELECT `r`.*, `...')
#3 C:\xampp\htdocs\hms_ram\system\Database\BaseBuilder.php(1649): CodeIgniter\Database\BaseConnection->query('SELECT `r`.*, `...', Array, false)
#4 C:\xampp\htdocs\hms_ram\system\Model.php(286): CodeIgniter\Database\BaseBuilder->get()
#5 C:\xampp\htdocs\hms_ram\system\BaseModel.php(679): CodeIgniter\Model->doFindAll(0, 0)
#6 C:\xampp\htdocs\hms_ram\app\Controllers\Pharmacy\Sales.php(393): CodeIgniter\BaseModel->findAll()
#7 C:\xampp\htdocs\hms_ram\system\CodeIgniter.php(933): App\Controllers\Pharmacy\Sales->invoice('PHM-IP-20250912...')
#8 C:\xampp\htdocs\hms_ram\system\CodeIgniter.php(507): CodeIgniter\CodeIgniter->runController(Object(App\Controllers\Pharmacy\Sales))
#9 C:\xampp\htdocs\hms_ram\system\CodeIgniter.php(354): CodeIgniter\CodeIgniter->handleRequest(NULL, Object(Config\Cache), false)
#10 C:\xampp\htdocs\hms_ram\system\Boot.php(334): CodeIgniter\CodeIgniter->run()
#11 C:\xampp\htdocs\hms_ram\system\Boot.php(67): CodeIgniter\Boot::runCodeIgniter(Object(CodeIgniter\CodeIgniter))
#12 C:\xampp\htdocs\hms_ram\index.php(46): CodeIgniter\Boot::bootWeb(Object(Config\Paths))
#13 {main}
CRITICAL - 2025-09-13 07:05:07 --> CodeIgniter\Database\Exceptions\DatabaseException: You have an error in your SQL syntax; check the manual that corresponds to your MariaDB server version for the right syntax to use near '`IN` = ('82','83')' at line 10
[Method: GET, Route: pharmacy/sales/invoice/PHM-IP-20250912-00022]
in SYSTEMPATH\Database\BaseConnection.php on line 692.
 1 SYSTEMPATH\Database\BaseBuilder.php(1649): CodeIgniter\Database\BaseConnection->query('SELECT `r`.*, `pg`.`generic_name` as `medicine_name`, `si`.`unit_selling_price`, `b`.`batch_number`
FROM (`pharmacy_returns`, `pharmacy_returns` `r`)
JOIN `pharmacy_medicines` `m` ON `m`.`id` = `r`.`medicine_id`
JOIN `pharmacy_generics` `pg` ON `pg`.`id` = `m`.`generic_id`
JOIN `pharmacy_batches` `b` ON `b`.`id` = `r`.`batch_id`
JOIN `pharmacy_sale_items` `si` ON `si`.`id` = `r`.`sale_item_id`
WHERE `r`.`billing_id` = :r.billing_id:
AND `r`.`sale_id` IS NULL
AND `r`.`approval_status` = :r.approval_status:
AND `r`.`sale_item_id` `IN` = :r.sale_item_id IN:', [...], false)
 2 SYSTEMPATH\Model.php(286): CodeIgniter\Database\BaseBuilder->get()
 3 SYSTEMPATH\BaseModel.php(679): CodeIgniter\Model->doFindAll(0, 0)
 4 APPPATH\Controllers\Pharmacy\Sales.php(393): CodeIgniter\BaseModel->findAll()
 5 SYSTEMPATH\CodeIgniter.php(933): App\Controllers\Pharmacy\Sales->invoice('PHM-IP-20250912-00022')
 6 SYSTEMPATH\CodeIgniter.php(507): CodeIgniter\CodeIgniter->runController(Object(App\Controllers\Pharmacy\Sales))
 7 SYSTEMPATH\CodeIgniter.php(354): CodeIgniter\CodeIgniter->handleRequest(null, Object(Config\Cache), false)
 8 SYSTEMPATH\Boot.php(334): CodeIgniter\CodeIgniter->run()
 9 SYSTEMPATH\Boot.php(67): CodeIgniter\Boot::runCodeIgniter(Object(CodeIgniter\CodeIgniter))
10 FCPATH\index.php(46): CodeIgniter\Boot::bootWeb(Object(Config\Paths))
CRITICAL - 2025-09-13 07:05:07 --> [Caused by] CodeIgniter\Database\Exceptions\DatabaseException: You have an error in your SQL syntax; check the manual that corresponds to your MariaDB server version for the right syntax to use near '`IN` = ('82','83')' at line 10
in SYSTEMPATH\Database\MySQLi\Connection.php on line 332.
 1 SYSTEMPATH\Database\BaseConnection.php(738): CodeIgniter\Database\MySQLi\Connection->execute('SELECT `r`.*, `pg`.`generic_name` as `medicine_name`, `si`.`unit_selling_price`, `b`.`batch_number`
FROM (`pharmacy_returns`, `pharmacy_returns` `r`)
JOIN `pharmacy_medicines` `m` ON `m`.`id` = `r`.`medicine_id`
JOIN `pharmacy_generics` `pg` ON `pg`.`id` = `m`.`generic_id`
JOIN `pharmacy_batches` `b` ON `b`.`id` = `r`.`batch_id`
JOIN `pharmacy_sale_items` `si` ON `si`.`id` = `r`.`sale_item_id`
WHERE `r`.`billing_id` = \'23\'
AND `r`.`sale_id` IS NULL
AND `r`.`approval_status` = \'approved\'
AND `r`.`sale_item_id` `IN` = (\'82\',\'83\')')
 2 SYSTEMPATH\Database\BaseConnection.php(652): CodeIgniter\Database\BaseConnection->simpleQuery('SELECT `r`.*, `pg`.`generic_name` as `medicine_name`, `si`.`unit_selling_price`, `b`.`batch_number`
FROM (`pharmacy_returns`, `pharmacy_returns` `r`)
JOIN `pharmacy_medicines` `m` ON `m`.`id` = `r`.`medicine_id`
JOIN `pharmacy_generics` `pg` ON `pg`.`id` = `m`.`generic_id`
JOIN `pharmacy_batches` `b` ON `b`.`id` = `r`.`batch_id`
JOIN `pharmacy_sale_items` `si` ON `si`.`id` = `r`.`sale_item_id`
WHERE `r`.`billing_id` = \'23\'
AND `r`.`sale_id` IS NULL
AND `r`.`approval_status` = \'approved\'
AND `r`.`sale_item_id` `IN` = (\'82\',\'83\')')
 3 SYSTEMPATH\Database\BaseBuilder.php(1649): CodeIgniter\Database\BaseConnection->query('SELECT `r`.*, `pg`.`generic_name` as `medicine_name`, `si`.`unit_selling_price`, `b`.`batch_number`
FROM (`pharmacy_returns`, `pharmacy_returns` `r`)
JOIN `pharmacy_medicines` `m` ON `m`.`id` = `r`.`medicine_id`
JOIN `pharmacy_generics` `pg` ON `pg`.`id` = `m`.`generic_id`
JOIN `pharmacy_batches` `b` ON `b`.`id` = `r`.`batch_id`
JOIN `pharmacy_sale_items` `si` ON `si`.`id` = `r`.`sale_item_id`
WHERE `r`.`billing_id` = :r.billing_id:
AND `r`.`sale_id` IS NULL
AND `r`.`approval_status` = :r.approval_status:
AND `r`.`sale_item_id` `IN` = :r.sale_item_id IN:', [...], false)
 4 SYSTEMPATH\Model.php(286): CodeIgniter\Database\BaseBuilder->get()
 5 SYSTEMPATH\BaseModel.php(679): CodeIgniter\Model->doFindAll(0, 0)
 6 APPPATH\Controllers\Pharmacy\Sales.php(393): CodeIgniter\BaseModel->findAll()
 7 SYSTEMPATH\CodeIgniter.php(933): App\Controllers\Pharmacy\Sales->invoice('PHM-IP-20250912-00022')
 8 SYSTEMPATH\CodeIgniter.php(507): CodeIgniter\CodeIgniter->runController(Object(App\Controllers\Pharmacy\Sales))
 9 SYSTEMPATH\CodeIgniter.php(354): CodeIgniter\CodeIgniter->handleRequest(null, Object(Config\Cache), false)
10 SYSTEMPATH\Boot.php(334): CodeIgniter\CodeIgniter->run()
11 SYSTEMPATH\Boot.php(67): CodeIgniter\Boot::runCodeIgniter(Object(CodeIgniter\CodeIgniter))
12 FCPATH\index.php(46): CodeIgniter\Boot::bootWeb(Object(Config\Paths))
CRITICAL - 2025-09-13 07:05:07 --> [Caused by] mysqli_sql_exception: You have an error in your SQL syntax; check the manual that corresponds to your MariaDB server version for the right syntax to use near '`IN` = ('82','83')' at line 10
in SYSTEMPATH\Database\MySQLi\Connection.php on line 327.
 1 SYSTEMPATH\Database\MySQLi\Connection.php(327): mysqli->query('SELECT `r`.*, `pg`.`generic_name` as `medicine_name`, `si`.`unit_selling_price`, `b`.`batch_number`
FROM (`pharmacy_returns`, `pharmacy_returns` `r`)
JOIN `pharmacy_medicines` `m` ON `m`.`id` = `r`.`medicine_id`
JOIN `pharmacy_generics` `pg` ON `pg`.`id` = `m`.`generic_id`
JOIN `pharmacy_batches` `b` ON `b`.`id` = `r`.`batch_id`
JOIN `pharmacy_sale_items` `si` ON `si`.`id` = `r`.`sale_item_id`
WHERE `r`.`billing_id` = \'23\'
AND `r`.`sale_id` IS NULL
AND `r`.`approval_status` = \'approved\'
AND `r`.`sale_item_id` `IN` = (\'82\',\'83\')', 0)
 2 SYSTEMPATH\Database\BaseConnection.php(738): CodeIgniter\Database\MySQLi\Connection->execute('SELECT `r`.*, `pg`.`generic_name` as `medicine_name`, `si`.`unit_selling_price`, `b`.`batch_number`
FROM (`pharmacy_returns`, `pharmacy_returns` `r`)
JOIN `pharmacy_medicines` `m` ON `m`.`id` = `r`.`medicine_id`
JOIN `pharmacy_generics` `pg` ON `pg`.`id` = `m`.`generic_id`
JOIN `pharmacy_batches` `b` ON `b`.`id` = `r`.`batch_id`
JOIN `pharmacy_sale_items` `si` ON `si`.`id` = `r`.`sale_item_id`
WHERE `r`.`billing_id` = \'23\'
AND `r`.`sale_id` IS NULL
AND `r`.`approval_status` = \'approved\'
AND `r`.`sale_item_id` `IN` = (\'82\',\'83\')')
 3 SYSTEMPATH\Database\BaseConnection.php(652): CodeIgniter\Database\BaseConnection->simpleQuery('SELECT `r`.*, `pg`.`generic_name` as `medicine_name`, `si`.`unit_selling_price`, `b`.`batch_number`
FROM (`pharmacy_returns`, `pharmacy_returns` `r`)
JOIN `pharmacy_medicines` `m` ON `m`.`id` = `r`.`medicine_id`
JOIN `pharmacy_generics` `pg` ON `pg`.`id` = `m`.`generic_id`
JOIN `pharmacy_batches` `b` ON `b`.`id` = `r`.`batch_id`
JOIN `pharmacy_sale_items` `si` ON `si`.`id` = `r`.`sale_item_id`
WHERE `r`.`billing_id` = \'23\'
AND `r`.`sale_id` IS NULL
AND `r`.`approval_status` = \'approved\'
AND `r`.`sale_item_id` `IN` = (\'82\',\'83\')')
 4 SYSTEMPATH\Database\BaseBuilder.php(1649): CodeIgniter\Database\BaseConnection->query('SELECT `r`.*, `pg`.`generic_name` as `medicine_name`, `si`.`unit_selling_price`, `b`.`batch_number`
FROM (`pharmacy_returns`, `pharmacy_returns` `r`)
JOIN `pharmacy_medicines` `m` ON `m`.`id` = `r`.`medicine_id`
JOIN `pharmacy_generics` `pg` ON `pg`.`id` = `m`.`generic_id`
JOIN `pharmacy_batches` `b` ON `b`.`id` = `r`.`batch_id`
JOIN `pharmacy_sale_items` `si` ON `si`.`id` = `r`.`sale_item_id`
WHERE `r`.`billing_id` = :r.billing_id:
AND `r`.`sale_id` IS NULL
AND `r`.`approval_status` = :r.approval_status:
AND `r`.`sale_item_id` `IN` = :r.sale_item_id IN:', [...], false)
 5 SYSTEMPATH\Model.php(286): CodeIgniter\Database\BaseBuilder->get()
 6 SYSTEMPATH\BaseModel.php(679): CodeIgniter\Model->doFindAll(0, 0)
 7 APPPATH\Controllers\Pharmacy\Sales.php(393): CodeIgniter\BaseModel->findAll()
 8 SYSTEMPATH\CodeIgniter.php(933): App\Controllers\Pharmacy\Sales->invoice('PHM-IP-20250912-00022')
 9 SYSTEMPATH\CodeIgniter.php(507): CodeIgniter\CodeIgniter->runController(Object(App\Controllers\Pharmacy\Sales))
10 SYSTEMPATH\CodeIgniter.php(354): CodeIgniter\CodeIgniter->handleRequest(null, Object(Config\Cache), false)
11 SYSTEMPATH\Boot.php(334): CodeIgniter\CodeIgniter->run()
12 SYSTEMPATH\Boot.php(67): CodeIgniter\Boot::runCodeIgniter(Object(CodeIgniter\CodeIgniter))
13 FCPATH\index.php(46): CodeIgniter\Boot::bootWeb(Object(Config\Paths))
DEBUG - 2025-09-13 07:05:11 --> Session: Class initialized using 'CodeIgniter\Session\Handlers\FileHandler' driver.
ERROR - 2025-09-13 07:05:11 --> mysqli_sql_exception: You have an error in your SQL syntax; check the manual that corresponds to your MariaDB server version for the right syntax to use near '`IN` = ('82','83')' at line 10 in C:\xampp\htdocs\hms_ram\system\Database\MySQLi\Connection.php:327
Stack trace:
#0 C:\xampp\htdocs\hms_ram\system\Database\MySQLi\Connection.php(327): mysqli->query('SELECT `r`.*, `...', 0)
#1 C:\xampp\htdocs\hms_ram\system\Database\BaseConnection.php(738): CodeIgniter\Database\MySQLi\Connection->execute('SELECT `r`.*, `...')
#2 C:\xampp\htdocs\hms_ram\system\Database\BaseConnection.php(652): CodeIgniter\Database\BaseConnection->simpleQuery('SELECT `r`.*, `...')
#3 C:\xampp\htdocs\hms_ram\system\Database\BaseBuilder.php(1649): CodeIgniter\Database\BaseConnection->query('SELECT `r`.*, `...', Array, false)
#4 C:\xampp\htdocs\hms_ram\system\Model.php(286): CodeIgniter\Database\BaseBuilder->get()
#5 C:\xampp\htdocs\hms_ram\system\BaseModel.php(679): CodeIgniter\Model->doFindAll(0, 0)
#6 C:\xampp\htdocs\hms_ram\app\Controllers\Pharmacy\Sales.php(393): CodeIgniter\BaseModel->findAll()
#7 C:\xampp\htdocs\hms_ram\system\CodeIgniter.php(933): App\Controllers\Pharmacy\Sales->invoice('PHM-IP-20250912...')
#8 C:\xampp\htdocs\hms_ram\system\CodeIgniter.php(507): CodeIgniter\CodeIgniter->runController(Object(App\Controllers\Pharmacy\Sales))
#9 C:\xampp\htdocs\hms_ram\system\CodeIgniter.php(354): CodeIgniter\CodeIgniter->handleRequest(NULL, Object(Config\Cache), false)
#10 C:\xampp\htdocs\hms_ram\system\Boot.php(334): CodeIgniter\CodeIgniter->run()
#11 C:\xampp\htdocs\hms_ram\system\Boot.php(67): CodeIgniter\Boot::runCodeIgniter(Object(CodeIgniter\CodeIgniter))
#12 C:\xampp\htdocs\hms_ram\index.php(46): CodeIgniter\Boot::bootWeb(Object(Config\Paths))
#13 {main}
CRITICAL - 2025-09-13 07:05:11 --> CodeIgniter\Database\Exceptions\DatabaseException: You have an error in your SQL syntax; check the manual that corresponds to your MariaDB server version for the right syntax to use near '`IN` = ('82','83')' at line 10
[Method: GET, Route: pharmacy/sales/invoice/PHM-IP-20250912-00022]
in SYSTEMPATH\Database\BaseConnection.php on line 692.
 1 SYSTEMPATH\Database\BaseBuilder.php(1649): CodeIgniter\Database\BaseConnection->query('SELECT `r`.*, `pg`.`generic_name` as `medicine_name`, `si`.`unit_selling_price`, `b`.`batch_number`
FROM (`pharmacy_returns`, `pharmacy_returns` `r`)
JOIN `pharmacy_medicines` `m` ON `m`.`id` = `r`.`medicine_id`
JOIN `pharmacy_generics` `pg` ON `pg`.`id` = `m`.`generic_id`
JOIN `pharmacy_batches` `b` ON `b`.`id` = `r`.`batch_id`
JOIN `pharmacy_sale_items` `si` ON `si`.`id` = `r`.`sale_item_id`
WHERE `r`.`billing_id` = :r.billing_id:
AND `r`.`sale_id` IS NULL
AND `r`.`approval_status` = :r.approval_status:
AND `r`.`sale_item_id` `IN` = :r.sale_item_id IN:', [...], false)
 2 SYSTEMPATH\Model.php(286): CodeIgniter\Database\BaseBuilder->get()
 3 SYSTEMPATH\BaseModel.php(679): CodeIgniter\Model->doFindAll(0, 0)
 4 APPPATH\Controllers\Pharmacy\Sales.php(393): CodeIgniter\BaseModel->findAll()
 5 SYSTEMPATH\CodeIgniter.php(933): App\Controllers\Pharmacy\Sales->invoice('PHM-IP-20250912-00022')
 6 SYSTEMPATH\CodeIgniter.php(507): CodeIgniter\CodeIgniter->runController(Object(App\Controllers\Pharmacy\Sales))
 7 SYSTEMPATH\CodeIgniter.php(354): CodeIgniter\CodeIgniter->handleRequest(null, Object(Config\Cache), false)
 8 SYSTEMPATH\Boot.php(334): CodeIgniter\CodeIgniter->run()
 9 SYSTEMPATH\Boot.php(67): CodeIgniter\Boot::runCodeIgniter(Object(CodeIgniter\CodeIgniter))
10 FCPATH\index.php(46): CodeIgniter\Boot::bootWeb(Object(Config\Paths))
CRITICAL - 2025-09-13 07:05:11 --> [Caused by] CodeIgniter\Database\Exceptions\DatabaseException: You have an error in your SQL syntax; check the manual that corresponds to your MariaDB server version for the right syntax to use near '`IN` = ('82','83')' at line 10
in SYSTEMPATH\Database\MySQLi\Connection.php on line 332.
 1 SYSTEMPATH\Database\BaseConnection.php(738): CodeIgniter\Database\MySQLi\Connection->execute('SELECT `r`.*, `pg`.`generic_name` as `medicine_name`, `si`.`unit_selling_price`, `b`.`batch_number`
FROM (`pharmacy_returns`, `pharmacy_returns` `r`)
JOIN `pharmacy_medicines` `m` ON `m`.`id` = `r`.`medicine_id`
JOIN `pharmacy_generics` `pg` ON `pg`.`id` = `m`.`generic_id`
JOIN `pharmacy_batches` `b` ON `b`.`id` = `r`.`batch_id`
JOIN `pharmacy_sale_items` `si` ON `si`.`id` = `r`.`sale_item_id`
WHERE `r`.`billing_id` = \'23\'
AND `r`.`sale_id` IS NULL
AND `r`.`approval_status` = \'approved\'
AND `r`.`sale_item_id` `IN` = (\'82\',\'83\')')
 2 SYSTEMPATH\Database\BaseConnection.php(652): CodeIgniter\Database\BaseConnection->simpleQuery('SELECT `r`.*, `pg`.`generic_name` as `medicine_name`, `si`.`unit_selling_price`, `b`.`batch_number`
FROM (`pharmacy_returns`, `pharmacy_returns` `r`)
JOIN `pharmacy_medicines` `m` ON `m`.`id` = `r`.`medicine_id`
JOIN `pharmacy_generics` `pg` ON `pg`.`id` = `m`.`generic_id`
JOIN `pharmacy_batches` `b` ON `b`.`id` = `r`.`batch_id`
JOIN `pharmacy_sale_items` `si` ON `si`.`id` = `r`.`sale_item_id`
WHERE `r`.`billing_id` = \'23\'
AND `r`.`sale_id` IS NULL
AND `r`.`approval_status` = \'approved\'
AND `r`.`sale_item_id` `IN` = (\'82\',\'83\')')
 3 SYSTEMPATH\Database\BaseBuilder.php(1649): CodeIgniter\Database\BaseConnection->query('SELECT `r`.*, `pg`.`generic_name` as `medicine_name`, `si`.`unit_selling_price`, `b`.`batch_number`
FROM (`pharmacy_returns`, `pharmacy_returns` `r`)
JOIN `pharmacy_medicines` `m` ON `m`.`id` = `r`.`medicine_id`
JOIN `pharmacy_generics` `pg` ON `pg`.`id` = `m`.`generic_id`
JOIN `pharmacy_batches` `b` ON `b`.`id` = `r`.`batch_id`
JOIN `pharmacy_sale_items` `si` ON `si`.`id` = `r`.`sale_item_id`
WHERE `r`.`billing_id` = :r.billing_id:
AND `r`.`sale_id` IS NULL
AND `r`.`approval_status` = :r.approval_status:
AND `r`.`sale_item_id` `IN` = :r.sale_item_id IN:', [...], false)
 4 SYSTEMPATH\Model.php(286): CodeIgniter\Database\BaseBuilder->get()
 5 SYSTEMPATH\BaseModel.php(679): CodeIgniter\Model->doFindAll(0, 0)
 6 APPPATH\Controllers\Pharmacy\Sales.php(393): CodeIgniter\BaseModel->findAll()
 7 SYSTEMPATH\CodeIgniter.php(933): App\Controllers\Pharmacy\Sales->invoice('PHM-IP-20250912-00022')
 8 SYSTEMPATH\CodeIgniter.php(507): CodeIgniter\CodeIgniter->runController(Object(App\Controllers\Pharmacy\Sales))
 9 SYSTEMPATH\CodeIgniter.php(354): CodeIgniter\CodeIgniter->handleRequest(null, Object(Config\Cache), false)
10 SYSTEMPATH\Boot.php(334): CodeIgniter\CodeIgniter->run()
11 SYSTEMPATH\Boot.php(67): CodeIgniter\Boot::runCodeIgniter(Object(CodeIgniter\CodeIgniter))
12 FCPATH\index.php(46): CodeIgniter\Boot::bootWeb(Object(Config\Paths))
CRITICAL - 2025-09-13 07:05:11 --> [Caused by] mysqli_sql_exception: You have an error in your SQL syntax; check the manual that corresponds to your MariaDB server version for the right syntax to use near '`IN` = ('82','83')' at line 10
in SYSTEMPATH\Database\MySQLi\Connection.php on line 327.
 1 SYSTEMPATH\Database\MySQLi\Connection.php(327): mysqli->query('SELECT `r`.*, `pg`.`generic_name` as `medicine_name`, `si`.`unit_selling_price`, `b`.`batch_number`
FROM (`pharmacy_returns`, `pharmacy_returns` `r`)
JOIN `pharmacy_medicines` `m` ON `m`.`id` = `r`.`medicine_id`
JOIN `pharmacy_generics` `pg` ON `pg`.`id` = `m`.`generic_id`
JOIN `pharmacy_batches` `b` ON `b`.`id` = `r`.`batch_id`
JOIN `pharmacy_sale_items` `si` ON `si`.`id` = `r`.`sale_item_id`
WHERE `r`.`billing_id` = \'23\'
AND `r`.`sale_id` IS NULL
AND `r`.`approval_status` = \'approved\'
AND `r`.`sale_item_id` `IN` = (\'82\',\'83\')', 0)
 2 SYSTEMPATH\Database\BaseConnection.php(738): CodeIgniter\Database\MySQLi\Connection->execute('SELECT `r`.*, `pg`.`generic_name` as `medicine_name`, `si`.`unit_selling_price`, `b`.`batch_number`
FROM (`pharmacy_returns`, `pharmacy_returns` `r`)
JOIN `pharmacy_medicines` `m` ON `m`.`id` = `r`.`medicine_id`
JOIN `pharmacy_generics` `pg` ON `pg`.`id` = `m`.`generic_id`
JOIN `pharmacy_batches` `b` ON `b`.`id` = `r`.`batch_id`
JOIN `pharmacy_sale_items` `si` ON `si`.`id` = `r`.`sale_item_id`
WHERE `r`.`billing_id` = \'23\'
AND `r`.`sale_id` IS NULL
AND `r`.`approval_status` = \'approved\'
AND `r`.`sale_item_id` `IN` = (\'82\',\'83\')')
 3 SYSTEMPATH\Database\BaseConnection.php(652): CodeIgniter\Database\BaseConnection->simpleQuery('SELECT `r`.*, `pg`.`generic_name` as `medicine_name`, `si`.`unit_selling_price`, `b`.`batch_number`
FROM (`pharmacy_returns`, `pharmacy_returns` `r`)
JOIN `pharmacy_medicines` `m` ON `m`.`id` = `r`.`medicine_id`
JOIN `pharmacy_generics` `pg` ON `pg`.`id` = `m`.`generic_id`
JOIN `pharmacy_batches` `b` ON `b`.`id` = `r`.`batch_id`
JOIN `pharmacy_sale_items` `si` ON `si`.`id` = `r`.`sale_item_id`
WHERE `r`.`billing_id` = \'23\'
AND `r`.`sale_id` IS NULL
AND `r`.`approval_status` = \'approved\'
AND `r`.`sale_item_id` `IN` = (\'82\',\'83\')')
 4 SYSTEMPATH\Database\BaseBuilder.php(1649): CodeIgniter\Database\BaseConnection->query('SELECT `r`.*, `pg`.`generic_name` as `medicine_name`, `si`.`unit_selling_price`, `b`.`batch_number`
FROM (`pharmacy_returns`, `pharmacy_returns` `r`)
JOIN `pharmacy_medicines` `m` ON `m`.`id` = `r`.`medicine_id`
JOIN `pharmacy_generics` `pg` ON `pg`.`id` = `m`.`generic_id`
JOIN `pharmacy_batches` `b` ON `b`.`id` = `r`.`batch_id`
JOIN `pharmacy_sale_items` `si` ON `si`.`id` = `r`.`sale_item_id`
WHERE `r`.`billing_id` = :r.billing_id:
AND `r`.`sale_id` IS NULL
AND `r`.`approval_status` = :r.approval_status:
AND `r`.`sale_item_id` `IN` = :r.sale_item_id IN:', [...], false)
 5 SYSTEMPATH\Model.php(286): CodeIgniter\Database\BaseBuilder->get()
 6 SYSTEMPATH\BaseModel.php(679): CodeIgniter\Model->doFindAll(0, 0)
 7 APPPATH\Controllers\Pharmacy\Sales.php(393): CodeIgniter\BaseModel->findAll()
 8 SYSTEMPATH\CodeIgniter.php(933): App\Controllers\Pharmacy\Sales->invoice('PHM-IP-20250912-00022')
 9 SYSTEMPATH\CodeIgniter.php(507): CodeIgniter\CodeIgniter->runController(Object(App\Controllers\Pharmacy\Sales))
10 SYSTEMPATH\CodeIgniter.php(354): CodeIgniter\CodeIgniter->handleRequest(null, Object(Config\Cache), false)
11 SYSTEMPATH\Boot.php(334): CodeIgniter\CodeIgniter->run()
12 SYSTEMPATH\Boot.php(67): CodeIgniter\Boot::runCodeIgniter(Object(CodeIgniter\CodeIgniter))
13 FCPATH\index.php(46): CodeIgniter\Boot::bootWeb(Object(Config\Paths))
DEBUG - 2025-09-13 07:05:20 --> Session: Class initialized using 'CodeIgniter\Session\Handlers\FileHandler' driver.
DEBUG - 2025-09-13 07:05:24 --> Session: Class initialized using 'CodeIgniter\Session\Handlers\FileHandler' driver.
ERROR - 2025-09-13 07:05:24 --> mysqli_sql_exception: Unknown column 'pm.generic_name' in 'field list' in C:\xampp\htdocs\hms_ram\system\Database\MySQLi\Connection.php:327
Stack trace:
#0 C:\xampp\htdocs\hms_ram\system\Database\MySQLi\Connection.php(327): mysqli->query('\r\n        SELEC...', 0)
#1 C:\xampp\htdocs\hms_ram\system\Database\BaseConnection.php(738): CodeIgniter\Database\MySQLi\Connection->execute('\r\n        SELEC...')
#2 C:\xampp\htdocs\hms_ram\system\Database\BaseConnection.php(652): CodeIgniter\Database\BaseConnection->simpleQuery('\r\n        SELEC...')
#3 C:\xampp\htdocs\hms_ram\app\Controllers\Pharmacy\Sales.php(690): CodeIgniter\Database\BaseConnection->query('\r\n        SELEC...', Array)
#4 C:\xampp\htdocs\hms_ram\system\CodeIgniter.php(933): App\Controllers\Pharmacy\Sales->printInvoice('PHM-IP-20250912...')
#5 C:\xampp\htdocs\hms_ram\system\CodeIgniter.php(507): CodeIgniter\CodeIgniter->runController(Object(App\Controllers\Pharmacy\Sales))
#6 C:\xampp\htdocs\hms_ram\system\CodeIgniter.php(354): CodeIgniter\CodeIgniter->handleRequest(NULL, Object(Config\Cache), false)
#7 C:\xampp\htdocs\hms_ram\system\Boot.php(334): CodeIgniter\CodeIgniter->run()
#8 C:\xampp\htdocs\hms_ram\system\Boot.php(67): CodeIgniter\Boot::runCodeIgniter(Object(CodeIgniter\CodeIgniter))
#9 C:\xampp\htdocs\hms_ram\index.php(46): CodeIgniter\Boot::bootWeb(Object(Config\Paths))
#10 {main}
CRITICAL - 2025-09-13 07:05:24 --> CodeIgniter\Database\Exceptions\DatabaseException: Unknown column 'pm.generic_name' in 'field list'
[Method: GET, Route: pharmacy/sales/printInvoice/PHM-IP-20250912-00022]
in SYSTEMPATH\Database\BaseConnection.php on line 692.
 1 APPPATH\Controllers\Pharmacy\Sales.php(690): CodeIgniter\Database\BaseConnection->query('
        SELECT
            psi.*,
            pm.generic_name,
            pm.brand_name,
            pm.strength,
            pm.hsn_code,
            pm.gst_rate,
            pb.batch_number,
            pb.expiry_date,
            um.name AS unit_of_measure
        FROM
            pharmacy_sale_items psi
        JOIN
            pharmacy_medicines pm ON pm.id = psi.medicine_id
        JOIN
            pharmacy_batches pb ON pb.id = psi.batch_id
        LEFT JOIN
            pharmacy_units_of_measure um ON um.id = pm.unit_of_measure_id
        WHERE
            psi.billing_id = ?
    ', [...])
 2 SYSTEMPATH\CodeIgniter.php(933): App\Controllers\Pharmacy\Sales->printInvoice('PHM-IP-20250912-00022')
 3 SYSTEMPATH\CodeIgniter.php(507): CodeIgniter\CodeIgniter->runController(Object(App\Controllers\Pharmacy\Sales))
 4 SYSTEMPATH\CodeIgniter.php(354): CodeIgniter\CodeIgniter->handleRequest(null, Object(Config\Cache), false)
 5 SYSTEMPATH\Boot.php(334): CodeIgniter\CodeIgniter->run()
 6 SYSTEMPATH\Boot.php(67): CodeIgniter\Boot::runCodeIgniter(Object(CodeIgniter\CodeIgniter))
 7 FCPATH\index.php(46): CodeIgniter\Boot::bootWeb(Object(Config\Paths))
CRITICAL - 2025-09-13 07:05:24 --> [Caused by] CodeIgniter\Database\Exceptions\DatabaseException: Unknown column 'pm.generic_name' in 'field list'
in SYSTEMPATH\Database\MySQLi\Connection.php on line 332.
 1 SYSTEMPATH\Database\BaseConnection.php(738): CodeIgniter\Database\MySQLi\Connection->execute('
        SELECT
            psi.*,
            pm.generic_name,
            pm.brand_name,
            pm.strength,
            pm.hsn_code,
            pm.gst_rate,
            pb.batch_number,
            pb.expiry_date,
            um.name AS unit_of_measure
        FROM
            pharmacy_sale_items psi
        JOIN
            pharmacy_medicines pm ON pm.id = psi.medicine_id
        JOIN
            pharmacy_batches pb ON pb.id = psi.batch_id
        LEFT JOIN
            pharmacy_units_of_measure um ON um.id = pm.unit_of_measure_id
        WHERE
            psi.billing_id = \'23\'
    ')
 2 SYSTEMPATH\Database\BaseConnection.php(652): CodeIgniter\Database\BaseConnection->simpleQuery('
        SELECT
            psi.*,
            pm.generic_name,
            pm.brand_name,
            pm.strength,
            pm.hsn_code,
            pm.gst_rate,
            pb.batch_number,
            pb.expiry_date,
            um.name AS unit_of_measure
        FROM
            pharmacy_sale_items psi
        JOIN
            pharmacy_medicines pm ON pm.id = psi.medicine_id
        JOIN
            pharmacy_batches pb ON pb.id = psi.batch_id
        LEFT JOIN
            pharmacy_units_of_measure um ON um.id = pm.unit_of_measure_id
        WHERE
            psi.billing_id = \'23\'
    ')
 3 APPPATH\Controllers\Pharmacy\Sales.php(690): CodeIgniter\Database\BaseConnection->query('
        SELECT
            psi.*,
            pm.generic_name,
            pm.brand_name,
            pm.strength,
            pm.hsn_code,
            pm.gst_rate,
            pb.batch_number,
            pb.expiry_date,
            um.name AS unit_of_measure
        FROM
            pharmacy_sale_items psi
        JOIN
            pharmacy_medicines pm ON pm.id = psi.medicine_id
        JOIN
            pharmacy_batches pb ON pb.id = psi.batch_id
        LEFT JOIN
            pharmacy_units_of_measure um ON um.id = pm.unit_of_measure_id
        WHERE
            psi.billing_id = ?
    ', [...])
 4 SYSTEMPATH\CodeIgniter.php(933): App\Controllers\Pharmacy\Sales->printInvoice('PHM-IP-20250912-00022')
 5 SYSTEMPATH\CodeIgniter.php(507): CodeIgniter\CodeIgniter->runController(Object(App\Controllers\Pharmacy\Sales))
 6 SYSTEMPATH\CodeIgniter.php(354): CodeIgniter\CodeIgniter->handleRequest(null, Object(Config\Cache), false)
 7 SYSTEMPATH\Boot.php(334): CodeIgniter\CodeIgniter->run()
 8 SYSTEMPATH\Boot.php(67): CodeIgniter\Boot::runCodeIgniter(Object(CodeIgniter\CodeIgniter))
 9 FCPATH\index.php(46): CodeIgniter\Boot::bootWeb(Object(Config\Paths))
CRITICAL - 2025-09-13 07:05:24 --> [Caused by] mysqli_sql_exception: Unknown column 'pm.generic_name' in 'field list'
in SYSTEMPATH\Database\MySQLi\Connection.php on line 327.
 1 SYSTEMPATH\Database\MySQLi\Connection.php(327): mysqli->query('
        SELECT
            psi.*,
            pm.generic_name,
            pm.brand_name,
            pm.strength,
            pm.hsn_code,
            pm.gst_rate,
            pb.batch_number,
            pb.expiry_date,
            um.name AS unit_of_measure
        FROM
            pharmacy_sale_items psi
        JOIN
            pharmacy_medicines pm ON pm.id = psi.medicine_id
        JOIN
            pharmacy_batches pb ON pb.id = psi.batch_id
        LEFT JOIN
            pharmacy_units_of_measure um ON um.id = pm.unit_of_measure_id
        WHERE
            psi.billing_id = \'23\'
    ', 0)
 2 SYSTEMPATH\Database\BaseConnection.php(738): CodeIgniter\Database\MySQLi\Connection->execute('
        SELECT
            psi.*,
            pm.generic_name,
            pm.brand_name,
            pm.strength,
            pm.hsn_code,
            pm.gst_rate,
            pb.batch_number,
            pb.expiry_date,
            um.name AS unit_of_measure
        FROM
            pharmacy_sale_items psi
        JOIN
            pharmacy_medicines pm ON pm.id = psi.medicine_id
        JOIN
            pharmacy_batches pb ON pb.id = psi.batch_id
        LEFT JOIN
            pharmacy_units_of_measure um ON um.id = pm.unit_of_measure_id
        WHERE
            psi.billing_id = \'23\'
    ')
 3 SYSTEMPATH\Database\BaseConnection.php(652): CodeIgniter\Database\BaseConnection->simpleQuery('
        SELECT
            psi.*,
            pm.generic_name,
            pm.brand_name,
            pm.strength,
            pm.hsn_code,
            pm.gst_rate,
            pb.batch_number,
            pb.expiry_date,
            um.name AS unit_of_measure
        FROM
            pharmacy_sale_items psi
        JOIN
            pharmacy_medicines pm ON pm.id = psi.medicine_id
        JOIN
            pharmacy_batches pb ON pb.id = psi.batch_id
        LEFT JOIN
            pharmacy_units_of_measure um ON um.id = pm.unit_of_measure_id
        WHERE
            psi.billing_id = \'23\'
    ')
 4 APPPATH\Controllers\Pharmacy\Sales.php(690): CodeIgniter\Database\BaseConnection->query('
        SELECT
            psi.*,
            pm.generic_name,
            pm.brand_name,
            pm.strength,
            pm.hsn_code,
            pm.gst_rate,
            pb.batch_number,
            pb.expiry_date,
            um.name AS unit_of_measure
        FROM
            pharmacy_sale_items psi
        JOIN
            pharmacy_medicines pm ON pm.id = psi.medicine_id
        JOIN
            pharmacy_batches pb ON pb.id = psi.batch_id
        LEFT JOIN
            pharmacy_units_of_measure um ON um.id = pm.unit_of_measure_id
        WHERE
            psi.billing_id = ?
    ', [...])
 5 SYSTEMPATH\CodeIgniter.php(933): App\Controllers\Pharmacy\Sales->printInvoice('PHM-IP-20250912-00022')
 6 SYSTEMPATH\CodeIgniter.php(507): CodeIgniter\CodeIgniter->runController(Object(App\Controllers\Pharmacy\Sales))
 7 SYSTEMPATH\CodeIgniter.php(354): CodeIgniter\CodeIgniter->handleRequest(null, Object(Config\Cache), false)
 8 SYSTEMPATH\Boot.php(334): CodeIgniter\CodeIgniter->run()
 9 SYSTEMPATH\Boot.php(67): CodeIgniter\Boot::runCodeIgniter(Object(CodeIgniter\CodeIgniter))
10 FCPATH\index.php(46): CodeIgniter\Boot::bootWeb(Object(Config\Paths))
DEBUG - 2025-09-13 07:05:40 --> Session: Class initialized using 'CodeIgniter\Session\Handlers\FileHandler' driver.
ERROR - 2025-09-13 07:05:40 --> mysqli_sql_exception: You have an error in your SQL syntax; check the manual that corresponds to your MariaDB server version for the right syntax to use near '`IN` = ('82','83')' at line 10 in C:\xampp\htdocs\hms_ram\system\Database\MySQLi\Connection.php:327
Stack trace:
#0 C:\xampp\htdocs\hms_ram\system\Database\MySQLi\Connection.php(327): mysqli->query('SELECT `r`.*, `...', 0)
#1 C:\xampp\htdocs\hms_ram\system\Database\BaseConnection.php(738): CodeIgniter\Database\MySQLi\Connection->execute('SELECT `r`.*, `...')
#2 C:\xampp\htdocs\hms_ram\system\Database\BaseConnection.php(652): CodeIgniter\Database\BaseConnection->simpleQuery('SELECT `r`.*, `...')
#3 C:\xampp\htdocs\hms_ram\system\Database\BaseBuilder.php(1649): CodeIgniter\Database\BaseConnection->query('SELECT `r`.*, `...', Array, false)
#4 C:\xampp\htdocs\hms_ram\system\Model.php(286): CodeIgniter\Database\BaseBuilder->get()
#5 C:\xampp\htdocs\hms_ram\system\BaseModel.php(679): CodeIgniter\Model->doFindAll(0, 0)
#6 C:\xampp\htdocs\hms_ram\app\Controllers\Pharmacy\Sales.php(393): CodeIgniter\BaseModel->findAll()
#7 C:\xampp\htdocs\hms_ram\system\CodeIgniter.php(933): App\Controllers\Pharmacy\Sales->invoice('PHM-IP-20250912...')
#8 C:\xampp\htdocs\hms_ram\system\CodeIgniter.php(507): CodeIgniter\CodeIgniter->runController(Object(App\Controllers\Pharmacy\Sales))
#9 C:\xampp\htdocs\hms_ram\system\CodeIgniter.php(354): CodeIgniter\CodeIgniter->handleRequest(NULL, Object(Config\Cache), false)
#10 C:\xampp\htdocs\hms_ram\system\Boot.php(334): CodeIgniter\CodeIgniter->run()
#11 C:\xampp\htdocs\hms_ram\system\Boot.php(67): CodeIgniter\Boot::runCodeIgniter(Object(CodeIgniter\CodeIgniter))
#12 C:\xampp\htdocs\hms_ram\index.php(46): CodeIgniter\Boot::bootWeb(Object(Config\Paths))
#13 {main}
CRITICAL - 2025-09-13 07:05:40 --> CodeIgniter\Database\Exceptions\DatabaseException: You have an error in your SQL syntax; check the manual that corresponds to your MariaDB server version for the right syntax to use near '`IN` = ('82','83')' at line 10
[Method: GET, Route: pharmacy/sales/invoice/PHM-IP-20250912-00022]
in SYSTEMPATH\Database\BaseConnection.php on line 692.
 1 SYSTEMPATH\Database\BaseBuilder.php(1649): CodeIgniter\Database\BaseConnection->query('SELECT `r`.*, `pg`.`generic_name` as `medicine_name`, `si`.`unit_selling_price`, `b`.`batch_number`
FROM (`pharmacy_returns`, `pharmacy_returns` `r`)
JOIN `pharmacy_medicines` `m` ON `m`.`id` = `r`.`medicine_id`
JOIN `pharmacy_generics` `pg` ON `pg`.`id` = `m`.`generic_id`
JOIN `pharmacy_batches` `b` ON `b`.`id` = `r`.`batch_id`
JOIN `pharmacy_sale_items` `si` ON `si`.`id` = `r`.`sale_item_id`
WHERE `r`.`billing_id` = :r.billing_id:
AND `r`.`sale_id` IS NULL
AND `r`.`approval_status` = :r.approval_status:
AND `r`.`sale_item_id` `IN` = :r.sale_item_id IN:', [...], false)
 2 SYSTEMPATH\Model.php(286): CodeIgniter\Database\BaseBuilder->get()
 3 SYSTEMPATH\BaseModel.php(679): CodeIgniter\Model->doFindAll(0, 0)
 4 APPPATH\Controllers\Pharmacy\Sales.php(393): CodeIgniter\BaseModel->findAll()
 5 SYSTEMPATH\CodeIgniter.php(933): App\Controllers\Pharmacy\Sales->invoice('PHM-IP-20250912-00022')
 6 SYSTEMPATH\CodeIgniter.php(507): CodeIgniter\CodeIgniter->runController(Object(App\Controllers\Pharmacy\Sales))
 7 SYSTEMPATH\CodeIgniter.php(354): CodeIgniter\CodeIgniter->handleRequest(null, Object(Config\Cache), false)
 8 SYSTEMPATH\Boot.php(334): CodeIgniter\CodeIgniter->run()
 9 SYSTEMPATH\Boot.php(67): CodeIgniter\Boot::runCodeIgniter(Object(CodeIgniter\CodeIgniter))
10 FCPATH\index.php(46): CodeIgniter\Boot::bootWeb(Object(Config\Paths))
CRITICAL - 2025-09-13 07:05:40 --> [Caused by] CodeIgniter\Database\Exceptions\DatabaseException: You have an error in your SQL syntax; check the manual that corresponds to your MariaDB server version for the right syntax to use near '`IN` = ('82','83')' at line 10
in SYSTEMPATH\Database\MySQLi\Connection.php on line 332.
 1 SYSTEMPATH\Database\BaseConnection.php(738): CodeIgniter\Database\MySQLi\Connection->execute('SELECT `r`.*, `pg`.`generic_name` as `medicine_name`, `si`.`unit_selling_price`, `b`.`batch_number`
FROM (`pharmacy_returns`, `pharmacy_returns` `r`)
JOIN `pharmacy_medicines` `m` ON `m`.`id` = `r`.`medicine_id`
JOIN `pharmacy_generics` `pg` ON `pg`.`id` = `m`.`generic_id`
JOIN `pharmacy_batches` `b` ON `b`.`id` = `r`.`batch_id`
JOIN `pharmacy_sale_items` `si` ON `si`.`id` = `r`.`sale_item_id`
WHERE `r`.`billing_id` = \'23\'
AND `r`.`sale_id` IS NULL
AND `r`.`approval_status` = \'approved\'
AND `r`.`sale_item_id` `IN` = (\'82\',\'83\')')
 2 SYSTEMPATH\Database\BaseConnection.php(652): CodeIgniter\Database\BaseConnection->simpleQuery('SELECT `r`.*, `pg`.`generic_name` as `medicine_name`, `si`.`unit_selling_price`, `b`.`batch_number`
FROM (`pharmacy_returns`, `pharmacy_returns` `r`)
JOIN `pharmacy_medicines` `m` ON `m`.`id` = `r`.`medicine_id`
JOIN `pharmacy_generics` `pg` ON `pg`.`id` = `m`.`generic_id`
JOIN `pharmacy_batches` `b` ON `b`.`id` = `r`.`batch_id`
JOIN `pharmacy_sale_items` `si` ON `si`.`id` = `r`.`sale_item_id`
WHERE `r`.`billing_id` = \'23\'
AND `r`.`sale_id` IS NULL
AND `r`.`approval_status` = \'approved\'
AND `r`.`sale_item_id` `IN` = (\'82\',\'83\')')
 3 SYSTEMPATH\Database\BaseBuilder.php(1649): CodeIgniter\Database\BaseConnection->query('SELECT `r`.*, `pg`.`generic_name` as `medicine_name`, `si`.`unit_selling_price`, `b`.`batch_number`
FROM (`pharmacy_returns`, `pharmacy_returns` `r`)
JOIN `pharmacy_medicines` `m` ON `m`.`id` = `r`.`medicine_id`
JOIN `pharmacy_generics` `pg` ON `pg`.`id` = `m`.`generic_id`
JOIN `pharmacy_batches` `b` ON `b`.`id` = `r`.`batch_id`
JOIN `pharmacy_sale_items` `si` ON `si`.`id` = `r`.`sale_item_id`
WHERE `r`.`billing_id` = :r.billing_id:
AND `r`.`sale_id` IS NULL
AND `r`.`approval_status` = :r.approval_status:
AND `r`.`sale_item_id` `IN` = :r.sale_item_id IN:', [...], false)
 4 SYSTEMPATH\Model.php(286): CodeIgniter\Database\BaseBuilder->get()
 5 SYSTEMPATH\BaseModel.php(679): CodeIgniter\Model->doFindAll(0, 0)
 6 APPPATH\Controllers\Pharmacy\Sales.php(393): CodeIgniter\BaseModel->findAll()
 7 SYSTEMPATH\CodeIgniter.php(933): App\Controllers\Pharmacy\Sales->invoice('PHM-IP-20250912-00022')
 8 SYSTEMPATH\CodeIgniter.php(507): CodeIgniter\CodeIgniter->runController(Object(App\Controllers\Pharmacy\Sales))
 9 SYSTEMPATH\CodeIgniter.php(354): CodeIgniter\CodeIgniter->handleRequest(null, Object(Config\Cache), false)
10 SYSTEMPATH\Boot.php(334): CodeIgniter\CodeIgniter->run()
11 SYSTEMPATH\Boot.php(67): CodeIgniter\Boot::runCodeIgniter(Object(CodeIgniter\CodeIgniter))
12 FCPATH\index.php(46): CodeIgniter\Boot::bootWeb(Object(Config\Paths))
CRITICAL - 2025-09-13 07:05:40 --> [Caused by] mysqli_sql_exception: You have an error in your SQL syntax; check the manual that corresponds to your MariaDB server version for the right syntax to use near '`IN` = ('82','83')' at line 10
in SYSTEMPATH\Database\MySQLi\Connection.php on line 327.
 1 SYSTEMPATH\Database\MySQLi\Connection.php(327): mysqli->query('SELECT `r`.*, `pg`.`generic_name` as `medicine_name`, `si`.`unit_selling_price`, `b`.`batch_number`
FROM (`pharmacy_returns`, `pharmacy_returns` `r`)
JOIN `pharmacy_medicines` `m` ON `m`.`id` = `r`.`medicine_id`
JOIN `pharmacy_generics` `pg` ON `pg`.`id` = `m`.`generic_id`
JOIN `pharmacy_batches` `b` ON `b`.`id` = `r`.`batch_id`
JOIN `pharmacy_sale_items` `si` ON `si`.`id` = `r`.`sale_item_id`
WHERE `r`.`billing_id` = \'23\'
AND `r`.`sale_id` IS NULL
AND `r`.`approval_status` = \'approved\'
AND `r`.`sale_item_id` `IN` = (\'82\',\'83\')', 0)
 2 SYSTEMPATH\Database\BaseConnection.php(738): CodeIgniter\Database\MySQLi\Connection->execute('SELECT `r`.*, `pg`.`generic_name` as `medicine_name`, `si`.`unit_selling_price`, `b`.`batch_number`
FROM (`pharmacy_returns`, `pharmacy_returns` `r`)
JOIN `pharmacy_medicines` `m` ON `m`.`id` = `r`.`medicine_id`
JOIN `pharmacy_generics` `pg` ON `pg`.`id` = `m`.`generic_id`
JOIN `pharmacy_batches` `b` ON `b`.`id` = `r`.`batch_id`
JOIN `pharmacy_sale_items` `si` ON `si`.`id` = `r`.`sale_item_id`
WHERE `r`.`billing_id` = \'23\'
AND `r`.`sale_id` IS NULL
AND `r`.`approval_status` = \'approved\'
AND `r`.`sale_item_id` `IN` = (\'82\',\'83\')')
 3 SYSTEMPATH\Database\BaseConnection.php(652): CodeIgniter\Database\BaseConnection->simpleQuery('SELECT `r`.*, `pg`.`generic_name` as `medicine_name`, `si`.`unit_selling_price`, `b`.`batch_number`
FROM (`pharmacy_returns`, `pharmacy_returns` `r`)
JOIN `pharmacy_medicines` `m` ON `m`.`id` = `r`.`medicine_id`
JOIN `pharmacy_generics` `pg` ON `pg`.`id` = `m`.`generic_id`
JOIN `pharmacy_batches` `b` ON `b`.`id` = `r`.`batch_id`
JOIN `pharmacy_sale_items` `si` ON `si`.`id` = `r`.`sale_item_id`
WHERE `r`.`billing_id` = \'23\'
AND `r`.`sale_id` IS NULL
AND `r`.`approval_status` = \'approved\'
AND `r`.`sale_item_id` `IN` = (\'82\',\'83\')')
 4 SYSTEMPATH\Database\BaseBuilder.php(1649): CodeIgniter\Database\BaseConnection->query('SELECT `r`.*, `pg`.`generic_name` as `medicine_name`, `si`.`unit_selling_price`, `b`.`batch_number`
FROM (`pharmacy_returns`, `pharmacy_returns` `r`)
JOIN `pharmacy_medicines` `m` ON `m`.`id` = `r`.`medicine_id`
JOIN `pharmacy_generics` `pg` ON `pg`.`id` = `m`.`generic_id`
JOIN `pharmacy_batches` `b` ON `b`.`id` = `r`.`batch_id`
JOIN `pharmacy_sale_items` `si` ON `si`.`id` = `r`.`sale_item_id`
WHERE `r`.`billing_id` = :r.billing_id:
AND `r`.`sale_id` IS NULL
AND `r`.`approval_status` = :r.approval_status:
AND `r`.`sale_item_id` `IN` = :r.sale_item_id IN:', [...], false)
 5 SYSTEMPATH\Model.php(286): CodeIgniter\Database\BaseBuilder->get()
 6 SYSTEMPATH\BaseModel.php(679): CodeIgniter\Model->doFindAll(0, 0)
 7 APPPATH\Controllers\Pharmacy\Sales.php(393): CodeIgniter\BaseModel->findAll()
 8 SYSTEMPATH\CodeIgniter.php(933): App\Controllers\Pharmacy\Sales->invoice('PHM-IP-20250912-00022')
 9 SYSTEMPATH\CodeIgniter.php(507): CodeIgniter\CodeIgniter->runController(Object(App\Controllers\Pharmacy\Sales))
10 SYSTEMPATH\CodeIgniter.php(354): CodeIgniter\CodeIgniter->handleRequest(null, Object(Config\Cache), false)
11 SYSTEMPATH\Boot.php(334): CodeIgniter\CodeIgniter->run()
12 SYSTEMPATH\Boot.php(67): CodeIgniter\Boot::runCodeIgniter(Object(CodeIgniter\CodeIgniter))
13 FCPATH\index.php(46): CodeIgniter\Boot::bootWeb(Object(Config\Paths))
DEBUG - 2025-09-13 07:05:49 --> Session: Class initialized using 'CodeIgniter\Session\Handlers\FileHandler' driver.
ERROR - 2025-09-13 07:05:49 --> mysqli_sql_exception: You have an error in your SQL syntax; check the manual that corresponds to your MariaDB server version for the right syntax to use near '`IN` = ('82','83')' at line 10 in C:\xampp\htdocs\hms_ram\system\Database\MySQLi\Connection.php:327
Stack trace:
#0 C:\xampp\htdocs\hms_ram\system\Database\MySQLi\Connection.php(327): mysqli->query('SELECT `r`.*, `...', 0)
#1 C:\xampp\htdocs\hms_ram\system\Database\BaseConnection.php(738): CodeIgniter\Database\MySQLi\Connection->execute('SELECT `r`.*, `...')
#2 C:\xampp\htdocs\hms_ram\system\Database\BaseConnection.php(652): CodeIgniter\Database\BaseConnection->simpleQuery('SELECT `r`.*, `...')
#3 C:\xampp\htdocs\hms_ram\system\Database\BaseBuilder.php(1649): CodeIgniter\Database\BaseConnection->query('SELECT `r`.*, `...', Array, false)
#4 C:\xampp\htdocs\hms_ram\system\Model.php(286): CodeIgniter\Database\BaseBuilder->get()
#5 C:\xampp\htdocs\hms_ram\system\BaseModel.php(679): CodeIgniter\Model->doFindAll(0, 0)
#6 C:\xampp\htdocs\hms_ram\app\Controllers\Pharmacy\Sales.php(393): CodeIgniter\BaseModel->findAll()
#7 C:\xampp\htdocs\hms_ram\system\CodeIgniter.php(933): App\Controllers\Pharmacy\Sales->invoice('PHM-IP-20250912...')
#8 C:\xampp\htdocs\hms_ram\system\CodeIgniter.php(507): CodeIgniter\CodeIgniter->runController(Object(App\Controllers\Pharmacy\Sales))
#9 C:\xampp\htdocs\hms_ram\system\CodeIgniter.php(354): CodeIgniter\CodeIgniter->handleRequest(NULL, Object(Config\Cache), false)
#10 C:\xampp\htdocs\hms_ram\system\Boot.php(334): CodeIgniter\CodeIgniter->run()
#11 C:\xampp\htdocs\hms_ram\system\Boot.php(67): CodeIgniter\Boot::runCodeIgniter(Object(CodeIgniter\CodeIgniter))
#12 C:\xampp\htdocs\hms_ram\index.php(46): CodeIgniter\Boot::bootWeb(Object(Config\Paths))
#13 {main}
CRITICAL - 2025-09-13 07:05:49 --> CodeIgniter\Database\Exceptions\DatabaseException: You have an error in your SQL syntax; check the manual that corresponds to your MariaDB server version for the right syntax to use near '`IN` = ('82','83')' at line 10
[Method: GET, Route: pharmacy/sales/invoice/PHM-IP-20250912-00022]
in SYSTEMPATH\Database\BaseConnection.php on line 692.
 1 SYSTEMPATH\Database\BaseBuilder.php(1649): CodeIgniter\Database\BaseConnection->query('SELECT `r`.*, `pg`.`generic_name` as `medicine_name`, `si`.`unit_selling_price`, `b`.`batch_number`
FROM (`pharmacy_returns`, `pharmacy_returns` `r`)
JOIN `pharmacy_medicines` `m` ON `m`.`id` = `r`.`medicine_id`
JOIN `pharmacy_generics` `pg` ON `pg`.`id` = `m`.`generic_id`
JOIN `pharmacy_batches` `b` ON `b`.`id` = `r`.`batch_id`
JOIN `pharmacy_sale_items` `si` ON `si`.`id` = `r`.`sale_item_id`
WHERE `r`.`billing_id` = :r.billing_id:
AND `r`.`sale_id` IS NULL
AND `r`.`approval_status` = :r.approval_status:
AND `r`.`sale_item_id` `IN` = :r.sale_item_id IN:', [...], false)
 2 SYSTEMPATH\Model.php(286): CodeIgniter\Database\BaseBuilder->get()
 3 SYSTEMPATH\BaseModel.php(679): CodeIgniter\Model->doFindAll(0, 0)
 4 APPPATH\Controllers\Pharmacy\Sales.php(393): CodeIgniter\BaseModel->findAll()
 5 SYSTEMPATH\CodeIgniter.php(933): App\Controllers\Pharmacy\Sales->invoice('PHM-IP-20250912-00022')
 6 SYSTEMPATH\CodeIgniter.php(507): CodeIgniter\CodeIgniter->runController(Object(App\Controllers\Pharmacy\Sales))
 7 SYSTEMPATH\CodeIgniter.php(354): CodeIgniter\CodeIgniter->handleRequest(null, Object(Config\Cache), false)
 8 SYSTEMPATH\Boot.php(334): CodeIgniter\CodeIgniter->run()
 9 SYSTEMPATH\Boot.php(67): CodeIgniter\Boot::runCodeIgniter(Object(CodeIgniter\CodeIgniter))
10 FCPATH\index.php(46): CodeIgniter\Boot::bootWeb(Object(Config\Paths))
CRITICAL - 2025-09-13 07:05:49 --> [Caused by] CodeIgniter\Database\Exceptions\DatabaseException: You have an error in your SQL syntax; check the manual that corresponds to your MariaDB server version for the right syntax to use near '`IN` = ('82','83')' at line 10
in SYSTEMPATH\Database\MySQLi\Connection.php on line 332.
 1 SYSTEMPATH\Database\BaseConnection.php(738): CodeIgniter\Database\MySQLi\Connection->execute('SELECT `r`.*, `pg`.`generic_name` as `medicine_name`, `si`.`unit_selling_price`, `b`.`batch_number`
FROM (`pharmacy_returns`, `pharmacy_returns` `r`)
JOIN `pharmacy_medicines` `m` ON `m`.`id` = `r`.`medicine_id`
JOIN `pharmacy_generics` `pg` ON `pg`.`id` = `m`.`generic_id`
JOIN `pharmacy_batches` `b` ON `b`.`id` = `r`.`batch_id`
JOIN `pharmacy_sale_items` `si` ON `si`.`id` = `r`.`sale_item_id`
WHERE `r`.`billing_id` = \'23\'
AND `r`.`sale_id` IS NULL
AND `r`.`approval_status` = \'approved\'
AND `r`.`sale_item_id` `IN` = (\'82\',\'83\')')
 2 SYSTEMPATH\Database\BaseConnection.php(652): CodeIgniter\Database\BaseConnection->simpleQuery('SELECT `r`.*, `pg`.`generic_name` as `medicine_name`, `si`.`unit_selling_price`, `b`.`batch_number`
FROM (`pharmacy_returns`, `pharmacy_returns` `r`)
JOIN `pharmacy_medicines` `m` ON `m`.`id` = `r`.`medicine_id`
JOIN `pharmacy_generics` `pg` ON `pg`.`id` = `m`.`generic_id`
JOIN `pharmacy_batches` `b` ON `b`.`id` = `r`.`batch_id`
JOIN `pharmacy_sale_items` `si` ON `si`.`id` = `r`.`sale_item_id`
WHERE `r`.`billing_id` = \'23\'
AND `r`.`sale_id` IS NULL
AND `r`.`approval_status` = \'approved\'
AND `r`.`sale_item_id` `IN` = (\'82\',\'83\')')
 3 SYSTEMPATH\Database\BaseBuilder.php(1649): CodeIgniter\Database\BaseConnection->query('SELECT `r`.*, `pg`.`generic_name` as `medicine_name`, `si`.`unit_selling_price`, `b`.`batch_number`
FROM (`pharmacy_returns`, `pharmacy_returns` `r`)
JOIN `pharmacy_medicines` `m` ON `m`.`id` = `r`.`medicine_id`
JOIN `pharmacy_generics` `pg` ON `pg`.`id` = `m`.`generic_id`
JOIN `pharmacy_batches` `b` ON `b`.`id` = `r`.`batch_id`
JOIN `pharmacy_sale_items` `si` ON `si`.`id` = `r`.`sale_item_id`
WHERE `r`.`billing_id` = :r.billing_id:
AND `r`.`sale_id` IS NULL
AND `r`.`approval_status` = :r.approval_status:
AND `r`.`sale_item_id` `IN` = :r.sale_item_id IN:', [...], false)
 4 SYSTEMPATH\Model.php(286): CodeIgniter\Database\BaseBuilder->get()
 5 SYSTEMPATH\BaseModel.php(679): CodeIgniter\Model->doFindAll(0, 0)
 6 APPPATH\Controllers\Pharmacy\Sales.php(393): CodeIgniter\BaseModel->findAll()
 7 SYSTEMPATH\CodeIgniter.php(933): App\Controllers\Pharmacy\Sales->invoice('PHM-IP-20250912-00022')
 8 SYSTEMPATH\CodeIgniter.php(507): CodeIgniter\CodeIgniter->runController(Object(App\Controllers\Pharmacy\Sales))
 9 SYSTEMPATH\CodeIgniter.php(354): CodeIgniter\CodeIgniter->handleRequest(null, Object(Config\Cache), false)
10 SYSTEMPATH\Boot.php(334): CodeIgniter\CodeIgniter->run()
11 SYSTEMPATH\Boot.php(67): CodeIgniter\Boot::runCodeIgniter(Object(CodeIgniter\CodeIgniter))
12 FCPATH\index.php(46): CodeIgniter\Boot::bootWeb(Object(Config\Paths))
CRITICAL - 2025-09-13 07:05:49 --> [Caused by] mysqli_sql_exception: You have an error in your SQL syntax; check the manual that corresponds to your MariaDB server version for the right syntax to use near '`IN` = ('82','83')' at line 10
in SYSTEMPATH\Database\MySQLi\Connection.php on line 327.
 1 SYSTEMPATH\Database\MySQLi\Connection.php(327): mysqli->query('SELECT `r`.*, `pg`.`generic_name` as `medicine_name`, `si`.`unit_selling_price`, `b`.`batch_number`
FROM (`pharmacy_returns`, `pharmacy_returns` `r`)
JOIN `pharmacy_medicines` `m` ON `m`.`id` = `r`.`medicine_id`
JOIN `pharmacy_generics` `pg` ON `pg`.`id` = `m`.`generic_id`
JOIN `pharmacy_batches` `b` ON `b`.`id` = `r`.`batch_id`
JOIN `pharmacy_sale_items` `si` ON `si`.`id` = `r`.`sale_item_id`
WHERE `r`.`billing_id` = \'23\'
AND `r`.`sale_id` IS NULL
AND `r`.`approval_status` = \'approved\'
AND `r`.`sale_item_id` `IN` = (\'82\',\'83\')', 0)
 2 SYSTEMPATH\Database\BaseConnection.php(738): CodeIgniter\Database\MySQLi\Connection->execute('SELECT `r`.*, `pg`.`generic_name` as `medicine_name`, `si`.`unit_selling_price`, `b`.`batch_number`
FROM (`pharmacy_returns`, `pharmacy_returns` `r`)
JOIN `pharmacy_medicines` `m` ON `m`.`id` = `r`.`medicine_id`
JOIN `pharmacy_generics` `pg` ON `pg`.`id` = `m`.`generic_id`
JOIN `pharmacy_batches` `b` ON `b`.`id` = `r`.`batch_id`
JOIN `pharmacy_sale_items` `si` ON `si`.`id` = `r`.`sale_item_id`
WHERE `r`.`billing_id` = \'23\'
AND `r`.`sale_id` IS NULL
AND `r`.`approval_status` = \'approved\'
AND `r`.`sale_item_id` `IN` = (\'82\',\'83\')')
 3 SYSTEMPATH\Database\BaseConnection.php(652): CodeIgniter\Database\BaseConnection->simpleQuery('SELECT `r`.*, `pg`.`generic_name` as `medicine_name`, `si`.`unit_selling_price`, `b`.`batch_number`
FROM (`pharmacy_returns`, `pharmacy_returns` `r`)
JOIN `pharmacy_medicines` `m` ON `m`.`id` = `r`.`medicine_id`
JOIN `pharmacy_generics` `pg` ON `pg`.`id` = `m`.`generic_id`
JOIN `pharmacy_batches` `b` ON `b`.`id` = `r`.`batch_id`
JOIN `pharmacy_sale_items` `si` ON `si`.`id` = `r`.`sale_item_id`
WHERE `r`.`billing_id` = \'23\'
AND `r`.`sale_id` IS NULL
AND `r`.`approval_status` = \'approved\'
AND `r`.`sale_item_id` `IN` = (\'82\',\'83\')')
 4 SYSTEMPATH\Database\BaseBuilder.php(1649): CodeIgniter\Database\BaseConnection->query('SELECT `r`.*, `pg`.`generic_name` as `medicine_name`, `si`.`unit_selling_price`, `b`.`batch_number`
FROM (`pharmacy_returns`, `pharmacy_returns` `r`)
JOIN `pharmacy_medicines` `m` ON `m`.`id` = `r`.`medicine_id`
JOIN `pharmacy_generics` `pg` ON `pg`.`id` = `m`.`generic_id`
JOIN `pharmacy_batches` `b` ON `b`.`id` = `r`.`batch_id`
JOIN `pharmacy_sale_items` `si` ON `si`.`id` = `r`.`sale_item_id`
WHERE `r`.`billing_id` = :r.billing_id:
AND `r`.`sale_id` IS NULL
AND `r`.`approval_status` = :r.approval_status:
AND `r`.`sale_item_id` `IN` = :r.sale_item_id IN:', [...], false)
 5 SYSTEMPATH\Model.php(286): CodeIgniter\Database\BaseBuilder->get()
 6 SYSTEMPATH\BaseModel.php(679): CodeIgniter\Model->doFindAll(0, 0)
 7 APPPATH\Controllers\Pharmacy\Sales.php(393): CodeIgniter\BaseModel->findAll()
 8 SYSTEMPATH\CodeIgniter.php(933): App\Controllers\Pharmacy\Sales->invoice('PHM-IP-20250912-00022')
 9 SYSTEMPATH\CodeIgniter.php(507): CodeIgniter\CodeIgniter->runController(Object(App\Controllers\Pharmacy\Sales))
10 SYSTEMPATH\CodeIgniter.php(354): CodeIgniter\CodeIgniter->handleRequest(null, Object(Config\Cache), false)
11 SYSTEMPATH\Boot.php(334): CodeIgniter\CodeIgniter->run()
12 SYSTEMPATH\Boot.php(67): CodeIgniter\Boot::runCodeIgniter(Object(CodeIgniter\CodeIgniter))
13 FCPATH\index.php(46): CodeIgniter\Boot::bootWeb(Object(Config\Paths))
DEBUG - 2025-09-13 07:05:50 --> Session: Class initialized using 'CodeIgniter\Session\Handlers\FileHandler' driver.
ERROR - 2025-09-13 07:05:50 --> mysqli_sql_exception: You have an error in your SQL syntax; check the manual that corresponds to your MariaDB server version for the right syntax to use near '`IN` = ('82','83')' at line 10 in C:\xampp\htdocs\hms_ram\system\Database\MySQLi\Connection.php:327
Stack trace:
#0 C:\xampp\htdocs\hms_ram\system\Database\MySQLi\Connection.php(327): mysqli->query('SELECT `r`.*, `...', 0)
#1 C:\xampp\htdocs\hms_ram\system\Database\BaseConnection.php(738): CodeIgniter\Database\MySQLi\Connection->execute('SELECT `r`.*, `...')
#2 C:\xampp\htdocs\hms_ram\system\Database\BaseConnection.php(652): CodeIgniter\Database\BaseConnection->simpleQuery('SELECT `r`.*, `...')
#3 C:\xampp\htdocs\hms_ram\system\Database\BaseBuilder.php(1649): CodeIgniter\Database\BaseConnection->query('SELECT `r`.*, `...', Array, false)
#4 C:\xampp\htdocs\hms_ram\system\Model.php(286): CodeIgniter\Database\BaseBuilder->get()
#5 C:\xampp\htdocs\hms_ram\system\BaseModel.php(679): CodeIgniter\Model->doFindAll(0, 0)
#6 C:\xampp\htdocs\hms_ram\app\Controllers\Pharmacy\Sales.php(393): CodeIgniter\BaseModel->findAll()
#7 C:\xampp\htdocs\hms_ram\system\CodeIgniter.php(933): App\Controllers\Pharmacy\Sales->invoice('PHM-IP-20250912...')
#8 C:\xampp\htdocs\hms_ram\system\CodeIgniter.php(507): CodeIgniter\CodeIgniter->runController(Object(App\Controllers\Pharmacy\Sales))
#9 C:\xampp\htdocs\hms_ram\system\CodeIgniter.php(354): CodeIgniter\CodeIgniter->handleRequest(NULL, Object(Config\Cache), false)
#10 C:\xampp\htdocs\hms_ram\system\Boot.php(334): CodeIgniter\CodeIgniter->run()
#11 C:\xampp\htdocs\hms_ram\system\Boot.php(67): CodeIgniter\Boot::runCodeIgniter(Object(CodeIgniter\CodeIgniter))
#12 C:\xampp\htdocs\hms_ram\index.php(46): CodeIgniter\Boot::bootWeb(Object(Config\Paths))
#13 {main}
CRITICAL - 2025-09-13 07:05:50 --> CodeIgniter\Database\Exceptions\DatabaseException: You have an error in your SQL syntax; check the manual that corresponds to your MariaDB server version for the right syntax to use near '`IN` = ('82','83')' at line 10
[Method: GET, Route: pharmacy/sales/invoice/PHM-IP-20250912-00022]
in SYSTEMPATH\Database\BaseConnection.php on line 692.
 1 SYSTEMPATH\Database\BaseBuilder.php(1649): CodeIgniter\Database\BaseConnection->query('SELECT `r`.*, `pg`.`generic_name` as `medicine_name`, `si`.`unit_selling_price`, `b`.`batch_number`
FROM (`pharmacy_returns`, `pharmacy_returns` `r`)
JOIN `pharmacy_medicines` `m` ON `m`.`id` = `r`.`medicine_id`
JOIN `pharmacy_generics` `pg` ON `pg`.`id` = `m`.`generic_id`
JOIN `pharmacy_batches` `b` ON `b`.`id` = `r`.`batch_id`
JOIN `pharmacy_sale_items` `si` ON `si`.`id` = `r`.`sale_item_id`
WHERE `r`.`billing_id` = :r.billing_id:
AND `r`.`sale_id` IS NULL
AND `r`.`approval_status` = :r.approval_status:
AND `r`.`sale_item_id` `IN` = :r.sale_item_id IN:', [...], false)
 2 SYSTEMPATH\Model.php(286): CodeIgniter\Database\BaseBuilder->get()
 3 SYSTEMPATH\BaseModel.php(679): CodeIgniter\Model->doFindAll(0, 0)
 4 APPPATH\Controllers\Pharmacy\Sales.php(393): CodeIgniter\BaseModel->findAll()
 5 SYSTEMPATH\CodeIgniter.php(933): App\Controllers\Pharmacy\Sales->invoice('PHM-IP-20250912-00022')
 6 SYSTEMPATH\CodeIgniter.php(507): CodeIgniter\CodeIgniter->runController(Object(App\Controllers\Pharmacy\Sales))
 7 SYSTEMPATH\CodeIgniter.php(354): CodeIgniter\CodeIgniter->handleRequest(null, Object(Config\Cache), false)
 8 SYSTEMPATH\Boot.php(334): CodeIgniter\CodeIgniter->run()
 9 SYSTEMPATH\Boot.php(67): CodeIgniter\Boot::runCodeIgniter(Object(CodeIgniter\CodeIgniter))
10 FCPATH\index.php(46): CodeIgniter\Boot::bootWeb(Object(Config\Paths))
CRITICAL - 2025-09-13 07:05:50 --> [Caused by] CodeIgniter\Database\Exceptions\DatabaseException: You have an error in your SQL syntax; check the manual that corresponds to your MariaDB server version for the right syntax to use near '`IN` = ('82','83')' at line 10
in SYSTEMPATH\Database\MySQLi\Connection.php on line 332.
 1 SYSTEMPATH\Database\BaseConnection.php(738): CodeIgniter\Database\MySQLi\Connection->execute('SELECT `r`.*, `pg`.`generic_name` as `medicine_name`, `si`.`unit_selling_price`, `b`.`batch_number`
FROM (`pharmacy_returns`, `pharmacy_returns` `r`)
JOIN `pharmacy_medicines` `m` ON `m`.`id` = `r`.`medicine_id`
JOIN `pharmacy_generics` `pg` ON `pg`.`id` = `m`.`generic_id`
JOIN `pharmacy_batches` `b` ON `b`.`id` = `r`.`batch_id`
JOIN `pharmacy_sale_items` `si` ON `si`.`id` = `r`.`sale_item_id`
WHERE `r`.`billing_id` = \'23\'
AND `r`.`sale_id` IS NULL
AND `r`.`approval_status` = \'approved\'
AND `r`.`sale_item_id` `IN` = (\'82\',\'83\')')
 2 SYSTEMPATH\Database\BaseConnection.php(652): CodeIgniter\Database\BaseConnection->simpleQuery('SELECT `r`.*, `pg`.`generic_name` as `medicine_name`, `si`.`unit_selling_price`, `b`.`batch_number`
FROM (`pharmacy_returns`, `pharmacy_returns` `r`)
JOIN `pharmacy_medicines` `m` ON `m`.`id` = `r`.`medicine_id`
JOIN `pharmacy_generics` `pg` ON `pg`.`id` = `m`.`generic_id`
JOIN `pharmacy_batches` `b` ON `b`.`id` = `r`.`batch_id`
JOIN `pharmacy_sale_items` `si` ON `si`.`id` = `r`.`sale_item_id`
WHERE `r`.`billing_id` = \'23\'
AND `r`.`sale_id` IS NULL
AND `r`.`approval_status` = \'approved\'
AND `r`.`sale_item_id` `IN` = (\'82\',\'83\')')
 3 SYSTEMPATH\Database\BaseBuilder.php(1649): CodeIgniter\Database\BaseConnection->query('SELECT `r`.*, `pg`.`generic_name` as `medicine_name`, `si`.`unit_selling_price`, `b`.`batch_number`
FROM (`pharmacy_returns`, `pharmacy_returns` `r`)
JOIN `pharmacy_medicines` `m` ON `m`.`id` = `r`.`medicine_id`
JOIN `pharmacy_generics` `pg` ON `pg`.`id` = `m`.`generic_id`
JOIN `pharmacy_batches` `b` ON `b`.`id` = `r`.`batch_id`
JOIN `pharmacy_sale_items` `si` ON `si`.`id` = `r`.`sale_item_id`
WHERE `r`.`billing_id` = :r.billing_id:
AND `r`.`sale_id` IS NULL
AND `r`.`approval_status` = :r.approval_status:
AND `r`.`sale_item_id` `IN` = :r.sale_item_id IN:', [...], false)
 4 SYSTEMPATH\Model.php(286): CodeIgniter\Database\BaseBuilder->get()
 5 SYSTEMPATH\BaseModel.php(679): CodeIgniter\Model->doFindAll(0, 0)
 6 APPPATH\Controllers\Pharmacy\Sales.php(393): CodeIgniter\BaseModel->findAll()
 7 SYSTEMPATH\CodeIgniter.php(933): App\Controllers\Pharmacy\Sales->invoice('PHM-IP-20250912-00022')
 8 SYSTEMPATH\CodeIgniter.php(507): CodeIgniter\CodeIgniter->runController(Object(App\Controllers\Pharmacy\Sales))
 9 SYSTEMPATH\CodeIgniter.php(354): CodeIgniter\CodeIgniter->handleRequest(null, Object(Config\Cache), false)
10 SYSTEMPATH\Boot.php(334): CodeIgniter\CodeIgniter->run()
11 SYSTEMPATH\Boot.php(67): CodeIgniter\Boot::runCodeIgniter(Object(CodeIgniter\CodeIgniter))
12 FCPATH\index.php(46): CodeIgniter\Boot::bootWeb(Object(Config\Paths))
CRITICAL - 2025-09-13 07:05:50 --> [Caused by] mysqli_sql_exception: You have an error in your SQL syntax; check the manual that corresponds to your MariaDB server version for the right syntax to use near '`IN` = ('82','83')' at line 10
in SYSTEMPATH\Database\MySQLi\Connection.php on line 327.
 1 SYSTEMPATH\Database\MySQLi\Connection.php(327): mysqli->query('SELECT `r`.*, `pg`.`generic_name` as `medicine_name`, `si`.`unit_selling_price`, `b`.`batch_number`
FROM (`pharmacy_returns`, `pharmacy_returns` `r`)
JOIN `pharmacy_medicines` `m` ON `m`.`id` = `r`.`medicine_id`
JOIN `pharmacy_generics` `pg` ON `pg`.`id` = `m`.`generic_id`
JOIN `pharmacy_batches` `b` ON `b`.`id` = `r`.`batch_id`
JOIN `pharmacy_sale_items` `si` ON `si`.`id` = `r`.`sale_item_id`
WHERE `r`.`billing_id` = \'23\'
AND `r`.`sale_id` IS NULL
AND `r`.`approval_status` = \'approved\'
AND `r`.`sale_item_id` `IN` = (\'82\',\'83\')', 0)
 2 SYSTEMPATH\Database\BaseConnection.php(738): CodeIgniter\Database\MySQLi\Connection->execute('SELECT `r`.*, `pg`.`generic_name` as `medicine_name`, `si`.`unit_selling_price`, `b`.`batch_number`
FROM (`pharmacy_returns`, `pharmacy_returns` `r`)
JOIN `pharmacy_medicines` `m` ON `m`.`id` = `r`.`medicine_id`
JOIN `pharmacy_generics` `pg` ON `pg`.`id` = `m`.`generic_id`
JOIN `pharmacy_batches` `b` ON `b`.`id` = `r`.`batch_id`
JOIN `pharmacy_sale_items` `si` ON `si`.`id` = `r`.`sale_item_id`
WHERE `r`.`billing_id` = \'23\'
AND `r`.`sale_id` IS NULL
AND `r`.`approval_status` = \'approved\'
AND `r`.`sale_item_id` `IN` = (\'82\',\'83\')')
 3 SYSTEMPATH\Database\BaseConnection.php(652): CodeIgniter\Database\BaseConnection->simpleQuery('SELECT `r`.*, `pg`.`generic_name` as `medicine_name`, `si`.`unit_selling_price`, `b`.`batch_number`
FROM (`pharmacy_returns`, `pharmacy_returns` `r`)
JOIN `pharmacy_medicines` `m` ON `m`.`id` = `r`.`medicine_id`
JOIN `pharmacy_generics` `pg` ON `pg`.`id` = `m`.`generic_id`
JOIN `pharmacy_batches` `b` ON `b`.`id` = `r`.`batch_id`
JOIN `pharmacy_sale_items` `si` ON `si`.`id` = `r`.`sale_item_id`
WHERE `r`.`billing_id` = \'23\'
AND `r`.`sale_id` IS NULL
AND `r`.`approval_status` = \'approved\'
AND `r`.`sale_item_id` `IN` = (\'82\',\'83\')')
 4 SYSTEMPATH\Database\BaseBuilder.php(1649): CodeIgniter\Database\BaseConnection->query('SELECT `r`.*, `pg`.`generic_name` as `medicine_name`, `si`.`unit_selling_price`, `b`.`batch_number`
FROM (`pharmacy_returns`, `pharmacy_returns` `r`)
JOIN `pharmacy_medicines` `m` ON `m`.`id` = `r`.`medicine_id`
JOIN `pharmacy_generics` `pg` ON `pg`.`id` = `m`.`generic_id`
JOIN `pharmacy_batches` `b` ON `b`.`id` = `r`.`batch_id`
JOIN `pharmacy_sale_items` `si` ON `si`.`id` = `r`.`sale_item_id`
WHERE `r`.`billing_id` = :r.billing_id:
AND `r`.`sale_id` IS NULL
AND `r`.`approval_status` = :r.approval_status:
AND `r`.`sale_item_id` `IN` = :r.sale_item_id IN:', [...], false)
 5 SYSTEMPATH\Model.php(286): CodeIgniter\Database\BaseBuilder->get()
 6 SYSTEMPATH\BaseModel.php(679): CodeIgniter\Model->doFindAll(0, 0)
 7 APPPATH\Controllers\Pharmacy\Sales.php(393): CodeIgniter\BaseModel->findAll()
 8 SYSTEMPATH\CodeIgniter.php(933): App\Controllers\Pharmacy\Sales->invoice('PHM-IP-20250912-00022')
 9 SYSTEMPATH\CodeIgniter.php(507): CodeIgniter\CodeIgniter->runController(Object(App\Controllers\Pharmacy\Sales))
10 SYSTEMPATH\CodeIgniter.php(354): CodeIgniter\CodeIgniter->handleRequest(null, Object(Config\Cache), false)
11 SYSTEMPATH\Boot.php(334): CodeIgniter\CodeIgniter->run()
12 SYSTEMPATH\Boot.php(67): CodeIgniter\Boot::runCodeIgniter(Object(CodeIgniter\CodeIgniter))
13 FCPATH\index.php(46): CodeIgniter\Boot::bootWeb(Object(Config\Paths))
DEBUG - 2025-09-13 07:13:30 --> Session: Class initialized using 'CodeIgniter\Session\Handlers\FileHandler' driver.
DEBUG - 2025-09-13 07:19:47 --> Session: Class initialized using 'CodeIgniter\Session\Handlers\FileHandler' driver.
ERROR - 2025-09-13 07:19:47 --> mysqli_sql_exception: Unknown column 'pharmacy_medicines.generic_name' in 'field list' in C:\xampp\htdocs\hms_ram\system\Database\MySQLi\Connection.php:327
Stack trace:
#0 C:\xampp\htdocs\hms_ram\system\Database\MySQLi\Connection.php(327): mysqli->query('SELECT `pharmac...', 0)
#1 C:\xampp\htdocs\hms_ram\system\Database\BaseConnection.php(738): CodeIgniter\Database\MySQLi\Connection->execute('SELECT `pharmac...')
#2 C:\xampp\htdocs\hms_ram\system\Database\BaseConnection.php(652): CodeIgniter\Database\BaseConnection->simpleQuery('SELECT `pharmac...')
#3 C:\xampp\htdocs\hms_ram\system\Database\BaseBuilder.php(1649): CodeIgniter\Database\BaseConnection->query('SELECT `pharmac...', Array, false)
#4 C:\xampp\htdocs\hms_ram\system\Model.php(286): CodeIgniter\Database\BaseBuilder->get()
#5 C:\xampp\htdocs\hms_ram\system\BaseModel.php(679): CodeIgniter\Model->doFindAll(0, 0)
#6 C:\xampp\htdocs\hms_ram\app\Controllers\Pharmacy\Sales.php(388): CodeIgniter\BaseModel->findAll()
#7 C:\xampp\htdocs\hms_ram\system\CodeIgniter.php(933): App\Controllers\Pharmacy\Sales->invoice('PHM-IP-20250912...')
#8 C:\xampp\htdocs\hms_ram\system\CodeIgniter.php(507): CodeIgniter\CodeIgniter->runController(Object(App\Controllers\Pharmacy\Sales))
#9 C:\xampp\htdocs\hms_ram\system\CodeIgniter.php(354): CodeIgniter\CodeIgniter->handleRequest(NULL, Object(Config\Cache), false)
#10 C:\xampp\htdocs\hms_ram\system\Boot.php(334): CodeIgniter\CodeIgniter->run()
#11 C:\xampp\htdocs\hms_ram\system\Boot.php(67): CodeIgniter\Boot::runCodeIgniter(Object(CodeIgniter\CodeIgniter))
#12 C:\xampp\htdocs\hms_ram\index.php(46): CodeIgniter\Boot::bootWeb(Object(Config\Paths))
#13 {main}
CRITICAL - 2025-09-13 07:19:47 --> CodeIgniter\Database\Exceptions\DatabaseException: Unknown column 'pharmacy_medicines.generic_name' in 'field list'
[Method: GET, Route: pharmacy/sales/invoice/PHM-IP-20250912-00022]
in SYSTEMPATH\Database\BaseConnection.php on line 692.
 1 SYSTEMPATH\Database\BaseBuilder.php(1649): CodeIgniter\Database\BaseConnection->query('SELECT `pharmacy_returns`.*, `pharmacy_medicines`.`generic_name` as `medicine_name`, `pharmacy_sale_items`.`unit_selling_price`
FROM `pharmacy_returns`
JOIN `pharmacy_medicines` ON `pharmacy_medicines`.`id` = `pharmacy_returns`.`medicine_id`
JOIN `pharmacy_sale_items` ON `pharmacy_sale_items`.`id` = `pharmacy_returns`.`sale_item_id`
WHERE `pharmacy_returns`.`billing_id` = :pharmacy_returns.billing_id:
AND `pharmacy_returns`.`approval_status` = :pharmacy_returns.approval_status:', [...], false)
 2 SYSTEMPATH\Model.php(286): CodeIgniter\Database\BaseBuilder->get()
 3 SYSTEMPATH\BaseModel.php(679): CodeIgniter\Model->doFindAll(0, 0)
 4 APPPATH\Controllers\Pharmacy\Sales.php(388): CodeIgniter\BaseModel->findAll()
 5 SYSTEMPATH\CodeIgniter.php(933): App\Controllers\Pharmacy\Sales->invoice('PHM-IP-20250912-00022')
 6 SYSTEMPATH\CodeIgniter.php(507): CodeIgniter\CodeIgniter->runController(Object(App\Controllers\Pharmacy\Sales))
 7 SYSTEMPATH\CodeIgniter.php(354): CodeIgniter\CodeIgniter->handleRequest(null, Object(Config\Cache), false)
 8 SYSTEMPATH\Boot.php(334): CodeIgniter\CodeIgniter->run()
 9 SYSTEMPATH\Boot.php(67): CodeIgniter\Boot::runCodeIgniter(Object(CodeIgniter\CodeIgniter))
10 FCPATH\index.php(46): CodeIgniter\Boot::bootWeb(Object(Config\Paths))
CRITICAL - 2025-09-13 07:19:47 --> [Caused by] CodeIgniter\Database\Exceptions\DatabaseException: Unknown column 'pharmacy_medicines.generic_name' in 'field list'
in SYSTEMPATH\Database\MySQLi\Connection.php on line 332.
 1 SYSTEMPATH\Database\BaseConnection.php(738): CodeIgniter\Database\MySQLi\Connection->execute('SELECT `pharmacy_returns`.*, `pharmacy_medicines`.`generic_name` as `medicine_name`, `pharmacy_sale_items`.`unit_selling_price`
FROM `pharmacy_returns`
JOIN `pharmacy_medicines` ON `pharmacy_medicines`.`id` = `pharmacy_returns`.`medicine_id`
JOIN `pharmacy_sale_items` ON `pharmacy_sale_items`.`id` = `pharmacy_returns`.`sale_item_id`
WHERE `pharmacy_returns`.`billing_id` = \'23\'
AND `pharmacy_returns`.`approval_status` = \'approved\'')
 2 SYSTEMPATH\Database\BaseConnection.php(652): CodeIgniter\Database\BaseConnection->simpleQuery('SELECT `pharmacy_returns`.*, `pharmacy_medicines`.`generic_name` as `medicine_name`, `pharmacy_sale_items`.`unit_selling_price`
FROM `pharmacy_returns`
JOIN `pharmacy_medicines` ON `pharmacy_medicines`.`id` = `pharmacy_returns`.`medicine_id`
JOIN `pharmacy_sale_items` ON `pharmacy_sale_items`.`id` = `pharmacy_returns`.`sale_item_id`
WHERE `pharmacy_returns`.`billing_id` = \'23\'
AND `pharmacy_returns`.`approval_status` = \'approved\'')
 3 SYSTEMPATH\Database\BaseBuilder.php(1649): CodeIgniter\Database\BaseConnection->query('SELECT `pharmacy_returns`.*, `pharmacy_medicines`.`generic_name` as `medicine_name`, `pharmacy_sale_items`.`unit_selling_price`
FROM `pharmacy_returns`
JOIN `pharmacy_medicines` ON `pharmacy_medicines`.`id` = `pharmacy_returns`.`medicine_id`
JOIN `pharmacy_sale_items` ON `pharmacy_sale_items`.`id` = `pharmacy_returns`.`sale_item_id`
WHERE `pharmacy_returns`.`billing_id` = :pharmacy_returns.billing_id:
AND `pharmacy_returns`.`approval_status` = :pharmacy_returns.approval_status:', [...], false)
 4 SYSTEMPATH\Model.php(286): CodeIgniter\Database\BaseBuilder->get()
 5 SYSTEMPATH\BaseModel.php(679): CodeIgniter\Model->doFindAll(0, 0)
 6 APPPATH\Controllers\Pharmacy\Sales.php(388): CodeIgniter\BaseModel->findAll()
 7 SYSTEMPATH\CodeIgniter.php(933): App\Controllers\Pharmacy\Sales->invoice('PHM-IP-20250912-00022')
 8 SYSTEMPATH\CodeIgniter.php(507): CodeIgniter\CodeIgniter->runController(Object(App\Controllers\Pharmacy\Sales))
 9 SYSTEMPATH\CodeIgniter.php(354): CodeIgniter\CodeIgniter->handleRequest(null, Object(Config\Cache), false)
10 SYSTEMPATH\Boot.php(334): CodeIgniter\CodeIgniter->run()
11 SYSTEMPATH\Boot.php(67): CodeIgniter\Boot::runCodeIgniter(Object(CodeIgniter\CodeIgniter))
12 FCPATH\index.php(46): CodeIgniter\Boot::bootWeb(Object(Config\Paths))
CRITICAL - 2025-09-13 07:19:47 --> [Caused by] mysqli_sql_exception: Unknown column 'pharmacy_medicines.generic_name' in 'field list'
in SYSTEMPATH\Database\MySQLi\Connection.php on line 327.
 1 SYSTEMPATH\Database\MySQLi\Connection.php(327): mysqli->query('SELECT `pharmacy_returns`.*, `pharmacy_medicines`.`generic_name` as `medicine_name`, `pharmacy_sale_items`.`unit_selling_price`
FROM `pharmacy_returns`
JOIN `pharmacy_medicines` ON `pharmacy_medicines`.`id` = `pharmacy_returns`.`medicine_id`
JOIN `pharmacy_sale_items` ON `pharmacy_sale_items`.`id` = `pharmacy_returns`.`sale_item_id`
WHERE `pharmacy_returns`.`billing_id` = \'23\'
AND `pharmacy_returns`.`approval_status` = \'approved\'', 0)
 2 SYSTEMPATH\Database\BaseConnection.php(738): CodeIgniter\Database\MySQLi\Connection->execute('SELECT `pharmacy_returns`.*, `pharmacy_medicines`.`generic_name` as `medicine_name`, `pharmacy_sale_items`.`unit_selling_price`
FROM `pharmacy_returns`
JOIN `pharmacy_medicines` ON `pharmacy_medicines`.`id` = `pharmacy_returns`.`medicine_id`
JOIN `pharmacy_sale_items` ON `pharmacy_sale_items`.`id` = `pharmacy_returns`.`sale_item_id`
WHERE `pharmacy_returns`.`billing_id` = \'23\'
AND `pharmacy_returns`.`approval_status` = \'approved\'')
 3 SYSTEMPATH\Database\BaseConnection.php(652): CodeIgniter\Database\BaseConnection->simpleQuery('SELECT `pharmacy_returns`.*, `pharmacy_medicines`.`generic_name` as `medicine_name`, `pharmacy_sale_items`.`unit_selling_price`
FROM `pharmacy_returns`
JOIN `pharmacy_medicines` ON `pharmacy_medicines`.`id` = `pharmacy_returns`.`medicine_id`
JOIN `pharmacy_sale_items` ON `pharmacy_sale_items`.`id` = `pharmacy_returns`.`sale_item_id`
WHERE `pharmacy_returns`.`billing_id` = \'23\'
AND `pharmacy_returns`.`approval_status` = \'approved\'')
 4 SYSTEMPATH\Database\BaseBuilder.php(1649): CodeIgniter\Database\BaseConnection->query('SELECT `pharmacy_returns`.*, `pharmacy_medicines`.`generic_name` as `medicine_name`, `pharmacy_sale_items`.`unit_selling_price`
FROM `pharmacy_returns`
JOIN `pharmacy_medicines` ON `pharmacy_medicines`.`id` = `pharmacy_returns`.`medicine_id`
JOIN `pharmacy_sale_items` ON `pharmacy_sale_items`.`id` = `pharmacy_returns`.`sale_item_id`
WHERE `pharmacy_returns`.`billing_id` = :pharmacy_returns.billing_id:
AND `pharmacy_returns`.`approval_status` = :pharmacy_returns.approval_status:', [...], false)
 5 SYSTEMPATH\Model.php(286): CodeIgniter\Database\BaseBuilder->get()
 6 SYSTEMPATH\BaseModel.php(679): CodeIgniter\Model->doFindAll(0, 0)
 7 APPPATH\Controllers\Pharmacy\Sales.php(388): CodeIgniter\BaseModel->findAll()
 8 SYSTEMPATH\CodeIgniter.php(933): App\Controllers\Pharmacy\Sales->invoice('PHM-IP-20250912-00022')
 9 SYSTEMPATH\CodeIgniter.php(507): CodeIgniter\CodeIgniter->runController(Object(App\Controllers\Pharmacy\Sales))
10 SYSTEMPATH\CodeIgniter.php(354): CodeIgniter\CodeIgniter->handleRequest(null, Object(Config\Cache), false)
11 SYSTEMPATH\Boot.php(334): CodeIgniter\CodeIgniter->run()
12 SYSTEMPATH\Boot.php(67): CodeIgniter\Boot::runCodeIgniter(Object(CodeIgniter\CodeIgniter))
13 FCPATH\index.php(46): CodeIgniter\Boot::bootWeb(Object(Config\Paths))
DEBUG - 2025-09-13 07:20:02 --> Session: Class initialized using 'CodeIgniter\Session\Handlers\FileHandler' driver.
DEBUG - 2025-09-13 07:20:21 --> Session: Class initialized using 'CodeIgniter\Session\Handlers\FileHandler' driver.
DEBUG - 2025-09-13 07:20:24 --> Session: Class initialized using 'CodeIgniter\Session\Handlers\FileHandler' driver.
DEBUG - 2025-09-13 07:27:52 --> Session: Class initialized using 'CodeIgniter\Session\Handlers\FileHandler' driver.
ERROR - 2025-09-13 07:27:52 --> mysqli_sql_exception: Unknown column 'pm.generic_name' in 'field list' in C:\xampp\htdocs\hms_ram\system\Database\MySQLi\Connection.php:327
Stack trace:
#0 C:\xampp\htdocs\hms_ram\system\Database\MySQLi\Connection.php(327): mysqli->query('SELECT `r`.*, `...', 0)
#1 C:\xampp\htdocs\hms_ram\system\Database\BaseConnection.php(738): CodeIgniter\Database\MySQLi\Connection->execute('SELECT `r`.*, `...')
#2 C:\xampp\htdocs\hms_ram\system\Database\BaseConnection.php(652): CodeIgniter\Database\BaseConnection->simpleQuery('SELECT `r`.*, `...')
#3 C:\xampp\htdocs\hms_ram\system\Database\BaseBuilder.php(1649): CodeIgniter\Database\BaseConnection->query('SELECT `r`.*, `...', Array, false)
#4 C:\xampp\htdocs\hms_ram\system\Model.php(286): CodeIgniter\Database\BaseBuilder->get()
#5 C:\xampp\htdocs\hms_ram\system\BaseModel.php(679): CodeIgniter\Model->doFindAll(0, 0)
#6 C:\xampp\htdocs\hms_ram\app\Controllers\Pharmacy\Sales.php(390): CodeIgniter\BaseModel->findAll()
#7 C:\xampp\htdocs\hms_ram\system\CodeIgniter.php(933): App\Controllers\Pharmacy\Sales->invoice('PHM-IP-20250912...')
#8 C:\xampp\htdocs\hms_ram\system\CodeIgniter.php(507): CodeIgniter\CodeIgniter->runController(Object(App\Controllers\Pharmacy\Sales))
#9 C:\xampp\htdocs\hms_ram\system\CodeIgniter.php(354): CodeIgniter\CodeIgniter->handleRequest(NULL, Object(Config\Cache), false)
#10 C:\xampp\htdocs\hms_ram\system\Boot.php(334): CodeIgniter\CodeIgniter->run()
#11 C:\xampp\htdocs\hms_ram\system\Boot.php(67): CodeIgniter\Boot::runCodeIgniter(Object(CodeIgniter\CodeIgniter))
#12 C:\xampp\htdocs\hms_ram\index.php(46): CodeIgniter\Boot::bootWeb(Object(Config\Paths))
#13 {main}
CRITICAL - 2025-09-13 07:27:52 --> CodeIgniter\Database\Exceptions\DatabaseException: Unknown column 'pm.generic_name' in 'field list'
[Method: GET, Route: pharmacy/sales/invoice/PHM-IP-20250912-00022]
in SYSTEMPATH\Database\BaseConnection.php on line 692.
 1 SYSTEMPATH\Database\BaseBuilder.php(1649): CodeIgniter\Database\BaseConnection->query('SELECT `r`.*, `pm`.`generic_name`, `si`.`unit_selling_price`, `b`.`batch_number`
FROM (`pharmacy_returns`, `pharmacy_returns` `r`)
JOIN `pharmacy_medicines` `pm` ON `pm`.`id` = `r`.`medicine_id`
JOIN `pharmacy_sale_items` `si` ON `si`.`id` = `r`.`sale_item_id`
JOIN `pharmacy_batches` `b` ON `b`.`id` = `r`.`batch_id`
WHERE `r`.`billing_id` = :r.billing_id:
AND `r`.`approval_status` = :r.approval_status:
AND `r`.`sale_item_id` IN :r.sale_item_id:', [...], false)
 2 SYSTEMPATH\Model.php(286): CodeIgniter\Database\BaseBuilder->get()
 3 SYSTEMPATH\BaseModel.php(679): CodeIgniter\Model->doFindAll(0, 0)
 4 APPPATH\Controllers\Pharmacy\Sales.php(390): CodeIgniter\BaseModel->findAll()
 5 SYSTEMPATH\CodeIgniter.php(933): App\Controllers\Pharmacy\Sales->invoice('PHM-IP-20250912-00022')
 6 SYSTEMPATH\CodeIgniter.php(507): CodeIgniter\CodeIgniter->runController(Object(App\Controllers\Pharmacy\Sales))
 7 SYSTEMPATH\CodeIgniter.php(354): CodeIgniter\CodeIgniter->handleRequest(null, Object(Config\Cache), false)
 8 SYSTEMPATH\Boot.php(334): CodeIgniter\CodeIgniter->run()
 9 SYSTEMPATH\Boot.php(67): CodeIgniter\Boot::runCodeIgniter(Object(CodeIgniter\CodeIgniter))
10 FCPATH\index.php(46): CodeIgniter\Boot::bootWeb(Object(Config\Paths))
CRITICAL - 2025-09-13 07:27:52 --> [Caused by] CodeIgniter\Database\Exceptions\DatabaseException: Unknown column 'pm.generic_name' in 'field list'
in SYSTEMPATH\Database\MySQLi\Connection.php on line 332.
 1 SYSTEMPATH\Database\BaseConnection.php(738): CodeIgniter\Database\MySQLi\Connection->execute('SELECT `r`.*, `pm`.`generic_name`, `si`.`unit_selling_price`, `b`.`batch_number`
FROM (`pharmacy_returns`, `pharmacy_returns` `r`)
JOIN `pharmacy_medicines` `pm` ON `pm`.`id` = `r`.`medicine_id`
JOIN `pharmacy_sale_items` `si` ON `si`.`id` = `r`.`sale_item_id`
JOIN `pharmacy_batches` `b` ON `b`.`id` = `r`.`batch_id`
WHERE `r`.`billing_id` = \'23\'
AND `r`.`approval_status` = \'approved\'
AND `r`.`sale_item_id` IN (\'82\',\'83\')')
 2 SYSTEMPATH\Database\BaseConnection.php(652): CodeIgniter\Database\BaseConnection->simpleQuery('SELECT `r`.*, `pm`.`generic_name`, `si`.`unit_selling_price`, `b`.`batch_number`
FROM (`pharmacy_returns`, `pharmacy_returns` `r`)
JOIN `pharmacy_medicines` `pm` ON `pm`.`id` = `r`.`medicine_id`
JOIN `pharmacy_sale_items` `si` ON `si`.`id` = `r`.`sale_item_id`
JOIN `pharmacy_batches` `b` ON `b`.`id` = `r`.`batch_id`
WHERE `r`.`billing_id` = \'23\'
AND `r`.`approval_status` = \'approved\'
AND `r`.`sale_item_id` IN (\'82\',\'83\')')
 3 SYSTEMPATH\Database\BaseBuilder.php(1649): CodeIgniter\Database\BaseConnection->query('SELECT `r`.*, `pm`.`generic_name`, `si`.`unit_selling_price`, `b`.`batch_number`
FROM (`pharmacy_returns`, `pharmacy_returns` `r`)
JOIN `pharmacy_medicines` `pm` ON `pm`.`id` = `r`.`medicine_id`
JOIN `pharmacy_sale_items` `si` ON `si`.`id` = `r`.`sale_item_id`
JOIN `pharmacy_batches` `b` ON `b`.`id` = `r`.`batch_id`
WHERE `r`.`billing_id` = :r.billing_id:
AND `r`.`approval_status` = :r.approval_status:
AND `r`.`sale_item_id` IN :r.sale_item_id:', [...], false)
 4 SYSTEMPATH\Model.php(286): CodeIgniter\Database\BaseBuilder->get()
 5 SYSTEMPATH\BaseModel.php(679): CodeIgniter\Model->doFindAll(0, 0)
 6 APPPATH\Controllers\Pharmacy\Sales.php(390): CodeIgniter\BaseModel->findAll()
 7 SYSTEMPATH\CodeIgniter.php(933): App\Controllers\Pharmacy\Sales->invoice('PHM-IP-20250912-00022')
 8 SYSTEMPATH\CodeIgniter.php(507): CodeIgniter\CodeIgniter->runController(Object(App\Controllers\Pharmacy\Sales))
 9 SYSTEMPATH\CodeIgniter.php(354): CodeIgniter\CodeIgniter->handleRequest(null, Object(Config\Cache), false)
10 SYSTEMPATH\Boot.php(334): CodeIgniter\CodeIgniter->run()
11 SYSTEMPATH\Boot.php(67): CodeIgniter\Boot::runCodeIgniter(Object(CodeIgniter\CodeIgniter))
12 FCPATH\index.php(46): CodeIgniter\Boot::bootWeb(Object(Config\Paths))
CRITICAL - 2025-09-13 07:27:52 --> [Caused by] mysqli_sql_exception: Unknown column 'pm.generic_name' in 'field list'
in SYSTEMPATH\Database\MySQLi\Connection.php on line 327.
 1 SYSTEMPATH\Database\MySQLi\Connection.php(327): mysqli->query('SELECT `r`.*, `pm`.`generic_name`, `si`.`unit_selling_price`, `b`.`batch_number`
FROM (`pharmacy_returns`, `pharmacy_returns` `r`)
JOIN `pharmacy_medicines` `pm` ON `pm`.`id` = `r`.`medicine_id`
JOIN `pharmacy_sale_items` `si` ON `si`.`id` = `r`.`sale_item_id`
JOIN `pharmacy_batches` `b` ON `b`.`id` = `r`.`batch_id`
WHERE `r`.`billing_id` = \'23\'
AND `r`.`approval_status` = \'approved\'
AND `r`.`sale_item_id` IN (\'82\',\'83\')', 0)
 2 SYSTEMPATH\Database\BaseConnection.php(738): CodeIgniter\Database\MySQLi\Connection->execute('SELECT `r`.*, `pm`.`generic_name`, `si`.`unit_selling_price`, `b`.`batch_number`
FROM (`pharmacy_returns`, `pharmacy_returns` `r`)
JOIN `pharmacy_medicines` `pm` ON `pm`.`id` = `r`.`medicine_id`
JOIN `pharmacy_sale_items` `si` ON `si`.`id` = `r`.`sale_item_id`
JOIN `pharmacy_batches` `b` ON `b`.`id` = `r`.`batch_id`
WHERE `r`.`billing_id` = \'23\'
AND `r`.`approval_status` = \'approved\'
AND `r`.`sale_item_id` IN (\'82\',\'83\')')
 3 SYSTEMPATH\Database\BaseConnection.php(652): CodeIgniter\Database\BaseConnection->simpleQuery('SELECT `r`.*, `pm`.`generic_name`, `si`.`unit_selling_price`, `b`.`batch_number`
FROM (`pharmacy_returns`, `pharmacy_returns` `r`)
JOIN `pharmacy_medicines` `pm` ON `pm`.`id` = `r`.`medicine_id`
JOIN `pharmacy_sale_items` `si` ON `si`.`id` = `r`.`sale_item_id`
JOIN `pharmacy_batches` `b` ON `b`.`id` = `r`.`batch_id`
WHERE `r`.`billing_id` = \'23\'
AND `r`.`approval_status` = \'approved\'
AND `r`.`sale_item_id` IN (\'82\',\'83\')')
 4 SYSTEMPATH\Database\BaseBuilder.php(1649): CodeIgniter\Database\BaseConnection->query('SELECT `r`.*, `pm`.`generic_name`, `si`.`unit_selling_price`, `b`.`batch_number`
FROM (`pharmacy_returns`, `pharmacy_returns` `r`)
JOIN `pharmacy_medicines` `pm` ON `pm`.`id` = `r`.`medicine_id`
JOIN `pharmacy_sale_items` `si` ON `si`.`id` = `r`.`sale_item_id`
JOIN `pharmacy_batches` `b` ON `b`.`id` = `r`.`batch_id`
WHERE `r`.`billing_id` = :r.billing_id:
AND `r`.`approval_status` = :r.approval_status:
AND `r`.`sale_item_id` IN :r.sale_item_id:', [...], false)
 5 SYSTEMPATH\Model.php(286): CodeIgniter\Database\BaseBuilder->get()
 6 SYSTEMPATH\BaseModel.php(679): CodeIgniter\Model->doFindAll(0, 0)
 7 APPPATH\Controllers\Pharmacy\Sales.php(390): CodeIgniter\BaseModel->findAll()
 8 SYSTEMPATH\CodeIgniter.php(933): App\Controllers\Pharmacy\Sales->invoice('PHM-IP-20250912-00022')
 9 SYSTEMPATH\CodeIgniter.php(507): CodeIgniter\CodeIgniter->runController(Object(App\Controllers\Pharmacy\Sales))
10 SYSTEMPATH\CodeIgniter.php(354): CodeIgniter\CodeIgniter->handleRequest(null, Object(Config\Cache), false)
11 SYSTEMPATH\Boot.php(334): CodeIgniter\CodeIgniter->run()
12 SYSTEMPATH\Boot.php(67): CodeIgniter\Boot::runCodeIgniter(Object(CodeIgniter\CodeIgniter))
13 FCPATH\index.php(46): CodeIgniter\Boot::bootWeb(Object(Config\Paths))
DEBUG - 2025-09-13 07:27:52 --> Session: Class initialized using 'CodeIgniter\Session\Handlers\FileHandler' driver.
ERROR - 2025-09-13 07:27:52 --> mysqli_sql_exception: Unknown column 'pm.generic_name' in 'field list' in C:\xampp\htdocs\hms_ram\system\Database\MySQLi\Connection.php:327
Stack trace:
#0 C:\xampp\htdocs\hms_ram\system\Database\MySQLi\Connection.php(327): mysqli->query('SELECT `r`.*, `...', 0)
#1 C:\xampp\htdocs\hms_ram\system\Database\BaseConnection.php(738): CodeIgniter\Database\MySQLi\Connection->execute('SELECT `r`.*, `...')
#2 C:\xampp\htdocs\hms_ram\system\Database\BaseConnection.php(652): CodeIgniter\Database\BaseConnection->simpleQuery('SELECT `r`.*, `...')
#3 C:\xampp\htdocs\hms_ram\system\Database\BaseBuilder.php(1649): CodeIgniter\Database\BaseConnection->query('SELECT `r`.*, `...', Array, false)
#4 C:\xampp\htdocs\hms_ram\system\Model.php(286): CodeIgniter\Database\BaseBuilder->get()
#5 C:\xampp\htdocs\hms_ram\system\BaseModel.php(679): CodeIgniter\Model->doFindAll(0, 0)
#6 C:\xampp\htdocs\hms_ram\app\Controllers\Pharmacy\Sales.php(400): CodeIgniter\BaseModel->findAll()
#7 C:\xampp\htdocs\hms_ram\system\CodeIgniter.php(933): App\Controllers\Pharmacy\Sales->invoice('PHM-OP-20250912...')
#8 C:\xampp\htdocs\hms_ram\system\CodeIgniter.php(507): CodeIgniter\CodeIgniter->runController(Object(App\Controllers\Pharmacy\Sales))
#9 C:\xampp\htdocs\hms_ram\system\CodeIgniter.php(354): CodeIgniter\CodeIgniter->handleRequest(NULL, Object(Config\Cache), false)
#10 C:\xampp\htdocs\hms_ram\system\Boot.php(334): CodeIgniter\CodeIgniter->run()
#11 C:\xampp\htdocs\hms_ram\system\Boot.php(67): CodeIgniter\Boot::runCodeIgniter(Object(CodeIgniter\CodeIgniter))
#12 C:\xampp\htdocs\hms_ram\index.php(46): CodeIgniter\Boot::bootWeb(Object(Config\Paths))
#13 {main}
CRITICAL - 2025-09-13 07:27:52 --> CodeIgniter\Database\Exceptions\DatabaseException: Unknown column 'pm.generic_name' in 'field list'
[Method: GET, Route: pharmacy/sales/invoice/PHM-OP-20250912-00021]
in SYSTEMPATH\Database\BaseConnection.php on line 692.
 1 SYSTEMPATH\Database\BaseBuilder.php(1649): CodeIgniter\Database\BaseConnection->query('SELECT `r`.*, `pm`.`generic_name`, `si`.`unit_selling_price`, `b`.`batch_number`
FROM (`pharmacy_returns`, `pharmacy_returns` `r`)
JOIN `pharmacy_medicines` `pm` ON `pm`.`id` = `r`.`medicine_id`
JOIN `pharmacy_sale_items` `si` ON `si`.`id` = `r`.`sale_item_id`
JOIN `pharmacy_batches` `b` ON `b`.`id` = `r`.`batch_id`
WHERE `r`.`sale_id` = :r.sale_id:
AND `r`.`approval_status` = :r.approval_status:
AND `r`.`sale_item_id` IN :r.sale_item_id:', [...], false)
 2 SYSTEMPATH\Model.php(286): CodeIgniter\Database\BaseBuilder->get()
 3 SYSTEMPATH\BaseModel.php(679): CodeIgniter\Model->doFindAll(0, 0)
 4 APPPATH\Controllers\Pharmacy\Sales.php(400): CodeIgniter\BaseModel->findAll()
 5 SYSTEMPATH\CodeIgniter.php(933): App\Controllers\Pharmacy\Sales->invoice('PHM-OP-20250912-00021')
 6 SYSTEMPATH\CodeIgniter.php(507): CodeIgniter\CodeIgniter->runController(Object(App\Controllers\Pharmacy\Sales))
 7 SYSTEMPATH\CodeIgniter.php(354): CodeIgniter\CodeIgniter->handleRequest(null, Object(Config\Cache), false)
 8 SYSTEMPATH\Boot.php(334): CodeIgniter\CodeIgniter->run()
 9 SYSTEMPATH\Boot.php(67): CodeIgniter\Boot::runCodeIgniter(Object(CodeIgniter\CodeIgniter))
10 FCPATH\index.php(46): CodeIgniter\Boot::bootWeb(Object(Config\Paths))
CRITICAL - 2025-09-13 07:27:52 --> [Caused by] CodeIgniter\Database\Exceptions\DatabaseException: Unknown column 'pm.generic_name' in 'field list'
in SYSTEMPATH\Database\MySQLi\Connection.php on line 332.
 1 SYSTEMPATH\Database\BaseConnection.php(738): CodeIgniter\Database\MySQLi\Connection->execute('SELECT `r`.*, `pm`.`generic_name`, `si`.`unit_selling_price`, `b`.`batch_number`
FROM (`pharmacy_returns`, `pharmacy_returns` `r`)
JOIN `pharmacy_medicines` `pm` ON `pm`.`id` = `r`.`medicine_id`
JOIN `pharmacy_sale_items` `si` ON `si`.`id` = `r`.`sale_item_id`
JOIN `pharmacy_batches` `b` ON `b`.`id` = `r`.`batch_id`
WHERE `r`.`sale_id` = \'39\'
AND `r`.`approval_status` = \'approved\'
AND `r`.`sale_item_id` IN (\'80\',\'81\')')
 2 SYSTEMPATH\Database\BaseConnection.php(652): CodeIgniter\Database\BaseConnection->simpleQuery('SELECT `r`.*, `pm`.`generic_name`, `si`.`unit_selling_price`, `b`.`batch_number`
FROM (`pharmacy_returns`, `pharmacy_returns` `r`)
JOIN `pharmacy_medicines` `pm` ON `pm`.`id` = `r`.`medicine_id`
JOIN `pharmacy_sale_items` `si` ON `si`.`id` = `r`.`sale_item_id`
JOIN `pharmacy_batches` `b` ON `b`.`id` = `r`.`batch_id`
WHERE `r`.`sale_id` = \'39\'
AND `r`.`approval_status` = \'approved\'
AND `r`.`sale_item_id` IN (\'80\',\'81\')')
 3 SYSTEMPATH\Database\BaseBuilder.php(1649): CodeIgniter\Database\BaseConnection->query('SELECT `r`.*, `pm`.`generic_name`, `si`.`unit_selling_price`, `b`.`batch_number`
FROM (`pharmacy_returns`, `pharmacy_returns` `r`)
JOIN `pharmacy_medicines` `pm` ON `pm`.`id` = `r`.`medicine_id`
JOIN `pharmacy_sale_items` `si` ON `si`.`id` = `r`.`sale_item_id`
JOIN `pharmacy_batches` `b` ON `b`.`id` = `r`.`batch_id`
WHERE `r`.`sale_id` = :r.sale_id:
AND `r`.`approval_status` = :r.approval_status:
AND `r`.`sale_item_id` IN :r.sale_item_id:', [...], false)
 4 SYSTEMPATH\Model.php(286): CodeIgniter\Database\BaseBuilder->get()
 5 SYSTEMPATH\BaseModel.php(679): CodeIgniter\Model->doFindAll(0, 0)
 6 APPPATH\Controllers\Pharmacy\Sales.php(400): CodeIgniter\BaseModel->findAll()
 7 SYSTEMPATH\CodeIgniter.php(933): App\Controllers\Pharmacy\Sales->invoice('PHM-OP-20250912-00021')
 8 SYSTEMPATH\CodeIgniter.php(507): CodeIgniter\CodeIgniter->runController(Object(App\Controllers\Pharmacy\Sales))
 9 SYSTEMPATH\CodeIgniter.php(354): CodeIgniter\CodeIgniter->handleRequest(null, Object(Config\Cache), false)
10 SYSTEMPATH\Boot.php(334): CodeIgniter\CodeIgniter->run()
11 SYSTEMPATH\Boot.php(67): CodeIgniter\Boot::runCodeIgniter(Object(CodeIgniter\CodeIgniter))
12 FCPATH\index.php(46): CodeIgniter\Boot::bootWeb(Object(Config\Paths))
CRITICAL - 2025-09-13 07:27:52 --> [Caused by] mysqli_sql_exception: Unknown column 'pm.generic_name' in 'field list'
in SYSTEMPATH\Database\MySQLi\Connection.php on line 327.
 1 SYSTEMPATH\Database\MySQLi\Connection.php(327): mysqli->query('SELECT `r`.*, `pm`.`generic_name`, `si`.`unit_selling_price`, `b`.`batch_number`
FROM (`pharmacy_returns`, `pharmacy_returns` `r`)
JOIN `pharmacy_medicines` `pm` ON `pm`.`id` = `r`.`medicine_id`
JOIN `pharmacy_sale_items` `si` ON `si`.`id` = `r`.`sale_item_id`
JOIN `pharmacy_batches` `b` ON `b`.`id` = `r`.`batch_id`
WHERE `r`.`sale_id` = \'39\'
AND `r`.`approval_status` = \'approved\'
AND `r`.`sale_item_id` IN (\'80\',\'81\')', 0)
 2 SYSTEMPATH\Database\BaseConnection.php(738): CodeIgniter\Database\MySQLi\Connection->execute('SELECT `r`.*, `pm`.`generic_name`, `si`.`unit_selling_price`, `b`.`batch_number`
FROM (`pharmacy_returns`, `pharmacy_returns` `r`)
JOIN `pharmacy_medicines` `pm` ON `pm`.`id` = `r`.`medicine_id`
JOIN `pharmacy_sale_items` `si` ON `si`.`id` = `r`.`sale_item_id`
JOIN `pharmacy_batches` `b` ON `b`.`id` = `r`.`batch_id`
WHERE `r`.`sale_id` = \'39\'
AND `r`.`approval_status` = \'approved\'
AND `r`.`sale_item_id` IN (\'80\',\'81\')')
 3 SYSTEMPATH\Database\BaseConnection.php(652): CodeIgniter\Database\BaseConnection->simpleQuery('SELECT `r`.*, `pm`.`generic_name`, `si`.`unit_selling_price`, `b`.`batch_number`
FROM (`pharmacy_returns`, `pharmacy_returns` `r`)
JOIN `pharmacy_medicines` `pm` ON `pm`.`id` = `r`.`medicine_id`
JOIN `pharmacy_sale_items` `si` ON `si`.`id` = `r`.`sale_item_id`
JOIN `pharmacy_batches` `b` ON `b`.`id` = `r`.`batch_id`
WHERE `r`.`sale_id` = \'39\'
AND `r`.`approval_status` = \'approved\'
AND `r`.`sale_item_id` IN (\'80\',\'81\')')
 4 SYSTEMPATH\Database\BaseBuilder.php(1649): CodeIgniter\Database\BaseConnection->query('SELECT `r`.*, `pm`.`generic_name`, `si`.`unit_selling_price`, `b`.`batch_number`
FROM (`pharmacy_returns`, `pharmacy_returns` `r`)
JOIN `pharmacy_medicines` `pm` ON `pm`.`id` = `r`.`medicine_id`
JOIN `pharmacy_sale_items` `si` ON `si`.`id` = `r`.`sale_item_id`
JOIN `pharmacy_batches` `b` ON `b`.`id` = `r`.`batch_id`
WHERE `r`.`sale_id` = :r.sale_id:
AND `r`.`approval_status` = :r.approval_status:
AND `r`.`sale_item_id` IN :r.sale_item_id:', [...], false)
 5 SYSTEMPATH\Model.php(286): CodeIgniter\Database\BaseBuilder->get()
 6 SYSTEMPATH\BaseModel.php(679): CodeIgniter\Model->doFindAll(0, 0)
 7 APPPATH\Controllers\Pharmacy\Sales.php(400): CodeIgniter\BaseModel->findAll()
 8 SYSTEMPATH\CodeIgniter.php(933): App\Controllers\Pharmacy\Sales->invoice('PHM-OP-20250912-00021')
 9 SYSTEMPATH\CodeIgniter.php(507): CodeIgniter\CodeIgniter->runController(Object(App\Controllers\Pharmacy\Sales))
10 SYSTEMPATH\CodeIgniter.php(354): CodeIgniter\CodeIgniter->handleRequest(null, Object(Config\Cache), false)
11 SYSTEMPATH\Boot.php(334): CodeIgniter\CodeIgniter->run()
12 SYSTEMPATH\Boot.php(67): CodeIgniter\Boot::runCodeIgniter(Object(CodeIgniter\CodeIgniter))
13 FCPATH\index.php(46): CodeIgniter\Boot::bootWeb(Object(Config\Paths))
DEBUG - 2025-09-13 07:27:54 --> Session: Class initialized using 'CodeIgniter\Session\Handlers\FileHandler' driver.
ERROR - 2025-09-13 07:27:54 --> mysqli_sql_exception: Unknown column 'pm.generic_name' in 'field list' in C:\xampp\htdocs\hms_ram\system\Database\MySQLi\Connection.php:327
Stack trace:
#0 C:\xampp\htdocs\hms_ram\system\Database\MySQLi\Connection.php(327): mysqli->query('SELECT `r`.*, `...', 0)
#1 C:\xampp\htdocs\hms_ram\system\Database\BaseConnection.php(738): CodeIgniter\Database\MySQLi\Connection->execute('SELECT `r`.*, `...')
#2 C:\xampp\htdocs\hms_ram\system\Database\BaseConnection.php(652): CodeIgniter\Database\BaseConnection->simpleQuery('SELECT `r`.*, `...')
#3 C:\xampp\htdocs\hms_ram\system\Database\BaseBuilder.php(1649): CodeIgniter\Database\BaseConnection->query('SELECT `r`.*, `...', Array, false)
#4 C:\xampp\htdocs\hms_ram\system\Model.php(286): CodeIgniter\Database\BaseBuilder->get()
#5 C:\xampp\htdocs\hms_ram\system\BaseModel.php(679): CodeIgniter\Model->doFindAll(0, 0)
#6 C:\xampp\htdocs\hms_ram\app\Controllers\Pharmacy\Sales.php(390): CodeIgniter\BaseModel->findAll()
#7 C:\xampp\htdocs\hms_ram\system\CodeIgniter.php(933): App\Controllers\Pharmacy\Sales->invoice('PHM-IP-20250912...')
#8 C:\xampp\htdocs\hms_ram\system\CodeIgniter.php(507): CodeIgniter\CodeIgniter->runController(Object(App\Controllers\Pharmacy\Sales))
#9 C:\xampp\htdocs\hms_ram\system\CodeIgniter.php(354): CodeIgniter\CodeIgniter->handleRequest(NULL, Object(Config\Cache), false)
#10 C:\xampp\htdocs\hms_ram\system\Boot.php(334): CodeIgniter\CodeIgniter->run()
#11 C:\xampp\htdocs\hms_ram\system\Boot.php(67): CodeIgniter\Boot::runCodeIgniter(Object(CodeIgniter\CodeIgniter))
#12 C:\xampp\htdocs\hms_ram\index.php(46): CodeIgniter\Boot::bootWeb(Object(Config\Paths))
#13 {main}
CRITICAL - 2025-09-13 07:27:54 --> CodeIgniter\Database\Exceptions\DatabaseException: Unknown column 'pm.generic_name' in 'field list'
[Method: GET, Route: pharmacy/sales/invoice/PHM-IP-20250912-00022]
in SYSTEMPATH\Database\BaseConnection.php on line 692.
 1 SYSTEMPATH\Database\BaseBuilder.php(1649): CodeIgniter\Database\BaseConnection->query('SELECT `r`.*, `pm`.`generic_name`, `si`.`unit_selling_price`, `b`.`batch_number`
FROM (`pharmacy_returns`, `pharmacy_returns` `r`)
JOIN `pharmacy_medicines` `pm` ON `pm`.`id` = `r`.`medicine_id`
JOIN `pharmacy_sale_items` `si` ON `si`.`id` = `r`.`sale_item_id`
JOIN `pharmacy_batches` `b` ON `b`.`id` = `r`.`batch_id`
WHERE `r`.`billing_id` = :r.billing_id:
AND `r`.`approval_status` = :r.approval_status:
AND `r`.`sale_item_id` IN :r.sale_item_id:', [...], false)
 2 SYSTEMPATH\Model.php(286): CodeIgniter\Database\BaseBuilder->get()
 3 SYSTEMPATH\BaseModel.php(679): CodeIgniter\Model->doFindAll(0, 0)
 4 APPPATH\Controllers\Pharmacy\Sales.php(390): CodeIgniter\BaseModel->findAll()
 5 SYSTEMPATH\CodeIgniter.php(933): App\Controllers\Pharmacy\Sales->invoice('PHM-IP-20250912-00022')
 6 SYSTEMPATH\CodeIgniter.php(507): CodeIgniter\CodeIgniter->runController(Object(App\Controllers\Pharmacy\Sales))
 7 SYSTEMPATH\CodeIgniter.php(354): CodeIgniter\CodeIgniter->handleRequest(null, Object(Config\Cache), false)
 8 SYSTEMPATH\Boot.php(334): CodeIgniter\CodeIgniter->run()
 9 SYSTEMPATH\Boot.php(67): CodeIgniter\Boot::runCodeIgniter(Object(CodeIgniter\CodeIgniter))
10 FCPATH\index.php(46): CodeIgniter\Boot::bootWeb(Object(Config\Paths))
CRITICAL - 2025-09-13 07:27:54 --> [Caused by] CodeIgniter\Database\Exceptions\DatabaseException: Unknown column 'pm.generic_name' in 'field list'
in SYSTEMPATH\Database\MySQLi\Connection.php on line 332.
 1 SYSTEMPATH\Database\BaseConnection.php(738): CodeIgniter\Database\MySQLi\Connection->execute('SELECT `r`.*, `pm`.`generic_name`, `si`.`unit_selling_price`, `b`.`batch_number`
FROM (`pharmacy_returns`, `pharmacy_returns` `r`)
JOIN `pharmacy_medicines` `pm` ON `pm`.`id` = `r`.`medicine_id`
JOIN `pharmacy_sale_items` `si` ON `si`.`id` = `r`.`sale_item_id`
JOIN `pharmacy_batches` `b` ON `b`.`id` = `r`.`batch_id`
WHERE `r`.`billing_id` = \'23\'
AND `r`.`approval_status` = \'approved\'
AND `r`.`sale_item_id` IN (\'82\',\'83\')')
 2 SYSTEMPATH\Database\BaseConnection.php(652): CodeIgniter\Database\BaseConnection->simpleQuery('SELECT `r`.*, `pm`.`generic_name`, `si`.`unit_selling_price`, `b`.`batch_number`
FROM (`pharmacy_returns`, `pharmacy_returns` `r`)
JOIN `pharmacy_medicines` `pm` ON `pm`.`id` = `r`.`medicine_id`
JOIN `pharmacy_sale_items` `si` ON `si`.`id` = `r`.`sale_item_id`
JOIN `pharmacy_batches` `b` ON `b`.`id` = `r`.`batch_id`
WHERE `r`.`billing_id` = \'23\'
AND `r`.`approval_status` = \'approved\'
AND `r`.`sale_item_id` IN (\'82\',\'83\')')
 3 SYSTEMPATH\Database\BaseBuilder.php(1649): CodeIgniter\Database\BaseConnection->query('SELECT `r`.*, `pm`.`generic_name`, `si`.`unit_selling_price`, `b`.`batch_number`
FROM (`pharmacy_returns`, `pharmacy_returns` `r`)
JOIN `pharmacy_medicines` `pm` ON `pm`.`id` = `r`.`medicine_id`
JOIN `pharmacy_sale_items` `si` ON `si`.`id` = `r`.`sale_item_id`
JOIN `pharmacy_batches` `b` ON `b`.`id` = `r`.`batch_id`
WHERE `r`.`billing_id` = :r.billing_id:
AND `r`.`approval_status` = :r.approval_status:
AND `r`.`sale_item_id` IN :r.sale_item_id:', [...], false)
 4 SYSTEMPATH\Model.php(286): CodeIgniter\Database\BaseBuilder->get()
 5 SYSTEMPATH\BaseModel.php(679): CodeIgniter\Model->doFindAll(0, 0)
 6 APPPATH\Controllers\Pharmacy\Sales.php(390): CodeIgniter\BaseModel->findAll()
 7 SYSTEMPATH\CodeIgniter.php(933): App\Controllers\Pharmacy\Sales->invoice('PHM-IP-20250912-00022')
 8 SYSTEMPATH\CodeIgniter.php(507): CodeIgniter\CodeIgniter->runController(Object(App\Controllers\Pharmacy\Sales))
 9 SYSTEMPATH\CodeIgniter.php(354): CodeIgniter\CodeIgniter->handleRequest(null, Object(Config\Cache), false)
10 SYSTEMPATH\Boot.php(334): CodeIgniter\CodeIgniter->run()
11 SYSTEMPATH\Boot.php(67): CodeIgniter\Boot::runCodeIgniter(Object(CodeIgniter\CodeIgniter))
12 FCPATH\index.php(46): CodeIgniter\Boot::bootWeb(Object(Config\Paths))
CRITICAL - 2025-09-13 07:27:54 --> [Caused by] mysqli_sql_exception: Unknown column 'pm.generic_name' in 'field list'
in SYSTEMPATH\Database\MySQLi\Connection.php on line 327.
 1 SYSTEMPATH\Database\MySQLi\Connection.php(327): mysqli->query('SELECT `r`.*, `pm`.`generic_name`, `si`.`unit_selling_price`, `b`.`batch_number`
FROM (`pharmacy_returns`, `pharmacy_returns` `r`)
JOIN `pharmacy_medicines` `pm` ON `pm`.`id` = `r`.`medicine_id`
JOIN `pharmacy_sale_items` `si` ON `si`.`id` = `r`.`sale_item_id`
JOIN `pharmacy_batches` `b` ON `b`.`id` = `r`.`batch_id`
WHERE `r`.`billing_id` = \'23\'
AND `r`.`approval_status` = \'approved\'
AND `r`.`sale_item_id` IN (\'82\',\'83\')', 0)
 2 SYSTEMPATH\Database\BaseConnection.php(738): CodeIgniter\Database\MySQLi\Connection->execute('SELECT `r`.*, `pm`.`generic_name`, `si`.`unit_selling_price`, `b`.`batch_number`
FROM (`pharmacy_returns`, `pharmacy_returns` `r`)
JOIN `pharmacy_medicines` `pm` ON `pm`.`id` = `r`.`medicine_id`
JOIN `pharmacy_sale_items` `si` ON `si`.`id` = `r`.`sale_item_id`
JOIN `pharmacy_batches` `b` ON `b`.`id` = `r`.`batch_id`
WHERE `r`.`billing_id` = \'23\'
AND `r`.`approval_status` = \'approved\'
AND `r`.`sale_item_id` IN (\'82\',\'83\')')
 3 SYSTEMPATH\Database\BaseConnection.php(652): CodeIgniter\Database\BaseConnection->simpleQuery('SELECT `r`.*, `pm`.`generic_name`, `si`.`unit_selling_price`, `b`.`batch_number`
FROM (`pharmacy_returns`, `pharmacy_returns` `r`)
JOIN `pharmacy_medicines` `pm` ON `pm`.`id` = `r`.`medicine_id`
JOIN `pharmacy_sale_items` `si` ON `si`.`id` = `r`.`sale_item_id`
JOIN `pharmacy_batches` `b` ON `b`.`id` = `r`.`batch_id`
WHERE `r`.`billing_id` = \'23\'
AND `r`.`approval_status` = \'approved\'
AND `r`.`sale_item_id` IN (\'82\',\'83\')')
 4 SYSTEMPATH\Database\BaseBuilder.php(1649): CodeIgniter\Database\BaseConnection->query('SELECT `r`.*, `pm`.`generic_name`, `si`.`unit_selling_price`, `b`.`batch_number`
FROM (`pharmacy_returns`, `pharmacy_returns` `r`)
JOIN `pharmacy_medicines` `pm` ON `pm`.`id` = `r`.`medicine_id`
JOIN `pharmacy_sale_items` `si` ON `si`.`id` = `r`.`sale_item_id`
JOIN `pharmacy_batches` `b` ON `b`.`id` = `r`.`batch_id`
WHERE `r`.`billing_id` = :r.billing_id:
AND `r`.`approval_status` = :r.approval_status:
AND `r`.`sale_item_id` IN :r.sale_item_id:', [...], false)
 5 SYSTEMPATH\Model.php(286): CodeIgniter\Database\BaseBuilder->get()
 6 SYSTEMPATH\BaseModel.php(679): CodeIgniter\Model->doFindAll(0, 0)
 7 APPPATH\Controllers\Pharmacy\Sales.php(390): CodeIgniter\BaseModel->findAll()
 8 SYSTEMPATH\CodeIgniter.php(933): App\Controllers\Pharmacy\Sales->invoice('PHM-IP-20250912-00022')
 9 SYSTEMPATH\CodeIgniter.php(507): CodeIgniter\CodeIgniter->runController(Object(App\Controllers\Pharmacy\Sales))
10 SYSTEMPATH\CodeIgniter.php(354): CodeIgniter\CodeIgniter->handleRequest(null, Object(Config\Cache), false)
11 SYSTEMPATH\Boot.php(334): CodeIgniter\CodeIgniter->run()
12 SYSTEMPATH\Boot.php(67): CodeIgniter\Boot::runCodeIgniter(Object(CodeIgniter\CodeIgniter))
13 FCPATH\index.php(46): CodeIgniter\Boot::bootWeb(Object(Config\Paths))
DEBUG - 2025-09-13 07:30:23 --> Session: Class initialized using 'CodeIgniter\Session\Handlers\FileHandler' driver.
ERROR - 2025-09-13 07:30:23 --> mysqli_sql_exception: Unknown column 'm.generic_name' in 'field list' in C:\xampp\htdocs\hms_ram\system\Database\MySQLi\Connection.php:327
Stack trace:
#0 C:\xampp\htdocs\hms_ram\system\Database\MySQLi\Connection.php(327): mysqli->query('SELECT `r`.*, `...', 0)
#1 C:\xampp\htdocs\hms_ram\system\Database\BaseConnection.php(738): CodeIgniter\Database\MySQLi\Connection->execute('SELECT `r`.*, `...')
#2 C:\xampp\htdocs\hms_ram\system\Database\BaseConnection.php(652): CodeIgniter\Database\BaseConnection->simpleQuery('SELECT `r`.*, `...')
#3 C:\xampp\htdocs\hms_ram\system\Database\BaseBuilder.php(1649): CodeIgniter\Database\BaseConnection->query('SELECT `r`.*, `...', Array, false)
#4 C:\xampp\htdocs\hms_ram\system\Model.php(286): CodeIgniter\Database\BaseBuilder->get()
#5 C:\xampp\htdocs\hms_ram\system\BaseModel.php(679): CodeIgniter\Model->doFindAll(0, 0)
#6 C:\xampp\htdocs\hms_ram\app\Controllers\Pharmacy\Sales.php(392): CodeIgniter\BaseModel->findAll()
#7 C:\xampp\htdocs\hms_ram\system\CodeIgniter.php(933): App\Controllers\Pharmacy\Sales->invoice('PHM-IP-20250912...')
#8 C:\xampp\htdocs\hms_ram\system\CodeIgniter.php(507): CodeIgniter\CodeIgniter->runController(Object(App\Controllers\Pharmacy\Sales))
#9 C:\xampp\htdocs\hms_ram\system\CodeIgniter.php(354): CodeIgniter\CodeIgniter->handleRequest(NULL, Object(Config\Cache), false)
#10 C:\xampp\htdocs\hms_ram\system\Boot.php(334): CodeIgniter\CodeIgniter->run()
#11 C:\xampp\htdocs\hms_ram\system\Boot.php(67): CodeIgniter\Boot::runCodeIgniter(Object(CodeIgniter\CodeIgniter))
#12 C:\xampp\htdocs\hms_ram\index.php(46): CodeIgniter\Boot::bootWeb(Object(Config\Paths))
#13 {main}
CRITICAL - 2025-09-13 07:30:23 --> CodeIgniter\Database\Exceptions\DatabaseException: Unknown column 'm.generic_name' in 'field list'
[Method: GET, Route: pharmacy/sales/invoice/PHM-IP-20250912-00022]
in SYSTEMPATH\Database\BaseConnection.php on line 692.
 1 SYSTEMPATH\Database\BaseBuilder.php(1649): CodeIgniter\Database\BaseConnection->query('SELECT `r`.*, `m`.`generic_name`, `si`.`unit_selling_price`, `b`.`batch_number`
FROM (`pharmacy_returns`, `pharmacy_returns` `r`)
JOIN `pharmacy_medicines` `m` ON `m`.`id` = `r`.`medicine_id`
JOIN `pharmacy_sale_items` `si` ON `si`.`id` = `r`.`sale_item_id`
JOIN `pharmacy_batches` `b` ON `b`.`id` = `r`.`batch_id`
WHERE `r`.`billing_id` = :r.billing_id:
AND `r`.`approval_status` = :r.approval_status:
AND `r`.`sale_item_id` IN :r.sale_item_id:', [...], false)
 2 SYSTEMPATH\Model.php(286): CodeIgniter\Database\BaseBuilder->get()
 3 SYSTEMPATH\BaseModel.php(679): CodeIgniter\Model->doFindAll(0, 0)
 4 APPPATH\Controllers\Pharmacy\Sales.php(392): CodeIgniter\BaseModel->findAll()
 5 SYSTEMPATH\CodeIgniter.php(933): App\Controllers\Pharmacy\Sales->invoice('PHM-IP-20250912-00022')
 6 SYSTEMPATH\CodeIgniter.php(507): CodeIgniter\CodeIgniter->runController(Object(App\Controllers\Pharmacy\Sales))
 7 SYSTEMPATH\CodeIgniter.php(354): CodeIgniter\CodeIgniter->handleRequest(null, Object(Config\Cache), false)
 8 SYSTEMPATH\Boot.php(334): CodeIgniter\CodeIgniter->run()
 9 SYSTEMPATH\Boot.php(67): CodeIgniter\Boot::runCodeIgniter(Object(CodeIgniter\CodeIgniter))
10 FCPATH\index.php(46): CodeIgniter\Boot::bootWeb(Object(Config\Paths))
CRITICAL - 2025-09-13 07:30:23 --> [Caused by] CodeIgniter\Database\Exceptions\DatabaseException: Unknown column 'm.generic_name' in 'field list'
in SYSTEMPATH\Database\MySQLi\Connection.php on line 332.
 1 SYSTEMPATH\Database\BaseConnection.php(738): CodeIgniter\Database\MySQLi\Connection->execute('SELECT `r`.*, `m`.`generic_name`, `si`.`unit_selling_price`, `b`.`batch_number`
FROM (`pharmacy_returns`, `pharmacy_returns` `r`)
JOIN `pharmacy_medicines` `m` ON `m`.`id` = `r`.`medicine_id`
JOIN `pharmacy_sale_items` `si` ON `si`.`id` = `r`.`sale_item_id`
JOIN `pharmacy_batches` `b` ON `b`.`id` = `r`.`batch_id`
WHERE `r`.`billing_id` = \'23\'
AND `r`.`approval_status` = \'approved\'
AND `r`.`sale_item_id` IN (\'82\',\'83\')')
 2 SYSTEMPATH\Database\BaseConnection.php(652): CodeIgniter\Database\BaseConnection->simpleQuery('SELECT `r`.*, `m`.`generic_name`, `si`.`unit_selling_price`, `b`.`batch_number`
FROM (`pharmacy_returns`, `pharmacy_returns` `r`)
JOIN `pharmacy_medicines` `m` ON `m`.`id` = `r`.`medicine_id`
JOIN `pharmacy_sale_items` `si` ON `si`.`id` = `r`.`sale_item_id`
JOIN `pharmacy_batches` `b` ON `b`.`id` = `r`.`batch_id`
WHERE `r`.`billing_id` = \'23\'
AND `r`.`approval_status` = \'approved\'
AND `r`.`sale_item_id` IN (\'82\',\'83\')')
 3 SYSTEMPATH\Database\BaseBuilder.php(1649): CodeIgniter\Database\BaseConnection->query('SELECT `r`.*, `m`.`generic_name`, `si`.`unit_selling_price`, `b`.`batch_number`
FROM (`pharmacy_returns`, `pharmacy_returns` `r`)
JOIN `pharmacy_medicines` `m` ON `m`.`id` = `r`.`medicine_id`
JOIN `pharmacy_sale_items` `si` ON `si`.`id` = `r`.`sale_item_id`
JOIN `pharmacy_batches` `b` ON `b`.`id` = `r`.`batch_id`
WHERE `r`.`billing_id` = :r.billing_id:
AND `r`.`approval_status` = :r.approval_status:
AND `r`.`sale_item_id` IN :r.sale_item_id:', [...], false)
 4 SYSTEMPATH\Model.php(286): CodeIgniter\Database\BaseBuilder->get()
 5 SYSTEMPATH\BaseModel.php(679): CodeIgniter\Model->doFindAll(0, 0)
 6 APPPATH\Controllers\Pharmacy\Sales.php(392): CodeIgniter\BaseModel->findAll()
 7 SYSTEMPATH\CodeIgniter.php(933): App\Controllers\Pharmacy\Sales->invoice('PHM-IP-20250912-00022')
 8 SYSTEMPATH\CodeIgniter.php(507): CodeIgniter\CodeIgniter->runController(Object(App\Controllers\Pharmacy\Sales))
 9 SYSTEMPATH\CodeIgniter.php(354): CodeIgniter\CodeIgniter->handleRequest(null, Object(Config\Cache), false)
10 SYSTEMPATH\Boot.php(334): CodeIgniter\CodeIgniter->run()
11 SYSTEMPATH\Boot.php(67): CodeIgniter\Boot::runCodeIgniter(Object(CodeIgniter\CodeIgniter))
12 FCPATH\index.php(46): CodeIgniter\Boot::bootWeb(Object(Config\Paths))
CRITICAL - 2025-09-13 07:30:23 --> [Caused by] mysqli_sql_exception: Unknown column 'm.generic_name' in 'field list'
in SYSTEMPATH\Database\MySQLi\Connection.php on line 327.
 1 SYSTEMPATH\Database\MySQLi\Connection.php(327): mysqli->query('SELECT `r`.*, `m`.`generic_name`, `si`.`unit_selling_price`, `b`.`batch_number`
FROM (`pharmacy_returns`, `pharmacy_returns` `r`)
JOIN `pharmacy_medicines` `m` ON `m`.`id` = `r`.`medicine_id`
JOIN `pharmacy_sale_items` `si` ON `si`.`id` = `r`.`sale_item_id`
JOIN `pharmacy_batches` `b` ON `b`.`id` = `r`.`batch_id`
WHERE `r`.`billing_id` = \'23\'
AND `r`.`approval_status` = \'approved\'
AND `r`.`sale_item_id` IN (\'82\',\'83\')', 0)
 2 SYSTEMPATH\Database\BaseConnection.php(738): CodeIgniter\Database\MySQLi\Connection->execute('SELECT `r`.*, `m`.`generic_name`, `si`.`unit_selling_price`, `b`.`batch_number`
FROM (`pharmacy_returns`, `pharmacy_returns` `r`)
JOIN `pharmacy_medicines` `m` ON `m`.`id` = `r`.`medicine_id`
JOIN `pharmacy_sale_items` `si` ON `si`.`id` = `r`.`sale_item_id`
JOIN `pharmacy_batches` `b` ON `b`.`id` = `r`.`batch_id`
WHERE `r`.`billing_id` = \'23\'
AND `r`.`approval_status` = \'approved\'
AND `r`.`sale_item_id` IN (\'82\',\'83\')')
 3 SYSTEMPATH\Database\BaseConnection.php(652): CodeIgniter\Database\BaseConnection->simpleQuery('SELECT `r`.*, `m`.`generic_name`, `si`.`unit_selling_price`, `b`.`batch_number`
FROM (`pharmacy_returns`, `pharmacy_returns` `r`)
JOIN `pharmacy_medicines` `m` ON `m`.`id` = `r`.`medicine_id`
JOIN `pharmacy_sale_items` `si` ON `si`.`id` = `r`.`sale_item_id`
JOIN `pharmacy_batches` `b` ON `b`.`id` = `r`.`batch_id`
WHERE `r`.`billing_id` = \'23\'
AND `r`.`approval_status` = \'approved\'
AND `r`.`sale_item_id` IN (\'82\',\'83\')')
 4 SYSTEMPATH\Database\BaseBuilder.php(1649): CodeIgniter\Database\BaseConnection->query('SELECT `r`.*, `m`.`generic_name`, `si`.`unit_selling_price`, `b`.`batch_number`
FROM (`pharmacy_returns`, `pharmacy_returns` `r`)
JOIN `pharmacy_medicines` `m` ON `m`.`id` = `r`.`medicine_id`
JOIN `pharmacy_sale_items` `si` ON `si`.`id` = `r`.`sale_item_id`
JOIN `pharmacy_batches` `b` ON `b`.`id` = `r`.`batch_id`
WHERE `r`.`billing_id` = :r.billing_id:
AND `r`.`approval_status` = :r.approval_status:
AND `r`.`sale_item_id` IN :r.sale_item_id:', [...], false)
 5 SYSTEMPATH\Model.php(286): CodeIgniter\Database\BaseBuilder->get()
 6 SYSTEMPATH\BaseModel.php(679): CodeIgniter\Model->doFindAll(0, 0)
 7 APPPATH\Controllers\Pharmacy\Sales.php(392): CodeIgniter\BaseModel->findAll()
 8 SYSTEMPATH\CodeIgniter.php(933): App\Controllers\Pharmacy\Sales->invoice('PHM-IP-20250912-00022')
 9 SYSTEMPATH\CodeIgniter.php(507): CodeIgniter\CodeIgniter->runController(Object(App\Controllers\Pharmacy\Sales))
10 SYSTEMPATH\CodeIgniter.php(354): CodeIgniter\CodeIgniter->handleRequest(null, Object(Config\Cache), false)
11 SYSTEMPATH\Boot.php(334): CodeIgniter\CodeIgniter->run()
12 SYSTEMPATH\Boot.php(67): CodeIgniter\Boot::runCodeIgniter(Object(CodeIgniter\CodeIgniter))
13 FCPATH\index.php(46): CodeIgniter\Boot::bootWeb(Object(Config\Paths))
DEBUG - 2025-09-13 07:30:49 --> Session: Class initialized using 'CodeIgniter\Session\Handlers\FileHandler' driver.
CRITICAL - 2025-09-13 07:30:49 --> ErrorException: Undefined array key "medicine_name"
[Method: GET, Route: pharmacy/sales/invoice/PHM-IP-20250912-00022]
in APPPATH\Views\pharmacy\sales\invoice.php on line 244.
 1 APPPATH\Views\pharmacy\sales\invoice.php(244): CodeIgniter\Debug\Exceptions->errorHandler(2, 'Undefined array key "medicine_name"', 'C:\\xampp\\htdocs\\hms_ram\\app\\Views\\pharmacy\\sales\\invoice.php', 244)
 2 SYSTEMPATH\View\View.php(224): include('C:\\xampp\\htdocs\\hms_ram\\app\\Views\\pharmacy\\sales\\invoice.php')
 3 SYSTEMPATH\View\View.php(227): CodeIgniter\View\View->CodeIgniter\View\{closure}()
 4 SYSTEMPATH\Common.php(1173): CodeIgniter\View\View->render('pharmacy/sales/invoice', [], true)
 5 APPPATH\Controllers\Pharmacy\Sales.php(441): view('pharmacy/sales/invoice', [...])
 6 SYSTEMPATH\CodeIgniter.php(933): App\Controllers\Pharmacy\Sales->invoice('PHM-IP-20250912-00022')
 7 SYSTEMPATH\CodeIgniter.php(507): CodeIgniter\CodeIgniter->runController(Object(App\Controllers\Pharmacy\Sales))
 8 SYSTEMPATH\CodeIgniter.php(354): CodeIgniter\CodeIgniter->handleRequest(null, Object(Config\Cache), false)
 9 SYSTEMPATH\Boot.php(334): CodeIgniter\CodeIgniter->run()
10 SYSTEMPATH\Boot.php(67): CodeIgniter\Boot::runCodeIgniter(Object(CodeIgniter\CodeIgniter))
11 FCPATH\index.php(46): CodeIgniter\Boot::bootWeb(Object(Config\Paths))
DEBUG - 2025-09-13 07:31:31 --> Session: Class initialized using 'CodeIgniter\Session\Handlers\FileHandler' driver.
DEBUG - 2025-09-13 07:31:42 --> Session: Class initialized using 'CodeIgniter\Session\Handlers\FileHandler' driver.
DEBUG - 2025-09-13 07:32:49 --> Session: Class initialized using 'CodeIgniter\Session\Handlers\FileHandler' driver.
DEBUG - 2025-09-13 07:37:19 --> Session: Class initialized using 'CodeIgniter\Session\Handlers\FileHandler' driver.
DEBUG - 2025-09-13 07:37:19 --> Session: Class initialized using 'CodeIgniter\Session\Handlers\FileHandler' driver.
CRITICAL - 2025-09-13 07:37:21 --> ErrorException: unlink(C:\xampp\htdocs\hms_ram\writable\debugbar/debugbar_1757745773.638270.json): No such file or directory
[Method: GET, Route: /]
in SYSTEMPATH\Debug\Toolbar\Collectors\History.php on line 82.
 1 [internal function]: CodeIgniter\Debug\Exceptions->errorHandler(2, 'unlink(C:\\xampp\\htdocs\\hms_ram\\writable\\debugbar/debugbar_1757745773.638270.json): No such file or directory', 'C:\\xampp\\htdocs\\hms_ram\\system\\Debug\\Toolbar\\Collectors\\History.php', 82)
 2 SYSTEMPATH\Debug\Toolbar\Collectors\History.php(82): unlink('C:\\xampp\\htdocs\\hms_ram\\writable\\debugbar/debugbar_1757745773.638270.json')
 3 SYSTEMPATH\Debug\Toolbar.php(517): CodeIgniter\Debug\Toolbar\Collectors\History->setFiles('1757749039.906907', 20)
 4 SYSTEMPATH\Debug\Toolbar.php(496): CodeIgniter\Debug\Toolbar->format([...], 'html')
 5 APPPATH\Config\Events.php(47): CodeIgniter\Debug\Toolbar->respond()
 6 SYSTEMPATH\Events\Events.php(155): CodeIgniter\Events\Events::Config\{closure}()
 7 SYSTEMPATH\CodeIgniter.php(339): CodeIgniter\Events\Events::trigger('pre_system')
 8 SYSTEMPATH\Boot.php(334): CodeIgniter\CodeIgniter->run()
 9 SYSTEMPATH\Boot.php(67): CodeIgniter\Boot::runCodeIgniter(Object(CodeIgniter\CodeIgniter))
10 FCPATH\index.php(46): CodeIgniter\Boot::bootWeb(Object(Config\Paths))
DEBUG - 2025-09-13 07:37:24 --> Session: Class initialized using 'CodeIgniter\Session\Handlers\FileHandler' driver.
DEBUG - 2025-09-13 07:38:40 --> Session: Class initialized using 'CodeIgniter\Session\Handlers\FileHandler' driver.
DEBUG - 2025-09-13 07:55:00 --> Session: Class initialized using 'CodeIgniter\Session\Handlers\FileHandler' driver.
DEBUG - 2025-09-13 07:55:01 --> Session: Class initialized using 'CodeIgniter\Session\Handlers\FileHandler' driver.
DEBUG - 2025-09-13 07:55:04 --> Session: Class initialized using 'CodeIgniter\Session\Handlers\FileHandler' driver.
DEBUG - 2025-09-13 07:55:05 --> Session: Class initialized using 'CodeIgniter\Session\Handlers\FileHandler' driver.
DEBUG - 2025-09-13 07:55:17 --> Session: Class initialized using 'CodeIgniter\Session\Handlers\FileHandler' driver.
DEBUG - 2025-09-13 09:04:32 --> Session: Class initialized using 'CodeIgniter\Session\Handlers\FileHandler' driver.
DEBUG - 2025-09-13 09:04:42 --> Session: Class initialized using 'CodeIgniter\Session\Handlers\FileHandler' driver.
DEBUG - 2025-09-13 09:04:46 --> Session: Class initialized using 'CodeIgniter\Session\Handlers\FileHandler' driver.
DEBUG - 2025-09-13 09:06:54 --> Session: Class initialized using 'CodeIgniter\Session\Handlers\FileHandler' driver.
DEBUG - 2025-09-13 09:07:35 --> Session: Class initialized using 'CodeIgniter\Session\Handlers\FileHandler' driver.
ERROR - 2025-09-13 09:07:35 --> mysqli_sql_exception: Unknown column 'pm.generic_name' in 'field list' in C:\xampp\htdocs\hms_ram\system\Database\MySQLi\Connection.php:327
Stack trace:
#0 C:\xampp\htdocs\hms_ram\system\Database\MySQLi\Connection.php(327): mysqli->query('\r\n        SELEC...', 0)
#1 C:\xampp\htdocs\hms_ram\system\Database\BaseConnection.php(738): CodeIgniter\Database\MySQLi\Connection->execute('\r\n        SELEC...')
#2 C:\xampp\htdocs\hms_ram\system\Database\BaseConnection.php(652): CodeIgniter\Database\BaseConnection->simpleQuery('\r\n        SELEC...')
#3 C:\xampp\htdocs\hms_ram\app\Controllers\Pharmacy\Sales.php(704): CodeIgniter\Database\BaseConnection->query('\r\n        SELEC...', Array)
#4 C:\xampp\htdocs\hms_ram\system\CodeIgniter.php(933): App\Controllers\Pharmacy\Sales->printInvoice('PHM-OP-20250912...')
#5 C:\xampp\htdocs\hms_ram\system\CodeIgniter.php(507): CodeIgniter\CodeIgniter->runController(Object(App\Controllers\Pharmacy\Sales))
#6 C:\xampp\htdocs\hms_ram\system\CodeIgniter.php(354): CodeIgniter\CodeIgniter->handleRequest(NULL, Object(Config\Cache), false)
#7 C:\xampp\htdocs\hms_ram\system\Boot.php(334): CodeIgniter\CodeIgniter->run()
#8 C:\xampp\htdocs\hms_ram\system\Boot.php(67): CodeIgniter\Boot::runCodeIgniter(Object(CodeIgniter\CodeIgniter))
#9 C:\xampp\htdocs\hms_ram\index.php(46): CodeIgniter\Boot::bootWeb(Object(Config\Paths))
#10 {main}
CRITICAL - 2025-09-13 09:07:35 --> CodeIgniter\Database\Exceptions\DatabaseException: Unknown column 'pm.generic_name' in 'field list'
[Method: GET, Route: pharmacy/sales/printInvoice/PHM-OP-20250912-00021]
in SYSTEMPATH\Database\BaseConnection.php on line 692.
 1 APPPATH\Controllers\Pharmacy\Sales.php(704): CodeIgniter\Database\BaseConnection->query('
        SELECT
            psi.*,
            pm.generic_name,
            pm.brand_name,
            pm.strength,
            pm.hsn_code,
            pm.gst_rate,
            pb.batch_number,
            pb.expiry_date,
            um.name AS unit_of_measure
        FROM
            pharmacy_sale_items psi
        JOIN
            pharmacy_medicines pm ON pm.id = psi.medicine_id
        JOIN
            pharmacy_batches pb ON pb.id = psi.batch_id
        LEFT JOIN
            pharmacy_units_of_measure um ON um.id = pm.unit_of_measure_id
        WHERE
            psi.sale_id = ?
    ', [...])
 2 SYSTEMPATH\CodeIgniter.php(933): App\Controllers\Pharmacy\Sales->printInvoice('PHM-OP-20250912-00021')
 3 SYSTEMPATH\CodeIgniter.php(507): CodeIgniter\CodeIgniter->runController(Object(App\Controllers\Pharmacy\Sales))
 4 SYSTEMPATH\CodeIgniter.php(354): CodeIgniter\CodeIgniter->handleRequest(null, Object(Config\Cache), false)
 5 SYSTEMPATH\Boot.php(334): CodeIgniter\CodeIgniter->run()
 6 SYSTEMPATH\Boot.php(67): CodeIgniter\Boot::runCodeIgniter(Object(CodeIgniter\CodeIgniter))
 7 FCPATH\index.php(46): CodeIgniter\Boot::bootWeb(Object(Config\Paths))
CRITICAL - 2025-09-13 09:07:35 --> [Caused by] CodeIgniter\Database\Exceptions\DatabaseException: Unknown column 'pm.generic_name' in 'field list'
in SYSTEMPATH\Database\MySQLi\Connection.php on line 332.
 1 SYSTEMPATH\Database\BaseConnection.php(738): CodeIgniter\Database\MySQLi\Connection->execute('
        SELECT
            psi.*,
            pm.generic_name,
            pm.brand_name,
            pm.strength,
            pm.hsn_code,
            pm.gst_rate,
            pb.batch_number,
            pb.expiry_date,
            um.name AS unit_of_measure
        FROM
            pharmacy_sale_items psi
        JOIN
            pharmacy_medicines pm ON pm.id = psi.medicine_id
        JOIN
            pharmacy_batches pb ON pb.id = psi.batch_id
        LEFT JOIN
            pharmacy_units_of_measure um ON um.id = pm.unit_of_measure_id
        WHERE
            psi.sale_id = \'39\'
    ')
 2 SYSTEMPATH\Database\BaseConnection.php(652): CodeIgniter\Database\BaseConnection->simpleQuery('
        SELECT
            psi.*,
            pm.generic_name,
            pm.brand_name,
            pm.strength,
            pm.hsn_code,
            pm.gst_rate,
            pb.batch_number,
            pb.expiry_date,
            um.name AS unit_of_measure
        FROM
            pharmacy_sale_items psi
        JOIN
            pharmacy_medicines pm ON pm.id = psi.medicine_id
        JOIN
            pharmacy_batches pb ON pb.id = psi.batch_id
        LEFT JOIN
            pharmacy_units_of_measure um ON um.id = pm.unit_of_measure_id
        WHERE
            psi.sale_id = \'39\'
    ')
 3 APPPATH\Controllers\Pharmacy\Sales.php(704): CodeIgniter\Database\BaseConnection->query('
        SELECT
            psi.*,
            pm.generic_name,
            pm.brand_name,
            pm.strength,
            pm.hsn_code,
            pm.gst_rate,
            pb.batch_number,
            pb.expiry_date,
            um.name AS unit_of_measure
        FROM
            pharmacy_sale_items psi
        JOIN
            pharmacy_medicines pm ON pm.id = psi.medicine_id
        JOIN
            pharmacy_batches pb ON pb.id = psi.batch_id
        LEFT JOIN
            pharmacy_units_of_measure um ON um.id = pm.unit_of_measure_id
        WHERE
            psi.sale_id = ?
    ', [...])
 4 SYSTEMPATH\CodeIgniter.php(933): App\Controllers\Pharmacy\Sales->printInvoice('PHM-OP-20250912-00021')
 5 SYSTEMPATH\CodeIgniter.php(507): CodeIgniter\CodeIgniter->runController(Object(App\Controllers\Pharmacy\Sales))
 6 SYSTEMPATH\CodeIgniter.php(354): CodeIgniter\CodeIgniter->handleRequest(null, Object(Config\Cache), false)
 7 SYSTEMPATH\Boot.php(334): CodeIgniter\CodeIgniter->run()
 8 SYSTEMPATH\Boot.php(67): CodeIgniter\Boot::runCodeIgniter(Object(CodeIgniter\CodeIgniter))
 9 FCPATH\index.php(46): CodeIgniter\Boot::bootWeb(Object(Config\Paths))
CRITICAL - 2025-09-13 09:07:35 --> [Caused by] mysqli_sql_exception: Unknown column 'pm.generic_name' in 'field list'
in SYSTEMPATH\Database\MySQLi\Connection.php on line 327.
 1 SYSTEMPATH\Database\MySQLi\Connection.php(327): mysqli->query('
        SELECT
            psi.*,
            pm.generic_name,
            pm.brand_name,
            pm.strength,
            pm.hsn_code,
            pm.gst_rate,
            pb.batch_number,
            pb.expiry_date,
            um.name AS unit_of_measure
        FROM
            pharmacy_sale_items psi
        JOIN
            pharmacy_medicines pm ON pm.id = psi.medicine_id
        JOIN
            pharmacy_batches pb ON pb.id = psi.batch_id
        LEFT JOIN
            pharmacy_units_of_measure um ON um.id = pm.unit_of_measure_id
        WHERE
            psi.sale_id = \'39\'
    ', 0)
 2 SYSTEMPATH\Database\BaseConnection.php(738): CodeIgniter\Database\MySQLi\Connection->execute('
        SELECT
            psi.*,
            pm.generic_name,
            pm.brand_name,
            pm.strength,
            pm.hsn_code,
            pm.gst_rate,
            pb.batch_number,
            pb.expiry_date,
            um.name AS unit_of_measure
        FROM
            pharmacy_sale_items psi
        JOIN
            pharmacy_medicines pm ON pm.id = psi.medicine_id
        JOIN
            pharmacy_batches pb ON pb.id = psi.batch_id
        LEFT JOIN
            pharmacy_units_of_measure um ON um.id = pm.unit_of_measure_id
        WHERE
            psi.sale_id = \'39\'
    ')
 3 SYSTEMPATH\Database\BaseConnection.php(652): CodeIgniter\Database\BaseConnection->simpleQuery('
        SELECT
            psi.*,
            pm.generic_name,
            pm.brand_name,
            pm.strength,
            pm.hsn_code,
            pm.gst_rate,
            pb.batch_number,
            pb.expiry_date,
            um.name AS unit_of_measure
        FROM
            pharmacy_sale_items psi
        JOIN
            pharmacy_medicines pm ON pm.id = psi.medicine_id
        JOIN
            pharmacy_batches pb ON pb.id = psi.batch_id
        LEFT JOIN
            pharmacy_units_of_measure um ON um.id = pm.unit_of_measure_id
        WHERE
            psi.sale_id = \'39\'
    ')
 4 APPPATH\Controllers\Pharmacy\Sales.php(704): CodeIgniter\Database\BaseConnection->query('
        SELECT
            psi.*,
            pm.generic_name,
            pm.brand_name,
            pm.strength,
            pm.hsn_code,
            pm.gst_rate,
            pb.batch_number,
            pb.expiry_date,
            um.name AS unit_of_measure
        FROM
            pharmacy_sale_items psi
        JOIN
            pharmacy_medicines pm ON pm.id = psi.medicine_id
        JOIN
            pharmacy_batches pb ON pb.id = psi.batch_id
        LEFT JOIN
            pharmacy_units_of_measure um ON um.id = pm.unit_of_measure_id
        WHERE
            psi.sale_id = ?
    ', [...])
 5 SYSTEMPATH\CodeIgniter.php(933): App\Controllers\Pharmacy\Sales->printInvoice('PHM-OP-20250912-00021')
 6 SYSTEMPATH\CodeIgniter.php(507): CodeIgniter\CodeIgniter->runController(Object(App\Controllers\Pharmacy\Sales))
 7 SYSTEMPATH\CodeIgniter.php(354): CodeIgniter\CodeIgniter->handleRequest(null, Object(Config\Cache), false)
 8 SYSTEMPATH\Boot.php(334): CodeIgniter\CodeIgniter->run()
 9 SYSTEMPATH\Boot.php(67): CodeIgniter\Boot::runCodeIgniter(Object(CodeIgniter\CodeIgniter))
10 FCPATH\index.php(46): CodeIgniter\Boot::bootWeb(Object(Config\Paths))
CRITICAL - 2025-09-13 09:11:40 --> ParseError: syntax error, unexpected identifier "psi"
[Method: GET, Route: pharmacy/sales/invoice/PHM-IP-20250912-00022]
in APPPATH\Controllers\Pharmacy\Sales.php on line 683.
 1 SYSTEMPATH\Autoloader\Autoloader.php(295): CodeIgniter\Autoloader\Autoloader->includeFile('C:\\xampp\\htdocs\\hms_ram\\app\\Controllers\\Pharmacy\\Sales.php')
 2 SYSTEMPATH\Autoloader\Autoloader.php(271): CodeIgniter\Autoloader\Autoloader->loadInNamespace('App\\Controllers\\Pharmacy\\Sales')
 3 [internal function]: CodeIgniter\Autoloader\Autoloader->loadClass('App\\Controllers\\Pharmacy\\Sales')
 4 SYSTEMPATH\CodeIgniter.php(885): class_exists('\\App\\Controllers\\Pharmacy\\Sales', true)
 5 SYSTEMPATH\CodeIgniter.php(494): CodeIgniter\CodeIgniter->startController()
 6 SYSTEMPATH\CodeIgniter.php(354): CodeIgniter\CodeIgniter->handleRequest(null, Object(Config\Cache), false)
 7 SYSTEMPATH\Boot.php(334): CodeIgniter\CodeIgniter->run()
 8 SYSTEMPATH\Boot.php(67): CodeIgniter\Boot::runCodeIgniter(Object(CodeIgniter\CodeIgniter))
 9 FCPATH\index.php(46): CodeIgniter\Boot::bootWeb(Object(Config\Paths))
CRITICAL - 2025-09-13 09:11:40 --> ParseError: syntax error, unexpected identifier "psi"
[Method: GET, Route: pharmacy/sales/invoice/PHM-OP-20250912-00021]
in APPPATH\Controllers\Pharmacy\Sales.php on line 683.
 1 SYSTEMPATH\Autoloader\Autoloader.php(295): CodeIgniter\Autoloader\Autoloader->includeFile('C:\\xampp\\htdocs\\hms_ram\\app\\Controllers\\Pharmacy\\Sales.php')
 2 SYSTEMPATH\Autoloader\Autoloader.php(271): CodeIgniter\Autoloader\Autoloader->loadInNamespace('App\\Controllers\\Pharmacy\\Sales')
 3 [internal function]: CodeIgniter\Autoloader\Autoloader->loadClass('App\\Controllers\\Pharmacy\\Sales')
 4 SYSTEMPATH\CodeIgniter.php(885): class_exists('\\App\\Controllers\\Pharmacy\\Sales', true)
 5 SYSTEMPATH\CodeIgniter.php(494): CodeIgniter\CodeIgniter->startController()
 6 SYSTEMPATH\CodeIgniter.php(354): CodeIgniter\CodeIgniter->handleRequest(null, Object(Config\Cache), false)
 7 SYSTEMPATH\Boot.php(334): CodeIgniter\CodeIgniter->run()
 8 SYSTEMPATH\Boot.php(67): CodeIgniter\Boot::runCodeIgniter(Object(CodeIgniter\CodeIgniter))
 9 FCPATH\index.php(46): CodeIgniter\Boot::bootWeb(Object(Config\Paths))
DEBUG - 2025-09-13 09:12:08 --> Session: Class initialized using 'CodeIgniter\Session\Handlers\FileHandler' driver.
ERROR - 2025-09-13 09:12:08 --> mysqli_sql_exception: Unknown column 'pm.brand_name' in 'field list' in C:\xampp\htdocs\hms_ram\system\Database\MySQLi\Connection.php:327
Stack trace:
#0 C:\xampp\htdocs\hms_ram\system\Database\MySQLi\Connection.php(327): mysqli->query('\r\n       SELECT...', 0)
#1 C:\xampp\htdocs\hms_ram\system\Database\BaseConnection.php(738): CodeIgniter\Database\MySQLi\Connection->execute('\r\n       SELECT...')
#2 C:\xampp\htdocs\hms_ram\system\Database\BaseConnection.php(652): CodeIgniter\Database\BaseConnection->simpleQuery('\r\n       SELECT...')
#3 C:\xampp\htdocs\hms_ram\app\Controllers\Pharmacy\Sales.php(702): CodeIgniter\Database\BaseConnection->query('\r\n       SELECT...', Array)
#4 C:\xampp\htdocs\hms_ram\system\CodeIgniter.php(933): App\Controllers\Pharmacy\Sales->printInvoice('PHM-OP-20250912...')
#5 C:\xampp\htdocs\hms_ram\system\CodeIgniter.php(507): CodeIgniter\CodeIgniter->runController(Object(App\Controllers\Pharmacy\Sales))
#6 C:\xampp\htdocs\hms_ram\system\CodeIgniter.php(354): CodeIgniter\CodeIgniter->handleRequest(NULL, Object(Config\Cache), false)
#7 C:\xampp\htdocs\hms_ram\system\Boot.php(334): CodeIgniter\CodeIgniter->run()
#8 C:\xampp\htdocs\hms_ram\system\Boot.php(67): CodeIgniter\Boot::runCodeIgniter(Object(CodeIgniter\CodeIgniter))
#9 C:\xampp\htdocs\hms_ram\index.php(46): CodeIgniter\Boot::bootWeb(Object(Config\Paths))
#10 {main}
CRITICAL - 2025-09-13 09:12:08 --> CodeIgniter\Database\Exceptions\DatabaseException: Unknown column 'pm.brand_name' in 'field list'
[Method: GET, Route: pharmacy/sales/printInvoice/PHM-OP-20250912-00021]
in SYSTEMPATH\Database\BaseConnection.php on line 692.
 1 APPPATH\Controllers\Pharmacy\Sales.php(702): CodeIgniter\Database\BaseConnection->query('
       SELECT
  psi.*,
  pg.generic_name,
  pm.brand_name,
  pm.strength,
  pm.hsn_code,
  pm.gst_rate,
  pb.batch_number,
  pb.expiry_date,
  um.name AS unit_of_measure
FROM pharmacy_sale_items psi
JOIN pharmacy_medicines pm ON pm.id = psi.medicine_id
JOIN pharmacy_generics pg ON pg.id = pm.generic_id
JOIN pharmacy_brands pb ON pb.id = pm.brand_id
JOIN pharmacy_batches pbatch ON pbatch.id = psi.batch_id
LEFT JOIN pharmacy_units_of_measure um ON um.id = pm.unit_of_measure_id
WHERE psi.sale_id = ?

    ', [...])
 2 SYSTEMPATH\CodeIgniter.php(933): App\Controllers\Pharmacy\Sales->printInvoice('PHM-OP-20250912-00021')
 3 SYSTEMPATH\CodeIgniter.php(507): CodeIgniter\CodeIgniter->runController(Object(App\Controllers\Pharmacy\Sales))
 4 SYSTEMPATH\CodeIgniter.php(354): CodeIgniter\CodeIgniter->handleRequest(null, Object(Config\Cache), false)
 5 SYSTEMPATH\Boot.php(334): CodeIgniter\CodeIgniter->run()
 6 SYSTEMPATH\Boot.php(67): CodeIgniter\Boot::runCodeIgniter(Object(CodeIgniter\CodeIgniter))
 7 FCPATH\index.php(46): CodeIgniter\Boot::bootWeb(Object(Config\Paths))
CRITICAL - 2025-09-13 09:12:08 --> [Caused by] CodeIgniter\Database\Exceptions\DatabaseException: Unknown column 'pm.brand_name' in 'field list'
in SYSTEMPATH\Database\MySQLi\Connection.php on line 332.
 1 SYSTEMPATH\Database\BaseConnection.php(738): CodeIgniter\Database\MySQLi\Connection->execute('
       SELECT
  psi.*,
  pg.generic_name,
  pm.brand_name,
  pm.strength,
  pm.hsn_code,
  pm.gst_rate,
  pb.batch_number,
  pb.expiry_date,
  um.name AS unit_of_measure
FROM pharmacy_sale_items psi
JOIN pharmacy_medicines pm ON pm.id = psi.medicine_id
JOIN pharmacy_generics pg ON pg.id = pm.generic_id
JOIN pharmacy_brands pb ON pb.id = pm.brand_id
JOIN pharmacy_batches pbatch ON pbatch.id = psi.batch_id
LEFT JOIN pharmacy_units_of_measure um ON um.id = pm.unit_of_measure_id
WHERE psi.sale_id = \'39\'

    ')
 2 SYSTEMPATH\Database\BaseConnection.php(652): CodeIgniter\Database\BaseConnection->simpleQuery('
       SELECT
  psi.*,
  pg.generic_name,
  pm.brand_name,
  pm.strength,
  pm.hsn_code,
  pm.gst_rate,
  pb.batch_number,
  pb.expiry_date,
  um.name AS unit_of_measure
FROM pharmacy_sale_items psi
JOIN pharmacy_medicines pm ON pm.id = psi.medicine_id
JOIN pharmacy_generics pg ON pg.id = pm.generic_id
JOIN pharmacy_brands pb ON pb.id = pm.brand_id
JOIN pharmacy_batches pbatch ON pbatch.id = psi.batch_id
LEFT JOIN pharmacy_units_of_measure um ON um.id = pm.unit_of_measure_id
WHERE psi.sale_id = \'39\'

    ')
 3 APPPATH\Controllers\Pharmacy\Sales.php(702): CodeIgniter\Database\BaseConnection->query('
       SELECT
  psi.*,
  pg.generic_name,
  pm.brand_name,
  pm.strength,
  pm.hsn_code,
  pm.gst_rate,
  pb.batch_number,
  pb.expiry_date,
  um.name AS unit_of_measure
FROM pharmacy_sale_items psi
JOIN pharmacy_medicines pm ON pm.id = psi.medicine_id
JOIN pharmacy_generics pg ON pg.id = pm.generic_id
JOIN pharmacy_brands pb ON pb.id = pm.brand_id
JOIN pharmacy_batches pbatch ON pbatch.id = psi.batch_id
LEFT JOIN pharmacy_units_of_measure um ON um.id = pm.unit_of_measure_id
WHERE psi.sale_id = ?

    ', [...])
 4 SYSTEMPATH\CodeIgniter.php(933): App\Controllers\Pharmacy\Sales->printInvoice('PHM-OP-20250912-00021')
 5 SYSTEMPATH\CodeIgniter.php(507): CodeIgniter\CodeIgniter->runController(Object(App\Controllers\Pharmacy\Sales))
 6 SYSTEMPATH\CodeIgniter.php(354): CodeIgniter\CodeIgniter->handleRequest(null, Object(Config\Cache), false)
 7 SYSTEMPATH\Boot.php(334): CodeIgniter\CodeIgniter->run()
 8 SYSTEMPATH\Boot.php(67): CodeIgniter\Boot::runCodeIgniter(Object(CodeIgniter\CodeIgniter))
 9 FCPATH\index.php(46): CodeIgniter\Boot::bootWeb(Object(Config\Paths))
CRITICAL - 2025-09-13 09:12:08 --> [Caused by] mysqli_sql_exception: Unknown column 'pm.brand_name' in 'field list'
in SYSTEMPATH\Database\MySQLi\Connection.php on line 327.
 1 SYSTEMPATH\Database\MySQLi\Connection.php(327): mysqli->query('
       SELECT
  psi.*,
  pg.generic_name,
  pm.brand_name,
  pm.strength,
  pm.hsn_code,
  pm.gst_rate,
  pb.batch_number,
  pb.expiry_date,
  um.name AS unit_of_measure
FROM pharmacy_sale_items psi
JOIN pharmacy_medicines pm ON pm.id = psi.medicine_id
JOIN pharmacy_generics pg ON pg.id = pm.generic_id
JOIN pharmacy_brands pb ON pb.id = pm.brand_id
JOIN pharmacy_batches pbatch ON pbatch.id = psi.batch_id
LEFT JOIN pharmacy_units_of_measure um ON um.id = pm.unit_of_measure_id
WHERE psi.sale_id = \'39\'

    ', 0)
 2 SYSTEMPATH\Database\BaseConnection.php(738): CodeIgniter\Database\MySQLi\Connection->execute('
       SELECT
  psi.*,
  pg.generic_name,
  pm.brand_name,
  pm.strength,
  pm.hsn_code,
  pm.gst_rate,
  pb.batch_number,
  pb.expiry_date,
  um.name AS unit_of_measure
FROM pharmacy_sale_items psi
JOIN pharmacy_medicines pm ON pm.id = psi.medicine_id
JOIN pharmacy_generics pg ON pg.id = pm.generic_id
JOIN pharmacy_brands pb ON pb.id = pm.brand_id
JOIN pharmacy_batches pbatch ON pbatch.id = psi.batch_id
LEFT JOIN pharmacy_units_of_measure um ON um.id = pm.unit_of_measure_id
WHERE psi.sale_id = \'39\'

    ')
 3 SYSTEMPATH\Database\BaseConnection.php(652): CodeIgniter\Database\BaseConnection->simpleQuery('
       SELECT
  psi.*,
  pg.generic_name,
  pm.brand_name,
  pm.strength,
  pm.hsn_code,
  pm.gst_rate,
  pb.batch_number,
  pb.expiry_date,
  um.name AS unit_of_measure
FROM pharmacy_sale_items psi
JOIN pharmacy_medicines pm ON pm.id = psi.medicine_id
JOIN pharmacy_generics pg ON pg.id = pm.generic_id
JOIN pharmacy_brands pb ON pb.id = pm.brand_id
JOIN pharmacy_batches pbatch ON pbatch.id = psi.batch_id
LEFT JOIN pharmacy_units_of_measure um ON um.id = pm.unit_of_measure_id
WHERE psi.sale_id = \'39\'

    ')
 4 APPPATH\Controllers\Pharmacy\Sales.php(702): CodeIgniter\Database\BaseConnection->query('
       SELECT
  psi.*,
  pg.generic_name,
  pm.brand_name,
  pm.strength,
  pm.hsn_code,
  pm.gst_rate,
  pb.batch_number,
  pb.expiry_date,
  um.name AS unit_of_measure
FROM pharmacy_sale_items psi
JOIN pharmacy_medicines pm ON pm.id = psi.medicine_id
JOIN pharmacy_generics pg ON pg.id = pm.generic_id
JOIN pharmacy_brands pb ON pb.id = pm.brand_id
JOIN pharmacy_batches pbatch ON pbatch.id = psi.batch_id
LEFT JOIN pharmacy_units_of_measure um ON um.id = pm.unit_of_measure_id
WHERE psi.sale_id = ?

    ', [...])
 5 SYSTEMPATH\CodeIgniter.php(933): App\Controllers\Pharmacy\Sales->printInvoice('PHM-OP-20250912-00021')
 6 SYSTEMPATH\CodeIgniter.php(507): CodeIgniter\CodeIgniter->runController(Object(App\Controllers\Pharmacy\Sales))
 7 SYSTEMPATH\CodeIgniter.php(354): CodeIgniter\CodeIgniter->handleRequest(null, Object(Config\Cache), false)
 8 SYSTEMPATH\Boot.php(334): CodeIgniter\CodeIgniter->run()
 9 SYSTEMPATH\Boot.php(67): CodeIgniter\Boot::runCodeIgniter(Object(CodeIgniter\CodeIgniter))
10 FCPATH\index.php(46): CodeIgniter\Boot::bootWeb(Object(Config\Paths))
DEBUG - 2025-09-13 09:12:09 --> Session: Class initialized using 'CodeIgniter\Session\Handlers\FileHandler' driver.
ERROR - 2025-09-13 09:12:09 --> mysqli_sql_exception: Unknown column 'pm.brand_name' in 'field list' in C:\xampp\htdocs\hms_ram\system\Database\MySQLi\Connection.php:327
Stack trace:
#0 C:\xampp\htdocs\hms_ram\system\Database\MySQLi\Connection.php(327): mysqli->query('\r\n       SELECT...', 0)
#1 C:\xampp\htdocs\hms_ram\system\Database\BaseConnection.php(738): CodeIgniter\Database\MySQLi\Connection->execute('\r\n       SELECT...')
#2 C:\xampp\htdocs\hms_ram\system\Database\BaseConnection.php(652): CodeIgniter\Database\BaseConnection->simpleQuery('\r\n       SELECT...')
#3 C:\xampp\htdocs\hms_ram\app\Controllers\Pharmacy\Sales.php(702): CodeIgniter\Database\BaseConnection->query('\r\n       SELECT...', Array)
#4 C:\xampp\htdocs\hms_ram\system\CodeIgniter.php(933): App\Controllers\Pharmacy\Sales->printInvoice('PHM-OP-20250912...')
#5 C:\xampp\htdocs\hms_ram\system\CodeIgniter.php(507): CodeIgniter\CodeIgniter->runController(Object(App\Controllers\Pharmacy\Sales))
#6 C:\xampp\htdocs\hms_ram\system\CodeIgniter.php(354): CodeIgniter\CodeIgniter->handleRequest(NULL, Object(Config\Cache), false)
#7 C:\xampp\htdocs\hms_ram\system\Boot.php(334): CodeIgniter\CodeIgniter->run()
#8 C:\xampp\htdocs\hms_ram\system\Boot.php(67): CodeIgniter\Boot::runCodeIgniter(Object(CodeIgniter\CodeIgniter))
#9 C:\xampp\htdocs\hms_ram\index.php(46): CodeIgniter\Boot::bootWeb(Object(Config\Paths))
#10 {main}
CRITICAL - 2025-09-13 09:12:09 --> CodeIgniter\Database\Exceptions\DatabaseException: Unknown column 'pm.brand_name' in 'field list'
[Method: GET, Route: pharmacy/sales/printInvoice/PHM-OP-20250912-00021]
in SYSTEMPATH\Database\BaseConnection.php on line 692.
 1 APPPATH\Controllers\Pharmacy\Sales.php(702): CodeIgniter\Database\BaseConnection->query('
       SELECT
  psi.*,
  pg.generic_name,
  pm.brand_name,
  pm.strength,
  pm.hsn_code,
  pm.gst_rate,
  pb.batch_number,
  pb.expiry_date,
  um.name AS unit_of_measure
FROM pharmacy_sale_items psi
JOIN pharmacy_medicines pm ON pm.id = psi.medicine_id
JOIN pharmacy_generics pg ON pg.id = pm.generic_id
JOIN pharmacy_brands pb ON pb.id = pm.brand_id
JOIN pharmacy_batches pbatch ON pbatch.id = psi.batch_id
LEFT JOIN pharmacy_units_of_measure um ON um.id = pm.unit_of_measure_id
WHERE psi.sale_id = ?

    ', [...])
 2 SYSTEMPATH\CodeIgniter.php(933): App\Controllers\Pharmacy\Sales->printInvoice('PHM-OP-20250912-00021')
 3 SYSTEMPATH\CodeIgniter.php(507): CodeIgniter\CodeIgniter->runController(Object(App\Controllers\Pharmacy\Sales))
 4 SYSTEMPATH\CodeIgniter.php(354): CodeIgniter\CodeIgniter->handleRequest(null, Object(Config\Cache), false)
 5 SYSTEMPATH\Boot.php(334): CodeIgniter\CodeIgniter->run()
 6 SYSTEMPATH\Boot.php(67): CodeIgniter\Boot::runCodeIgniter(Object(CodeIgniter\CodeIgniter))
 7 FCPATH\index.php(46): CodeIgniter\Boot::bootWeb(Object(Config\Paths))
CRITICAL - 2025-09-13 09:12:09 --> [Caused by] CodeIgniter\Database\Exceptions\DatabaseException: Unknown column 'pm.brand_name' in 'field list'
in SYSTEMPATH\Database\MySQLi\Connection.php on line 332.
 1 SYSTEMPATH\Database\BaseConnection.php(738): CodeIgniter\Database\MySQLi\Connection->execute('
       SELECT
  psi.*,
  pg.generic_name,
  pm.brand_name,
  pm.strength,
  pm.hsn_code,
  pm.gst_rate,
  pb.batch_number,
  pb.expiry_date,
  um.name AS unit_of_measure
FROM pharmacy_sale_items psi
JOIN pharmacy_medicines pm ON pm.id = psi.medicine_id
JOIN pharmacy_generics pg ON pg.id = pm.generic_id
JOIN pharmacy_brands pb ON pb.id = pm.brand_id
JOIN pharmacy_batches pbatch ON pbatch.id = psi.batch_id
LEFT JOIN pharmacy_units_of_measure um ON um.id = pm.unit_of_measure_id
WHERE psi.sale_id = \'39\'

    ')
 2 SYSTEMPATH\Database\BaseConnection.php(652): CodeIgniter\Database\BaseConnection->simpleQuery('
       SELECT
  psi.*,
  pg.generic_name,
  pm.brand_name,
  pm.strength,
  pm.hsn_code,
  pm.gst_rate,
  pb.batch_number,
  pb.expiry_date,
  um.name AS unit_of_measure
FROM pharmacy_sale_items psi
JOIN pharmacy_medicines pm ON pm.id = psi.medicine_id
JOIN pharmacy_generics pg ON pg.id = pm.generic_id
JOIN pharmacy_brands pb ON pb.id = pm.brand_id
JOIN pharmacy_batches pbatch ON pbatch.id = psi.batch_id
LEFT JOIN pharmacy_units_of_measure um ON um.id = pm.unit_of_measure_id
WHERE psi.sale_id = \'39\'

    ')
 3 APPPATH\Controllers\Pharmacy\Sales.php(702): CodeIgniter\Database\BaseConnection->query('
       SELECT
  psi.*,
  pg.generic_name,
  pm.brand_name,
  pm.strength,
  pm.hsn_code,
  pm.gst_rate,
  pb.batch_number,
  pb.expiry_date,
  um.name AS unit_of_measure
FROM pharmacy_sale_items psi
JOIN pharmacy_medicines pm ON pm.id = psi.medicine_id
JOIN pharmacy_generics pg ON pg.id = pm.generic_id
JOIN pharmacy_brands pb ON pb.id = pm.brand_id
JOIN pharmacy_batches pbatch ON pbatch.id = psi.batch_id
LEFT JOIN pharmacy_units_of_measure um ON um.id = pm.unit_of_measure_id
WHERE psi.sale_id = ?

    ', [...])
 4 SYSTEMPATH\CodeIgniter.php(933): App\Controllers\Pharmacy\Sales->printInvoice('PHM-OP-20250912-00021')
 5 SYSTEMPATH\CodeIgniter.php(507): CodeIgniter\CodeIgniter->runController(Object(App\Controllers\Pharmacy\Sales))
 6 SYSTEMPATH\CodeIgniter.php(354): CodeIgniter\CodeIgniter->handleRequest(null, Object(Config\Cache), false)
 7 SYSTEMPATH\Boot.php(334): CodeIgniter\CodeIgniter->run()
 8 SYSTEMPATH\Boot.php(67): CodeIgniter\Boot::runCodeIgniter(Object(CodeIgniter\CodeIgniter))
 9 FCPATH\index.php(46): CodeIgniter\Boot::bootWeb(Object(Config\Paths))
CRITICAL - 2025-09-13 09:12:09 --> [Caused by] mysqli_sql_exception: Unknown column 'pm.brand_name' in 'field list'
in SYSTEMPATH\Database\MySQLi\Connection.php on line 327.
 1 SYSTEMPATH\Database\MySQLi\Connection.php(327): mysqli->query('
       SELECT
  psi.*,
  pg.generic_name,
  pm.brand_name,
  pm.strength,
  pm.hsn_code,
  pm.gst_rate,
  pb.batch_number,
  pb.expiry_date,
  um.name AS unit_of_measure
FROM pharmacy_sale_items psi
JOIN pharmacy_medicines pm ON pm.id = psi.medicine_id
JOIN pharmacy_generics pg ON pg.id = pm.generic_id
JOIN pharmacy_brands pb ON pb.id = pm.brand_id
JOIN pharmacy_batches pbatch ON pbatch.id = psi.batch_id
LEFT JOIN pharmacy_units_of_measure um ON um.id = pm.unit_of_measure_id
WHERE psi.sale_id = \'39\'

    ', 0)
 2 SYSTEMPATH\Database\BaseConnection.php(738): CodeIgniter\Database\MySQLi\Connection->execute('
       SELECT
  psi.*,
  pg.generic_name,
  pm.brand_name,
  pm.strength,
  pm.hsn_code,
  pm.gst_rate,
  pb.batch_number,
  pb.expiry_date,
  um.name AS unit_of_measure
FROM pharmacy_sale_items psi
JOIN pharmacy_medicines pm ON pm.id = psi.medicine_id
JOIN pharmacy_generics pg ON pg.id = pm.generic_id
JOIN pharmacy_brands pb ON pb.id = pm.brand_id
JOIN pharmacy_batches pbatch ON pbatch.id = psi.batch_id
LEFT JOIN pharmacy_units_of_measure um ON um.id = pm.unit_of_measure_id
WHERE psi.sale_id = \'39\'

    ')
 3 SYSTEMPATH\Database\BaseConnection.php(652): CodeIgniter\Database\BaseConnection->simpleQuery('
       SELECT
  psi.*,
  pg.generic_name,
  pm.brand_name,
  pm.strength,
  pm.hsn_code,
  pm.gst_rate,
  pb.batch_number,
  pb.expiry_date,
  um.name AS unit_of_measure
FROM pharmacy_sale_items psi
JOIN pharmacy_medicines pm ON pm.id = psi.medicine_id
JOIN pharmacy_generics pg ON pg.id = pm.generic_id
JOIN pharmacy_brands pb ON pb.id = pm.brand_id
JOIN pharmacy_batches pbatch ON pbatch.id = psi.batch_id
LEFT JOIN pharmacy_units_of_measure um ON um.id = pm.unit_of_measure_id
WHERE psi.sale_id = \'39\'

    ')
 4 APPPATH\Controllers\Pharmacy\Sales.php(702): CodeIgniter\Database\BaseConnection->query('
       SELECT
  psi.*,
  pg.generic_name,
  pm.brand_name,
  pm.strength,
  pm.hsn_code,
  pm.gst_rate,
  pb.batch_number,
  pb.expiry_date,
  um.name AS unit_of_measure
FROM pharmacy_sale_items psi
JOIN pharmacy_medicines pm ON pm.id = psi.medicine_id
JOIN pharmacy_generics pg ON pg.id = pm.generic_id
JOIN pharmacy_brands pb ON pb.id = pm.brand_id
JOIN pharmacy_batches pbatch ON pbatch.id = psi.batch_id
LEFT JOIN pharmacy_units_of_measure um ON um.id = pm.unit_of_measure_id
WHERE psi.sale_id = ?

    ', [...])
 5 SYSTEMPATH\CodeIgniter.php(933): App\Controllers\Pharmacy\Sales->printInvoice('PHM-OP-20250912-00021')
 6 SYSTEMPATH\CodeIgniter.php(507): CodeIgniter\CodeIgniter->runController(Object(App\Controllers\Pharmacy\Sales))
 7 SYSTEMPATH\CodeIgniter.php(354): CodeIgniter\CodeIgniter->handleRequest(null, Object(Config\Cache), false)
 8 SYSTEMPATH\Boot.php(334): CodeIgniter\CodeIgniter->run()
 9 SYSTEMPATH\Boot.php(67): CodeIgniter\Boot::runCodeIgniter(Object(CodeIgniter\CodeIgniter))
10 FCPATH\index.php(46): CodeIgniter\Boot::bootWeb(Object(Config\Paths))
DEBUG - 2025-09-13 09:12:42 --> Session: Class initialized using 'CodeIgniter\Session\Handlers\FileHandler' driver.
ERROR - 2025-09-13 09:12:42 --> mysqli_sql_exception: Unknown column 'pharmacy_medicines.generic_name' in 'field list' in C:\xampp\htdocs\hms_ram\system\Database\MySQLi\Connection.php:327
Stack trace:
#0 C:\xampp\htdocs\hms_ram\system\Database\MySQLi\Connection.php(327): mysqli->query('SELECT `pharmac...', 0)
#1 C:\xampp\htdocs\hms_ram\system\Database\BaseConnection.php(738): CodeIgniter\Database\MySQLi\Connection->execute('SELECT `pharmac...')
#2 C:\xampp\htdocs\hms_ram\system\Database\BaseConnection.php(652): CodeIgniter\Database\BaseConnection->simpleQuery('SELECT `pharmac...')
#3 C:\xampp\htdocs\hms_ram\system\Database\BaseBuilder.php(1649): CodeIgniter\Database\BaseConnection->query('SELECT `pharmac...', Array, false)
#4 C:\xampp\htdocs\hms_ram\system\Model.php(286): CodeIgniter\Database\BaseBuilder->get()
#5 C:\xampp\htdocs\hms_ram\system\BaseModel.php(679): CodeIgniter\Model->doFindAll(0, 0)
#6 C:\xampp\htdocs\hms_ram\app\Controllers\Pharmacy\Sales.php(744): CodeIgniter\BaseModel->findAll()
#7 C:\xampp\htdocs\hms_ram\system\CodeIgniter.php(933): App\Controllers\Pharmacy\Sales->printInvoice('PHM-OP-20250912...')
#8 C:\xampp\htdocs\hms_ram\system\CodeIgniter.php(507): CodeIgniter\CodeIgniter->runController(Object(App\Controllers\Pharmacy\Sales))
#9 C:\xampp\htdocs\hms_ram\system\CodeIgniter.php(354): CodeIgniter\CodeIgniter->handleRequest(NULL, Object(Config\Cache), false)
#10 C:\xampp\htdocs\hms_ram\system\Boot.php(334): CodeIgniter\CodeIgniter->run()
#11 C:\xampp\htdocs\hms_ram\system\Boot.php(67): CodeIgniter\Boot::runCodeIgniter(Object(CodeIgniter\CodeIgniter))
#12 C:\xampp\htdocs\hms_ram\index.php(46): CodeIgniter\Boot::bootWeb(Object(Config\Paths))
#13 {main}
CRITICAL - 2025-09-13 09:12:42 --> CodeIgniter\Database\Exceptions\DatabaseException: Unknown column 'pharmacy_medicines.generic_name' in 'field list'
[Method: GET, Route: pharmacy/sales/printInvoice/PHM-OP-20250912-00021]
in SYSTEMPATH\Database\BaseConnection.php on line 692.
 1 SYSTEMPATH\Database\BaseBuilder.php(1649): CodeIgniter\Database\BaseConnection->query('SELECT `pharmacy_returns`.*, `pharmacy_medicines`.`generic_name` as `medicine_name`, `pharmacy_sale_items`.`unit_selling_price`
FROM `pharmacy_returns`
JOIN `pharmacy_medicines` ON `pharmacy_medicines`.`id` = `pharmacy_returns`.`medicine_id`
JOIN `pharmacy_sale_items` ON `pharmacy_sale_items`.`id` = `pharmacy_returns`.`sale_item_id`
WHERE `pharmacy_returns`.`sale_id` = :pharmacy_returns.sale_id:
AND `pharmacy_returns`.`approval_status` = :pharmacy_returns.approval_status:', [...], false)
 2 SYSTEMPATH\Model.php(286): CodeIgniter\Database\BaseBuilder->get()
 3 SYSTEMPATH\BaseModel.php(679): CodeIgniter\Model->doFindAll(0, 0)
 4 APPPATH\Controllers\Pharmacy\Sales.php(744): CodeIgniter\BaseModel->findAll()
 5 SYSTEMPATH\CodeIgniter.php(933): App\Controllers\Pharmacy\Sales->printInvoice('PHM-OP-20250912-00021')
 6 SYSTEMPATH\CodeIgniter.php(507): CodeIgniter\CodeIgniter->runController(Object(App\Controllers\Pharmacy\Sales))
 7 SYSTEMPATH\CodeIgniter.php(354): CodeIgniter\CodeIgniter->handleRequest(null, Object(Config\Cache), false)
 8 SYSTEMPATH\Boot.php(334): CodeIgniter\CodeIgniter->run()
 9 SYSTEMPATH\Boot.php(67): CodeIgniter\Boot::runCodeIgniter(Object(CodeIgniter\CodeIgniter))
10 FCPATH\index.php(46): CodeIgniter\Boot::bootWeb(Object(Config\Paths))
CRITICAL - 2025-09-13 09:12:42 --> [Caused by] CodeIgniter\Database\Exceptions\DatabaseException: Unknown column 'pharmacy_medicines.generic_name' in 'field list'
in SYSTEMPATH\Database\MySQLi\Connection.php on line 332.
 1 SYSTEMPATH\Database\BaseConnection.php(738): CodeIgniter\Database\MySQLi\Connection->execute('SELECT `pharmacy_returns`.*, `pharmacy_medicines`.`generic_name` as `medicine_name`, `pharmacy_sale_items`.`unit_selling_price`
FROM `pharmacy_returns`
JOIN `pharmacy_medicines` ON `pharmacy_medicines`.`id` = `pharmacy_returns`.`medicine_id`
JOIN `pharmacy_sale_items` ON `pharmacy_sale_items`.`id` = `pharmacy_returns`.`sale_item_id`
WHERE `pharmacy_returns`.`sale_id` = \'39\'
AND `pharmacy_returns`.`approval_status` = \'approved\'')
 2 SYSTEMPATH\Database\BaseConnection.php(652): CodeIgniter\Database\BaseConnection->simpleQuery('SELECT `pharmacy_returns`.*, `pharmacy_medicines`.`generic_name` as `medicine_name`, `pharmacy_sale_items`.`unit_selling_price`
FROM `pharmacy_returns`
JOIN `pharmacy_medicines` ON `pharmacy_medicines`.`id` = `pharmacy_returns`.`medicine_id`
JOIN `pharmacy_sale_items` ON `pharmacy_sale_items`.`id` = `pharmacy_returns`.`sale_item_id`
WHERE `pharmacy_returns`.`sale_id` = \'39\'
AND `pharmacy_returns`.`approval_status` = \'approved\'')
 3 SYSTEMPATH\Database\BaseBuilder.php(1649): CodeIgniter\Database\BaseConnection->query('SELECT `pharmacy_returns`.*, `pharmacy_medicines`.`generic_name` as `medicine_name`, `pharmacy_sale_items`.`unit_selling_price`
FROM `pharmacy_returns`
JOIN `pharmacy_medicines` ON `pharmacy_medicines`.`id` = `pharmacy_returns`.`medicine_id`
JOIN `pharmacy_sale_items` ON `pharmacy_sale_items`.`id` = `pharmacy_returns`.`sale_item_id`
WHERE `pharmacy_returns`.`sale_id` = :pharmacy_returns.sale_id:
AND `pharmacy_returns`.`approval_status` = :pharmacy_returns.approval_status:', [...], false)
 4 SYSTEMPATH\Model.php(286): CodeIgniter\Database\BaseBuilder->get()
 5 SYSTEMPATH\BaseModel.php(679): CodeIgniter\Model->doFindAll(0, 0)
 6 APPPATH\Controllers\Pharmacy\Sales.php(744): CodeIgniter\BaseModel->findAll()
 7 SYSTEMPATH\CodeIgniter.php(933): App\Controllers\Pharmacy\Sales->printInvoice('PHM-OP-20250912-00021')
 8 SYSTEMPATH\CodeIgniter.php(507): CodeIgniter\CodeIgniter->runController(Object(App\Controllers\Pharmacy\Sales))
 9 SYSTEMPATH\CodeIgniter.php(354): CodeIgniter\CodeIgniter->handleRequest(null, Object(Config\Cache), false)
10 SYSTEMPATH\Boot.php(334): CodeIgniter\CodeIgniter->run()
11 SYSTEMPATH\Boot.php(67): CodeIgniter\Boot::runCodeIgniter(Object(CodeIgniter\CodeIgniter))
12 FCPATH\index.php(46): CodeIgniter\Boot::bootWeb(Object(Config\Paths))
CRITICAL - 2025-09-13 09:12:42 --> [Caused by] mysqli_sql_exception: Unknown column 'pharmacy_medicines.generic_name' in 'field list'
in SYSTEMPATH\Database\MySQLi\Connection.php on line 327.
 1 SYSTEMPATH\Database\MySQLi\Connection.php(327): mysqli->query('SELECT `pharmacy_returns`.*, `pharmacy_medicines`.`generic_name` as `medicine_name`, `pharmacy_sale_items`.`unit_selling_price`
FROM `pharmacy_returns`
JOIN `pharmacy_medicines` ON `pharmacy_medicines`.`id` = `pharmacy_returns`.`medicine_id`
JOIN `pharmacy_sale_items` ON `pharmacy_sale_items`.`id` = `pharmacy_returns`.`sale_item_id`
WHERE `pharmacy_returns`.`sale_id` = \'39\'
AND `pharmacy_returns`.`approval_status` = \'approved\'', 0)
 2 SYSTEMPATH\Database\BaseConnection.php(738): CodeIgniter\Database\MySQLi\Connection->execute('SELECT `pharmacy_returns`.*, `pharmacy_medicines`.`generic_name` as `medicine_name`, `pharmacy_sale_items`.`unit_selling_price`
FROM `pharmacy_returns`
JOIN `pharmacy_medicines` ON `pharmacy_medicines`.`id` = `pharmacy_returns`.`medicine_id`
JOIN `pharmacy_sale_items` ON `pharmacy_sale_items`.`id` = `pharmacy_returns`.`sale_item_id`
WHERE `pharmacy_returns`.`sale_id` = \'39\'
AND `pharmacy_returns`.`approval_status` = \'approved\'')
 3 SYSTEMPATH\Database\BaseConnection.php(652): CodeIgniter\Database\BaseConnection->simpleQuery('SELECT `pharmacy_returns`.*, `pharmacy_medicines`.`generic_name` as `medicine_name`, `pharmacy_sale_items`.`unit_selling_price`
FROM `pharmacy_returns`
JOIN `pharmacy_medicines` ON `pharmacy_medicines`.`id` = `pharmacy_returns`.`medicine_id`
JOIN `pharmacy_sale_items` ON `pharmacy_sale_items`.`id` = `pharmacy_returns`.`sale_item_id`
WHERE `pharmacy_returns`.`sale_id` = \'39\'
AND `pharmacy_returns`.`approval_status` = \'approved\'')
 4 SYSTEMPATH\Database\BaseBuilder.php(1649): CodeIgniter\Database\BaseConnection->query('SELECT `pharmacy_returns`.*, `pharmacy_medicines`.`generic_name` as `medicine_name`, `pharmacy_sale_items`.`unit_selling_price`
FROM `pharmacy_returns`
JOIN `pharmacy_medicines` ON `pharmacy_medicines`.`id` = `pharmacy_returns`.`medicine_id`
JOIN `pharmacy_sale_items` ON `pharmacy_sale_items`.`id` = `pharmacy_returns`.`sale_item_id`
WHERE `pharmacy_returns`.`sale_id` = :pharmacy_returns.sale_id:
AND `pharmacy_returns`.`approval_status` = :pharmacy_returns.approval_status:', [...], false)
 5 SYSTEMPATH\Model.php(286): CodeIgniter\Database\BaseBuilder->get()
 6 SYSTEMPATH\BaseModel.php(679): CodeIgniter\Model->doFindAll(0, 0)
 7 APPPATH\Controllers\Pharmacy\Sales.php(744): CodeIgniter\BaseModel->findAll()
 8 SYSTEMPATH\CodeIgniter.php(933): App\Controllers\Pharmacy\Sales->printInvoice('PHM-OP-20250912-00021')
 9 SYSTEMPATH\CodeIgniter.php(507): CodeIgniter\CodeIgniter->runController(Object(App\Controllers\Pharmacy\Sales))
10 SYSTEMPATH\CodeIgniter.php(354): CodeIgniter\CodeIgniter->handleRequest(null, Object(Config\Cache), false)
11 SYSTEMPATH\Boot.php(334): CodeIgniter\CodeIgniter->run()
12 SYSTEMPATH\Boot.php(67): CodeIgniter\Boot::runCodeIgniter(Object(CodeIgniter\CodeIgniter))
13 FCPATH\index.php(46): CodeIgniter\Boot::bootWeb(Object(Config\Paths))
DEBUG - 2025-09-13 09:14:13 --> Session: Class initialized using 'CodeIgniter\Session\Handlers\FileHandler' driver.
ERROR - 2025-09-13 09:14:13 --> mysqli_sql_exception: Unknown column 'pharmacy_medicines.generic_name' in 'field list' in C:\xampp\htdocs\hms_ram\system\Database\MySQLi\Connection.php:327
Stack trace:
#0 C:\xampp\htdocs\hms_ram\system\Database\MySQLi\Connection.php(327): mysqli->query('SELECT `pharmac...', 0)
#1 C:\xampp\htdocs\hms_ram\system\Database\BaseConnection.php(738): CodeIgniter\Database\MySQLi\Connection->execute('SELECT `pharmac...')
#2 C:\xampp\htdocs\hms_ram\system\Database\BaseConnection.php(652): CodeIgniter\Database\BaseConnection->simpleQuery('SELECT `pharmac...')
#3 C:\xampp\htdocs\hms_ram\system\Database\BaseBuilder.php(1649): CodeIgniter\Database\BaseConnection->query('SELECT `pharmac...', Array, false)
#4 C:\xampp\htdocs\hms_ram\system\Model.php(286): CodeIgniter\Database\BaseBuilder->get()
#5 C:\xampp\htdocs\hms_ram\system\BaseModel.php(679): CodeIgniter\Model->doFindAll(0, 0)
#6 C:\xampp\htdocs\hms_ram\app\Controllers\Pharmacy\Sales.php(741): CodeIgniter\BaseModel->findAll()
#7 C:\xampp\htdocs\hms_ram\system\CodeIgniter.php(933): App\Controllers\Pharmacy\Sales->printInvoice('PHM-OP-20250912...')
#8 C:\xampp\htdocs\hms_ram\system\CodeIgniter.php(507): CodeIgniter\CodeIgniter->runController(Object(App\Controllers\Pharmacy\Sales))
#9 C:\xampp\htdocs\hms_ram\system\CodeIgniter.php(354): CodeIgniter\CodeIgniter->handleRequest(NULL, Object(Config\Cache), false)
#10 C:\xampp\htdocs\hms_ram\system\Boot.php(334): CodeIgniter\CodeIgniter->run()
#11 C:\xampp\htdocs\hms_ram\system\Boot.php(67): CodeIgniter\Boot::runCodeIgniter(Object(CodeIgniter\CodeIgniter))
#12 C:\xampp\htdocs\hms_ram\index.php(46): CodeIgniter\Boot::bootWeb(Object(Config\Paths))
#13 {main}
CRITICAL - 2025-09-13 09:14:13 --> CodeIgniter\Database\Exceptions\DatabaseException: Unknown column 'pharmacy_medicines.generic_name' in 'field list'
[Method: GET, Route: pharmacy/sales/printInvoice/PHM-OP-20250912-00021]
in SYSTEMPATH\Database\BaseConnection.php on line 692.
 1 SYSTEMPATH\Database\BaseBuilder.php(1649): CodeIgniter\Database\BaseConnection->query('SELECT `pharmacy_returns`.*, `pharmacy_medicines`.`generic_name` as `medicine_name`, `pharmacy_sale_items`.`unit_selling_price`
FROM `pharmacy_returns`
JOIN `pharmacy_medicines` ON `pharmacy_medicines`.`id` = `pharmacy_returns`.`medicine_id`
JOIN `pharmacy_sale_items` ON `pharmacy_sale_items`.`id` = `pharmacy_returns`.`sale_item_id`
WHERE `pharmacy_returns`.`sale_id` = :pharmacy_returns.sale_id:
AND `pharmacy_returns`.`approval_status` = :pharmacy_returns.approval_status:', [...], false)
 2 SYSTEMPATH\Model.php(286): CodeIgniter\Database\BaseBuilder->get()
 3 SYSTEMPATH\BaseModel.php(679): CodeIgniter\Model->doFindAll(0, 0)
 4 APPPATH\Controllers\Pharmacy\Sales.php(741): CodeIgniter\BaseModel->findAll()
 5 SYSTEMPATH\CodeIgniter.php(933): App\Controllers\Pharmacy\Sales->printInvoice('PHM-OP-20250912-00021')
 6 SYSTEMPATH\CodeIgniter.php(507): CodeIgniter\CodeIgniter->runController(Object(App\Controllers\Pharmacy\Sales))
 7 SYSTEMPATH\CodeIgniter.php(354): CodeIgniter\CodeIgniter->handleRequest(null, Object(Config\Cache), false)
 8 SYSTEMPATH\Boot.php(334): CodeIgniter\CodeIgniter->run()
 9 SYSTEMPATH\Boot.php(67): CodeIgniter\Boot::runCodeIgniter(Object(CodeIgniter\CodeIgniter))
10 FCPATH\index.php(46): CodeIgniter\Boot::bootWeb(Object(Config\Paths))
CRITICAL - 2025-09-13 09:14:13 --> [Caused by] CodeIgniter\Database\Exceptions\DatabaseException: Unknown column 'pharmacy_medicines.generic_name' in 'field list'
in SYSTEMPATH\Database\MySQLi\Connection.php on line 332.
 1 SYSTEMPATH\Database\BaseConnection.php(738): CodeIgniter\Database\MySQLi\Connection->execute('SELECT `pharmacy_returns`.*, `pharmacy_medicines`.`generic_name` as `medicine_name`, `pharmacy_sale_items`.`unit_selling_price`
FROM `pharmacy_returns`
JOIN `pharmacy_medicines` ON `pharmacy_medicines`.`id` = `pharmacy_returns`.`medicine_id`
JOIN `pharmacy_sale_items` ON `pharmacy_sale_items`.`id` = `pharmacy_returns`.`sale_item_id`
WHERE `pharmacy_returns`.`sale_id` = \'39\'
AND `pharmacy_returns`.`approval_status` = \'approved\'')
 2 SYSTEMPATH\Database\BaseConnection.php(652): CodeIgniter\Database\BaseConnection->simpleQuery('SELECT `pharmacy_returns`.*, `pharmacy_medicines`.`generic_name` as `medicine_name`, `pharmacy_sale_items`.`unit_selling_price`
FROM `pharmacy_returns`
JOIN `pharmacy_medicines` ON `pharmacy_medicines`.`id` = `pharmacy_returns`.`medicine_id`
JOIN `pharmacy_sale_items` ON `pharmacy_sale_items`.`id` = `pharmacy_returns`.`sale_item_id`
WHERE `pharmacy_returns`.`sale_id` = \'39\'
AND `pharmacy_returns`.`approval_status` = \'approved\'')
 3 SYSTEMPATH\Database\BaseBuilder.php(1649): CodeIgniter\Database\BaseConnection->query('SELECT `pharmacy_returns`.*, `pharmacy_medicines`.`generic_name` as `medicine_name`, `pharmacy_sale_items`.`unit_selling_price`
FROM `pharmacy_returns`
JOIN `pharmacy_medicines` ON `pharmacy_medicines`.`id` = `pharmacy_returns`.`medicine_id`
JOIN `pharmacy_sale_items` ON `pharmacy_sale_items`.`id` = `pharmacy_returns`.`sale_item_id`
WHERE `pharmacy_returns`.`sale_id` = :pharmacy_returns.sale_id:
AND `pharmacy_returns`.`approval_status` = :pharmacy_returns.approval_status:', [...], false)
 4 SYSTEMPATH\Model.php(286): CodeIgniter\Database\BaseBuilder->get()
 5 SYSTEMPATH\BaseModel.php(679): CodeIgniter\Model->doFindAll(0, 0)
 6 APPPATH\Controllers\Pharmacy\Sales.php(741): CodeIgniter\BaseModel->findAll()
 7 SYSTEMPATH\CodeIgniter.php(933): App\Controllers\Pharmacy\Sales->printInvoice('PHM-OP-20250912-00021')
 8 SYSTEMPATH\CodeIgniter.php(507): CodeIgniter\CodeIgniter->runController(Object(App\Controllers\Pharmacy\Sales))
 9 SYSTEMPATH\CodeIgniter.php(354): CodeIgniter\CodeIgniter->handleRequest(null, Object(Config\Cache), false)
10 SYSTEMPATH\Boot.php(334): CodeIgniter\CodeIgniter->run()
11 SYSTEMPATH\Boot.php(67): CodeIgniter\Boot::runCodeIgniter(Object(CodeIgniter\CodeIgniter))
12 FCPATH\index.php(46): CodeIgniter\Boot::bootWeb(Object(Config\Paths))
CRITICAL - 2025-09-13 09:14:13 --> [Caused by] mysqli_sql_exception: Unknown column 'pharmacy_medicines.generic_name' in 'field list'
in SYSTEMPATH\Database\MySQLi\Connection.php on line 327.
 1 SYSTEMPATH\Database\MySQLi\Connection.php(327): mysqli->query('SELECT `pharmacy_returns`.*, `pharmacy_medicines`.`generic_name` as `medicine_name`, `pharmacy_sale_items`.`unit_selling_price`
FROM `pharmacy_returns`
JOIN `pharmacy_medicines` ON `pharmacy_medicines`.`id` = `pharmacy_returns`.`medicine_id`
JOIN `pharmacy_sale_items` ON `pharmacy_sale_items`.`id` = `pharmacy_returns`.`sale_item_id`
WHERE `pharmacy_returns`.`sale_id` = \'39\'
AND `pharmacy_returns`.`approval_status` = \'approved\'', 0)
 2 SYSTEMPATH\Database\BaseConnection.php(738): CodeIgniter\Database\MySQLi\Connection->execute('SELECT `pharmacy_returns`.*, `pharmacy_medicines`.`generic_name` as `medicine_name`, `pharmacy_sale_items`.`unit_selling_price`
FROM `pharmacy_returns`
JOIN `pharmacy_medicines` ON `pharmacy_medicines`.`id` = `pharmacy_returns`.`medicine_id`
JOIN `pharmacy_sale_items` ON `pharmacy_sale_items`.`id` = `pharmacy_returns`.`sale_item_id`
WHERE `pharmacy_returns`.`sale_id` = \'39\'
AND `pharmacy_returns`.`approval_status` = \'approved\'')
 3 SYSTEMPATH\Database\BaseConnection.php(652): CodeIgniter\Database\BaseConnection->simpleQuery('SELECT `pharmacy_returns`.*, `pharmacy_medicines`.`generic_name` as `medicine_name`, `pharmacy_sale_items`.`unit_selling_price`
FROM `pharmacy_returns`
JOIN `pharmacy_medicines` ON `pharmacy_medicines`.`id` = `pharmacy_returns`.`medicine_id`
JOIN `pharmacy_sale_items` ON `pharmacy_sale_items`.`id` = `pharmacy_returns`.`sale_item_id`
WHERE `pharmacy_returns`.`sale_id` = \'39\'
AND `pharmacy_returns`.`approval_status` = \'approved\'')
 4 SYSTEMPATH\Database\BaseBuilder.php(1649): CodeIgniter\Database\BaseConnection->query('SELECT `pharmacy_returns`.*, `pharmacy_medicines`.`generic_name` as `medicine_name`, `pharmacy_sale_items`.`unit_selling_price`
FROM `pharmacy_returns`
JOIN `pharmacy_medicines` ON `pharmacy_medicines`.`id` = `pharmacy_returns`.`medicine_id`
JOIN `pharmacy_sale_items` ON `pharmacy_sale_items`.`id` = `pharmacy_returns`.`sale_item_id`
WHERE `pharmacy_returns`.`sale_id` = :pharmacy_returns.sale_id:
AND `pharmacy_returns`.`approval_status` = :pharmacy_returns.approval_status:', [...], false)
 5 SYSTEMPATH\Model.php(286): CodeIgniter\Database\BaseBuilder->get()
 6 SYSTEMPATH\BaseModel.php(679): CodeIgniter\Model->doFindAll(0, 0)
 7 APPPATH\Controllers\Pharmacy\Sales.php(741): CodeIgniter\BaseModel->findAll()
 8 SYSTEMPATH\CodeIgniter.php(933): App\Controllers\Pharmacy\Sales->printInvoice('PHM-OP-20250912-00021')
 9 SYSTEMPATH\CodeIgniter.php(507): CodeIgniter\CodeIgniter->runController(Object(App\Controllers\Pharmacy\Sales))
10 SYSTEMPATH\CodeIgniter.php(354): CodeIgniter\CodeIgniter->handleRequest(null, Object(Config\Cache), false)
11 SYSTEMPATH\Boot.php(334): CodeIgniter\CodeIgniter->run()
12 SYSTEMPATH\Boot.php(67): CodeIgniter\Boot::runCodeIgniter(Object(CodeIgniter\CodeIgniter))
13 FCPATH\index.php(46): CodeIgniter\Boot::bootWeb(Object(Config\Paths))
DEBUG - 2025-09-13 09:14:14 --> Session: Class initialized using 'CodeIgniter\Session\Handlers\FileHandler' driver.
ERROR - 2025-09-13 09:14:14 --> mysqli_sql_exception: Unknown column 'pharmacy_medicines.generic_name' in 'field list' in C:\xampp\htdocs\hms_ram\system\Database\MySQLi\Connection.php:327
Stack trace:
#0 C:\xampp\htdocs\hms_ram\system\Database\MySQLi\Connection.php(327): mysqli->query('SELECT `pharmac...', 0)
#1 C:\xampp\htdocs\hms_ram\system\Database\BaseConnection.php(738): CodeIgniter\Database\MySQLi\Connection->execute('SELECT `pharmac...')
#2 C:\xampp\htdocs\hms_ram\system\Database\BaseConnection.php(652): CodeIgniter\Database\BaseConnection->simpleQuery('SELECT `pharmac...')
#3 C:\xampp\htdocs\hms_ram\system\Database\BaseBuilder.php(1649): CodeIgniter\Database\BaseConnection->query('SELECT `pharmac...', Array, false)
#4 C:\xampp\htdocs\hms_ram\system\Model.php(286): CodeIgniter\Database\BaseBuilder->get()
#5 C:\xampp\htdocs\hms_ram\system\BaseModel.php(679): CodeIgniter\Model->doFindAll(0, 0)
#6 C:\xampp\htdocs\hms_ram\app\Controllers\Pharmacy\Sales.php(741): CodeIgniter\BaseModel->findAll()
#7 C:\xampp\htdocs\hms_ram\system\CodeIgniter.php(933): App\Controllers\Pharmacy\Sales->printInvoice('PHM-OP-20250912...')
#8 C:\xampp\htdocs\hms_ram\system\CodeIgniter.php(507): CodeIgniter\CodeIgniter->runController(Object(App\Controllers\Pharmacy\Sales))
#9 C:\xampp\htdocs\hms_ram\system\CodeIgniter.php(354): CodeIgniter\CodeIgniter->handleRequest(NULL, Object(Config\Cache), false)
#10 C:\xampp\htdocs\hms_ram\system\Boot.php(334): CodeIgniter\CodeIgniter->run()
#11 C:\xampp\htdocs\hms_ram\system\Boot.php(67): CodeIgniter\Boot::runCodeIgniter(Object(CodeIgniter\CodeIgniter))
#12 C:\xampp\htdocs\hms_ram\index.php(46): CodeIgniter\Boot::bootWeb(Object(Config\Paths))
#13 {main}
CRITICAL - 2025-09-13 09:14:14 --> CodeIgniter\Database\Exceptions\DatabaseException: Unknown column 'pharmacy_medicines.generic_name' in 'field list'
[Method: GET, Route: pharmacy/sales/printInvoice/PHM-OP-20250912-00021]
in SYSTEMPATH\Database\BaseConnection.php on line 692.
 1 SYSTEMPATH\Database\BaseBuilder.php(1649): CodeIgniter\Database\BaseConnection->query('SELECT `pharmacy_returns`.*, `pharmacy_medicines`.`generic_name` as `medicine_name`, `pharmacy_sale_items`.`unit_selling_price`
FROM `pharmacy_returns`
JOIN `pharmacy_medicines` ON `pharmacy_medicines`.`id` = `pharmacy_returns`.`medicine_id`
JOIN `pharmacy_sale_items` ON `pharmacy_sale_items`.`id` = `pharmacy_returns`.`sale_item_id`
WHERE `pharmacy_returns`.`sale_id` = :pharmacy_returns.sale_id:
AND `pharmacy_returns`.`approval_status` = :pharmacy_returns.approval_status:', [...], false)
 2 SYSTEMPATH\Model.php(286): CodeIgniter\Database\BaseBuilder->get()
 3 SYSTEMPATH\BaseModel.php(679): CodeIgniter\Model->doFindAll(0, 0)
 4 APPPATH\Controllers\Pharmacy\Sales.php(741): CodeIgniter\BaseModel->findAll()
 5 SYSTEMPATH\CodeIgniter.php(933): App\Controllers\Pharmacy\Sales->printInvoice('PHM-OP-20250912-00021')
 6 SYSTEMPATH\CodeIgniter.php(507): CodeIgniter\CodeIgniter->runController(Object(App\Controllers\Pharmacy\Sales))
 7 SYSTEMPATH\CodeIgniter.php(354): CodeIgniter\CodeIgniter->handleRequest(null, Object(Config\Cache), false)
 8 SYSTEMPATH\Boot.php(334): CodeIgniter\CodeIgniter->run()
 9 SYSTEMPATH\Boot.php(67): CodeIgniter\Boot::runCodeIgniter(Object(CodeIgniter\CodeIgniter))
10 FCPATH\index.php(46): CodeIgniter\Boot::bootWeb(Object(Config\Paths))
CRITICAL - 2025-09-13 09:14:14 --> [Caused by] CodeIgniter\Database\Exceptions\DatabaseException: Unknown column 'pharmacy_medicines.generic_name' in 'field list'
in SYSTEMPATH\Database\MySQLi\Connection.php on line 332.
 1 SYSTEMPATH\Database\BaseConnection.php(738): CodeIgniter\Database\MySQLi\Connection->execute('SELECT `pharmacy_returns`.*, `pharmacy_medicines`.`generic_name` as `medicine_name`, `pharmacy_sale_items`.`unit_selling_price`
FROM `pharmacy_returns`
JOIN `pharmacy_medicines` ON `pharmacy_medicines`.`id` = `pharmacy_returns`.`medicine_id`
JOIN `pharmacy_sale_items` ON `pharmacy_sale_items`.`id` = `pharmacy_returns`.`sale_item_id`
WHERE `pharmacy_returns`.`sale_id` = \'39\'
AND `pharmacy_returns`.`approval_status` = \'approved\'')
 2 SYSTEMPATH\Database\BaseConnection.php(652): CodeIgniter\Database\BaseConnection->simpleQuery('SELECT `pharmacy_returns`.*, `pharmacy_medicines`.`generic_name` as `medicine_name`, `pharmacy_sale_items`.`unit_selling_price`
FROM `pharmacy_returns`
JOIN `pharmacy_medicines` ON `pharmacy_medicines`.`id` = `pharmacy_returns`.`medicine_id`
JOIN `pharmacy_sale_items` ON `pharmacy_sale_items`.`id` = `pharmacy_returns`.`sale_item_id`
WHERE `pharmacy_returns`.`sale_id` = \'39\'
AND `pharmacy_returns`.`approval_status` = \'approved\'')
 3 SYSTEMPATH\Database\BaseBuilder.php(1649): CodeIgniter\Database\BaseConnection->query('SELECT `pharmacy_returns`.*, `pharmacy_medicines`.`generic_name` as `medicine_name`, `pharmacy_sale_items`.`unit_selling_price`
FROM `pharmacy_returns`
JOIN `pharmacy_medicines` ON `pharmacy_medicines`.`id` = `pharmacy_returns`.`medicine_id`
JOIN `pharmacy_sale_items` ON `pharmacy_sale_items`.`id` = `pharmacy_returns`.`sale_item_id`
WHERE `pharmacy_returns`.`sale_id` = :pharmacy_returns.sale_id:
AND `pharmacy_returns`.`approval_status` = :pharmacy_returns.approval_status:', [...], false)
 4 SYSTEMPATH\Model.php(286): CodeIgniter\Database\BaseBuilder->get()
 5 SYSTEMPATH\BaseModel.php(679): CodeIgniter\Model->doFindAll(0, 0)
 6 APPPATH\Controllers\Pharmacy\Sales.php(741): CodeIgniter\BaseModel->findAll()
 7 SYSTEMPATH\CodeIgniter.php(933): App\Controllers\Pharmacy\Sales->printInvoice('PHM-OP-20250912-00021')
 8 SYSTEMPATH\CodeIgniter.php(507): CodeIgniter\CodeIgniter->runController(Object(App\Controllers\Pharmacy\Sales))
 9 SYSTEMPATH\CodeIgniter.php(354): CodeIgniter\CodeIgniter->handleRequest(null, Object(Config\Cache), false)
10 SYSTEMPATH\Boot.php(334): CodeIgniter\CodeIgniter->run()
11 SYSTEMPATH\Boot.php(67): CodeIgniter\Boot::runCodeIgniter(Object(CodeIgniter\CodeIgniter))
12 FCPATH\index.php(46): CodeIgniter\Boot::bootWeb(Object(Config\Paths))
CRITICAL - 2025-09-13 09:14:14 --> [Caused by] mysqli_sql_exception: Unknown column 'pharmacy_medicines.generic_name' in 'field list'
in SYSTEMPATH\Database\MySQLi\Connection.php on line 327.
 1 SYSTEMPATH\Database\MySQLi\Connection.php(327): mysqli->query('SELECT `pharmacy_returns`.*, `pharmacy_medicines`.`generic_name` as `medicine_name`, `pharmacy_sale_items`.`unit_selling_price`
FROM `pharmacy_returns`
JOIN `pharmacy_medicines` ON `pharmacy_medicines`.`id` = `pharmacy_returns`.`medicine_id`
JOIN `pharmacy_sale_items` ON `pharmacy_sale_items`.`id` = `pharmacy_returns`.`sale_item_id`
WHERE `pharmacy_returns`.`sale_id` = \'39\'
AND `pharmacy_returns`.`approval_status` = \'approved\'', 0)
 2 SYSTEMPATH\Database\BaseConnection.php(738): CodeIgniter\Database\MySQLi\Connection->execute('SELECT `pharmacy_returns`.*, `pharmacy_medicines`.`generic_name` as `medicine_name`, `pharmacy_sale_items`.`unit_selling_price`
FROM `pharmacy_returns`
JOIN `pharmacy_medicines` ON `pharmacy_medicines`.`id` = `pharmacy_returns`.`medicine_id`
JOIN `pharmacy_sale_items` ON `pharmacy_sale_items`.`id` = `pharmacy_returns`.`sale_item_id`
WHERE `pharmacy_returns`.`sale_id` = \'39\'
AND `pharmacy_returns`.`approval_status` = \'approved\'')
 3 SYSTEMPATH\Database\BaseConnection.php(652): CodeIgniter\Database\BaseConnection->simpleQuery('SELECT `pharmacy_returns`.*, `pharmacy_medicines`.`generic_name` as `medicine_name`, `pharmacy_sale_items`.`unit_selling_price`
FROM `pharmacy_returns`
JOIN `pharmacy_medicines` ON `pharmacy_medicines`.`id` = `pharmacy_returns`.`medicine_id`
JOIN `pharmacy_sale_items` ON `pharmacy_sale_items`.`id` = `pharmacy_returns`.`sale_item_id`
WHERE `pharmacy_returns`.`sale_id` = \'39\'
AND `pharmacy_returns`.`approval_status` = \'approved\'')
 4 SYSTEMPATH\Database\BaseBuilder.php(1649): CodeIgniter\Database\BaseConnection->query('SELECT `pharmacy_returns`.*, `pharmacy_medicines`.`generic_name` as `medicine_name`, `pharmacy_sale_items`.`unit_selling_price`
FROM `pharmacy_returns`
JOIN `pharmacy_medicines` ON `pharmacy_medicines`.`id` = `pharmacy_returns`.`medicine_id`
JOIN `pharmacy_sale_items` ON `pharmacy_sale_items`.`id` = `pharmacy_returns`.`sale_item_id`
WHERE `pharmacy_returns`.`sale_id` = :pharmacy_returns.sale_id:
AND `pharmacy_returns`.`approval_status` = :pharmacy_returns.approval_status:', [...], false)
 5 SYSTEMPATH\Model.php(286): CodeIgniter\Database\BaseBuilder->get()
 6 SYSTEMPATH\BaseModel.php(679): CodeIgniter\Model->doFindAll(0, 0)
 7 APPPATH\Controllers\Pharmacy\Sales.php(741): CodeIgniter\BaseModel->findAll()
 8 SYSTEMPATH\CodeIgniter.php(933): App\Controllers\Pharmacy\Sales->printInvoice('PHM-OP-20250912-00021')
 9 SYSTEMPATH\CodeIgniter.php(507): CodeIgniter\CodeIgniter->runController(Object(App\Controllers\Pharmacy\Sales))
10 SYSTEMPATH\CodeIgniter.php(354): CodeIgniter\CodeIgniter->handleRequest(null, Object(Config\Cache), false)
11 SYSTEMPATH\Boot.php(334): CodeIgniter\CodeIgniter->run()
12 SYSTEMPATH\Boot.php(67): CodeIgniter\Boot::runCodeIgniter(Object(CodeIgniter\CodeIgniter))
13 FCPATH\index.php(46): CodeIgniter\Boot::bootWeb(Object(Config\Paths))
DEBUG - 2025-09-13 09:14:29 --> Session: Class initialized using 'CodeIgniter\Session\Handlers\FileHandler' driver.
ERROR - 2025-09-13 09:14:29 --> mysqli_sql_exception: Unknown column 'pharmacy_medicines.generic_name' in 'field list' in C:\xampp\htdocs\hms_ram\system\Database\MySQLi\Connection.php:327
Stack trace:
#0 C:\xampp\htdocs\hms_ram\system\Database\MySQLi\Connection.php(327): mysqli->query('SELECT `pharmac...', 0)
#1 C:\xampp\htdocs\hms_ram\system\Database\BaseConnection.php(738): CodeIgniter\Database\MySQLi\Connection->execute('SELECT `pharmac...')
#2 C:\xampp\htdocs\hms_ram\system\Database\BaseConnection.php(652): CodeIgniter\Database\BaseConnection->simpleQuery('SELECT `pharmac...')
#3 C:\xampp\htdocs\hms_ram\system\Database\BaseBuilder.php(1649): CodeIgniter\Database\BaseConnection->query('SELECT `pharmac...', Array, false)
#4 C:\xampp\htdocs\hms_ram\system\Model.php(286): CodeIgniter\Database\BaseBuilder->get()
#5 C:\xampp\htdocs\hms_ram\system\BaseModel.php(679): CodeIgniter\Model->doFindAll(0, 0)
#6 C:\xampp\htdocs\hms_ram\app\Controllers\Pharmacy\Sales.php(741): CodeIgniter\BaseModel->findAll()
#7 C:\xampp\htdocs\hms_ram\system\CodeIgniter.php(933): App\Controllers\Pharmacy\Sales->printInvoice('PHM-OP-20250912...')
#8 C:\xampp\htdocs\hms_ram\system\CodeIgniter.php(507): CodeIgniter\CodeIgniter->runController(Object(App\Controllers\Pharmacy\Sales))
#9 C:\xampp\htdocs\hms_ram\system\CodeIgniter.php(354): CodeIgniter\CodeIgniter->handleRequest(NULL, Object(Config\Cache), false)
#10 C:\xampp\htdocs\hms_ram\system\Boot.php(334): CodeIgniter\CodeIgniter->run()
#11 C:\xampp\htdocs\hms_ram\system\Boot.php(67): CodeIgniter\Boot::runCodeIgniter(Object(CodeIgniter\CodeIgniter))
#12 C:\xampp\htdocs\hms_ram\index.php(46): CodeIgniter\Boot::bootWeb(Object(Config\Paths))
#13 {main}
CRITICAL - 2025-09-13 09:14:29 --> CodeIgniter\Database\Exceptions\DatabaseException: Unknown column 'pharmacy_medicines.generic_name' in 'field list'
[Method: GET, Route: pharmacy/sales/printInvoice/PHM-OP-20250912-00021]
in SYSTEMPATH\Database\BaseConnection.php on line 692.
 1 SYSTEMPATH\Database\BaseBuilder.php(1649): CodeIgniter\Database\BaseConnection->query('SELECT `pharmacy_returns`.*, `pharmacy_medicines`.`generic_name` as `medicine_name`, `pharmacy_sale_items`.`unit_selling_price`
FROM `pharmacy_returns`
JOIN `pharmacy_medicines` ON `pharmacy_medicines`.`id` = `pharmacy_returns`.`medicine_id`
JOIN `pharmacy_sale_items` ON `pharmacy_sale_items`.`id` = `pharmacy_returns`.`sale_item_id`
WHERE `pharmacy_returns`.`sale_id` = :pharmacy_returns.sale_id:
AND `pharmacy_returns`.`approval_status` = :pharmacy_returns.approval_status:', [...], false)
 2 SYSTEMPATH\Model.php(286): CodeIgniter\Database\BaseBuilder->get()
 3 SYSTEMPATH\BaseModel.php(679): CodeIgniter\Model->doFindAll(0, 0)
 4 APPPATH\Controllers\Pharmacy\Sales.php(741): CodeIgniter\BaseModel->findAll()
 5 SYSTEMPATH\CodeIgniter.php(933): App\Controllers\Pharmacy\Sales->printInvoice('PHM-OP-20250912-00021')
 6 SYSTEMPATH\CodeIgniter.php(507): CodeIgniter\CodeIgniter->runController(Object(App\Controllers\Pharmacy\Sales))
 7 SYSTEMPATH\CodeIgniter.php(354): CodeIgniter\CodeIgniter->handleRequest(null, Object(Config\Cache), false)
 8 SYSTEMPATH\Boot.php(334): CodeIgniter\CodeIgniter->run()
 9 SYSTEMPATH\Boot.php(67): CodeIgniter\Boot::runCodeIgniter(Object(CodeIgniter\CodeIgniter))
10 FCPATH\index.php(46): CodeIgniter\Boot::bootWeb(Object(Config\Paths))
CRITICAL - 2025-09-13 09:14:29 --> [Caused by] CodeIgniter\Database\Exceptions\DatabaseException: Unknown column 'pharmacy_medicines.generic_name' in 'field list'
in SYSTEMPATH\Database\MySQLi\Connection.php on line 332.
 1 SYSTEMPATH\Database\BaseConnection.php(738): CodeIgniter\Database\MySQLi\Connection->execute('SELECT `pharmacy_returns`.*, `pharmacy_medicines`.`generic_name` as `medicine_name`, `pharmacy_sale_items`.`unit_selling_price`
FROM `pharmacy_returns`
JOIN `pharmacy_medicines` ON `pharmacy_medicines`.`id` = `pharmacy_returns`.`medicine_id`
JOIN `pharmacy_sale_items` ON `pharmacy_sale_items`.`id` = `pharmacy_returns`.`sale_item_id`
WHERE `pharmacy_returns`.`sale_id` = \'39\'
AND `pharmacy_returns`.`approval_status` = \'approved\'')
 2 SYSTEMPATH\Database\BaseConnection.php(652): CodeIgniter\Database\BaseConnection->simpleQuery('SELECT `pharmacy_returns`.*, `pharmacy_medicines`.`generic_name` as `medicine_name`, `pharmacy_sale_items`.`unit_selling_price`
FROM `pharmacy_returns`
JOIN `pharmacy_medicines` ON `pharmacy_medicines`.`id` = `pharmacy_returns`.`medicine_id`
JOIN `pharmacy_sale_items` ON `pharmacy_sale_items`.`id` = `pharmacy_returns`.`sale_item_id`
WHERE `pharmacy_returns`.`sale_id` = \'39\'
AND `pharmacy_returns`.`approval_status` = \'approved\'')
 3 SYSTEMPATH\Database\BaseBuilder.php(1649): CodeIgniter\Database\BaseConnection->query('SELECT `pharmacy_returns`.*, `pharmacy_medicines`.`generic_name` as `medicine_name`, `pharmacy_sale_items`.`unit_selling_price`
FROM `pharmacy_returns`
JOIN `pharmacy_medicines` ON `pharmacy_medicines`.`id` = `pharmacy_returns`.`medicine_id`
JOIN `pharmacy_sale_items` ON `pharmacy_sale_items`.`id` = `pharmacy_returns`.`sale_item_id`
WHERE `pharmacy_returns`.`sale_id` = :pharmacy_returns.sale_id:
AND `pharmacy_returns`.`approval_status` = :pharmacy_returns.approval_status:', [...], false)
 4 SYSTEMPATH\Model.php(286): CodeIgniter\Database\BaseBuilder->get()
 5 SYSTEMPATH\BaseModel.php(679): CodeIgniter\Model->doFindAll(0, 0)
 6 APPPATH\Controllers\Pharmacy\Sales.php(741): CodeIgniter\BaseModel->findAll()
 7 SYSTEMPATH\CodeIgniter.php(933): App\Controllers\Pharmacy\Sales->printInvoice('PHM-OP-20250912-00021')
 8 SYSTEMPATH\CodeIgniter.php(507): CodeIgniter\CodeIgniter->runController(Object(App\Controllers\Pharmacy\Sales))
 9 SYSTEMPATH\CodeIgniter.php(354): CodeIgniter\CodeIgniter->handleRequest(null, Object(Config\Cache), false)
10 SYSTEMPATH\Boot.php(334): CodeIgniter\CodeIgniter->run()
11 SYSTEMPATH\Boot.php(67): CodeIgniter\Boot::runCodeIgniter(Object(CodeIgniter\CodeIgniter))
12 FCPATH\index.php(46): CodeIgniter\Boot::bootWeb(Object(Config\Paths))
CRITICAL - 2025-09-13 09:14:29 --> [Caused by] mysqli_sql_exception: Unknown column 'pharmacy_medicines.generic_name' in 'field list'
in SYSTEMPATH\Database\MySQLi\Connection.php on line 327.
 1 SYSTEMPATH\Database\MySQLi\Connection.php(327): mysqli->query('SELECT `pharmacy_returns`.*, `pharmacy_medicines`.`generic_name` as `medicine_name`, `pharmacy_sale_items`.`unit_selling_price`
FROM `pharmacy_returns`
JOIN `pharmacy_medicines` ON `pharmacy_medicines`.`id` = `pharmacy_returns`.`medicine_id`
JOIN `pharmacy_sale_items` ON `pharmacy_sale_items`.`id` = `pharmacy_returns`.`sale_item_id`
WHERE `pharmacy_returns`.`sale_id` = \'39\'
AND `pharmacy_returns`.`approval_status` = \'approved\'', 0)
 2 SYSTEMPATH\Database\BaseConnection.php(738): CodeIgniter\Database\MySQLi\Connection->execute('SELECT `pharmacy_returns`.*, `pharmacy_medicines`.`generic_name` as `medicine_name`, `pharmacy_sale_items`.`unit_selling_price`
FROM `pharmacy_returns`
JOIN `pharmacy_medicines` ON `pharmacy_medicines`.`id` = `pharmacy_returns`.`medicine_id`
JOIN `pharmacy_sale_items` ON `pharmacy_sale_items`.`id` = `pharmacy_returns`.`sale_item_id`
WHERE `pharmacy_returns`.`sale_id` = \'39\'
AND `pharmacy_returns`.`approval_status` = \'approved\'')
 3 SYSTEMPATH\Database\BaseConnection.php(652): CodeIgniter\Database\BaseConnection->simpleQuery('SELECT `pharmacy_returns`.*, `pharmacy_medicines`.`generic_name` as `medicine_name`, `pharmacy_sale_items`.`unit_selling_price`
FROM `pharmacy_returns`
JOIN `pharmacy_medicines` ON `pharmacy_medicines`.`id` = `pharmacy_returns`.`medicine_id`
JOIN `pharmacy_sale_items` ON `pharmacy_sale_items`.`id` = `pharmacy_returns`.`sale_item_id`
WHERE `pharmacy_returns`.`sale_id` = \'39\'
AND `pharmacy_returns`.`approval_status` = \'approved\'')
 4 SYSTEMPATH\Database\BaseBuilder.php(1649): CodeIgniter\Database\BaseConnection->query('SELECT `pharmacy_returns`.*, `pharmacy_medicines`.`generic_name` as `medicine_name`, `pharmacy_sale_items`.`unit_selling_price`
FROM `pharmacy_returns`
JOIN `pharmacy_medicines` ON `pharmacy_medicines`.`id` = `pharmacy_returns`.`medicine_id`
JOIN `pharmacy_sale_items` ON `pharmacy_sale_items`.`id` = `pharmacy_returns`.`sale_item_id`
WHERE `pharmacy_returns`.`sale_id` = :pharmacy_returns.sale_id:
AND `pharmacy_returns`.`approval_status` = :pharmacy_returns.approval_status:', [...], false)
 5 SYSTEMPATH\Model.php(286): CodeIgniter\Database\BaseBuilder->get()
 6 SYSTEMPATH\BaseModel.php(679): CodeIgniter\Model->doFindAll(0, 0)
 7 APPPATH\Controllers\Pharmacy\Sales.php(741): CodeIgniter\BaseModel->findAll()
 8 SYSTEMPATH\CodeIgniter.php(933): App\Controllers\Pharmacy\Sales->printInvoice('PHM-OP-20250912-00021')
 9 SYSTEMPATH\CodeIgniter.php(507): CodeIgniter\CodeIgniter->runController(Object(App\Controllers\Pharmacy\Sales))
10 SYSTEMPATH\CodeIgniter.php(354): CodeIgniter\CodeIgniter->handleRequest(null, Object(Config\Cache), false)
11 SYSTEMPATH\Boot.php(334): CodeIgniter\CodeIgniter->run()
12 SYSTEMPATH\Boot.php(67): CodeIgniter\Boot::runCodeIgniter(Object(CodeIgniter\CodeIgniter))
13 FCPATH\index.php(46): CodeIgniter\Boot::bootWeb(Object(Config\Paths))
DEBUG - 2025-09-13 09:14:58 --> Session: Class initialized using 'CodeIgniter\Session\Handlers\FileHandler' driver.
DEBUG - 2025-09-13 09:15:19 --> Session: Class initialized using 'CodeIgniter\Session\Handlers\FileHandler' driver.
DEBUG - 2025-09-13 09:15:26 --> Session: Class initialized using 'CodeIgniter\Session\Handlers\FileHandler' driver.
DEBUG - 2025-09-13 09:15:30 --> Session: Class initialized using 'CodeIgniter\Session\Handlers\FileHandler' driver.
DEBUG - 2025-09-13 09:15:53 --> Session: Class initialized using 'CodeIgniter\Session\Handlers\FileHandler' driver.
DEBUG - 2025-09-13 09:15:54 --> Session: Class initialized using 'CodeIgniter\Session\Handlers\FileHandler' driver.
DEBUG - 2025-09-13 09:15:54 --> Session: Class initialized using 'CodeIgniter\Session\Handlers\FileHandler' driver.
DEBUG - 2025-09-13 09:15:54 --> Session: Class initialized using 'CodeIgniter\Session\Handlers\FileHandler' driver.
CRITICAL - 2025-09-13 09:15:54 --> ErrorException: unlink(C:\xampp\htdocs\hms_ram\writable\debugbar/debugbar_1757749044.122841.json): No such file or directory
[Method: GET, Route: /]
in SYSTEMPATH\Debug\Toolbar\Collectors\History.php on line 82.
 1 [internal function]: CodeIgniter\Debug\Exceptions->errorHandler(2, 'unlink(C:\\xampp\\htdocs\\hms_ram\\writable\\debugbar/debugbar_1757749044.122841.json): No such file or directory', 'C:\\xampp\\htdocs\\hms_ram\\system\\Debug\\Toolbar\\Collectors\\History.php', 82)
 2 SYSTEMPATH\Debug\Toolbar\Collectors\History.php(82): unlink('C:\\xampp\\htdocs\\hms_ram\\writable\\debugbar/debugbar_1757749044.122841.json')
 3 SYSTEMPATH\Debug\Toolbar.php(517): CodeIgniter\Debug\Toolbar\Collectors\History->setFiles('1757754954.393296', 20)
 4 SYSTEMPATH\Debug\Toolbar.php(496): CodeIgniter\Debug\Toolbar->format([...], 'html')
 5 APPPATH\Config\Events.php(47): CodeIgniter\Debug\Toolbar->respond()
 6 SYSTEMPATH\Events\Events.php(155): CodeIgniter\Events\Events::Config\{closure}()
 7 SYSTEMPATH\CodeIgniter.php(339): CodeIgniter\Events\Events::trigger('pre_system')
 8 SYSTEMPATH\Boot.php(334): CodeIgniter\CodeIgniter->run()
 9 SYSTEMPATH\Boot.php(67): CodeIgniter\Boot::runCodeIgniter(Object(CodeIgniter\CodeIgniter))
10 FCPATH\index.php(46): CodeIgniter\Boot::bootWeb(Object(Config\Paths))
DEBUG - 2025-09-13 09:19:53 --> Session: Class initialized using 'CodeIgniter\Session\Handlers\FileHandler' driver.
DEBUG - 2025-09-13 09:19:53 --> Session: Class initialized using 'CodeIgniter\Session\Handlers\FileHandler' driver.
DEBUG - 2025-09-13 09:19:53 --> Session: Class initialized using 'CodeIgniter\Session\Handlers\FileHandler' driver.
CRITICAL - 2025-09-13 09:19:53 --> ErrorException: Undefined variable $builder
[Method: GET, Route: pharmacy/sales/invoice/PHM-IP-20250912-00022]
in APPPATH\Controllers\Pharmacy\Sales.php on line 396.
 1 APPPATH\Controllers\Pharmacy\Sales.php(396): CodeIgniter\Debug\Exceptions->errorHandler(2, 'Undefined variable $builder', 'C:\\xampp\\htdocs\\hms_ram\\app\\Controllers\\Pharmacy\\Sales.php', 396)
 2 SYSTEMPATH\CodeIgniter.php(933): App\Controllers\Pharmacy\Sales->invoice('PHM-IP-20250912-00022')
 3 SYSTEMPATH\CodeIgniter.php(507): CodeIgniter\CodeIgniter->runController(Object(App\Controllers\Pharmacy\Sales))
 4 SYSTEMPATH\CodeIgniter.php(354): CodeIgniter\CodeIgniter->handleRequest(null, Object(Config\Cache), false)
 5 SYSTEMPATH\Boot.php(334): CodeIgniter\CodeIgniter->run()
 6 SYSTEMPATH\Boot.php(67): CodeIgniter\Boot::runCodeIgniter(Object(CodeIgniter\CodeIgniter))
 7 FCPATH\index.php(46): CodeIgniter\Boot::bootWeb(Object(Config\Paths))
DEBUG - 2025-09-13 09:20:00 --> Session: Class initialized using 'CodeIgniter\Session\Handlers\FileHandler' driver.
DEBUG - 2025-09-13 09:21:10 --> Session: Class initialized using 'CodeIgniter\Session\Handlers\FileHandler' driver.
DEBUG - 2025-09-13 09:21:11 --> Session: Class initialized using 'CodeIgniter\Session\Handlers\FileHandler' driver.
DEBUG - 2025-09-13 09:21:13 --> Session: Class initialized using 'CodeIgniter\Session\Handlers\FileHandler' driver.
DEBUG - 2025-09-13 09:21:19 --> Session: Class initialized using 'CodeIgniter\Session\Handlers\FileHandler' driver.
DEBUG - 2025-09-13 09:22:02 --> Session: Class initialized using 'CodeIgniter\Session\Handlers\FileHandler' driver.
DEBUG - 2025-09-13 09:22:02 --> Session: Class initialized using 'CodeIgniter\Session\Handlers\FileHandler' driver.
CRITICAL - 2025-09-13 09:22:02 --> ErrorException: Undefined array key "generic_name"
[Method: GET, Route: pharmacy/sales/invoice/PHM-IP-20250912-00022]
in APPPATH\Views\pharmacy\sales\invoice.php on line 244.
 1 APPPATH\Views\pharmacy\sales\invoice.php(244): CodeIgniter\Debug\Exceptions->errorHandler(2, 'Undefined array key "generic_name"', 'C:\\xampp\\htdocs\\hms_ram\\app\\Views\\pharmacy\\sales\\invoice.php', 244)
 2 SYSTEMPATH\View\View.php(224): include('C:\\xampp\\htdocs\\hms_ram\\app\\Views\\pharmacy\\sales\\invoice.php')
 3 SYSTEMPATH\View\View.php(227): CodeIgniter\View\View->CodeIgniter\View\{closure}()
 4 SYSTEMPATH\Common.php(1173): CodeIgniter\View\View->render('pharmacy/sales/invoice', [], true)
 5 APPPATH\Controllers\Pharmacy\Sales.php(421): view('pharmacy/sales/invoice', [...])
 6 SYSTEMPATH\CodeIgniter.php(933): App\Controllers\Pharmacy\Sales->invoice('PHM-IP-20250912-00022')
 7 SYSTEMPATH\CodeIgniter.php(507): CodeIgniter\CodeIgniter->runController(Object(App\Controllers\Pharmacy\Sales))
 8 SYSTEMPATH\CodeIgniter.php(354): CodeIgniter\CodeIgniter->handleRequest(null, Object(Config\Cache), false)
 9 SYSTEMPATH\Boot.php(334): CodeIgniter\CodeIgniter->run()
10 SYSTEMPATH\Boot.php(67): CodeIgniter\Boot::runCodeIgniter(Object(CodeIgniter\CodeIgniter))
11 FCPATH\index.php(46): CodeIgniter\Boot::bootWeb(Object(Config\Paths))
DEBUG - 2025-09-13 09:22:02 --> Session: Class initialized using 'CodeIgniter\Session\Handlers\FileHandler' driver.
CRITICAL - 2025-09-13 09:22:02 --> ErrorException: Undefined array key "generic_name"
[Method: GET, Route: pharmacy/sales/invoice/PHM-OP-20250912-00021]
in APPPATH\Views\pharmacy\sales\invoice.php on line 244.
 1 APPPATH\Views\pharmacy\sales\invoice.php(244): CodeIgniter\Debug\Exceptions->errorHandler(2, 'Undefined array key "generic_name"', 'C:\\xampp\\htdocs\\hms_ram\\app\\Views\\pharmacy\\sales\\invoice.php', 244)
 2 SYSTEMPATH\View\View.php(224): include('C:\\xampp\\htdocs\\hms_ram\\app\\Views\\pharmacy\\sales\\invoice.php')
 3 SYSTEMPATH\View\View.php(227): CodeIgniter\View\View->CodeIgniter\View\{closure}()
 4 SYSTEMPATH\Common.php(1173): CodeIgniter\View\View->render('pharmacy/sales/invoice', [], true)
 5 APPPATH\Controllers\Pharmacy\Sales.php(421): view('pharmacy/sales/invoice', [...])
 6 SYSTEMPATH\CodeIgniter.php(933): App\Controllers\Pharmacy\Sales->invoice('PHM-OP-20250912-00021')
 7 SYSTEMPATH\CodeIgniter.php(507): CodeIgniter\CodeIgniter->runController(Object(App\Controllers\Pharmacy\Sales))
 8 SYSTEMPATH\CodeIgniter.php(354): CodeIgniter\CodeIgniter->handleRequest(null, Object(Config\Cache), false)
 9 SYSTEMPATH\Boot.php(334): CodeIgniter\CodeIgniter->run()
10 SYSTEMPATH\Boot.php(67): CodeIgniter\Boot::runCodeIgniter(Object(CodeIgniter\CodeIgniter))
11 FCPATH\index.php(46): CodeIgniter\Boot::bootWeb(Object(Config\Paths))
DEBUG - 2025-09-13 09:22:04 --> Session: Class initialized using 'CodeIgniter\Session\Handlers\FileHandler' driver.
CRITICAL - 2025-09-13 09:22:04 --> ErrorException: Undefined array key "generic_name"
[Method: GET, Route: pharmacy/sales/invoice/PHM-IP-20250912-00022]
in APPPATH\Views\pharmacy\sales\invoice.php on line 244.
 1 APPPATH\Views\pharmacy\sales\invoice.php(244): CodeIgniter\Debug\Exceptions->errorHandler(2, 'Undefined array key "generic_name"', 'C:\\xampp\\htdocs\\hms_ram\\app\\Views\\pharmacy\\sales\\invoice.php', 244)
 2 SYSTEMPATH\View\View.php(224): include('C:\\xampp\\htdocs\\hms_ram\\app\\Views\\pharmacy\\sales\\invoice.php')
 3 SYSTEMPATH\View\View.php(227): CodeIgniter\View\View->CodeIgniter\View\{closure}()
 4 SYSTEMPATH\Common.php(1173): CodeIgniter\View\View->render('pharmacy/sales/invoice', [], true)
 5 APPPATH\Controllers\Pharmacy\Sales.php(421): view('pharmacy/sales/invoice', [...])
 6 SYSTEMPATH\CodeIgniter.php(933): App\Controllers\Pharmacy\Sales->invoice('PHM-IP-20250912-00022')
 7 SYSTEMPATH\CodeIgniter.php(507): CodeIgniter\CodeIgniter->runController(Object(App\Controllers\Pharmacy\Sales))
 8 SYSTEMPATH\CodeIgniter.php(354): CodeIgniter\CodeIgniter->handleRequest(null, Object(Config\Cache), false)
 9 SYSTEMPATH\Boot.php(334): CodeIgniter\CodeIgniter->run()
10 SYSTEMPATH\Boot.php(67): CodeIgniter\Boot::runCodeIgniter(Object(CodeIgniter\CodeIgniter))
11 FCPATH\index.php(46): CodeIgniter\Boot::bootWeb(Object(Config\Paths))
DEBUG - 2025-09-13 09:22:19 --> Session: Class initialized using 'CodeIgniter\Session\Handlers\FileHandler' driver.
DEBUG - 2025-09-13 09:26:10 --> Session: Class initialized using 'CodeIgniter\Session\Handlers\FileHandler' driver.
DEBUG - 2025-09-13 09:26:10 --> Session: Class initialized using 'CodeIgniter\Session\Handlers\FileHandler' driver.
DEBUG - 2025-09-13 09:45:25 --> Session: Class initialized using 'CodeIgniter\Session\Handlers\FileHandler' driver.
CRITICAL - 2025-09-13 09:45:25 --> ErrorException: Undefined array key "generic_name"
[Method: GET, Route: pharmacy/sales/invoice/PHM-IP-20250912-00022]
in APPPATH\Views\pharmacy\sales\invoice.php on line 244.
 1 APPPATH\Views\pharmacy\sales\invoice.php(244): CodeIgniter\Debug\Exceptions->errorHandler(2, 'Undefined array key "generic_name"', 'C:\\xampp\\htdocs\\hms_ram\\app\\Views\\pharmacy\\sales\\invoice.php', 244)
 2 SYSTEMPATH\View\View.php(224): include('C:\\xampp\\htdocs\\hms_ram\\app\\Views\\pharmacy\\sales\\invoice.php')
 3 SYSTEMPATH\View\View.php(227): CodeIgniter\View\View->CodeIgniter\View\{closure}()
 4 SYSTEMPATH\Common.php(1173): CodeIgniter\View\View->render('pharmacy/sales/invoice', [], true)
 5 APPPATH\Controllers\Pharmacy\Sales.php(733): view('pharmacy/sales/invoice', [...])
 6 SYSTEMPATH\CodeIgniter.php(933): App\Controllers\Pharmacy\Sales->invoice('PHM-IP-20250912-00022')
 7 SYSTEMPATH\CodeIgniter.php(507): CodeIgniter\CodeIgniter->runController(Object(App\Controllers\Pharmacy\Sales))
 8 SYSTEMPATH\CodeIgniter.php(354): CodeIgniter\CodeIgniter->handleRequest(null, Object(Config\Cache), false)
 9 SYSTEMPATH\Boot.php(334): CodeIgniter\CodeIgniter->run()
10 SYSTEMPATH\Boot.php(67): CodeIgniter\Boot::runCodeIgniter(Object(CodeIgniter\CodeIgniter))
11 FCPATH\index.php(46): CodeIgniter\Boot::bootWeb(Object(Config\Paths))
DEBUG - 2025-09-13 09:45:27 --> Session: Class initialized using 'CodeIgniter\Session\Handlers\FileHandler' driver.
CRITICAL - 2025-09-13 09:45:27 --> ErrorException: Undefined array key "generic_name"
[Method: GET, Route: pharmacy/sales/invoice/PHM-IP-20250912-00022]
in APPPATH\Views\pharmacy\sales\invoice.php on line 244.
 1 APPPATH\Views\pharmacy\sales\invoice.php(244): CodeIgniter\Debug\Exceptions->errorHandler(2, 'Undefined array key "generic_name"', 'C:\\xampp\\htdocs\\hms_ram\\app\\Views\\pharmacy\\sales\\invoice.php', 244)
 2 SYSTEMPATH\View\View.php(224): include('C:\\xampp\\htdocs\\hms_ram\\app\\Views\\pharmacy\\sales\\invoice.php')
 3 SYSTEMPATH\View\View.php(227): CodeIgniter\View\View->CodeIgniter\View\{closure}()
 4 SYSTEMPATH\Common.php(1173): CodeIgniter\View\View->render('pharmacy/sales/invoice', [], true)
 5 APPPATH\Controllers\Pharmacy\Sales.php(733): view('pharmacy/sales/invoice', [...])
 6 SYSTEMPATH\CodeIgniter.php(933): App\Controllers\Pharmacy\Sales->invoice('PHM-IP-20250912-00022')
 7 SYSTEMPATH\CodeIgniter.php(507): CodeIgniter\CodeIgniter->runController(Object(App\Controllers\Pharmacy\Sales))
 8 SYSTEMPATH\CodeIgniter.php(354): CodeIgniter\CodeIgniter->handleRequest(null, Object(Config\Cache), false)
 9 SYSTEMPATH\Boot.php(334): CodeIgniter\CodeIgniter->run()
10 SYSTEMPATH\Boot.php(67): CodeIgniter\Boot::runCodeIgniter(Object(CodeIgniter\CodeIgniter))
11 FCPATH\index.php(46): CodeIgniter\Boot::bootWeb(Object(Config\Paths))
DEBUG - 2025-09-13 09:47:31 --> Session: Class initialized using 'CodeIgniter\Session\Handlers\FileHandler' driver.
DEBUG - 2025-09-13 09:52:21 --> Session: Class initialized using 'CodeIgniter\Session\Handlers\FileHandler' driver.
DEBUG - 2025-09-13 09:53:02 --> Session: Class initialized using 'CodeIgniter\Session\Handlers\FileHandler' driver.
DEBUG - 2025-09-13 09:53:02 --> Session: Class initialized using 'CodeIgniter\Session\Handlers\FileHandler' driver.
DEBUG - 2025-09-13 10:05:28 --> Session: Class initialized using 'CodeIgniter\Session\Handlers\FileHandler' driver.
DEBUG - 2025-09-13 10:05:28 --> Session: Class initialized using 'CodeIgniter\Session\Handlers\FileHandler' driver.
CRITICAL - 2025-09-13 10:05:28 --> ErrorException: Undefined variable $netAmountAfterReturns
[Method: GET, Route: pharmacy/sales/invoice/PHM-OP-20250912-00021]
in APPPATH\Views\pharmacy\sales\invoice.php on line 265.
 1 APPPATH\Views\pharmacy\sales\invoice.php(265): CodeIgniter\Debug\Exceptions->errorHandler(2, 'Undefined variable $netAmountAfterReturns', 'C:\\xampp\\htdocs\\hms_ram\\app\\Views\\pharmacy\\sales\\invoice.php', 265)
 2 SYSTEMPATH\View\View.php(224): include('C:\\xampp\\htdocs\\hms_ram\\app\\Views\\pharmacy\\sales\\invoice.php')
 3 SYSTEMPATH\View\View.php(227): CodeIgniter\View\View->CodeIgniter\View\{closure}()
 4 SYSTEMPATH\Common.php(1173): CodeIgniter\View\View->render('pharmacy/sales/invoice', [], true)
 5 APPPATH\Controllers\Pharmacy\Sales.php(733): view('pharmacy/sales/invoice', [...])
 6 SYSTEMPATH\CodeIgniter.php(933): App\Controllers\Pharmacy\Sales->invoice('PHM-OP-20250912-00021')
 7 SYSTEMPATH\CodeIgniter.php(507): CodeIgniter\CodeIgniter->runController(Object(App\Controllers\Pharmacy\Sales))
 8 SYSTEMPATH\CodeIgniter.php(354): CodeIgniter\CodeIgniter->handleRequest(null, Object(Config\Cache), false)
 9 SYSTEMPATH\Boot.php(334): CodeIgniter\CodeIgniter->run()
10 SYSTEMPATH\Boot.php(67): CodeIgniter\Boot::runCodeIgniter(Object(CodeIgniter\CodeIgniter))
11 FCPATH\index.php(46): CodeIgniter\Boot::bootWeb(Object(Config\Paths))
CRITICAL - 2025-09-13 10:05:28 --> ErrorException: Undefined variable $netAmountAfterReturns
[Method: GET, Route: pharmacy/sales/invoice/PHM-IP-20250912-00022]
in APPPATH\Views\pharmacy\sales\invoice.php on line 265.
 1 APPPATH\Views\pharmacy\sales\invoice.php(265): CodeIgniter\Debug\Exceptions->errorHandler(2, 'Undefined variable $netAmountAfterReturns', 'C:\\xampp\\htdocs\\hms_ram\\app\\Views\\pharmacy\\sales\\invoice.php', 265)
 2 SYSTEMPATH\View\View.php(224): include('C:\\xampp\\htdocs\\hms_ram\\app\\Views\\pharmacy\\sales\\invoice.php')
 3 SYSTEMPATH\View\View.php(227): CodeIgniter\View\View->CodeIgniter\View\{closure}()
 4 SYSTEMPATH\Common.php(1173): CodeIgniter\View\View->render('pharmacy/sales/invoice', [], true)
 5 APPPATH\Controllers\Pharmacy\Sales.php(733): view('pharmacy/sales/invoice', [...])
 6 SYSTEMPATH\CodeIgniter.php(933): App\Controllers\Pharmacy\Sales->invoice('PHM-IP-20250912-00022')
 7 SYSTEMPATH\CodeIgniter.php(507): CodeIgniter\CodeIgniter->runController(Object(App\Controllers\Pharmacy\Sales))
 8 SYSTEMPATH\CodeIgniter.php(354): CodeIgniter\CodeIgniter->handleRequest(null, Object(Config\Cache), false)
 9 SYSTEMPATH\Boot.php(334): CodeIgniter\CodeIgniter->run()
10 SYSTEMPATH\Boot.php(67): CodeIgniter\Boot::runCodeIgniter(Object(CodeIgniter\CodeIgniter))
11 FCPATH\index.php(46): CodeIgniter\Boot::bootWeb(Object(Config\Paths))
DEBUG - 2025-09-13 10:05:57 --> Session: Class initialized using 'CodeIgniter\Session\Handlers\FileHandler' driver.
DEBUG - 2025-09-13 10:07:12 --> Session: Class initialized using 'CodeIgniter\Session\Handlers\FileHandler' driver.
DEBUG - 2025-09-13 10:07:56 --> Session: Class initialized using 'CodeIgniter\Session\Handlers\FileHandler' driver.
DEBUG - 2025-09-13 10:07:57 --> Session: Class initialized using 'CodeIgniter\Session\Handlers\FileHandler' driver.
DEBUG - 2025-09-13 10:09:26 --> Session: Class initialized using 'CodeIgniter\Session\Handlers\FileHandler' driver.
DEBUG - 2025-09-13 10:09:27 --> Session: Class initialized using 'CodeIgniter\Session\Handlers\FileHandler' driver.
DEBUG - 2025-09-13 10:09:47 --> Session: Class initialized using 'CodeIgniter\Session\Handlers\FileHandler' driver.
DEBUG - 2025-09-13 10:09:47 --> Session: Class initialized using 'CodeIgniter\Session\Handlers\FileHandler' driver.
DEBUG - 2025-09-13 10:09:51 --> Session: Class initialized using 'CodeIgniter\Session\Handlers\FileHandler' driver.
DEBUG - 2025-09-13 10:16:22 --> Session: Class initialized using 'CodeIgniter\Session\Handlers\FileHandler' driver.
DEBUG - 2025-09-13 10:16:25 --> Session: Class initialized using 'CodeIgniter\Session\Handlers\FileHandler' driver.
DEBUG - 2025-09-13 10:16:27 --> Session: Class initialized using 'CodeIgniter\Session\Handlers\FileHandler' driver.
DEBUG - 2025-09-13 10:16:29 --> Session: Class initialized using 'CodeIgniter\Session\Handlers\FileHandler' driver.
DEBUG - 2025-09-13 10:16:33 --> Session: Class initialized using 'CodeIgniter\Session\Handlers\FileHandler' driver.
DEBUG - 2025-09-13 10:16:36 --> Session: Class initialized using 'CodeIgniter\Session\Handlers\FileHandler' driver.
DEBUG - 2025-09-13 10:16:40 --> Session: Class initialized using 'CodeIgniter\Session\Handlers\FileHandler' driver.
DEBUG - 2025-09-13 10:16:46 --> Session: Class initialized using 'CodeIgniter\Session\Handlers\FileHandler' driver.
DEBUG - 2025-09-13 10:16:50 --> Session: Class initialized using 'CodeIgniter\Session\Handlers\FileHandler' driver.
DEBUG - 2025-09-13 10:16:51 --> Session: Class initialized using 'CodeIgniter\Session\Handlers\FileHandler' driver.
DEBUG - 2025-09-13 10:16:52 --> Session: Class initialized using 'CodeIgniter\Session\Handlers\FileHandler' driver.
DEBUG - 2025-09-13 10:17:00 --> Session: Class initialized using 'CodeIgniter\Session\Handlers\FileHandler' driver.
DEBUG - 2025-09-13 10:17:02 --> Session: Class initialized using 'CodeIgniter\Session\Handlers\FileHandler' driver.
DEBUG - 2025-09-13 10:17:20 --> Session: Class initialized using 'CodeIgniter\Session\Handlers\FileHandler' driver.
DEBUG - 2025-09-13 10:17:26 --> Session: Class initialized using 'CodeIgniter\Session\Handlers\FileHandler' driver.
DEBUG - 2025-09-13 10:17:42 --> Session: Class initialized using 'CodeIgniter\Session\Handlers\FileHandler' driver.
DEBUG - 2025-09-13 10:18:05 --> Session: Class initialized using 'CodeIgniter\Session\Handlers\FileHandler' driver.
DEBUG - 2025-09-13 10:18:10 --> Session: Class initialized using 'CodeIgniter\Session\Handlers\FileHandler' driver.
DEBUG - 2025-09-13 10:18:10 --> Session: Class initialized using 'CodeIgniter\Session\Handlers\FileHandler' driver.
DEBUG - 2025-09-13 10:18:21 --> Session: Class initialized using 'CodeIgniter\Session\Handlers\FileHandler' driver.
DEBUG - 2025-09-13 10:18:21 --> Session: Class initialized using 'CodeIgniter\Session\Handlers\FileHandler' driver.
DEBUG - 2025-09-13 10:18:34 --> Session: Class initialized using 'CodeIgniter\Session\Handlers\FileHandler' driver.
DEBUG - 2025-09-13 10:18:38 --> Session: Class initialized using 'CodeIgniter\Session\Handlers\FileHandler' driver.
DEBUG - 2025-09-13 10:18:41 --> Session: Class initialized using 'CodeIgniter\Session\Handlers\FileHandler' driver.
DEBUG - 2025-09-13 10:18:42 --> Session: Class initialized using 'CodeIgniter\Session\Handlers\FileHandler' driver.
DEBUG - 2025-09-13 10:18:49 --> Session: Class initialized using 'CodeIgniter\Session\Handlers\FileHandler' driver.
DEBUG - 2025-09-13 10:18:50 --> Session: Class initialized using 'CodeIgniter\Session\Handlers\FileHandler' driver.
DEBUG - 2025-09-13 10:19:03 --> Session: Class initialized using 'CodeIgniter\Session\Handlers\FileHandler' driver.
DEBUG - 2025-09-13 10:19:04 --> Session: Class initialized using 'CodeIgniter\Session\Handlers\FileHandler' driver.
DEBUG - 2025-09-13 10:39:52 --> Session: Class initialized using 'CodeIgniter\Session\Handlers\FileHandler' driver.
DEBUG - 2025-09-13 10:39:52 --> Session: Class initialized using 'CodeIgniter\Session\Handlers\FileHandler' driver.
DEBUG - 2025-09-13 10:39:53 --> Session: Class initialized using 'CodeIgniter\Session\Handlers\FileHandler' driver.
DEBUG - 2025-09-13 10:39:53 --> Session: Class initialized using 'CodeIgniter\Session\Handlers\FileHandler' driver.
CRITICAL - 2025-09-13 10:39:54 --> ErrorException: unlink(C:\xampp\htdocs\hms_ram\writable\debugbar/debugbar_1757758685.800081.json): No such file or directory
[Method: GET, Route: /]
in SYSTEMPATH\Debug\Toolbar\Collectors\History.php on line 82.
 1 [internal function]: CodeIgniter\Debug\Exceptions->errorHandler(2, 'unlink(C:\\xampp\\htdocs\\hms_ram\\writable\\debugbar/debugbar_1757758685.800081.json): No such file or directory', 'C:\\xampp\\htdocs\\hms_ram\\system\\Debug\\Toolbar\\Collectors\\History.php', 82)
 2 SYSTEMPATH\Debug\Toolbar\Collectors\History.php(82): unlink('C:\\xampp\\htdocs\\hms_ram\\writable\\debugbar/debugbar_1757758685.800081.json')
 3 SYSTEMPATH\Debug\Toolbar.php(517): CodeIgniter\Debug\Toolbar\Collectors\History->setFiles('1757759992.933422', 20)
 4 SYSTEMPATH\Debug\Toolbar.php(496): CodeIgniter\Debug\Toolbar->format([...], 'html')
 5 APPPATH\Config\Events.php(47): CodeIgniter\Debug\Toolbar->respond()
 6 SYSTEMPATH\Events\Events.php(155): CodeIgniter\Events\Events::Config\{closure}()
 7 SYSTEMPATH\CodeIgniter.php(339): CodeIgniter\Events\Events::trigger('pre_system')
 8 SYSTEMPATH\Boot.php(334): CodeIgniter\CodeIgniter->run()
 9 SYSTEMPATH\Boot.php(67): CodeIgniter\Boot::runCodeIgniter(Object(CodeIgniter\CodeIgniter))
10 FCPATH\index.php(46): CodeIgniter\Boot::bootWeb(Object(Config\Paths))
DEBUG - 2025-09-13 10:40:00 --> Session: Class initialized using 'CodeIgniter\Session\Handlers\FileHandler' driver.
DEBUG - 2025-09-13 10:40:00 --> Session: Class initialized using 'CodeIgniter\Session\Handlers\FileHandler' driver.
DEBUG - 2025-09-13 10:40:00 --> Session: Class initialized using 'CodeIgniter\Session\Handlers\FileHandler' driver.
DEBUG - 2025-09-13 10:40:37 --> Session: Class initialized using 'CodeIgniter\Session\Handlers\FileHandler' driver.
DEBUG - 2025-09-13 10:40:38 --> Session: Class initialized using 'CodeIgniter\Session\Handlers\FileHandler' driver.
DEBUG - 2025-09-13 10:40:38 --> Session: Class initialized using 'CodeIgniter\Session\Handlers\FileHandler' driver.
DEBUG - 2025-09-13 10:40:41 --> Session: Class initialized using 'CodeIgniter\Session\Handlers\FileHandler' driver.
DEBUG - 2025-09-13 10:40:41 --> Session: Class initialized using 'CodeIgniter\Session\Handlers\FileHandler' driver.
DEBUG - 2025-09-13 10:40:41 --> Session: Class initialized using 'CodeIgniter\Session\Handlers\FileHandler' driver.
DEBUG - 2025-09-13 10:41:33 --> Session: Class initialized using 'CodeIgniter\Session\Handlers\FileHandler' driver.
DEBUG - 2025-09-13 10:41:33 --> Session: Class initialized using 'CodeIgniter\Session\Handlers\FileHandler' driver.
DEBUG - 2025-09-13 10:41:34 --> Session: Class initialized using 'CodeIgniter\Session\Handlers\FileHandler' driver.
CRITICAL - 2025-09-13 10:41:34 --> ErrorException: unlink(C:\xampp\htdocs\hms_ram\writable\debugbar/debugbar_1757760000.603069.json): No such file or directory
[Method: GET, Route: /]
in SYSTEMPATH\Debug\Toolbar\Collectors\History.php on line 82.
 1 [internal function]: CodeIgniter\Debug\Exceptions->errorHandler(2, 'unlink(C:\\xampp\\htdocs\\hms_ram\\writable\\debugbar/debugbar_1757760000.603069.json): No such file or directory', 'C:\\xampp\\htdocs\\hms_ram\\system\\Debug\\Toolbar\\Collectors\\History.php', 82)
 2 SYSTEMPATH\Debug\Toolbar\Collectors\History.php(82): unlink('C:\\xampp\\htdocs\\hms_ram\\writable\\debugbar/debugbar_1757760000.603069.json')
 3 SYSTEMPATH\Debug\Toolbar.php(517): CodeIgniter\Debug\Toolbar\Collectors\History->setFiles('1757760094.014345', 20)
 4 SYSTEMPATH\Debug\Toolbar.php(496): CodeIgniter\Debug\Toolbar->format([...], 'html')
 5 APPPATH\Config\Events.php(47): CodeIgniter\Debug\Toolbar->respond()
 6 SYSTEMPATH\Events\Events.php(155): CodeIgniter\Events\Events::Config\{closure}()
 7 SYSTEMPATH\CodeIgniter.php(339): CodeIgniter\Events\Events::trigger('pre_system')
 8 SYSTEMPATH\Boot.php(334): CodeIgniter\CodeIgniter->run()
 9 SYSTEMPATH\Boot.php(67): CodeIgniter\Boot::runCodeIgniter(Object(CodeIgniter\CodeIgniter))
10 FCPATH\index.php(46): CodeIgniter\Boot::bootWeb(Object(Config\Paths))
DEBUG - 2025-09-13 10:41:36 --> Session: Class initialized using 'CodeIgniter\Session\Handlers\FileHandler' driver.
DEBUG - 2025-09-13 10:41:37 --> Session: Class initialized using 'CodeIgniter\Session\Handlers\FileHandler' driver.
DEBUG - 2025-09-13 10:44:57 --> Session: Class initialized using 'CodeIgniter\Session\Handlers\FileHandler' driver.
DEBUG - 2025-09-13 11:04:38 --> Session: Class initialized using 'CodeIgniter\Session\Handlers\FileHandler' driver.
DEBUG - 2025-09-13 11:04:38 --> Session: Class initialized using 'CodeIgniter\Session\Handlers\FileHandler' driver.
DEBUG - 2025-09-13 11:04:38 --> Session: Class initialized using 'CodeIgniter\Session\Handlers\FileHandler' driver.
DEBUG - 2025-09-13 11:05:37 --> Session: Class initialized using 'CodeIgniter\Session\Handlers\FileHandler' driver.
DEBUG - 2025-09-13 11:05:41 --> Session: Class initialized using 'CodeIgniter\Session\Handlers\FileHandler' driver.
DEBUG - 2025-09-13 11:22:13 --> Session: Class initialized using 'CodeIgniter\Session\Handlers\FileHandler' driver.
DEBUG - 2025-09-13 11:22:13 --> Session: Class initialized using 'CodeIgniter\Session\Handlers\FileHandler' driver.
DEBUG - 2025-09-13 11:22:13 --> Session: Class initialized using 'CodeIgniter\Session\Handlers\FileHandler' driver.
DEBUG - 2025-09-13 11:22:33 --> Session: Class initialized using 'CodeIgniter\Session\Handlers\FileHandler' driver.
DEBUG - 2025-09-13 11:22:33 --> Session: Class initialized using 'CodeIgniter\Session\Handlers\FileHandler' driver.
DEBUG - 2025-09-13 11:22:33 --> Session: Class initialized using 'CodeIgniter\Session\Handlers\FileHandler' driver.
DEBUG - 2025-09-13 11:23:59 --> Session: Class initialized using 'CodeIgniter\Session\Handlers\FileHandler' driver.
DEBUG - 2025-09-13 11:24:00 --> Session: Class initialized using 'CodeIgniter\Session\Handlers\FileHandler' driver.
DEBUG - 2025-09-13 11:24:00 --> Session: Class initialized using 'CodeIgniter\Session\Handlers\FileHandler' driver.
DEBUG - 2025-09-13 11:24:13 --> Session: Class initialized using 'CodeIgniter\Session\Handlers\FileHandler' driver.
DEBUG - 2025-09-13 11:24:13 --> Session: Class initialized using 'CodeIgniter\Session\Handlers\FileHandler' driver.
DEBUG - 2025-09-13 11:24:13 --> Session: Class initialized using 'CodeIgniter\Session\Handlers\FileHandler' driver.
DEBUG - 2025-09-13 11:24:24 --> Session: Class initialized using 'CodeIgniter\Session\Handlers\FileHandler' driver.
DEBUG - 2025-09-13 11:24:24 --> Session: Class initialized using 'CodeIgniter\Session\Handlers\FileHandler' driver.
DEBUG - 2025-09-13 11:24:24 --> Session: Class initialized using 'CodeIgniter\Session\Handlers\FileHandler' driver.
DEBUG - 2025-09-13 11:24:27 --> Session: Class initialized using 'CodeIgniter\Session\Handlers\FileHandler' driver.
DEBUG - 2025-09-13 11:24:27 --> Session: Class initialized using 'CodeIgniter\Session\Handlers\FileHandler' driver.
DEBUG - 2025-09-13 11:24:27 --> Session: Class initialized using 'CodeIgniter\Session\Handlers\FileHandler' driver.
DEBUG - 2025-09-13 11:25:26 --> Session: Class initialized using 'CodeIgniter\Session\Handlers\FileHandler' driver.
DEBUG - 2025-09-13 11:25:52 --> Session: Class initialized using 'CodeIgniter\Session\Handlers\FileHandler' driver.
DEBUG - 2025-09-13 11:25:52 --> Session: Class initialized using 'CodeIgniter\Session\Handlers\FileHandler' driver.
DEBUG - 2025-09-13 11:25:52 --> Session: Class initialized using 'CodeIgniter\Session\Handlers\FileHandler' driver.
DEBUG - 2025-09-13 11:26:00 --> Session: Class initialized using 'CodeIgniter\Session\Handlers\FileHandler' driver.
DEBUG - 2025-09-13 11:26:01 --> Session: Class initialized using 'CodeIgniter\Session\Handlers\FileHandler' driver.
DEBUG - 2025-09-13 11:26:01 --> Session: Class initialized using 'CodeIgniter\Session\Handlers\FileHandler' driver.
DEBUG - 2025-09-13 11:26:05 --> Session: Class initialized using 'CodeIgniter\Session\Handlers\FileHandler' driver.
DEBUG - 2025-09-13 11:26:06 --> Session: Class initialized using 'CodeIgniter\Session\Handlers\FileHandler' driver.
DEBUG - 2025-09-13 11:26:06 --> Session: Class initialized using 'CodeIgniter\Session\Handlers\FileHandler' driver.
DEBUG - 2025-09-13 11:27:38 --> Session: Class initialized using 'CodeIgniter\Session\Handlers\FileHandler' driver.
DEBUG - 2025-09-13 11:27:39 --> Session: Class initialized using 'CodeIgniter\Session\Handlers\FileHandler' driver.
DEBUG - 2025-09-13 11:27:39 --> Session: Class initialized using 'CodeIgniter\Session\Handlers\FileHandler' driver.
DEBUG - 2025-09-13 11:28:07 --> Session: Class initialized using 'CodeIgniter\Session\Handlers\FileHandler' driver.
DEBUG - 2025-09-13 11:28:07 --> Session: Class initialized using 'CodeIgniter\Session\Handlers\FileHandler' driver.
DEBUG - 2025-09-13 11:28:08 --> Session: Class initialized using 'CodeIgniter\Session\Handlers\FileHandler' driver.
DEBUG - 2025-09-13 11:28:16 --> Session: Class initialized using 'CodeIgniter\Session\Handlers\FileHandler' driver.
DEBUG - 2025-09-13 11:46:22 --> Session: Class initialized using 'CodeIgniter\Session\Handlers\FileHandler' driver.
DEBUG - 2025-09-13 11:46:23 --> Session: Class initialized using 'CodeIgniter\Session\Handlers\FileHandler' driver.
DEBUG - 2025-09-13 11:46:23 --> Session: Class initialized using 'CodeIgniter\Session\Handlers\FileHandler' driver.
DEBUG - 2025-09-13 11:48:46 --> Session: Class initialized using 'CodeIgniter\Session\Handlers\FileHandler' driver.
DEBUG - 2025-09-13 11:59:33 --> Session: Class initialized using 'CodeIgniter\Session\Handlers\FileHandler' driver.
DEBUG - 2025-09-13 11:59:33 --> Session: Class initialized using 'CodeIgniter\Session\Handlers\FileHandler' driver.
CRITICAL - 2025-09-13 11:59:33 --> ErrorException: Undefined variable $totalReturnAmountExclGST
[Method: GET, Route: pharmacy/sales/invoice/PHM-IP-20250912-00022]
in APPPATH\Views\pharmacy\sales\invoice.php on line 281.
 1 APPPATH\Views\pharmacy\sales\invoice.php(281): CodeIgniter\Debug\Exceptions->errorHandler(2, 'Undefined variable $totalReturnAmountExclGST', 'C:\\xampp\\htdocs\\hms_ram\\app\\Views\\pharmacy\\sales\\invoice.php', 281)
 2 SYSTEMPATH\View\View.php(224): include('C:\\xampp\\htdocs\\hms_ram\\app\\Views\\pharmacy\\sales\\invoice.php')
 3 SYSTEMPATH\View\View.php(227): CodeIgniter\View\View->CodeIgniter\View\{closure}()
 4 SYSTEMPATH\Common.php(1173): CodeIgniter\View\View->render('pharmacy/sales/invoice', [], true)
 5 APPPATH\Controllers\Pharmacy\Sales.php(766): view('pharmacy/sales/invoice', [...])
 6 SYSTEMPATH\CodeIgniter.php(933): App\Controllers\Pharmacy\Sales->invoice('PHM-IP-20250912-00022')
 7 SYSTEMPATH\CodeIgniter.php(507): CodeIgniter\CodeIgniter->runController(Object(App\Controllers\Pharmacy\Sales))
 8 SYSTEMPATH\CodeIgniter.php(354): CodeIgniter\CodeIgniter->handleRequest(null, Object(Config\Cache), false)
 9 SYSTEMPATH\Boot.php(334): CodeIgniter\CodeIgniter->run()
10 SYSTEMPATH\Boot.php(67): CodeIgniter\Boot::runCodeIgniter(Object(CodeIgniter\CodeIgniter))
11 FCPATH\index.php(46): CodeIgniter\Boot::bootWeb(Object(Config\Paths))
CRITICAL - 2025-09-13 11:59:33 --> ErrorException: Undefined variable $totalReturnAmountExclGST
[Method: GET, Route: pharmacy/sales/invoice/PHM-OP-20250912-00021]
in APPPATH\Views\pharmacy\sales\invoice.php on line 276.
 1 APPPATH\Views\pharmacy\sales\invoice.php(276): CodeIgniter\Debug\Exceptions->errorHandler(2, 'Undefined variable $totalReturnAmountExclGST', 'C:\\xampp\\htdocs\\hms_ram\\app\\Views\\pharmacy\\sales\\invoice.php', 276)
 2 SYSTEMPATH\View\View.php(224): include('C:\\xampp\\htdocs\\hms_ram\\app\\Views\\pharmacy\\sales\\invoice.php')
 3 SYSTEMPATH\View\View.php(227): CodeIgniter\View\View->CodeIgniter\View\{closure}()
 4 SYSTEMPATH\Common.php(1173): CodeIgniter\View\View->render('pharmacy/sales/invoice', [], true)
 5 APPPATH\Controllers\Pharmacy\Sales.php(766): view('pharmacy/sales/invoice', [...])
 6 SYSTEMPATH\CodeIgniter.php(933): App\Controllers\Pharmacy\Sales->invoice('PHM-OP-20250912-00021')
 7 SYSTEMPATH\CodeIgniter.php(507): CodeIgniter\CodeIgniter->runController(Object(App\Controllers\Pharmacy\Sales))
 8 SYSTEMPATH\CodeIgniter.php(354): CodeIgniter\CodeIgniter->handleRequest(null, Object(Config\Cache), false)
 9 SYSTEMPATH\Boot.php(334): CodeIgniter\CodeIgniter->run()
10 SYSTEMPATH\Boot.php(67): CodeIgniter\Boot::runCodeIgniter(Object(CodeIgniter\CodeIgniter))
11 FCPATH\index.php(46): CodeIgniter\Boot::bootWeb(Object(Config\Paths))
DEBUG - 2025-09-13 11:59:33 --> Session: Class initialized using 'CodeIgniter\Session\Handlers\FileHandler' driver.
DEBUG - 2025-09-13 12:01:11 --> Session: Class initialized using 'CodeIgniter\Session\Handlers\FileHandler' driver.
DEBUG - 2025-09-13 12:01:13 --> Session: Class initialized using 'CodeIgniter\Session\Handlers\FileHandler' driver.
ERROR - 2025-09-13 12:01:13 --> mysqli_sql_exception: Unknown column 'pharmacy_medicines.brand_name' in 'field list' in C:\xampp\htdocs\hms_ram\system\Database\MySQLi\Connection.php:327
Stack trace:
#0 C:\xampp\htdocs\hms_ram\system\Database\MySQLi\Connection.php(327): mysqli->query('SELECT `pharmac...', 0)
#1 C:\xampp\htdocs\hms_ram\system\Database\BaseConnection.php(738): CodeIgniter\Database\MySQLi\Connection->execute('SELECT `pharmac...')
#2 C:\xampp\htdocs\hms_ram\system\Database\BaseConnection.php(652): CodeIgniter\Database\BaseConnection->simpleQuery('SELECT `pharmac...')
#3 C:\xampp\htdocs\hms_ram\system\Database\BaseBuilder.php(1649): CodeIgniter\Database\BaseConnection->query('SELECT `pharmac...', Array, false)
#4 C:\xampp\htdocs\hms_ram\system\Model.php(286): CodeIgniter\Database\BaseBuilder->get()
#5 C:\xampp\htdocs\hms_ram\system\BaseModel.php(679): CodeIgniter\Model->doFindAll(0, 0)
#6 C:\xampp\htdocs\hms_ram\app\Controllers\Pharmacy\Sales.php(719): CodeIgniter\BaseModel->findAll()
#7 C:\xampp\htdocs\hms_ram\system\CodeIgniter.php(933): App\Controllers\Pharmacy\Sales->invoice('PHM-IP-20250912...')
#8 C:\xampp\htdocs\hms_ram\system\CodeIgniter.php(507): CodeIgniter\CodeIgniter->runController(Object(App\Controllers\Pharmacy\Sales))
#9 C:\xampp\htdocs\hms_ram\system\CodeIgniter.php(354): CodeIgniter\CodeIgniter->handleRequest(NULL, Object(Config\Cache), false)
#10 C:\xampp\htdocs\hms_ram\system\Boot.php(334): CodeIgniter\CodeIgniter->run()
#11 C:\xampp\htdocs\hms_ram\system\Boot.php(67): CodeIgniter\Boot::runCodeIgniter(Object(CodeIgniter\CodeIgniter))
#12 C:\xampp\htdocs\hms_ram\index.php(46): CodeIgniter\Boot::bootWeb(Object(Config\Paths))
#13 {main}
CRITICAL - 2025-09-13 12:01:13 --> CodeIgniter\Database\Exceptions\DatabaseException: Unknown column 'pharmacy_medicines.brand_name' in 'field list'
[Method: GET, Route: pharmacy/sales/invoice/PHM-IP-20250912-00022]
in SYSTEMPATH\Database\BaseConnection.php on line 692.
 1 SYSTEMPATH\Database\BaseBuilder.php(1649): CodeIgniter\Database\BaseConnection->query('SELECT `pharmacy_returns`.*, `pg`.`generic_name`, `pharmacy_medicines`.`brand_name`, `pharmacy_brands`.`brand_name` as `brand_name`, `pharmacy_medicines`.`strength`, `pharmacy_medicines`.`hsn_code`, `pharmacy_medicines`.`gst_rate`, `pharmacy_batches`.`batch_number`, `pharmacy_batches`.`expiry_date`, `pharmacy_units_of_measure`.`name` as `unit_name`, `pharmacy_sale_items`.`unit_selling_price`, `pharmacy_sale_items`.`discount_per_item`
FROM `pharmacy_returns`
JOIN `pharmacy_medicines` ON `pharmacy_medicines`.`id` = `pharmacy_returns`.`medicine_id`
JOIN `pharmacy_brands` ON `pharmacy_brands`.`id` = `pharmacy_medicines`.`brand_id`
JOIN `pharmacy_generics` `pg` ON `pg`.`id` = `pharmacy_medicines`.`generic_id`
JOIN `pharmacy_sale_items` ON `pharmacy_sale_items`.`id` = `pharmacy_returns`.`sale_item_id`
JOIN `pharmacy_batches` ON `pharmacy_batches`.`id` = `pharmacy_returns`.`batch_id`
LEFT JOIN `pharmacy_units_of_measure` ON `pharmacy_units_of_measure`.`id` = `pharmacy_medicines`.`unit_of_measure_id`
WHERE `pharmacy_returns`.`billing_id` = :pharmacy_returns.billing_id:
AND `pharmacy_returns`.`sale_id` IS NULL
AND `pharmacy_returns`.`approval_status` = :pharmacy_returns.approval_status:
AND `pharmacy_returns`.`sale_item_id` IN :pharmacy_returns.sale_item_id:', [...], false)
 2 SYSTEMPATH\Model.php(286): CodeIgniter\Database\BaseBuilder->get()
 3 SYSTEMPATH\BaseModel.php(679): CodeIgniter\Model->doFindAll(0, 0)
 4 APPPATH\Controllers\Pharmacy\Sales.php(719): CodeIgniter\BaseModel->findAll()
 5 SYSTEMPATH\CodeIgniter.php(933): App\Controllers\Pharmacy\Sales->invoice('PHM-IP-20250912-00022')
 6 SYSTEMPATH\CodeIgniter.php(507): CodeIgniter\CodeIgniter->runController(Object(App\Controllers\Pharmacy\Sales))
 7 SYSTEMPATH\CodeIgniter.php(354): CodeIgniter\CodeIgniter->handleRequest(null, Object(Config\Cache), false)
 8 SYSTEMPATH\Boot.php(334): CodeIgniter\CodeIgniter->run()
 9 SYSTEMPATH\Boot.php(67): CodeIgniter\Boot::runCodeIgniter(Object(CodeIgniter\CodeIgniter))
10 FCPATH\index.php(46): CodeIgniter\Boot::bootWeb(Object(Config\Paths))
CRITICAL - 2025-09-13 12:01:13 --> [Caused by] CodeIgniter\Database\Exceptions\DatabaseException: Unknown column 'pharmacy_medicines.brand_name' in 'field list'
in SYSTEMPATH\Database\MySQLi\Connection.php on line 332.
 1 SYSTEMPATH\Database\BaseConnection.php(738): CodeIgniter\Database\MySQLi\Connection->execute('SELECT `pharmacy_returns`.*, `pg`.`generic_name`, `pharmacy_medicines`.`brand_name`, `pharmacy_brands`.`brand_name` as `brand_name`, `pharmacy_medicines`.`strength`, `pharmacy_medicines`.`hsn_code`, `pharmacy_medicines`.`gst_rate`, `pharmacy_batches`.`batch_number`, `pharmacy_batches`.`expiry_date`, `pharmacy_units_of_measure`.`name` as `unit_name`, `pharmacy_sale_items`.`unit_selling_price`, `pharmacy_sale_items`.`discount_per_item`
FROM `pharmacy_returns`
JOIN `pharmacy_medicines` ON `pharmacy_medicines`.`id` = `pharmacy_returns`.`medicine_id`
JOIN `pharmacy_brands` ON `pharmacy_brands`.`id` = `pharmacy_medicines`.`brand_id`
JOIN `pharmacy_generics` `pg` ON `pg`.`id` = `pharmacy_medicines`.`generic_id`
JOIN `pharmacy_sale_items` ON `pharmacy_sale_items`.`id` = `pharmacy_returns`.`sale_item_id`
JOIN `pharmacy_batches` ON `pharmacy_batches`.`id` = `pharmacy_returns`.`batch_id`
LEFT JOIN `pharmacy_units_of_measure` ON `pharmacy_units_of_measure`.`id` = `pharmacy_medicines`.`unit_of_measure_id`
WHERE `pharmacy_returns`.`billing_id` = \'23\'
AND `pharmacy_returns`.`sale_id` IS NULL
AND `pharmacy_returns`.`approval_status` = \'approved\'
AND `pharmacy_returns`.`sale_item_id` IN (\'82\',\'83\')')
 2 SYSTEMPATH\Database\BaseConnection.php(652): CodeIgniter\Database\BaseConnection->simpleQuery('SELECT `pharmacy_returns`.*, `pg`.`generic_name`, `pharmacy_medicines`.`brand_name`, `pharmacy_brands`.`brand_name` as `brand_name`, `pharmacy_medicines`.`strength`, `pharmacy_medicines`.`hsn_code`, `pharmacy_medicines`.`gst_rate`, `pharmacy_batches`.`batch_number`, `pharmacy_batches`.`expiry_date`, `pharmacy_units_of_measure`.`name` as `unit_name`, `pharmacy_sale_items`.`unit_selling_price`, `pharmacy_sale_items`.`discount_per_item`
FROM `pharmacy_returns`
JOIN `pharmacy_medicines` ON `pharmacy_medicines`.`id` = `pharmacy_returns`.`medicine_id`
JOIN `pharmacy_brands` ON `pharmacy_brands`.`id` = `pharmacy_medicines`.`brand_id`
JOIN `pharmacy_generics` `pg` ON `pg`.`id` = `pharmacy_medicines`.`generic_id`
JOIN `pharmacy_sale_items` ON `pharmacy_sale_items`.`id` = `pharmacy_returns`.`sale_item_id`
JOIN `pharmacy_batches` ON `pharmacy_batches`.`id` = `pharmacy_returns`.`batch_id`
LEFT JOIN `pharmacy_units_of_measure` ON `pharmacy_units_of_measure`.`id` = `pharmacy_medicines`.`unit_of_measure_id`
WHERE `pharmacy_returns`.`billing_id` = \'23\'
AND `pharmacy_returns`.`sale_id` IS NULL
AND `pharmacy_returns`.`approval_status` = \'approved\'
AND `pharmacy_returns`.`sale_item_id` IN (\'82\',\'83\')')
 3 SYSTEMPATH\Database\BaseBuilder.php(1649): CodeIgniter\Database\BaseConnection->query('SELECT `pharmacy_returns`.*, `pg`.`generic_name`, `pharmacy_medicines`.`brand_name`, `pharmacy_brands`.`brand_name` as `brand_name`, `pharmacy_medicines`.`strength`, `pharmacy_medicines`.`hsn_code`, `pharmacy_medicines`.`gst_rate`, `pharmacy_batches`.`batch_number`, `pharmacy_batches`.`expiry_date`, `pharmacy_units_of_measure`.`name` as `unit_name`, `pharmacy_sale_items`.`unit_selling_price`, `pharmacy_sale_items`.`discount_per_item`
FROM `pharmacy_returns`
JOIN `pharmacy_medicines` ON `pharmacy_medicines`.`id` = `pharmacy_returns`.`medicine_id`
JOIN `pharmacy_brands` ON `pharmacy_brands`.`id` = `pharmacy_medicines`.`brand_id`
JOIN `pharmacy_generics` `pg` ON `pg`.`id` = `pharmacy_medicines`.`generic_id`
JOIN `pharmacy_sale_items` ON `pharmacy_sale_items`.`id` = `pharmacy_returns`.`sale_item_id`
JOIN `pharmacy_batches` ON `pharmacy_batches`.`id` = `pharmacy_returns`.`batch_id`
LEFT JOIN `pharmacy_units_of_measure` ON `pharmacy_units_of_measure`.`id` = `pharmacy_medicines`.`unit_of_measure_id`
WHERE `pharmacy_returns`.`billing_id` = :pharmacy_returns.billing_id:
AND `pharmacy_returns`.`sale_id` IS NULL
AND `pharmacy_returns`.`approval_status` = :pharmacy_returns.approval_status:
AND `pharmacy_returns`.`sale_item_id` IN :pharmacy_returns.sale_item_id:', [...], false)
 4 SYSTEMPATH\Model.php(286): CodeIgniter\Database\BaseBuilder->get()
 5 SYSTEMPATH\BaseModel.php(679): CodeIgniter\Model->doFindAll(0, 0)
 6 APPPATH\Controllers\Pharmacy\Sales.php(719): CodeIgniter\BaseModel->findAll()
 7 SYSTEMPATH\CodeIgniter.php(933): App\Controllers\Pharmacy\Sales->invoice('PHM-IP-20250912-00022')
 8 SYSTEMPATH\CodeIgniter.php(507): CodeIgniter\CodeIgniter->runController(Object(App\Controllers\Pharmacy\Sales))
 9 SYSTEMPATH\CodeIgniter.php(354): CodeIgniter\CodeIgniter->handleRequest(null, Object(Config\Cache), false)
10 SYSTEMPATH\Boot.php(334): CodeIgniter\CodeIgniter->run()
11 SYSTEMPATH\Boot.php(67): CodeIgniter\Boot::runCodeIgniter(Object(CodeIgniter\CodeIgniter))
12 FCPATH\index.php(46): CodeIgniter\Boot::bootWeb(Object(Config\Paths))
CRITICAL - 2025-09-13 12:01:13 --> [Caused by] mysqli_sql_exception: Unknown column 'pharmacy_medicines.brand_name' in 'field list'
in SYSTEMPATH\Database\MySQLi\Connection.php on line 327.
 1 SYSTEMPATH\Database\MySQLi\Connection.php(327): mysqli->query('SELECT `pharmacy_returns`.*, `pg`.`generic_name`, `pharmacy_medicines`.`brand_name`, `pharmacy_brands`.`brand_name` as `brand_name`, `pharmacy_medicines`.`strength`, `pharmacy_medicines`.`hsn_code`, `pharmacy_medicines`.`gst_rate`, `pharmacy_batches`.`batch_number`, `pharmacy_batches`.`expiry_date`, `pharmacy_units_of_measure`.`name` as `unit_name`, `pharmacy_sale_items`.`unit_selling_price`, `pharmacy_sale_items`.`discount_per_item`
FROM `pharmacy_returns`
JOIN `pharmacy_medicines` ON `pharmacy_medicines`.`id` = `pharmacy_returns`.`medicine_id`
JOIN `pharmacy_brands` ON `pharmacy_brands`.`id` = `pharmacy_medicines`.`brand_id`
JOIN `pharmacy_generics` `pg` ON `pg`.`id` = `pharmacy_medicines`.`generic_id`
JOIN `pharmacy_sale_items` ON `pharmacy_sale_items`.`id` = `pharmacy_returns`.`sale_item_id`
JOIN `pharmacy_batches` ON `pharmacy_batches`.`id` = `pharmacy_returns`.`batch_id`
LEFT JOIN `pharmacy_units_of_measure` ON `pharmacy_units_of_measure`.`id` = `pharmacy_medicines`.`unit_of_measure_id`
WHERE `pharmacy_returns`.`billing_id` = \'23\'
AND `pharmacy_returns`.`sale_id` IS NULL
AND `pharmacy_returns`.`approval_status` = \'approved\'
AND `pharmacy_returns`.`sale_item_id` IN (\'82\',\'83\')', 0)
 2 SYSTEMPATH\Database\BaseConnection.php(738): CodeIgniter\Database\MySQLi\Connection->execute('SELECT `pharmacy_returns`.*, `pg`.`generic_name`, `pharmacy_medicines`.`brand_name`, `pharmacy_brands`.`brand_name` as `brand_name`, `pharmacy_medicines`.`strength`, `pharmacy_medicines`.`hsn_code`, `pharmacy_medicines`.`gst_rate`, `pharmacy_batches`.`batch_number`, `pharmacy_batches`.`expiry_date`, `pharmacy_units_of_measure`.`name` as `unit_name`, `pharmacy_sale_items`.`unit_selling_price`, `pharmacy_sale_items`.`discount_per_item`
FROM `pharmacy_returns`
JOIN `pharmacy_medicines` ON `pharmacy_medicines`.`id` = `pharmacy_returns`.`medicine_id`
JOIN `pharmacy_brands` ON `pharmacy_brands`.`id` = `pharmacy_medicines`.`brand_id`
JOIN `pharmacy_generics` `pg` ON `pg`.`id` = `pharmacy_medicines`.`generic_id`
JOIN `pharmacy_sale_items` ON `pharmacy_sale_items`.`id` = `pharmacy_returns`.`sale_item_id`
JOIN `pharmacy_batches` ON `pharmacy_batches`.`id` = `pharmacy_returns`.`batch_id`
LEFT JOIN `pharmacy_units_of_measure` ON `pharmacy_units_of_measure`.`id` = `pharmacy_medicines`.`unit_of_measure_id`
WHERE `pharmacy_returns`.`billing_id` = \'23\'
AND `pharmacy_returns`.`sale_id` IS NULL
AND `pharmacy_returns`.`approval_status` = \'approved\'
AND `pharmacy_returns`.`sale_item_id` IN (\'82\',\'83\')')
 3 SYSTEMPATH\Database\BaseConnection.php(652): CodeIgniter\Database\BaseConnection->simpleQuery('SELECT `pharmacy_returns`.*, `pg`.`generic_name`, `pharmacy_medicines`.`brand_name`, `pharmacy_brands`.`brand_name` as `brand_name`, `pharmacy_medicines`.`strength`, `pharmacy_medicines`.`hsn_code`, `pharmacy_medicines`.`gst_rate`, `pharmacy_batches`.`batch_number`, `pharmacy_batches`.`expiry_date`, `pharmacy_units_of_measure`.`name` as `unit_name`, `pharmacy_sale_items`.`unit_selling_price`, `pharmacy_sale_items`.`discount_per_item`
FROM `pharmacy_returns`
JOIN `pharmacy_medicines` ON `pharmacy_medicines`.`id` = `pharmacy_returns`.`medicine_id`
JOIN `pharmacy_brands` ON `pharmacy_brands`.`id` = `pharmacy_medicines`.`brand_id`
JOIN `pharmacy_generics` `pg` ON `pg`.`id` = `pharmacy_medicines`.`generic_id`
JOIN `pharmacy_sale_items` ON `pharmacy_sale_items`.`id` = `pharmacy_returns`.`sale_item_id`
JOIN `pharmacy_batches` ON `pharmacy_batches`.`id` = `pharmacy_returns`.`batch_id`
LEFT JOIN `pharmacy_units_of_measure` ON `pharmacy_units_of_measure`.`id` = `pharmacy_medicines`.`unit_of_measure_id`
WHERE `pharmacy_returns`.`billing_id` = \'23\'
AND `pharmacy_returns`.`sale_id` IS NULL
AND `pharmacy_returns`.`approval_status` = \'approved\'
AND `pharmacy_returns`.`sale_item_id` IN (\'82\',\'83\')')
 4 SYSTEMPATH\Database\BaseBuilder.php(1649): CodeIgniter\Database\BaseConnection->query('SELECT `pharmacy_returns`.*, `pg`.`generic_name`, `pharmacy_medicines`.`brand_name`, `pharmacy_brands`.`brand_name` as `brand_name`, `pharmacy_medicines`.`strength`, `pharmacy_medicines`.`hsn_code`, `pharmacy_medicines`.`gst_rate`, `pharmacy_batches`.`batch_number`, `pharmacy_batches`.`expiry_date`, `pharmacy_units_of_measure`.`name` as `unit_name`, `pharmacy_sale_items`.`unit_selling_price`, `pharmacy_sale_items`.`discount_per_item`
FROM `pharmacy_returns`
JOIN `pharmacy_medicines` ON `pharmacy_medicines`.`id` = `pharmacy_returns`.`medicine_id`
JOIN `pharmacy_brands` ON `pharmacy_brands`.`id` = `pharmacy_medicines`.`brand_id`
JOIN `pharmacy_generics` `pg` ON `pg`.`id` = `pharmacy_medicines`.`generic_id`
JOIN `pharmacy_sale_items` ON `pharmacy_sale_items`.`id` = `pharmacy_returns`.`sale_item_id`
JOIN `pharmacy_batches` ON `pharmacy_batches`.`id` = `pharmacy_returns`.`batch_id`
LEFT JOIN `pharmacy_units_of_measure` ON `pharmacy_units_of_measure`.`id` = `pharmacy_medicines`.`unit_of_measure_id`
WHERE `pharmacy_returns`.`billing_id` = :pharmacy_returns.billing_id:
AND `pharmacy_returns`.`sale_id` IS NULL
AND `pharmacy_returns`.`approval_status` = :pharmacy_returns.approval_status:
AND `pharmacy_returns`.`sale_item_id` IN :pharmacy_returns.sale_item_id:', [...], false)
 5 SYSTEMPATH\Model.php(286): CodeIgniter\Database\BaseBuilder->get()
 6 SYSTEMPATH\BaseModel.php(679): CodeIgniter\Model->doFindAll(0, 0)
 7 APPPATH\Controllers\Pharmacy\Sales.php(719): CodeIgniter\BaseModel->findAll()
 8 SYSTEMPATH\CodeIgniter.php(933): App\Controllers\Pharmacy\Sales->invoice('PHM-IP-20250912-00022')
 9 SYSTEMPATH\CodeIgniter.php(507): CodeIgniter\CodeIgniter->runController(Object(App\Controllers\Pharmacy\Sales))
10 SYSTEMPATH\CodeIgniter.php(354): CodeIgniter\CodeIgniter->handleRequest(null, Object(Config\Cache), false)
11 SYSTEMPATH\Boot.php(334): CodeIgniter\CodeIgniter->run()
12 SYSTEMPATH\Boot.php(67): CodeIgniter\Boot::runCodeIgniter(Object(CodeIgniter\CodeIgniter))
13 FCPATH\index.php(46): CodeIgniter\Boot::bootWeb(Object(Config\Paths))
DEBUG - 2025-09-13 12:01:14 --> Session: Class initialized using 'CodeIgniter\Session\Handlers\FileHandler' driver.
ERROR - 2025-09-13 12:01:14 --> mysqli_sql_exception: Unknown column 'pharmacy_medicines.brand_name' in 'field list' in C:\xampp\htdocs\hms_ram\system\Database\MySQLi\Connection.php:327
Stack trace:
#0 C:\xampp\htdocs\hms_ram\system\Database\MySQLi\Connection.php(327): mysqli->query('SELECT `pharmac...', 0)
#1 C:\xampp\htdocs\hms_ram\system\Database\BaseConnection.php(738): CodeIgniter\Database\MySQLi\Connection->execute('SELECT `pharmac...')
#2 C:\xampp\htdocs\hms_ram\system\Database\BaseConnection.php(652): CodeIgniter\Database\BaseConnection->simpleQuery('SELECT `pharmac...')
#3 C:\xampp\htdocs\hms_ram\system\Database\BaseBuilder.php(1649): CodeIgniter\Database\BaseConnection->query('SELECT `pharmac...', Array, false)
#4 C:\xampp\htdocs\hms_ram\system\Model.php(286): CodeIgniter\Database\BaseBuilder->get()
#5 C:\xampp\htdocs\hms_ram\system\BaseModel.php(679): CodeIgniter\Model->doFindAll(0, 0)
#6 C:\xampp\htdocs\hms_ram\app\Controllers\Pharmacy\Sales.php(719): CodeIgniter\BaseModel->findAll()
#7 C:\xampp\htdocs\hms_ram\system\CodeIgniter.php(933): App\Controllers\Pharmacy\Sales->invoice('PHM-IP-20250912...')
#8 C:\xampp\htdocs\hms_ram\system\CodeIgniter.php(507): CodeIgniter\CodeIgniter->runController(Object(App\Controllers\Pharmacy\Sales))
#9 C:\xampp\htdocs\hms_ram\system\CodeIgniter.php(354): CodeIgniter\CodeIgniter->handleRequest(NULL, Object(Config\Cache), false)
#10 C:\xampp\htdocs\hms_ram\system\Boot.php(334): CodeIgniter\CodeIgniter->run()
#11 C:\xampp\htdocs\hms_ram\system\Boot.php(67): CodeIgniter\Boot::runCodeIgniter(Object(CodeIgniter\CodeIgniter))
#12 C:\xampp\htdocs\hms_ram\index.php(46): CodeIgniter\Boot::bootWeb(Object(Config\Paths))
#13 {main}
CRITICAL - 2025-09-13 12:01:14 --> CodeIgniter\Database\Exceptions\DatabaseException: Unknown column 'pharmacy_medicines.brand_name' in 'field list'
[Method: GET, Route: pharmacy/sales/invoice/PHM-IP-20250912-00022]
in SYSTEMPATH\Database\BaseConnection.php on line 692.
 1 SYSTEMPATH\Database\BaseBuilder.php(1649): CodeIgniter\Database\BaseConnection->query('SELECT `pharmacy_returns`.*, `pg`.`generic_name`, `pharmacy_medicines`.`brand_name`, `pharmacy_brands`.`brand_name` as `brand_name`, `pharmacy_medicines`.`strength`, `pharmacy_medicines`.`hsn_code`, `pharmacy_medicines`.`gst_rate`, `pharmacy_batches`.`batch_number`, `pharmacy_batches`.`expiry_date`, `pharmacy_units_of_measure`.`name` as `unit_name`, `pharmacy_sale_items`.`unit_selling_price`, `pharmacy_sale_items`.`discount_per_item`
FROM `pharmacy_returns`
JOIN `pharmacy_medicines` ON `pharmacy_medicines`.`id` = `pharmacy_returns`.`medicine_id`
JOIN `pharmacy_brands` ON `pharmacy_brands`.`id` = `pharmacy_medicines`.`brand_id`
JOIN `pharmacy_generics` `pg` ON `pg`.`id` = `pharmacy_medicines`.`generic_id`
JOIN `pharmacy_sale_items` ON `pharmacy_sale_items`.`id` = `pharmacy_returns`.`sale_item_id`
JOIN `pharmacy_batches` ON `pharmacy_batches`.`id` = `pharmacy_returns`.`batch_id`
LEFT JOIN `pharmacy_units_of_measure` ON `pharmacy_units_of_measure`.`id` = `pharmacy_medicines`.`unit_of_measure_id`
WHERE `pharmacy_returns`.`billing_id` = :pharmacy_returns.billing_id:
AND `pharmacy_returns`.`sale_id` IS NULL
AND `pharmacy_returns`.`approval_status` = :pharmacy_returns.approval_status:
AND `pharmacy_returns`.`sale_item_id` IN :pharmacy_returns.sale_item_id:', [...], false)
 2 SYSTEMPATH\Model.php(286): CodeIgniter\Database\BaseBuilder->get()
 3 SYSTEMPATH\BaseModel.php(679): CodeIgniter\Model->doFindAll(0, 0)
 4 APPPATH\Controllers\Pharmacy\Sales.php(719): CodeIgniter\BaseModel->findAll()
 5 SYSTEMPATH\CodeIgniter.php(933): App\Controllers\Pharmacy\Sales->invoice('PHM-IP-20250912-00022')
 6 SYSTEMPATH\CodeIgniter.php(507): CodeIgniter\CodeIgniter->runController(Object(App\Controllers\Pharmacy\Sales))
 7 SYSTEMPATH\CodeIgniter.php(354): CodeIgniter\CodeIgniter->handleRequest(null, Object(Config\Cache), false)
 8 SYSTEMPATH\Boot.php(334): CodeIgniter\CodeIgniter->run()
 9 SYSTEMPATH\Boot.php(67): CodeIgniter\Boot::runCodeIgniter(Object(CodeIgniter\CodeIgniter))
10 FCPATH\index.php(46): CodeIgniter\Boot::bootWeb(Object(Config\Paths))
CRITICAL - 2025-09-13 12:01:14 --> [Caused by] CodeIgniter\Database\Exceptions\DatabaseException: Unknown column 'pharmacy_medicines.brand_name' in 'field list'
in SYSTEMPATH\Database\MySQLi\Connection.php on line 332.
 1 SYSTEMPATH\Database\BaseConnection.php(738): CodeIgniter\Database\MySQLi\Connection->execute('SELECT `pharmacy_returns`.*, `pg`.`generic_name`, `pharmacy_medicines`.`brand_name`, `pharmacy_brands`.`brand_name` as `brand_name`, `pharmacy_medicines`.`strength`, `pharmacy_medicines`.`hsn_code`, `pharmacy_medicines`.`gst_rate`, `pharmacy_batches`.`batch_number`, `pharmacy_batches`.`expiry_date`, `pharmacy_units_of_measure`.`name` as `unit_name`, `pharmacy_sale_items`.`unit_selling_price`, `pharmacy_sale_items`.`discount_per_item`
FROM `pharmacy_returns`
JOIN `pharmacy_medicines` ON `pharmacy_medicines`.`id` = `pharmacy_returns`.`medicine_id`
JOIN `pharmacy_brands` ON `pharmacy_brands`.`id` = `pharmacy_medicines`.`brand_id`
JOIN `pharmacy_generics` `pg` ON `pg`.`id` = `pharmacy_medicines`.`generic_id`
JOIN `pharmacy_sale_items` ON `pharmacy_sale_items`.`id` = `pharmacy_returns`.`sale_item_id`
JOIN `pharmacy_batches` ON `pharmacy_batches`.`id` = `pharmacy_returns`.`batch_id`
LEFT JOIN `pharmacy_units_of_measure` ON `pharmacy_units_of_measure`.`id` = `pharmacy_medicines`.`unit_of_measure_id`
WHERE `pharmacy_returns`.`billing_id` = \'23\'
AND `pharmacy_returns`.`sale_id` IS NULL
AND `pharmacy_returns`.`approval_status` = \'approved\'
AND `pharmacy_returns`.`sale_item_id` IN (\'82\',\'83\')')
 2 SYSTEMPATH\Database\BaseConnection.php(652): CodeIgniter\Database\BaseConnection->simpleQuery('SELECT `pharmacy_returns`.*, `pg`.`generic_name`, `pharmacy_medicines`.`brand_name`, `pharmacy_brands`.`brand_name` as `brand_name`, `pharmacy_medicines`.`strength`, `pharmacy_medicines`.`hsn_code`, `pharmacy_medicines`.`gst_rate`, `pharmacy_batches`.`batch_number`, `pharmacy_batches`.`expiry_date`, `pharmacy_units_of_measure`.`name` as `unit_name`, `pharmacy_sale_items`.`unit_selling_price`, `pharmacy_sale_items`.`discount_per_item`
FROM `pharmacy_returns`
JOIN `pharmacy_medicines` ON `pharmacy_medicines`.`id` = `pharmacy_returns`.`medicine_id`
JOIN `pharmacy_brands` ON `pharmacy_brands`.`id` = `pharmacy_medicines`.`brand_id`
JOIN `pharmacy_generics` `pg` ON `pg`.`id` = `pharmacy_medicines`.`generic_id`
JOIN `pharmacy_sale_items` ON `pharmacy_sale_items`.`id` = `pharmacy_returns`.`sale_item_id`
JOIN `pharmacy_batches` ON `pharmacy_batches`.`id` = `pharmacy_returns`.`batch_id`
LEFT JOIN `pharmacy_units_of_measure` ON `pharmacy_units_of_measure`.`id` = `pharmacy_medicines`.`unit_of_measure_id`
WHERE `pharmacy_returns`.`billing_id` = \'23\'
AND `pharmacy_returns`.`sale_id` IS NULL
AND `pharmacy_returns`.`approval_status` = \'approved\'
AND `pharmacy_returns`.`sale_item_id` IN (\'82\',\'83\')')
 3 SYSTEMPATH\Database\BaseBuilder.php(1649): CodeIgniter\Database\BaseConnection->query('SELECT `pharmacy_returns`.*, `pg`.`generic_name`, `pharmacy_medicines`.`brand_name`, `pharmacy_brands`.`brand_name` as `brand_name`, `pharmacy_medicines`.`strength`, `pharmacy_medicines`.`hsn_code`, `pharmacy_medicines`.`gst_rate`, `pharmacy_batches`.`batch_number`, `pharmacy_batches`.`expiry_date`, `pharmacy_units_of_measure`.`name` as `unit_name`, `pharmacy_sale_items`.`unit_selling_price`, `pharmacy_sale_items`.`discount_per_item`
FROM `pharmacy_returns`
JOIN `pharmacy_medicines` ON `pharmacy_medicines`.`id` = `pharmacy_returns`.`medicine_id`
JOIN `pharmacy_brands` ON `pharmacy_brands`.`id` = `pharmacy_medicines`.`brand_id`
JOIN `pharmacy_generics` `pg` ON `pg`.`id` = `pharmacy_medicines`.`generic_id`
JOIN `pharmacy_sale_items` ON `pharmacy_sale_items`.`id` = `pharmacy_returns`.`sale_item_id`
JOIN `pharmacy_batches` ON `pharmacy_batches`.`id` = `pharmacy_returns`.`batch_id`
LEFT JOIN `pharmacy_units_of_measure` ON `pharmacy_units_of_measure`.`id` = `pharmacy_medicines`.`unit_of_measure_id`
WHERE `pharmacy_returns`.`billing_id` = :pharmacy_returns.billing_id:
AND `pharmacy_returns`.`sale_id` IS NULL
AND `pharmacy_returns`.`approval_status` = :pharmacy_returns.approval_status:
AND `pharmacy_returns`.`sale_item_id` IN :pharmacy_returns.sale_item_id:', [...], false)
 4 SYSTEMPATH\Model.php(286): CodeIgniter\Database\BaseBuilder->get()
 5 SYSTEMPATH\BaseModel.php(679): CodeIgniter\Model->doFindAll(0, 0)
 6 APPPATH\Controllers\Pharmacy\Sales.php(719): CodeIgniter\BaseModel->findAll()
 7 SYSTEMPATH\CodeIgniter.php(933): App\Controllers\Pharmacy\Sales->invoice('PHM-IP-20250912-00022')
 8 SYSTEMPATH\CodeIgniter.php(507): CodeIgniter\CodeIgniter->runController(Object(App\Controllers\Pharmacy\Sales))
 9 SYSTEMPATH\CodeIgniter.php(354): CodeIgniter\CodeIgniter->handleRequest(null, Object(Config\Cache), false)
10 SYSTEMPATH\Boot.php(334): CodeIgniter\CodeIgniter->run()
11 SYSTEMPATH\Boot.php(67): CodeIgniter\Boot::runCodeIgniter(Object(CodeIgniter\CodeIgniter))
12 FCPATH\index.php(46): CodeIgniter\Boot::bootWeb(Object(Config\Paths))
CRITICAL - 2025-09-13 12:01:14 --> [Caused by] mysqli_sql_exception: Unknown column 'pharmacy_medicines.brand_name' in 'field list'
in SYSTEMPATH\Database\MySQLi\Connection.php on line 327.
 1 SYSTEMPATH\Database\MySQLi\Connection.php(327): mysqli->query('SELECT `pharmacy_returns`.*, `pg`.`generic_name`, `pharmacy_medicines`.`brand_name`, `pharmacy_brands`.`brand_name` as `brand_name`, `pharmacy_medicines`.`strength`, `pharmacy_medicines`.`hsn_code`, `pharmacy_medicines`.`gst_rate`, `pharmacy_batches`.`batch_number`, `pharmacy_batches`.`expiry_date`, `pharmacy_units_of_measure`.`name` as `unit_name`, `pharmacy_sale_items`.`unit_selling_price`, `pharmacy_sale_items`.`discount_per_item`
FROM `pharmacy_returns`
JOIN `pharmacy_medicines` ON `pharmacy_medicines`.`id` = `pharmacy_returns`.`medicine_id`
JOIN `pharmacy_brands` ON `pharmacy_brands`.`id` = `pharmacy_medicines`.`brand_id`
JOIN `pharmacy_generics` `pg` ON `pg`.`id` = `pharmacy_medicines`.`generic_id`
JOIN `pharmacy_sale_items` ON `pharmacy_sale_items`.`id` = `pharmacy_returns`.`sale_item_id`
JOIN `pharmacy_batches` ON `pharmacy_batches`.`id` = `pharmacy_returns`.`batch_id`
LEFT JOIN `pharmacy_units_of_measure` ON `pharmacy_units_of_measure`.`id` = `pharmacy_medicines`.`unit_of_measure_id`
WHERE `pharmacy_returns`.`billing_id` = \'23\'
AND `pharmacy_returns`.`sale_id` IS NULL
AND `pharmacy_returns`.`approval_status` = \'approved\'
AND `pharmacy_returns`.`sale_item_id` IN (\'82\',\'83\')', 0)
 2 SYSTEMPATH\Database\BaseConnection.php(738): CodeIgniter\Database\MySQLi\Connection->execute('SELECT `pharmacy_returns`.*, `pg`.`generic_name`, `pharmacy_medicines`.`brand_name`, `pharmacy_brands`.`brand_name` as `brand_name`, `pharmacy_medicines`.`strength`, `pharmacy_medicines`.`hsn_code`, `pharmacy_medicines`.`gst_rate`, `pharmacy_batches`.`batch_number`, `pharmacy_batches`.`expiry_date`, `pharmacy_units_of_measure`.`name` as `unit_name`, `pharmacy_sale_items`.`unit_selling_price`, `pharmacy_sale_items`.`discount_per_item`
FROM `pharmacy_returns`
JOIN `pharmacy_medicines` ON `pharmacy_medicines`.`id` = `pharmacy_returns`.`medicine_id`
JOIN `pharmacy_brands` ON `pharmacy_brands`.`id` = `pharmacy_medicines`.`brand_id`
JOIN `pharmacy_generics` `pg` ON `pg`.`id` = `pharmacy_medicines`.`generic_id`
JOIN `pharmacy_sale_items` ON `pharmacy_sale_items`.`id` = `pharmacy_returns`.`sale_item_id`
JOIN `pharmacy_batches` ON `pharmacy_batches`.`id` = `pharmacy_returns`.`batch_id`
LEFT JOIN `pharmacy_units_of_measure` ON `pharmacy_units_of_measure`.`id` = `pharmacy_medicines`.`unit_of_measure_id`
WHERE `pharmacy_returns`.`billing_id` = \'23\'
AND `pharmacy_returns`.`sale_id` IS NULL
AND `pharmacy_returns`.`approval_status` = \'approved\'
AND `pharmacy_returns`.`sale_item_id` IN (\'82\',\'83\')')
 3 SYSTEMPATH\Database\BaseConnection.php(652): CodeIgniter\Database\BaseConnection->simpleQuery('SELECT `pharmacy_returns`.*, `pg`.`generic_name`, `pharmacy_medicines`.`brand_name`, `pharmacy_brands`.`brand_name` as `brand_name`, `pharmacy_medicines`.`strength`, `pharmacy_medicines`.`hsn_code`, `pharmacy_medicines`.`gst_rate`, `pharmacy_batches`.`batch_number`, `pharmacy_batches`.`expiry_date`, `pharmacy_units_of_measure`.`name` as `unit_name`, `pharmacy_sale_items`.`unit_selling_price`, `pharmacy_sale_items`.`discount_per_item`
FROM `pharmacy_returns`
JOIN `pharmacy_medicines` ON `pharmacy_medicines`.`id` = `pharmacy_returns`.`medicine_id`
JOIN `pharmacy_brands` ON `pharmacy_brands`.`id` = `pharmacy_medicines`.`brand_id`
JOIN `pharmacy_generics` `pg` ON `pg`.`id` = `pharmacy_medicines`.`generic_id`
JOIN `pharmacy_sale_items` ON `pharmacy_sale_items`.`id` = `pharmacy_returns`.`sale_item_id`
JOIN `pharmacy_batches` ON `pharmacy_batches`.`id` = `pharmacy_returns`.`batch_id`
LEFT JOIN `pharmacy_units_of_measure` ON `pharmacy_units_of_measure`.`id` = `pharmacy_medicines`.`unit_of_measure_id`
WHERE `pharmacy_returns`.`billing_id` = \'23\'
AND `pharmacy_returns`.`sale_id` IS NULL
AND `pharmacy_returns`.`approval_status` = \'approved\'
AND `pharmacy_returns`.`sale_item_id` IN (\'82\',\'83\')')
 4 SYSTEMPATH\Database\BaseBuilder.php(1649): CodeIgniter\Database\BaseConnection->query('SELECT `pharmacy_returns`.*, `pg`.`generic_name`, `pharmacy_medicines`.`brand_name`, `pharmacy_brands`.`brand_name` as `brand_name`, `pharmacy_medicines`.`strength`, `pharmacy_medicines`.`hsn_code`, `pharmacy_medicines`.`gst_rate`, `pharmacy_batches`.`batch_number`, `pharmacy_batches`.`expiry_date`, `pharmacy_units_of_measure`.`name` as `unit_name`, `pharmacy_sale_items`.`unit_selling_price`, `pharmacy_sale_items`.`discount_per_item`
FROM `pharmacy_returns`
JOIN `pharmacy_medicines` ON `pharmacy_medicines`.`id` = `pharmacy_returns`.`medicine_id`
JOIN `pharmacy_brands` ON `pharmacy_brands`.`id` = `pharmacy_medicines`.`brand_id`
JOIN `pharmacy_generics` `pg` ON `pg`.`id` = `pharmacy_medicines`.`generic_id`
JOIN `pharmacy_sale_items` ON `pharmacy_sale_items`.`id` = `pharmacy_returns`.`sale_item_id`
JOIN `pharmacy_batches` ON `pharmacy_batches`.`id` = `pharmacy_returns`.`batch_id`
LEFT JOIN `pharmacy_units_of_measure` ON `pharmacy_units_of_measure`.`id` = `pharmacy_medicines`.`unit_of_measure_id`
WHERE `pharmacy_returns`.`billing_id` = :pharmacy_returns.billing_id:
AND `pharmacy_returns`.`sale_id` IS NULL
AND `pharmacy_returns`.`approval_status` = :pharmacy_returns.approval_status:
AND `pharmacy_returns`.`sale_item_id` IN :pharmacy_returns.sale_item_id:', [...], false)
 5 SYSTEMPATH\Model.php(286): CodeIgniter\Database\BaseBuilder->get()
 6 SYSTEMPATH\BaseModel.php(679): CodeIgniter\Model->doFindAll(0, 0)
 7 APPPATH\Controllers\Pharmacy\Sales.php(719): CodeIgniter\BaseModel->findAll()
 8 SYSTEMPATH\CodeIgniter.php(933): App\Controllers\Pharmacy\Sales->invoice('PHM-IP-20250912-00022')
 9 SYSTEMPATH\CodeIgniter.php(507): CodeIgniter\CodeIgniter->runController(Object(App\Controllers\Pharmacy\Sales))
10 SYSTEMPATH\CodeIgniter.php(354): CodeIgniter\CodeIgniter->handleRequest(null, Object(Config\Cache), false)
11 SYSTEMPATH\Boot.php(334): CodeIgniter\CodeIgniter->run()
12 SYSTEMPATH\Boot.php(67): CodeIgniter\Boot::runCodeIgniter(Object(CodeIgniter\CodeIgniter))
13 FCPATH\index.php(46): CodeIgniter\Boot::bootWeb(Object(Config\Paths))
DEBUG - 2025-09-13 12:01:21 --> Session: Class initialized using 'CodeIgniter\Session\Handlers\FileHandler' driver.
DEBUG - 2025-09-13 12:03:10 --> Session: Class initialized using 'CodeIgniter\Session\Handlers\FileHandler' driver.
DEBUG - 2025-09-13 12:03:11 --> Session: Class initialized using 'CodeIgniter\Session\Handlers\FileHandler' driver.
ERROR - 2025-09-13 12:03:11 --> mysqli_sql_exception: Unknown column 'pharmacy_medicines.brand_name' in 'field list' in C:\xampp\htdocs\hms_ram\system\Database\MySQLi\Connection.php:327
Stack trace:
#0 C:\xampp\htdocs\hms_ram\system\Database\MySQLi\Connection.php(327): mysqli->query('SELECT `pharmac...', 0)
#1 C:\xampp\htdocs\hms_ram\system\Database\BaseConnection.php(738): CodeIgniter\Database\MySQLi\Connection->execute('SELECT `pharmac...')
#2 C:\xampp\htdocs\hms_ram\system\Database\BaseConnection.php(652): CodeIgniter\Database\BaseConnection->simpleQuery('SELECT `pharmac...')
#3 C:\xampp\htdocs\hms_ram\system\Database\BaseBuilder.php(1649): CodeIgniter\Database\BaseConnection->query('SELECT `pharmac...', Array, false)
#4 C:\xampp\htdocs\hms_ram\system\Model.php(286): CodeIgniter\Database\BaseBuilder->get()
#5 C:\xampp\htdocs\hms_ram\system\BaseModel.php(679): CodeIgniter\Model->doFindAll(0, 0)
#6 C:\xampp\htdocs\hms_ram\app\Controllers\Pharmacy\Sales.php(719): CodeIgniter\BaseModel->findAll()
#7 C:\xampp\htdocs\hms_ram\system\CodeIgniter.php(933): App\Controllers\Pharmacy\Sales->invoice('PHM-IP-20250912...')
#8 C:\xampp\htdocs\hms_ram\system\CodeIgniter.php(507): CodeIgniter\CodeIgniter->runController(Object(App\Controllers\Pharmacy\Sales))
#9 C:\xampp\htdocs\hms_ram\system\CodeIgniter.php(354): CodeIgniter\CodeIgniter->handleRequest(NULL, Object(Config\Cache), false)
#10 C:\xampp\htdocs\hms_ram\system\Boot.php(334): CodeIgniter\CodeIgniter->run()
#11 C:\xampp\htdocs\hms_ram\system\Boot.php(67): CodeIgniter\Boot::runCodeIgniter(Object(CodeIgniter\CodeIgniter))
#12 C:\xampp\htdocs\hms_ram\index.php(46): CodeIgniter\Boot::bootWeb(Object(Config\Paths))
#13 {main}
CRITICAL - 2025-09-13 12:03:11 --> CodeIgniter\Database\Exceptions\DatabaseException: Unknown column 'pharmacy_medicines.brand_name' in 'field list'
[Method: GET, Route: pharmacy/sales/invoice/PHM-IP-20250912-00022]
in SYSTEMPATH\Database\BaseConnection.php on line 692.
 1 SYSTEMPATH\Database\BaseBuilder.php(1649): CodeIgniter\Database\BaseConnection->query('SELECT `pharmacy_returns`.*, `pg`.`generic_name`, `pharmacy_medicines`.`brand_name`, `pharmacy_brands`.`brand_name` as `brand_name`, `pharmacy_medicines`.`strength`, `pharmacy_medicines`.`hsn_code`, `pharmacy_medicines`.`gst_rate`, `pharmacy_batches`.`batch_number`, `pharmacy_batches`.`expiry_date`, `pharmacy_units_of_measure`.`name` as `unit_name`, `pharmacy_sale_items`.`unit_selling_price`, `pharmacy_sale_items`.`discount_per_item`
FROM `pharmacy_returns`
JOIN `pharmacy_medicines` ON `pharmacy_medicines`.`id` = `pharmacy_returns`.`medicine_id`
JOIN `pharmacy_brands` ON `pharmacy_brands`.`id` = `pharmacy_medicines`.`brand_id`
JOIN `pharmacy_generics` `pg` ON `pg`.`id` = `pharmacy_medicines`.`generic_id`
JOIN `pharmacy_sale_items` ON `pharmacy_sale_items`.`id` = `pharmacy_returns`.`sale_item_id`
JOIN `pharmacy_batches` ON `pharmacy_batches`.`id` = `pharmacy_returns`.`batch_id`
LEFT JOIN `pharmacy_units_of_measure` ON `pharmacy_units_of_measure`.`id` = `pharmacy_medicines`.`unit_of_measure_id`
WHERE `pharmacy_returns`.`billing_id` = :pharmacy_returns.billing_id:
AND `pharmacy_returns`.`sale_id` IS NULL
AND `pharmacy_returns`.`approval_status` = :pharmacy_returns.approval_status:
AND `pharmacy_returns`.`sale_item_id` IN :pharmacy_returns.sale_item_id:', [...], false)
 2 SYSTEMPATH\Model.php(286): CodeIgniter\Database\BaseBuilder->get()
 3 SYSTEMPATH\BaseModel.php(679): CodeIgniter\Model->doFindAll(0, 0)
 4 APPPATH\Controllers\Pharmacy\Sales.php(719): CodeIgniter\BaseModel->findAll()
 5 SYSTEMPATH\CodeIgniter.php(933): App\Controllers\Pharmacy\Sales->invoice('PHM-IP-20250912-00022')
 6 SYSTEMPATH\CodeIgniter.php(507): CodeIgniter\CodeIgniter->runController(Object(App\Controllers\Pharmacy\Sales))
 7 SYSTEMPATH\CodeIgniter.php(354): CodeIgniter\CodeIgniter->handleRequest(null, Object(Config\Cache), false)
 8 SYSTEMPATH\Boot.php(334): CodeIgniter\CodeIgniter->run()
 9 SYSTEMPATH\Boot.php(67): CodeIgniter\Boot::runCodeIgniter(Object(CodeIgniter\CodeIgniter))
10 FCPATH\index.php(46): CodeIgniter\Boot::bootWeb(Object(Config\Paths))
CRITICAL - 2025-09-13 12:03:11 --> [Caused by] CodeIgniter\Database\Exceptions\DatabaseException: Unknown column 'pharmacy_medicines.brand_name' in 'field list'
in SYSTEMPATH\Database\MySQLi\Connection.php on line 332.
 1 SYSTEMPATH\Database\BaseConnection.php(738): CodeIgniter\Database\MySQLi\Connection->execute('SELECT `pharmacy_returns`.*, `pg`.`generic_name`, `pharmacy_medicines`.`brand_name`, `pharmacy_brands`.`brand_name` as `brand_name`, `pharmacy_medicines`.`strength`, `pharmacy_medicines`.`hsn_code`, `pharmacy_medicines`.`gst_rate`, `pharmacy_batches`.`batch_number`, `pharmacy_batches`.`expiry_date`, `pharmacy_units_of_measure`.`name` as `unit_name`, `pharmacy_sale_items`.`unit_selling_price`, `pharmacy_sale_items`.`discount_per_item`
FROM `pharmacy_returns`
JOIN `pharmacy_medicines` ON `pharmacy_medicines`.`id` = `pharmacy_returns`.`medicine_id`
JOIN `pharmacy_brands` ON `pharmacy_brands`.`id` = `pharmacy_medicines`.`brand_id`
JOIN `pharmacy_generics` `pg` ON `pg`.`id` = `pharmacy_medicines`.`generic_id`
JOIN `pharmacy_sale_items` ON `pharmacy_sale_items`.`id` = `pharmacy_returns`.`sale_item_id`
JOIN `pharmacy_batches` ON `pharmacy_batches`.`id` = `pharmacy_returns`.`batch_id`
LEFT JOIN `pharmacy_units_of_measure` ON `pharmacy_units_of_measure`.`id` = `pharmacy_medicines`.`unit_of_measure_id`
WHERE `pharmacy_returns`.`billing_id` = \'23\'
AND `pharmacy_returns`.`sale_id` IS NULL
AND `pharmacy_returns`.`approval_status` = \'approved\'
AND `pharmacy_returns`.`sale_item_id` IN (\'82\',\'83\')')
 2 SYSTEMPATH\Database\BaseConnection.php(652): CodeIgniter\Database\BaseConnection->simpleQuery('SELECT `pharmacy_returns`.*, `pg`.`generic_name`, `pharmacy_medicines`.`brand_name`, `pharmacy_brands`.`brand_name` as `brand_name`, `pharmacy_medicines`.`strength`, `pharmacy_medicines`.`hsn_code`, `pharmacy_medicines`.`gst_rate`, `pharmacy_batches`.`batch_number`, `pharmacy_batches`.`expiry_date`, `pharmacy_units_of_measure`.`name` as `unit_name`, `pharmacy_sale_items`.`unit_selling_price`, `pharmacy_sale_items`.`discount_per_item`
FROM `pharmacy_returns`
JOIN `pharmacy_medicines` ON `pharmacy_medicines`.`id` = `pharmacy_returns`.`medicine_id`
JOIN `pharmacy_brands` ON `pharmacy_brands`.`id` = `pharmacy_medicines`.`brand_id`
JOIN `pharmacy_generics` `pg` ON `pg`.`id` = `pharmacy_medicines`.`generic_id`
JOIN `pharmacy_sale_items` ON `pharmacy_sale_items`.`id` = `pharmacy_returns`.`sale_item_id`
JOIN `pharmacy_batches` ON `pharmacy_batches`.`id` = `pharmacy_returns`.`batch_id`
LEFT JOIN `pharmacy_units_of_measure` ON `pharmacy_units_of_measure`.`id` = `pharmacy_medicines`.`unit_of_measure_id`
WHERE `pharmacy_returns`.`billing_id` = \'23\'
AND `pharmacy_returns`.`sale_id` IS NULL
AND `pharmacy_returns`.`approval_status` = \'approved\'
AND `pharmacy_returns`.`sale_item_id` IN (\'82\',\'83\')')
 3 SYSTEMPATH\Database\BaseBuilder.php(1649): CodeIgniter\Database\BaseConnection->query('SELECT `pharmacy_returns`.*, `pg`.`generic_name`, `pharmacy_medicines`.`brand_name`, `pharmacy_brands`.`brand_name` as `brand_name`, `pharmacy_medicines`.`strength`, `pharmacy_medicines`.`hsn_code`, `pharmacy_medicines`.`gst_rate`, `pharmacy_batches`.`batch_number`, `pharmacy_batches`.`expiry_date`, `pharmacy_units_of_measure`.`name` as `unit_name`, `pharmacy_sale_items`.`unit_selling_price`, `pharmacy_sale_items`.`discount_per_item`
FROM `pharmacy_returns`
JOIN `pharmacy_medicines` ON `pharmacy_medicines`.`id` = `pharmacy_returns`.`medicine_id`
JOIN `pharmacy_brands` ON `pharmacy_brands`.`id` = `pharmacy_medicines`.`brand_id`
JOIN `pharmacy_generics` `pg` ON `pg`.`id` = `pharmacy_medicines`.`generic_id`
JOIN `pharmacy_sale_items` ON `pharmacy_sale_items`.`id` = `pharmacy_returns`.`sale_item_id`
JOIN `pharmacy_batches` ON `pharmacy_batches`.`id` = `pharmacy_returns`.`batch_id`
LEFT JOIN `pharmacy_units_of_measure` ON `pharmacy_units_of_measure`.`id` = `pharmacy_medicines`.`unit_of_measure_id`
WHERE `pharmacy_returns`.`billing_id` = :pharmacy_returns.billing_id:
AND `pharmacy_returns`.`sale_id` IS NULL
AND `pharmacy_returns`.`approval_status` = :pharmacy_returns.approval_status:
AND `pharmacy_returns`.`sale_item_id` IN :pharmacy_returns.sale_item_id:', [...], false)
 4 SYSTEMPATH\Model.php(286): CodeIgniter\Database\BaseBuilder->get()
 5 SYSTEMPATH\BaseModel.php(679): CodeIgniter\Model->doFindAll(0, 0)
 6 APPPATH\Controllers\Pharmacy\Sales.php(719): CodeIgniter\BaseModel->findAll()
 7 SYSTEMPATH\CodeIgniter.php(933): App\Controllers\Pharmacy\Sales->invoice('PHM-IP-20250912-00022')
 8 SYSTEMPATH\CodeIgniter.php(507): CodeIgniter\CodeIgniter->runController(Object(App\Controllers\Pharmacy\Sales))
 9 SYSTEMPATH\CodeIgniter.php(354): CodeIgniter\CodeIgniter->handleRequest(null, Object(Config\Cache), false)
10 SYSTEMPATH\Boot.php(334): CodeIgniter\CodeIgniter->run()
11 SYSTEMPATH\Boot.php(67): CodeIgniter\Boot::runCodeIgniter(Object(CodeIgniter\CodeIgniter))
12 FCPATH\index.php(46): CodeIgniter\Boot::bootWeb(Object(Config\Paths))
CRITICAL - 2025-09-13 12:03:11 --> [Caused by] mysqli_sql_exception: Unknown column 'pharmacy_medicines.brand_name' in 'field list'
in SYSTEMPATH\Database\MySQLi\Connection.php on line 327.
 1 SYSTEMPATH\Database\MySQLi\Connection.php(327): mysqli->query('SELECT `pharmacy_returns`.*, `pg`.`generic_name`, `pharmacy_medicines`.`brand_name`, `pharmacy_brands`.`brand_name` as `brand_name`, `pharmacy_medicines`.`strength`, `pharmacy_medicines`.`hsn_code`, `pharmacy_medicines`.`gst_rate`, `pharmacy_batches`.`batch_number`, `pharmacy_batches`.`expiry_date`, `pharmacy_units_of_measure`.`name` as `unit_name`, `pharmacy_sale_items`.`unit_selling_price`, `pharmacy_sale_items`.`discount_per_item`
FROM `pharmacy_returns`
JOIN `pharmacy_medicines` ON `pharmacy_medicines`.`id` = `pharmacy_returns`.`medicine_id`
JOIN `pharmacy_brands` ON `pharmacy_brands`.`id` = `pharmacy_medicines`.`brand_id`
JOIN `pharmacy_generics` `pg` ON `pg`.`id` = `pharmacy_medicines`.`generic_id`
JOIN `pharmacy_sale_items` ON `pharmacy_sale_items`.`id` = `pharmacy_returns`.`sale_item_id`
JOIN `pharmacy_batches` ON `pharmacy_batches`.`id` = `pharmacy_returns`.`batch_id`
LEFT JOIN `pharmacy_units_of_measure` ON `pharmacy_units_of_measure`.`id` = `pharmacy_medicines`.`unit_of_measure_id`
WHERE `pharmacy_returns`.`billing_id` = \'23\'
AND `pharmacy_returns`.`sale_id` IS NULL
AND `pharmacy_returns`.`approval_status` = \'approved\'
AND `pharmacy_returns`.`sale_item_id` IN (\'82\',\'83\')', 0)
 2 SYSTEMPATH\Database\BaseConnection.php(738): CodeIgniter\Database\MySQLi\Connection->execute('SELECT `pharmacy_returns`.*, `pg`.`generic_name`, `pharmacy_medicines`.`brand_name`, `pharmacy_brands`.`brand_name` as `brand_name`, `pharmacy_medicines`.`strength`, `pharmacy_medicines`.`hsn_code`, `pharmacy_medicines`.`gst_rate`, `pharmacy_batches`.`batch_number`, `pharmacy_batches`.`expiry_date`, `pharmacy_units_of_measure`.`name` as `unit_name`, `pharmacy_sale_items`.`unit_selling_price`, `pharmacy_sale_items`.`discount_per_item`
FROM `pharmacy_returns`
JOIN `pharmacy_medicines` ON `pharmacy_medicines`.`id` = `pharmacy_returns`.`medicine_id`
JOIN `pharmacy_brands` ON `pharmacy_brands`.`id` = `pharmacy_medicines`.`brand_id`
JOIN `pharmacy_generics` `pg` ON `pg`.`id` = `pharmacy_medicines`.`generic_id`
JOIN `pharmacy_sale_items` ON `pharmacy_sale_items`.`id` = `pharmacy_returns`.`sale_item_id`
JOIN `pharmacy_batches` ON `pharmacy_batches`.`id` = `pharmacy_returns`.`batch_id`
LEFT JOIN `pharmacy_units_of_measure` ON `pharmacy_units_of_measure`.`id` = `pharmacy_medicines`.`unit_of_measure_id`
WHERE `pharmacy_returns`.`billing_id` = \'23\'
AND `pharmacy_returns`.`sale_id` IS NULL
AND `pharmacy_returns`.`approval_status` = \'approved\'
AND `pharmacy_returns`.`sale_item_id` IN (\'82\',\'83\')')
 3 SYSTEMPATH\Database\BaseConnection.php(652): CodeIgniter\Database\BaseConnection->simpleQuery('SELECT `pharmacy_returns`.*, `pg`.`generic_name`, `pharmacy_medicines`.`brand_name`, `pharmacy_brands`.`brand_name` as `brand_name`, `pharmacy_medicines`.`strength`, `pharmacy_medicines`.`hsn_code`, `pharmacy_medicines`.`gst_rate`, `pharmacy_batches`.`batch_number`, `pharmacy_batches`.`expiry_date`, `pharmacy_units_of_measure`.`name` as `unit_name`, `pharmacy_sale_items`.`unit_selling_price`, `pharmacy_sale_items`.`discount_per_item`
FROM `pharmacy_returns`
JOIN `pharmacy_medicines` ON `pharmacy_medicines`.`id` = `pharmacy_returns`.`medicine_id`
JOIN `pharmacy_brands` ON `pharmacy_brands`.`id` = `pharmacy_medicines`.`brand_id`
JOIN `pharmacy_generics` `pg` ON `pg`.`id` = `pharmacy_medicines`.`generic_id`
JOIN `pharmacy_sale_items` ON `pharmacy_sale_items`.`id` = `pharmacy_returns`.`sale_item_id`
JOIN `pharmacy_batches` ON `pharmacy_batches`.`id` = `pharmacy_returns`.`batch_id`
LEFT JOIN `pharmacy_units_of_measure` ON `pharmacy_units_of_measure`.`id` = `pharmacy_medicines`.`unit_of_measure_id`
WHERE `pharmacy_returns`.`billing_id` = \'23\'
AND `pharmacy_returns`.`sale_id` IS NULL
AND `pharmacy_returns`.`approval_status` = \'approved\'
AND `pharmacy_returns`.`sale_item_id` IN (\'82\',\'83\')')
 4 SYSTEMPATH\Database\BaseBuilder.php(1649): CodeIgniter\Database\BaseConnection->query('SELECT `pharmacy_returns`.*, `pg`.`generic_name`, `pharmacy_medicines`.`brand_name`, `pharmacy_brands`.`brand_name` as `brand_name`, `pharmacy_medicines`.`strength`, `pharmacy_medicines`.`hsn_code`, `pharmacy_medicines`.`gst_rate`, `pharmacy_batches`.`batch_number`, `pharmacy_batches`.`expiry_date`, `pharmacy_units_of_measure`.`name` as `unit_name`, `pharmacy_sale_items`.`unit_selling_price`, `pharmacy_sale_items`.`discount_per_item`
FROM `pharmacy_returns`
JOIN `pharmacy_medicines` ON `pharmacy_medicines`.`id` = `pharmacy_returns`.`medicine_id`
JOIN `pharmacy_brands` ON `pharmacy_brands`.`id` = `pharmacy_medicines`.`brand_id`
JOIN `pharmacy_generics` `pg` ON `pg`.`id` = `pharmacy_medicines`.`generic_id`
JOIN `pharmacy_sale_items` ON `pharmacy_sale_items`.`id` = `pharmacy_returns`.`sale_item_id`
JOIN `pharmacy_batches` ON `pharmacy_batches`.`id` = `pharmacy_returns`.`batch_id`
LEFT JOIN `pharmacy_units_of_measure` ON `pharmacy_units_of_measure`.`id` = `pharmacy_medicines`.`unit_of_measure_id`
WHERE `pharmacy_returns`.`billing_id` = :pharmacy_returns.billing_id:
AND `pharmacy_returns`.`sale_id` IS NULL
AND `pharmacy_returns`.`approval_status` = :pharmacy_returns.approval_status:
AND `pharmacy_returns`.`sale_item_id` IN :pharmacy_returns.sale_item_id:', [...], false)
 5 SYSTEMPATH\Model.php(286): CodeIgniter\Database\BaseBuilder->get()
 6 SYSTEMPATH\BaseModel.php(679): CodeIgniter\Model->doFindAll(0, 0)
 7 APPPATH\Controllers\Pharmacy\Sales.php(719): CodeIgniter\BaseModel->findAll()
 8 SYSTEMPATH\CodeIgniter.php(933): App\Controllers\Pharmacy\Sales->invoice('PHM-IP-20250912-00022')
 9 SYSTEMPATH\CodeIgniter.php(507): CodeIgniter\CodeIgniter->runController(Object(App\Controllers\Pharmacy\Sales))
10 SYSTEMPATH\CodeIgniter.php(354): CodeIgniter\CodeIgniter->handleRequest(null, Object(Config\Cache), false)
11 SYSTEMPATH\Boot.php(334): CodeIgniter\CodeIgniter->run()
12 SYSTEMPATH\Boot.php(67): CodeIgniter\Boot::runCodeIgniter(Object(CodeIgniter\CodeIgniter))
13 FCPATH\index.php(46): CodeIgniter\Boot::bootWeb(Object(Config\Paths))
DEBUG - 2025-09-13 12:03:12 --> Session: Class initialized using 'CodeIgniter\Session\Handlers\FileHandler' driver.
ERROR - 2025-09-13 12:03:12 --> mysqli_sql_exception: Unknown column 'pharmacy_medicines.brand_name' in 'field list' in C:\xampp\htdocs\hms_ram\system\Database\MySQLi\Connection.php:327
Stack trace:
#0 C:\xampp\htdocs\hms_ram\system\Database\MySQLi\Connection.php(327): mysqli->query('SELECT `pharmac...', 0)
#1 C:\xampp\htdocs\hms_ram\system\Database\BaseConnection.php(738): CodeIgniter\Database\MySQLi\Connection->execute('SELECT `pharmac...')
#2 C:\xampp\htdocs\hms_ram\system\Database\BaseConnection.php(652): CodeIgniter\Database\BaseConnection->simpleQuery('SELECT `pharmac...')
#3 C:\xampp\htdocs\hms_ram\system\Database\BaseBuilder.php(1649): CodeIgniter\Database\BaseConnection->query('SELECT `pharmac...', Array, false)
#4 C:\xampp\htdocs\hms_ram\system\Model.php(286): CodeIgniter\Database\BaseBuilder->get()
#5 C:\xampp\htdocs\hms_ram\system\BaseModel.php(679): CodeIgniter\Model->doFindAll(0, 0)
#6 C:\xampp\htdocs\hms_ram\app\Controllers\Pharmacy\Sales.php(719): CodeIgniter\BaseModel->findAll()
#7 C:\xampp\htdocs\hms_ram\system\CodeIgniter.php(933): App\Controllers\Pharmacy\Sales->invoice('PHM-IP-20250912...')
#8 C:\xampp\htdocs\hms_ram\system\CodeIgniter.php(507): CodeIgniter\CodeIgniter->runController(Object(App\Controllers\Pharmacy\Sales))
#9 C:\xampp\htdocs\hms_ram\system\CodeIgniter.php(354): CodeIgniter\CodeIgniter->handleRequest(NULL, Object(Config\Cache), false)
#10 C:\xampp\htdocs\hms_ram\system\Boot.php(334): CodeIgniter\CodeIgniter->run()
#11 C:\xampp\htdocs\hms_ram\system\Boot.php(67): CodeIgniter\Boot::runCodeIgniter(Object(CodeIgniter\CodeIgniter))
#12 C:\xampp\htdocs\hms_ram\index.php(46): CodeIgniter\Boot::bootWeb(Object(Config\Paths))
#13 {main}
CRITICAL - 2025-09-13 12:03:12 --> CodeIgniter\Database\Exceptions\DatabaseException: Unknown column 'pharmacy_medicines.brand_name' in 'field list'
[Method: GET, Route: pharmacy/sales/invoice/PHM-IP-20250912-00022]
in SYSTEMPATH\Database\BaseConnection.php on line 692.
 1 SYSTEMPATH\Database\BaseBuilder.php(1649): CodeIgniter\Database\BaseConnection->query('SELECT `pharmacy_returns`.*, `pg`.`generic_name`, `pharmacy_medicines`.`brand_name`, `pharmacy_brands`.`brand_name` as `brand_name`, `pharmacy_medicines`.`strength`, `pharmacy_medicines`.`hsn_code`, `pharmacy_medicines`.`gst_rate`, `pharmacy_batches`.`batch_number`, `pharmacy_batches`.`expiry_date`, `pharmacy_units_of_measure`.`name` as `unit_name`, `pharmacy_sale_items`.`unit_selling_price`, `pharmacy_sale_items`.`discount_per_item`
FROM `pharmacy_returns`
JOIN `pharmacy_medicines` ON `pharmacy_medicines`.`id` = `pharmacy_returns`.`medicine_id`
JOIN `pharmacy_brands` ON `pharmacy_brands`.`id` = `pharmacy_medicines`.`brand_id`
JOIN `pharmacy_generics` `pg` ON `pg`.`id` = `pharmacy_medicines`.`generic_id`
JOIN `pharmacy_sale_items` ON `pharmacy_sale_items`.`id` = `pharmacy_returns`.`sale_item_id`
JOIN `pharmacy_batches` ON `pharmacy_batches`.`id` = `pharmacy_returns`.`batch_id`
LEFT JOIN `pharmacy_units_of_measure` ON `pharmacy_units_of_measure`.`id` = `pharmacy_medicines`.`unit_of_measure_id`
WHERE `pharmacy_returns`.`billing_id` = :pharmacy_returns.billing_id:
AND `pharmacy_returns`.`sale_id` IS NULL
AND `pharmacy_returns`.`approval_status` = :pharmacy_returns.approval_status:
AND `pharmacy_returns`.`sale_item_id` IN :pharmacy_returns.sale_item_id:', [...], false)
 2 SYSTEMPATH\Model.php(286): CodeIgniter\Database\BaseBuilder->get()
 3 SYSTEMPATH\BaseModel.php(679): CodeIgniter\Model->doFindAll(0, 0)
 4 APPPATH\Controllers\Pharmacy\Sales.php(719): CodeIgniter\BaseModel->findAll()
 5 SYSTEMPATH\CodeIgniter.php(933): App\Controllers\Pharmacy\Sales->invoice('PHM-IP-20250912-00022')
 6 SYSTEMPATH\CodeIgniter.php(507): CodeIgniter\CodeIgniter->runController(Object(App\Controllers\Pharmacy\Sales))
 7 SYSTEMPATH\CodeIgniter.php(354): CodeIgniter\CodeIgniter->handleRequest(null, Object(Config\Cache), false)
 8 SYSTEMPATH\Boot.php(334): CodeIgniter\CodeIgniter->run()
 9 SYSTEMPATH\Boot.php(67): CodeIgniter\Boot::runCodeIgniter(Object(CodeIgniter\CodeIgniter))
10 FCPATH\index.php(46): CodeIgniter\Boot::bootWeb(Object(Config\Paths))
CRITICAL - 2025-09-13 12:03:12 --> [Caused by] CodeIgniter\Database\Exceptions\DatabaseException: Unknown column 'pharmacy_medicines.brand_name' in 'field list'
in SYSTEMPATH\Database\MySQLi\Connection.php on line 332.
 1 SYSTEMPATH\Database\BaseConnection.php(738): CodeIgniter\Database\MySQLi\Connection->execute('SELECT `pharmacy_returns`.*, `pg`.`generic_name`, `pharmacy_medicines`.`brand_name`, `pharmacy_brands`.`brand_name` as `brand_name`, `pharmacy_medicines`.`strength`, `pharmacy_medicines`.`hsn_code`, `pharmacy_medicines`.`gst_rate`, `pharmacy_batches`.`batch_number`, `pharmacy_batches`.`expiry_date`, `pharmacy_units_of_measure`.`name` as `unit_name`, `pharmacy_sale_items`.`unit_selling_price`, `pharmacy_sale_items`.`discount_per_item`
FROM `pharmacy_returns`
JOIN `pharmacy_medicines` ON `pharmacy_medicines`.`id` = `pharmacy_returns`.`medicine_id`
JOIN `pharmacy_brands` ON `pharmacy_brands`.`id` = `pharmacy_medicines`.`brand_id`
JOIN `pharmacy_generics` `pg` ON `pg`.`id` = `pharmacy_medicines`.`generic_id`
JOIN `pharmacy_sale_items` ON `pharmacy_sale_items`.`id` = `pharmacy_returns`.`sale_item_id`
JOIN `pharmacy_batches` ON `pharmacy_batches`.`id` = `pharmacy_returns`.`batch_id`
LEFT JOIN `pharmacy_units_of_measure` ON `pharmacy_units_of_measure`.`id` = `pharmacy_medicines`.`unit_of_measure_id`
WHERE `pharmacy_returns`.`billing_id` = \'23\'
AND `pharmacy_returns`.`sale_id` IS NULL
AND `pharmacy_returns`.`approval_status` = \'approved\'
AND `pharmacy_returns`.`sale_item_id` IN (\'82\',\'83\')')
 2 SYSTEMPATH\Database\BaseConnection.php(652): CodeIgniter\Database\BaseConnection->simpleQuery('SELECT `pharmacy_returns`.*, `pg`.`generic_name`, `pharmacy_medicines`.`brand_name`, `pharmacy_brands`.`brand_name` as `brand_name`, `pharmacy_medicines`.`strength`, `pharmacy_medicines`.`hsn_code`, `pharmacy_medicines`.`gst_rate`, `pharmacy_batches`.`batch_number`, `pharmacy_batches`.`expiry_date`, `pharmacy_units_of_measure`.`name` as `unit_name`, `pharmacy_sale_items`.`unit_selling_price`, `pharmacy_sale_items`.`discount_per_item`
FROM `pharmacy_returns`
JOIN `pharmacy_medicines` ON `pharmacy_medicines`.`id` = `pharmacy_returns`.`medicine_id`
JOIN `pharmacy_brands` ON `pharmacy_brands`.`id` = `pharmacy_medicines`.`brand_id`
JOIN `pharmacy_generics` `pg` ON `pg`.`id` = `pharmacy_medicines`.`generic_id`
JOIN `pharmacy_sale_items` ON `pharmacy_sale_items`.`id` = `pharmacy_returns`.`sale_item_id`
JOIN `pharmacy_batches` ON `pharmacy_batches`.`id` = `pharmacy_returns`.`batch_id`
LEFT JOIN `pharmacy_units_of_measure` ON `pharmacy_units_of_measure`.`id` = `pharmacy_medicines`.`unit_of_measure_id`
WHERE `pharmacy_returns`.`billing_id` = \'23\'
AND `pharmacy_returns`.`sale_id` IS NULL
AND `pharmacy_returns`.`approval_status` = \'approved\'
AND `pharmacy_returns`.`sale_item_id` IN (\'82\',\'83\')')
 3 SYSTEMPATH\Database\BaseBuilder.php(1649): CodeIgniter\Database\BaseConnection->query('SELECT `pharmacy_returns`.*, `pg`.`generic_name`, `pharmacy_medicines`.`brand_name`, `pharmacy_brands`.`brand_name` as `brand_name`, `pharmacy_medicines`.`strength`, `pharmacy_medicines`.`hsn_code`, `pharmacy_medicines`.`gst_rate`, `pharmacy_batches`.`batch_number`, `pharmacy_batches`.`expiry_date`, `pharmacy_units_of_measure`.`name` as `unit_name`, `pharmacy_sale_items`.`unit_selling_price`, `pharmacy_sale_items`.`discount_per_item`
FROM `pharmacy_returns`
JOIN `pharmacy_medicines` ON `pharmacy_medicines`.`id` = `pharmacy_returns`.`medicine_id`
JOIN `pharmacy_brands` ON `pharmacy_brands`.`id` = `pharmacy_medicines`.`brand_id`
JOIN `pharmacy_generics` `pg` ON `pg`.`id` = `pharmacy_medicines`.`generic_id`
JOIN `pharmacy_sale_items` ON `pharmacy_sale_items`.`id` = `pharmacy_returns`.`sale_item_id`
JOIN `pharmacy_batches` ON `pharmacy_batches`.`id` = `pharmacy_returns`.`batch_id`
LEFT JOIN `pharmacy_units_of_measure` ON `pharmacy_units_of_measure`.`id` = `pharmacy_medicines`.`unit_of_measure_id`
WHERE `pharmacy_returns`.`billing_id` = :pharmacy_returns.billing_id:
AND `pharmacy_returns`.`sale_id` IS NULL
AND `pharmacy_returns`.`approval_status` = :pharmacy_returns.approval_status:
AND `pharmacy_returns`.`sale_item_id` IN :pharmacy_returns.sale_item_id:', [...], false)
 4 SYSTEMPATH\Model.php(286): CodeIgniter\Database\BaseBuilder->get()
 5 SYSTEMPATH\BaseModel.php(679): CodeIgniter\Model->doFindAll(0, 0)
 6 APPPATH\Controllers\Pharmacy\Sales.php(719): CodeIgniter\BaseModel->findAll()
 7 SYSTEMPATH\CodeIgniter.php(933): App\Controllers\Pharmacy\Sales->invoice('PHM-IP-20250912-00022')
 8 SYSTEMPATH\CodeIgniter.php(507): CodeIgniter\CodeIgniter->runController(Object(App\Controllers\Pharmacy\Sales))
 9 SYSTEMPATH\CodeIgniter.php(354): CodeIgniter\CodeIgniter->handleRequest(null, Object(Config\Cache), false)
10 SYSTEMPATH\Boot.php(334): CodeIgniter\CodeIgniter->run()
11 SYSTEMPATH\Boot.php(67): CodeIgniter\Boot::runCodeIgniter(Object(CodeIgniter\CodeIgniter))
12 FCPATH\index.php(46): CodeIgniter\Boot::bootWeb(Object(Config\Paths))
CRITICAL - 2025-09-13 12:03:12 --> [Caused by] mysqli_sql_exception: Unknown column 'pharmacy_medicines.brand_name' in 'field list'
in SYSTEMPATH\Database\MySQLi\Connection.php on line 327.
 1 SYSTEMPATH\Database\MySQLi\Connection.php(327): mysqli->query('SELECT `pharmacy_returns`.*, `pg`.`generic_name`, `pharmacy_medicines`.`brand_name`, `pharmacy_brands`.`brand_name` as `brand_name`, `pharmacy_medicines`.`strength`, `pharmacy_medicines`.`hsn_code`, `pharmacy_medicines`.`gst_rate`, `pharmacy_batches`.`batch_number`, `pharmacy_batches`.`expiry_date`, `pharmacy_units_of_measure`.`name` as `unit_name`, `pharmacy_sale_items`.`unit_selling_price`, `pharmacy_sale_items`.`discount_per_item`
FROM `pharmacy_returns`
JOIN `pharmacy_medicines` ON `pharmacy_medicines`.`id` = `pharmacy_returns`.`medicine_id`
JOIN `pharmacy_brands` ON `pharmacy_brands`.`id` = `pharmacy_medicines`.`brand_id`
JOIN `pharmacy_generics` `pg` ON `pg`.`id` = `pharmacy_medicines`.`generic_id`
JOIN `pharmacy_sale_items` ON `pharmacy_sale_items`.`id` = `pharmacy_returns`.`sale_item_id`
JOIN `pharmacy_batches` ON `pharmacy_batches`.`id` = `pharmacy_returns`.`batch_id`
LEFT JOIN `pharmacy_units_of_measure` ON `pharmacy_units_of_measure`.`id` = `pharmacy_medicines`.`unit_of_measure_id`
WHERE `pharmacy_returns`.`billing_id` = \'23\'
AND `pharmacy_returns`.`sale_id` IS NULL
AND `pharmacy_returns`.`approval_status` = \'approved\'
AND `pharmacy_returns`.`sale_item_id` IN (\'82\',\'83\')', 0)
 2 SYSTEMPATH\Database\BaseConnection.php(738): CodeIgniter\Database\MySQLi\Connection->execute('SELECT `pharmacy_returns`.*, `pg`.`generic_name`, `pharmacy_medicines`.`brand_name`, `pharmacy_brands`.`brand_name` as `brand_name`, `pharmacy_medicines`.`strength`, `pharmacy_medicines`.`hsn_code`, `pharmacy_medicines`.`gst_rate`, `pharmacy_batches`.`batch_number`, `pharmacy_batches`.`expiry_date`, `pharmacy_units_of_measure`.`name` as `unit_name`, `pharmacy_sale_items`.`unit_selling_price`, `pharmacy_sale_items`.`discount_per_item`
FROM `pharmacy_returns`
JOIN `pharmacy_medicines` ON `pharmacy_medicines`.`id` = `pharmacy_returns`.`medicine_id`
JOIN `pharmacy_brands` ON `pharmacy_brands`.`id` = `pharmacy_medicines`.`brand_id`
JOIN `pharmacy_generics` `pg` ON `pg`.`id` = `pharmacy_medicines`.`generic_id`
JOIN `pharmacy_sale_items` ON `pharmacy_sale_items`.`id` = `pharmacy_returns`.`sale_item_id`
JOIN `pharmacy_batches` ON `pharmacy_batches`.`id` = `pharmacy_returns`.`batch_id`
LEFT JOIN `pharmacy_units_of_measure` ON `pharmacy_units_of_measure`.`id` = `pharmacy_medicines`.`unit_of_measure_id`
WHERE `pharmacy_returns`.`billing_id` = \'23\'
AND `pharmacy_returns`.`sale_id` IS NULL
AND `pharmacy_returns`.`approval_status` = \'approved\'
AND `pharmacy_returns`.`sale_item_id` IN (\'82\',\'83\')')
 3 SYSTEMPATH\Database\BaseConnection.php(652): CodeIgniter\Database\BaseConnection->simpleQuery('SELECT `pharmacy_returns`.*, `pg`.`generic_name`, `pharmacy_medicines`.`brand_name`, `pharmacy_brands`.`brand_name` as `brand_name`, `pharmacy_medicines`.`strength`, `pharmacy_medicines`.`hsn_code`, `pharmacy_medicines`.`gst_rate`, `pharmacy_batches`.`batch_number`, `pharmacy_batches`.`expiry_date`, `pharmacy_units_of_measure`.`name` as `unit_name`, `pharmacy_sale_items`.`unit_selling_price`, `pharmacy_sale_items`.`discount_per_item`
FROM `pharmacy_returns`
JOIN `pharmacy_medicines` ON `pharmacy_medicines`.`id` = `pharmacy_returns`.`medicine_id`
JOIN `pharmacy_brands` ON `pharmacy_brands`.`id` = `pharmacy_medicines`.`brand_id`
JOIN `pharmacy_generics` `pg` ON `pg`.`id` = `pharmacy_medicines`.`generic_id`
JOIN `pharmacy_sale_items` ON `pharmacy_sale_items`.`id` = `pharmacy_returns`.`sale_item_id`
JOIN `pharmacy_batches` ON `pharmacy_batches`.`id` = `pharmacy_returns`.`batch_id`
LEFT JOIN `pharmacy_units_of_measure` ON `pharmacy_units_of_measure`.`id` = `pharmacy_medicines`.`unit_of_measure_id`
WHERE `pharmacy_returns`.`billing_id` = \'23\'
AND `pharmacy_returns`.`sale_id` IS NULL
AND `pharmacy_returns`.`approval_status` = \'approved\'
AND `pharmacy_returns`.`sale_item_id` IN (\'82\',\'83\')')
 4 SYSTEMPATH\Database\BaseBuilder.php(1649): CodeIgniter\Database\BaseConnection->query('SELECT `pharmacy_returns`.*, `pg`.`generic_name`, `pharmacy_medicines`.`brand_name`, `pharmacy_brands`.`brand_name` as `brand_name`, `pharmacy_medicines`.`strength`, `pharmacy_medicines`.`hsn_code`, `pharmacy_medicines`.`gst_rate`, `pharmacy_batches`.`batch_number`, `pharmacy_batches`.`expiry_date`, `pharmacy_units_of_measure`.`name` as `unit_name`, `pharmacy_sale_items`.`unit_selling_price`, `pharmacy_sale_items`.`discount_per_item`
FROM `pharmacy_returns`
JOIN `pharmacy_medicines` ON `pharmacy_medicines`.`id` = `pharmacy_returns`.`medicine_id`
JOIN `pharmacy_brands` ON `pharmacy_brands`.`id` = `pharmacy_medicines`.`brand_id`
JOIN `pharmacy_generics` `pg` ON `pg`.`id` = `pharmacy_medicines`.`generic_id`
JOIN `pharmacy_sale_items` ON `pharmacy_sale_items`.`id` = `pharmacy_returns`.`sale_item_id`
JOIN `pharmacy_batches` ON `pharmacy_batches`.`id` = `pharmacy_returns`.`batch_id`
LEFT JOIN `pharmacy_units_of_measure` ON `pharmacy_units_of_measure`.`id` = `pharmacy_medicines`.`unit_of_measure_id`
WHERE `pharmacy_returns`.`billing_id` = :pharmacy_returns.billing_id:
AND `pharmacy_returns`.`sale_id` IS NULL
AND `pharmacy_returns`.`approval_status` = :pharmacy_returns.approval_status:
AND `pharmacy_returns`.`sale_item_id` IN :pharmacy_returns.sale_item_id:', [...], false)
 5 SYSTEMPATH\Model.php(286): CodeIgniter\Database\BaseBuilder->get()
 6 SYSTEMPATH\BaseModel.php(679): CodeIgniter\Model->doFindAll(0, 0)
 7 APPPATH\Controllers\Pharmacy\Sales.php(719): CodeIgniter\BaseModel->findAll()
 8 SYSTEMPATH\CodeIgniter.php(933): App\Controllers\Pharmacy\Sales->invoice('PHM-IP-20250912-00022')
 9 SYSTEMPATH\CodeIgniter.php(507): CodeIgniter\CodeIgniter->runController(Object(App\Controllers\Pharmacy\Sales))
10 SYSTEMPATH\CodeIgniter.php(354): CodeIgniter\CodeIgniter->handleRequest(null, Object(Config\Cache), false)
11 SYSTEMPATH\Boot.php(334): CodeIgniter\CodeIgniter->run()
12 SYSTEMPATH\Boot.php(67): CodeIgniter\Boot::runCodeIgniter(Object(CodeIgniter\CodeIgniter))
13 FCPATH\index.php(46): CodeIgniter\Boot::bootWeb(Object(Config\Paths))
DEBUG - 2025-09-13 12:03:17 --> Session: Class initialized using 'CodeIgniter\Session\Handlers\FileHandler' driver.
ERROR - 2025-09-13 12:03:17 --> mysqli_sql_exception: Unknown column 'pharmacy_medicines.brand_name' in 'field list' in C:\xampp\htdocs\hms_ram\system\Database\MySQLi\Connection.php:327
Stack trace:
#0 C:\xampp\htdocs\hms_ram\system\Database\MySQLi\Connection.php(327): mysqli->query('SELECT `pharmac...', 0)
#1 C:\xampp\htdocs\hms_ram\system\Database\BaseConnection.php(738): CodeIgniter\Database\MySQLi\Connection->execute('SELECT `pharmac...')
#2 C:\xampp\htdocs\hms_ram\system\Database\BaseConnection.php(652): CodeIgniter\Database\BaseConnection->simpleQuery('SELECT `pharmac...')
#3 C:\xampp\htdocs\hms_ram\system\Database\BaseBuilder.php(1649): CodeIgniter\Database\BaseConnection->query('SELECT `pharmac...', Array, false)
#4 C:\xampp\htdocs\hms_ram\system\Model.php(286): CodeIgniter\Database\BaseBuilder->get()
#5 C:\xampp\htdocs\hms_ram\system\BaseModel.php(679): CodeIgniter\Model->doFindAll(0, 0)
#6 C:\xampp\htdocs\hms_ram\app\Controllers\Pharmacy\Sales.php(719): CodeIgniter\BaseModel->findAll()
#7 C:\xampp\htdocs\hms_ram\system\CodeIgniter.php(933): App\Controllers\Pharmacy\Sales->invoice('PHM-IP-20250912...')
#8 C:\xampp\htdocs\hms_ram\system\CodeIgniter.php(507): CodeIgniter\CodeIgniter->runController(Object(App\Controllers\Pharmacy\Sales))
#9 C:\xampp\htdocs\hms_ram\system\CodeIgniter.php(354): CodeIgniter\CodeIgniter->handleRequest(NULL, Object(Config\Cache), false)
#10 C:\xampp\htdocs\hms_ram\system\Boot.php(334): CodeIgniter\CodeIgniter->run()
#11 C:\xampp\htdocs\hms_ram\system\Boot.php(67): CodeIgniter\Boot::runCodeIgniter(Object(CodeIgniter\CodeIgniter))
#12 C:\xampp\htdocs\hms_ram\index.php(46): CodeIgniter\Boot::bootWeb(Object(Config\Paths))
#13 {main}
CRITICAL - 2025-09-13 12:03:17 --> CodeIgniter\Database\Exceptions\DatabaseException: Unknown column 'pharmacy_medicines.brand_name' in 'field list'
[Method: GET, Route: pharmacy/sales/invoice/PHM-IP-20250912-00022]
in SYSTEMPATH\Database\BaseConnection.php on line 692.
 1 SYSTEMPATH\Database\BaseBuilder.php(1649): CodeIgniter\Database\BaseConnection->query('SELECT `pharmacy_returns`.*, `pg`.`generic_name`, `pharmacy_medicines`.`brand_name`, `pharmacy_brands`.`brand_name` as `brand_name`, `pharmacy_medicines`.`strength`, `pharmacy_medicines`.`hsn_code`, `pharmacy_medicines`.`gst_rate`, `pharmacy_batches`.`batch_number`, `pharmacy_batches`.`expiry_date`, `pharmacy_units_of_measure`.`name` as `unit_name`, `pharmacy_sale_items`.`unit_selling_price`, `pharmacy_sale_items`.`discount_per_item`
FROM `pharmacy_returns`
JOIN `pharmacy_medicines` ON `pharmacy_medicines`.`id` = `pharmacy_returns`.`medicine_id`
JOIN `pharmacy_brands` ON `pharmacy_brands`.`id` = `pharmacy_medicines`.`brand_id`
JOIN `pharmacy_generics` `pg` ON `pg`.`id` = `pharmacy_medicines`.`generic_id`
JOIN `pharmacy_sale_items` ON `pharmacy_sale_items`.`id` = `pharmacy_returns`.`sale_item_id`
JOIN `pharmacy_batches` ON `pharmacy_batches`.`id` = `pharmacy_returns`.`batch_id`
LEFT JOIN `pharmacy_units_of_measure` ON `pharmacy_units_of_measure`.`id` = `pharmacy_medicines`.`unit_of_measure_id`
WHERE `pharmacy_returns`.`billing_id` = :pharmacy_returns.billing_id:
AND `pharmacy_returns`.`sale_id` IS NULL
AND `pharmacy_returns`.`approval_status` = :pharmacy_returns.approval_status:
AND `pharmacy_returns`.`sale_item_id` IN :pharmacy_returns.sale_item_id:', [...], false)
 2 SYSTEMPATH\Model.php(286): CodeIgniter\Database\BaseBuilder->get()
 3 SYSTEMPATH\BaseModel.php(679): CodeIgniter\Model->doFindAll(0, 0)
 4 APPPATH\Controllers\Pharmacy\Sales.php(719): CodeIgniter\BaseModel->findAll()
 5 SYSTEMPATH\CodeIgniter.php(933): App\Controllers\Pharmacy\Sales->invoice('PHM-IP-20250912-00022')
 6 SYSTEMPATH\CodeIgniter.php(507): CodeIgniter\CodeIgniter->runController(Object(App\Controllers\Pharmacy\Sales))
 7 SYSTEMPATH\CodeIgniter.php(354): CodeIgniter\CodeIgniter->handleRequest(null, Object(Config\Cache), false)
 8 SYSTEMPATH\Boot.php(334): CodeIgniter\CodeIgniter->run()
 9 SYSTEMPATH\Boot.php(67): CodeIgniter\Boot::runCodeIgniter(Object(CodeIgniter\CodeIgniter))
10 FCPATH\index.php(46): CodeIgniter\Boot::bootWeb(Object(Config\Paths))
CRITICAL - 2025-09-13 12:03:17 --> [Caused by] CodeIgniter\Database\Exceptions\DatabaseException: Unknown column 'pharmacy_medicines.brand_name' in 'field list'
in SYSTEMPATH\Database\MySQLi\Connection.php on line 332.
 1 SYSTEMPATH\Database\BaseConnection.php(738): CodeIgniter\Database\MySQLi\Connection->execute('SELECT `pharmacy_returns`.*, `pg`.`generic_name`, `pharmacy_medicines`.`brand_name`, `pharmacy_brands`.`brand_name` as `brand_name`, `pharmacy_medicines`.`strength`, `pharmacy_medicines`.`hsn_code`, `pharmacy_medicines`.`gst_rate`, `pharmacy_batches`.`batch_number`, `pharmacy_batches`.`expiry_date`, `pharmacy_units_of_measure`.`name` as `unit_name`, `pharmacy_sale_items`.`unit_selling_price`, `pharmacy_sale_items`.`discount_per_item`
FROM `pharmacy_returns`
JOIN `pharmacy_medicines` ON `pharmacy_medicines`.`id` = `pharmacy_returns`.`medicine_id`
JOIN `pharmacy_brands` ON `pharmacy_brands`.`id` = `pharmacy_medicines`.`brand_id`
JOIN `pharmacy_generics` `pg` ON `pg`.`id` = `pharmacy_medicines`.`generic_id`
JOIN `pharmacy_sale_items` ON `pharmacy_sale_items`.`id` = `pharmacy_returns`.`sale_item_id`
JOIN `pharmacy_batches` ON `pharmacy_batches`.`id` = `pharmacy_returns`.`batch_id`
LEFT JOIN `pharmacy_units_of_measure` ON `pharmacy_units_of_measure`.`id` = `pharmacy_medicines`.`unit_of_measure_id`
WHERE `pharmacy_returns`.`billing_id` = \'23\'
AND `pharmacy_returns`.`sale_id` IS NULL
AND `pharmacy_returns`.`approval_status` = \'approved\'
AND `pharmacy_returns`.`sale_item_id` IN (\'82\',\'83\')')
 2 SYSTEMPATH\Database\BaseConnection.php(652): CodeIgniter\Database\BaseConnection->simpleQuery('SELECT `pharmacy_returns`.*, `pg`.`generic_name`, `pharmacy_medicines`.`brand_name`, `pharmacy_brands`.`brand_name` as `brand_name`, `pharmacy_medicines`.`strength`, `pharmacy_medicines`.`hsn_code`, `pharmacy_medicines`.`gst_rate`, `pharmacy_batches`.`batch_number`, `pharmacy_batches`.`expiry_date`, `pharmacy_units_of_measure`.`name` as `unit_name`, `pharmacy_sale_items`.`unit_selling_price`, `pharmacy_sale_items`.`discount_per_item`
FROM `pharmacy_returns`
JOIN `pharmacy_medicines` ON `pharmacy_medicines`.`id` = `pharmacy_returns`.`medicine_id`
JOIN `pharmacy_brands` ON `pharmacy_brands`.`id` = `pharmacy_medicines`.`brand_id`
JOIN `pharmacy_generics` `pg` ON `pg`.`id` = `pharmacy_medicines`.`generic_id`
JOIN `pharmacy_sale_items` ON `pharmacy_sale_items`.`id` = `pharmacy_returns`.`sale_item_id`
JOIN `pharmacy_batches` ON `pharmacy_batches`.`id` = `pharmacy_returns`.`batch_id`
LEFT JOIN `pharmacy_units_of_measure` ON `pharmacy_units_of_measure`.`id` = `pharmacy_medicines`.`unit_of_measure_id`
WHERE `pharmacy_returns`.`billing_id` = \'23\'
AND `pharmacy_returns`.`sale_id` IS NULL
AND `pharmacy_returns`.`approval_status` = \'approved\'
AND `pharmacy_returns`.`sale_item_id` IN (\'82\',\'83\')')
 3 SYSTEMPATH\Database\BaseBuilder.php(1649): CodeIgniter\Database\BaseConnection->query('SELECT `pharmacy_returns`.*, `pg`.`generic_name`, `pharmacy_medicines`.`brand_name`, `pharmacy_brands`.`brand_name` as `brand_name`, `pharmacy_medicines`.`strength`, `pharmacy_medicines`.`hsn_code`, `pharmacy_medicines`.`gst_rate`, `pharmacy_batches`.`batch_number`, `pharmacy_batches`.`expiry_date`, `pharmacy_units_of_measure`.`name` as `unit_name`, `pharmacy_sale_items`.`unit_selling_price`, `pharmacy_sale_items`.`discount_per_item`
FROM `pharmacy_returns`
JOIN `pharmacy_medicines` ON `pharmacy_medicines`.`id` = `pharmacy_returns`.`medicine_id`
JOIN `pharmacy_brands` ON `pharmacy_brands`.`id` = `pharmacy_medicines`.`brand_id`
JOIN `pharmacy_generics` `pg` ON `pg`.`id` = `pharmacy_medicines`.`generic_id`
JOIN `pharmacy_sale_items` ON `pharmacy_sale_items`.`id` = `pharmacy_returns`.`sale_item_id`
JOIN `pharmacy_batches` ON `pharmacy_batches`.`id` = `pharmacy_returns`.`batch_id`
LEFT JOIN `pharmacy_units_of_measure` ON `pharmacy_units_of_measure`.`id` = `pharmacy_medicines`.`unit_of_measure_id`
WHERE `pharmacy_returns`.`billing_id` = :pharmacy_returns.billing_id:
AND `pharmacy_returns`.`sale_id` IS NULL
AND `pharmacy_returns`.`approval_status` = :pharmacy_returns.approval_status:
AND `pharmacy_returns`.`sale_item_id` IN :pharmacy_returns.sale_item_id:', [...], false)
 4 SYSTEMPATH\Model.php(286): CodeIgniter\Database\BaseBuilder->get()
 5 SYSTEMPATH\BaseModel.php(679): CodeIgniter\Model->doFindAll(0, 0)
 6 APPPATH\Controllers\Pharmacy\Sales.php(719): CodeIgniter\BaseModel->findAll()
 7 SYSTEMPATH\CodeIgniter.php(933): App\Controllers\Pharmacy\Sales->invoice('PHM-IP-20250912-00022')
 8 SYSTEMPATH\CodeIgniter.php(507): CodeIgniter\CodeIgniter->runController(Object(App\Controllers\Pharmacy\Sales))
 9 SYSTEMPATH\CodeIgniter.php(354): CodeIgniter\CodeIgniter->handleRequest(null, Object(Config\Cache), false)
10 SYSTEMPATH\Boot.php(334): CodeIgniter\CodeIgniter->run()
11 SYSTEMPATH\Boot.php(67): CodeIgniter\Boot::runCodeIgniter(Object(CodeIgniter\CodeIgniter))
12 FCPATH\index.php(46): CodeIgniter\Boot::bootWeb(Object(Config\Paths))
CRITICAL - 2025-09-13 12:03:17 --> [Caused by] mysqli_sql_exception: Unknown column 'pharmacy_medicines.brand_name' in 'field list'
in SYSTEMPATH\Database\MySQLi\Connection.php on line 327.
 1 SYSTEMPATH\Database\MySQLi\Connection.php(327): mysqli->query('SELECT `pharmacy_returns`.*, `pg`.`generic_name`, `pharmacy_medicines`.`brand_name`, `pharmacy_brands`.`brand_name` as `brand_name`, `pharmacy_medicines`.`strength`, `pharmacy_medicines`.`hsn_code`, `pharmacy_medicines`.`gst_rate`, `pharmacy_batches`.`batch_number`, `pharmacy_batches`.`expiry_date`, `pharmacy_units_of_measure`.`name` as `unit_name`, `pharmacy_sale_items`.`unit_selling_price`, `pharmacy_sale_items`.`discount_per_item`
FROM `pharmacy_returns`
JOIN `pharmacy_medicines` ON `pharmacy_medicines`.`id` = `pharmacy_returns`.`medicine_id`
JOIN `pharmacy_brands` ON `pharmacy_brands`.`id` = `pharmacy_medicines`.`brand_id`
JOIN `pharmacy_generics` `pg` ON `pg`.`id` = `pharmacy_medicines`.`generic_id`
JOIN `pharmacy_sale_items` ON `pharmacy_sale_items`.`id` = `pharmacy_returns`.`sale_item_id`
JOIN `pharmacy_batches` ON `pharmacy_batches`.`id` = `pharmacy_returns`.`batch_id`
LEFT JOIN `pharmacy_units_of_measure` ON `pharmacy_units_of_measure`.`id` = `pharmacy_medicines`.`unit_of_measure_id`
WHERE `pharmacy_returns`.`billing_id` = \'23\'
AND `pharmacy_returns`.`sale_id` IS NULL
AND `pharmacy_returns`.`approval_status` = \'approved\'
AND `pharmacy_returns`.`sale_item_id` IN (\'82\',\'83\')', 0)
 2 SYSTEMPATH\Database\BaseConnection.php(738): CodeIgniter\Database\MySQLi\Connection->execute('SELECT `pharmacy_returns`.*, `pg`.`generic_name`, `pharmacy_medicines`.`brand_name`, `pharmacy_brands`.`brand_name` as `brand_name`, `pharmacy_medicines`.`strength`, `pharmacy_medicines`.`hsn_code`, `pharmacy_medicines`.`gst_rate`, `pharmacy_batches`.`batch_number`, `pharmacy_batches`.`expiry_date`, `pharmacy_units_of_measure`.`name` as `unit_name`, `pharmacy_sale_items`.`unit_selling_price`, `pharmacy_sale_items`.`discount_per_item`
FROM `pharmacy_returns`
JOIN `pharmacy_medicines` ON `pharmacy_medicines`.`id` = `pharmacy_returns`.`medicine_id`
JOIN `pharmacy_brands` ON `pharmacy_brands`.`id` = `pharmacy_medicines`.`brand_id`
JOIN `pharmacy_generics` `pg` ON `pg`.`id` = `pharmacy_medicines`.`generic_id`
JOIN `pharmacy_sale_items` ON `pharmacy_sale_items`.`id` = `pharmacy_returns`.`sale_item_id`
JOIN `pharmacy_batches` ON `pharmacy_batches`.`id` = `pharmacy_returns`.`batch_id`
LEFT JOIN `pharmacy_units_of_measure` ON `pharmacy_units_of_measure`.`id` = `pharmacy_medicines`.`unit_of_measure_id`
WHERE `pharmacy_returns`.`billing_id` = \'23\'
AND `pharmacy_returns`.`sale_id` IS NULL
AND `pharmacy_returns`.`approval_status` = \'approved\'
AND `pharmacy_returns`.`sale_item_id` IN (\'82\',\'83\')')
 3 SYSTEMPATH\Database\BaseConnection.php(652): CodeIgniter\Database\BaseConnection->simpleQuery('SELECT `pharmacy_returns`.*, `pg`.`generic_name`, `pharmacy_medicines`.`brand_name`, `pharmacy_brands`.`brand_name` as `brand_name`, `pharmacy_medicines`.`strength`, `pharmacy_medicines`.`hsn_code`, `pharmacy_medicines`.`gst_rate`, `pharmacy_batches`.`batch_number`, `pharmacy_batches`.`expiry_date`, `pharmacy_units_of_measure`.`name` as `unit_name`, `pharmacy_sale_items`.`unit_selling_price`, `pharmacy_sale_items`.`discount_per_item`
FROM `pharmacy_returns`
JOIN `pharmacy_medicines` ON `pharmacy_medicines`.`id` = `pharmacy_returns`.`medicine_id`
JOIN `pharmacy_brands` ON `pharmacy_brands`.`id` = `pharmacy_medicines`.`brand_id`
JOIN `pharmacy_generics` `pg` ON `pg`.`id` = `pharmacy_medicines`.`generic_id`
JOIN `pharmacy_sale_items` ON `pharmacy_sale_items`.`id` = `pharmacy_returns`.`sale_item_id`
JOIN `pharmacy_batches` ON `pharmacy_batches`.`id` = `pharmacy_returns`.`batch_id`
LEFT JOIN `pharmacy_units_of_measure` ON `pharmacy_units_of_measure`.`id` = `pharmacy_medicines`.`unit_of_measure_id`
WHERE `pharmacy_returns`.`billing_id` = \'23\'
AND `pharmacy_returns`.`sale_id` IS NULL
AND `pharmacy_returns`.`approval_status` = \'approved\'
AND `pharmacy_returns`.`sale_item_id` IN (\'82\',\'83\')')
 4 SYSTEMPATH\Database\BaseBuilder.php(1649): CodeIgniter\Database\BaseConnection->query('SELECT `pharmacy_returns`.*, `pg`.`generic_name`, `pharmacy_medicines`.`brand_name`, `pharmacy_brands`.`brand_name` as `brand_name`, `pharmacy_medicines`.`strength`, `pharmacy_medicines`.`hsn_code`, `pharmacy_medicines`.`gst_rate`, `pharmacy_batches`.`batch_number`, `pharmacy_batches`.`expiry_date`, `pharmacy_units_of_measure`.`name` as `unit_name`, `pharmacy_sale_items`.`unit_selling_price`, `pharmacy_sale_items`.`discount_per_item`
FROM `pharmacy_returns`
JOIN `pharmacy_medicines` ON `pharmacy_medicines`.`id` = `pharmacy_returns`.`medicine_id`
JOIN `pharmacy_brands` ON `pharmacy_brands`.`id` = `pharmacy_medicines`.`brand_id`
JOIN `pharmacy_generics` `pg` ON `pg`.`id` = `pharmacy_medicines`.`generic_id`
JOIN `pharmacy_sale_items` ON `pharmacy_sale_items`.`id` = `pharmacy_returns`.`sale_item_id`
JOIN `pharmacy_batches` ON `pharmacy_batches`.`id` = `pharmacy_returns`.`batch_id`
LEFT JOIN `pharmacy_units_of_measure` ON `pharmacy_units_of_measure`.`id` = `pharmacy_medicines`.`unit_of_measure_id`
WHERE `pharmacy_returns`.`billing_id` = :pharmacy_returns.billing_id:
AND `pharmacy_returns`.`sale_id` IS NULL
AND `pharmacy_returns`.`approval_status` = :pharmacy_returns.approval_status:
AND `pharmacy_returns`.`sale_item_id` IN :pharmacy_returns.sale_item_id:', [...], false)
 5 SYSTEMPATH\Model.php(286): CodeIgniter\Database\BaseBuilder->get()
 6 SYSTEMPATH\BaseModel.php(679): CodeIgniter\Model->doFindAll(0, 0)
 7 APPPATH\Controllers\Pharmacy\Sales.php(719): CodeIgniter\BaseModel->findAll()
 8 SYSTEMPATH\CodeIgniter.php(933): App\Controllers\Pharmacy\Sales->invoice('PHM-IP-20250912-00022')
 9 SYSTEMPATH\CodeIgniter.php(507): CodeIgniter\CodeIgniter->runController(Object(App\Controllers\Pharmacy\Sales))
10 SYSTEMPATH\CodeIgniter.php(354): CodeIgniter\CodeIgniter->handleRequest(null, Object(Config\Cache), false)
11 SYSTEMPATH\Boot.php(334): CodeIgniter\CodeIgniter->run()
12 SYSTEMPATH\Boot.php(67): CodeIgniter\Boot::runCodeIgniter(Object(CodeIgniter\CodeIgniter))
13 FCPATH\index.php(46): CodeIgniter\Boot::bootWeb(Object(Config\Paths))
DEBUG - 2025-09-13 12:03:17 --> Session: Class initialized using 'CodeIgniter\Session\Handlers\FileHandler' driver.
ERROR - 2025-09-13 12:03:17 --> mysqli_sql_exception: Unknown column 'pharmacy_medicines.brand_name' in 'field list' in C:\xampp\htdocs\hms_ram\system\Database\MySQLi\Connection.php:327
Stack trace:
#0 C:\xampp\htdocs\hms_ram\system\Database\MySQLi\Connection.php(327): mysqli->query('SELECT `pharmac...', 0)
#1 C:\xampp\htdocs\hms_ram\system\Database\BaseConnection.php(738): CodeIgniter\Database\MySQLi\Connection->execute('SELECT `pharmac...')
#2 C:\xampp\htdocs\hms_ram\system\Database\BaseConnection.php(652): CodeIgniter\Database\BaseConnection->simpleQuery('SELECT `pharmac...')
#3 C:\xampp\htdocs\hms_ram\system\Database\BaseBuilder.php(1649): CodeIgniter\Database\BaseConnection->query('SELECT `pharmac...', Array, false)
#4 C:\xampp\htdocs\hms_ram\system\Model.php(286): CodeIgniter\Database\BaseBuilder->get()
#5 C:\xampp\htdocs\hms_ram\system\BaseModel.php(679): CodeIgniter\Model->doFindAll(0, 0)
#6 C:\xampp\htdocs\hms_ram\app\Controllers\Pharmacy\Sales.php(719): CodeIgniter\BaseModel->findAll()
#7 C:\xampp\htdocs\hms_ram\system\CodeIgniter.php(933): App\Controllers\Pharmacy\Sales->invoice('PHM-IP-20250912...')
#8 C:\xampp\htdocs\hms_ram\system\CodeIgniter.php(507): CodeIgniter\CodeIgniter->runController(Object(App\Controllers\Pharmacy\Sales))
#9 C:\xampp\htdocs\hms_ram\system\CodeIgniter.php(354): CodeIgniter\CodeIgniter->handleRequest(NULL, Object(Config\Cache), false)
#10 C:\xampp\htdocs\hms_ram\system\Boot.php(334): CodeIgniter\CodeIgniter->run()
#11 C:\xampp\htdocs\hms_ram\system\Boot.php(67): CodeIgniter\Boot::runCodeIgniter(Object(CodeIgniter\CodeIgniter))
#12 C:\xampp\htdocs\hms_ram\index.php(46): CodeIgniter\Boot::bootWeb(Object(Config\Paths))
#13 {main}
CRITICAL - 2025-09-13 12:03:17 --> CodeIgniter\Database\Exceptions\DatabaseException: Unknown column 'pharmacy_medicines.brand_name' in 'field list'
[Method: GET, Route: pharmacy/sales/invoice/PHM-IP-20250912-00022]
in SYSTEMPATH\Database\BaseConnection.php on line 692.
 1 SYSTEMPATH\Database\BaseBuilder.php(1649): CodeIgniter\Database\BaseConnection->query('SELECT `pharmacy_returns`.*, `pg`.`generic_name`, `pharmacy_medicines`.`brand_name`, `pharmacy_brands`.`brand_name` as `brand_name`, `pharmacy_medicines`.`strength`, `pharmacy_medicines`.`hsn_code`, `pharmacy_medicines`.`gst_rate`, `pharmacy_batches`.`batch_number`, `pharmacy_batches`.`expiry_date`, `pharmacy_units_of_measure`.`name` as `unit_name`, `pharmacy_sale_items`.`unit_selling_price`, `pharmacy_sale_items`.`discount_per_item`
FROM `pharmacy_returns`
JOIN `pharmacy_medicines` ON `pharmacy_medicines`.`id` = `pharmacy_returns`.`medicine_id`
JOIN `pharmacy_brands` ON `pharmacy_brands`.`id` = `pharmacy_medicines`.`brand_id`
JOIN `pharmacy_generics` `pg` ON `pg`.`id` = `pharmacy_medicines`.`generic_id`
JOIN `pharmacy_sale_items` ON `pharmacy_sale_items`.`id` = `pharmacy_returns`.`sale_item_id`
JOIN `pharmacy_batches` ON `pharmacy_batches`.`id` = `pharmacy_returns`.`batch_id`
LEFT JOIN `pharmacy_units_of_measure` ON `pharmacy_units_of_measure`.`id` = `pharmacy_medicines`.`unit_of_measure_id`
WHERE `pharmacy_returns`.`billing_id` = :pharmacy_returns.billing_id:
AND `pharmacy_returns`.`sale_id` IS NULL
AND `pharmacy_returns`.`approval_status` = :pharmacy_returns.approval_status:
AND `pharmacy_returns`.`sale_item_id` IN :pharmacy_returns.sale_item_id:', [...], false)
 2 SYSTEMPATH\Model.php(286): CodeIgniter\Database\BaseBuilder->get()
 3 SYSTEMPATH\BaseModel.php(679): CodeIgniter\Model->doFindAll(0, 0)
 4 APPPATH\Controllers\Pharmacy\Sales.php(719): CodeIgniter\BaseModel->findAll()
 5 SYSTEMPATH\CodeIgniter.php(933): App\Controllers\Pharmacy\Sales->invoice('PHM-IP-20250912-00022')
 6 SYSTEMPATH\CodeIgniter.php(507): CodeIgniter\CodeIgniter->runController(Object(App\Controllers\Pharmacy\Sales))
 7 SYSTEMPATH\CodeIgniter.php(354): CodeIgniter\CodeIgniter->handleRequest(null, Object(Config\Cache), false)
 8 SYSTEMPATH\Boot.php(334): CodeIgniter\CodeIgniter->run()
 9 SYSTEMPATH\Boot.php(67): CodeIgniter\Boot::runCodeIgniter(Object(CodeIgniter\CodeIgniter))
10 FCPATH\index.php(46): CodeIgniter\Boot::bootWeb(Object(Config\Paths))
CRITICAL - 2025-09-13 12:03:17 --> [Caused by] CodeIgniter\Database\Exceptions\DatabaseException: Unknown column 'pharmacy_medicines.brand_name' in 'field list'
in SYSTEMPATH\Database\MySQLi\Connection.php on line 332.
 1 SYSTEMPATH\Database\BaseConnection.php(738): CodeIgniter\Database\MySQLi\Connection->execute('SELECT `pharmacy_returns`.*, `pg`.`generic_name`, `pharmacy_medicines`.`brand_name`, `pharmacy_brands`.`brand_name` as `brand_name`, `pharmacy_medicines`.`strength`, `pharmacy_medicines`.`hsn_code`, `pharmacy_medicines`.`gst_rate`, `pharmacy_batches`.`batch_number`, `pharmacy_batches`.`expiry_date`, `pharmacy_units_of_measure`.`name` as `unit_name`, `pharmacy_sale_items`.`unit_selling_price`, `pharmacy_sale_items`.`discount_per_item`
FROM `pharmacy_returns`
JOIN `pharmacy_medicines` ON `pharmacy_medicines`.`id` = `pharmacy_returns`.`medicine_id`
JOIN `pharmacy_brands` ON `pharmacy_brands`.`id` = `pharmacy_medicines`.`brand_id`
JOIN `pharmacy_generics` `pg` ON `pg`.`id` = `pharmacy_medicines`.`generic_id`
JOIN `pharmacy_sale_items` ON `pharmacy_sale_items`.`id` = `pharmacy_returns`.`sale_item_id`
JOIN `pharmacy_batches` ON `pharmacy_batches`.`id` = `pharmacy_returns`.`batch_id`
LEFT JOIN `pharmacy_units_of_measure` ON `pharmacy_units_of_measure`.`id` = `pharmacy_medicines`.`unit_of_measure_id`
WHERE `pharmacy_returns`.`billing_id` = \'23\'
AND `pharmacy_returns`.`sale_id` IS NULL
AND `pharmacy_returns`.`approval_status` = \'approved\'
AND `pharmacy_returns`.`sale_item_id` IN (\'82\',\'83\')')
 2 SYSTEMPATH\Database\BaseConnection.php(652): CodeIgniter\Database\BaseConnection->simpleQuery('SELECT `pharmacy_returns`.*, `pg`.`generic_name`, `pharmacy_medicines`.`brand_name`, `pharmacy_brands`.`brand_name` as `brand_name`, `pharmacy_medicines`.`strength`, `pharmacy_medicines`.`hsn_code`, `pharmacy_medicines`.`gst_rate`, `pharmacy_batches`.`batch_number`, `pharmacy_batches`.`expiry_date`, `pharmacy_units_of_measure`.`name` as `unit_name`, `pharmacy_sale_items`.`unit_selling_price`, `pharmacy_sale_items`.`discount_per_item`
FROM `pharmacy_returns`
JOIN `pharmacy_medicines` ON `pharmacy_medicines`.`id` = `pharmacy_returns`.`medicine_id`
JOIN `pharmacy_brands` ON `pharmacy_brands`.`id` = `pharmacy_medicines`.`brand_id`
JOIN `pharmacy_generics` `pg` ON `pg`.`id` = `pharmacy_medicines`.`generic_id`
JOIN `pharmacy_sale_items` ON `pharmacy_sale_items`.`id` = `pharmacy_returns`.`sale_item_id`
JOIN `pharmacy_batches` ON `pharmacy_batches`.`id` = `pharmacy_returns`.`batch_id`
LEFT JOIN `pharmacy_units_of_measure` ON `pharmacy_units_of_measure`.`id` = `pharmacy_medicines`.`unit_of_measure_id`
WHERE `pharmacy_returns`.`billing_id` = \'23\'
AND `pharmacy_returns`.`sale_id` IS NULL
AND `pharmacy_returns`.`approval_status` = \'approved\'
AND `pharmacy_returns`.`sale_item_id` IN (\'82\',\'83\')')
 3 SYSTEMPATH\Database\BaseBuilder.php(1649): CodeIgniter\Database\BaseConnection->query('SELECT `pharmacy_returns`.*, `pg`.`generic_name`, `pharmacy_medicines`.`brand_name`, `pharmacy_brands`.`brand_name` as `brand_name`, `pharmacy_medicines`.`strength`, `pharmacy_medicines`.`hsn_code`, `pharmacy_medicines`.`gst_rate`, `pharmacy_batches`.`batch_number`, `pharmacy_batches`.`expiry_date`, `pharmacy_units_of_measure`.`name` as `unit_name`, `pharmacy_sale_items`.`unit_selling_price`, `pharmacy_sale_items`.`discount_per_item`
FROM `pharmacy_returns`
JOIN `pharmacy_medicines` ON `pharmacy_medicines`.`id` = `pharmacy_returns`.`medicine_id`
JOIN `pharmacy_brands` ON `pharmacy_brands`.`id` = `pharmacy_medicines`.`brand_id`
JOIN `pharmacy_generics` `pg` ON `pg`.`id` = `pharmacy_medicines`.`generic_id`
JOIN `pharmacy_sale_items` ON `pharmacy_sale_items`.`id` = `pharmacy_returns`.`sale_item_id`
JOIN `pharmacy_batches` ON `pharmacy_batches`.`id` = `pharmacy_returns`.`batch_id`
LEFT JOIN `pharmacy_units_of_measure` ON `pharmacy_units_of_measure`.`id` = `pharmacy_medicines`.`unit_of_measure_id`
WHERE `pharmacy_returns`.`billing_id` = :pharmacy_returns.billing_id:
AND `pharmacy_returns`.`sale_id` IS NULL
AND `pharmacy_returns`.`approval_status` = :pharmacy_returns.approval_status:
AND `pharmacy_returns`.`sale_item_id` IN :pharmacy_returns.sale_item_id:', [...], false)
 4 SYSTEMPATH\Model.php(286): CodeIgniter\Database\BaseBuilder->get()
 5 SYSTEMPATH\BaseModel.php(679): CodeIgniter\Model->doFindAll(0, 0)
 6 APPPATH\Controllers\Pharmacy\Sales.php(719): CodeIgniter\BaseModel->findAll()
 7 SYSTEMPATH\CodeIgniter.php(933): App\Controllers\Pharmacy\Sales->invoice('PHM-IP-20250912-00022')
 8 SYSTEMPATH\CodeIgniter.php(507): CodeIgniter\CodeIgniter->runController(Object(App\Controllers\Pharmacy\Sales))
 9 SYSTEMPATH\CodeIgniter.php(354): CodeIgniter\CodeIgniter->handleRequest(null, Object(Config\Cache), false)
10 SYSTEMPATH\Boot.php(334): CodeIgniter\CodeIgniter->run()
11 SYSTEMPATH\Boot.php(67): CodeIgniter\Boot::runCodeIgniter(Object(CodeIgniter\CodeIgniter))
12 FCPATH\index.php(46): CodeIgniter\Boot::bootWeb(Object(Config\Paths))
CRITICAL - 2025-09-13 12:03:17 --> [Caused by] mysqli_sql_exception: Unknown column 'pharmacy_medicines.brand_name' in 'field list'
in SYSTEMPATH\Database\MySQLi\Connection.php on line 327.
 1 SYSTEMPATH\Database\MySQLi\Connection.php(327): mysqli->query('SELECT `pharmacy_returns`.*, `pg`.`generic_name`, `pharmacy_medicines`.`brand_name`, `pharmacy_brands`.`brand_name` as `brand_name`, `pharmacy_medicines`.`strength`, `pharmacy_medicines`.`hsn_code`, `pharmacy_medicines`.`gst_rate`, `pharmacy_batches`.`batch_number`, `pharmacy_batches`.`expiry_date`, `pharmacy_units_of_measure`.`name` as `unit_name`, `pharmacy_sale_items`.`unit_selling_price`, `pharmacy_sale_items`.`discount_per_item`
FROM `pharmacy_returns`
JOIN `pharmacy_medicines` ON `pharmacy_medicines`.`id` = `pharmacy_returns`.`medicine_id`
JOIN `pharmacy_brands` ON `pharmacy_brands`.`id` = `pharmacy_medicines`.`brand_id`
JOIN `pharmacy_generics` `pg` ON `pg`.`id` = `pharmacy_medicines`.`generic_id`
JOIN `pharmacy_sale_items` ON `pharmacy_sale_items`.`id` = `pharmacy_returns`.`sale_item_id`
JOIN `pharmacy_batches` ON `pharmacy_batches`.`id` = `pharmacy_returns`.`batch_id`
LEFT JOIN `pharmacy_units_of_measure` ON `pharmacy_units_of_measure`.`id` = `pharmacy_medicines`.`unit_of_measure_id`
WHERE `pharmacy_returns`.`billing_id` = \'23\'
AND `pharmacy_returns`.`sale_id` IS NULL
AND `pharmacy_returns`.`approval_status` = \'approved\'
AND `pharmacy_returns`.`sale_item_id` IN (\'82\',\'83\')', 0)
 2 SYSTEMPATH\Database\BaseConnection.php(738): CodeIgniter\Database\MySQLi\Connection->execute('SELECT `pharmacy_returns`.*, `pg`.`generic_name`, `pharmacy_medicines`.`brand_name`, `pharmacy_brands`.`brand_name` as `brand_name`, `pharmacy_medicines`.`strength`, `pharmacy_medicines`.`hsn_code`, `pharmacy_medicines`.`gst_rate`, `pharmacy_batches`.`batch_number`, `pharmacy_batches`.`expiry_date`, `pharmacy_units_of_measure`.`name` as `unit_name`, `pharmacy_sale_items`.`unit_selling_price`, `pharmacy_sale_items`.`discount_per_item`
FROM `pharmacy_returns`
JOIN `pharmacy_medicines` ON `pharmacy_medicines`.`id` = `pharmacy_returns`.`medicine_id`
JOIN `pharmacy_brands` ON `pharmacy_brands`.`id` = `pharmacy_medicines`.`brand_id`
JOIN `pharmacy_generics` `pg` ON `pg`.`id` = `pharmacy_medicines`.`generic_id`
JOIN `pharmacy_sale_items` ON `pharmacy_sale_items`.`id` = `pharmacy_returns`.`sale_item_id`
JOIN `pharmacy_batches` ON `pharmacy_batches`.`id` = `pharmacy_returns`.`batch_id`
LEFT JOIN `pharmacy_units_of_measure` ON `pharmacy_units_of_measure`.`id` = `pharmacy_medicines`.`unit_of_measure_id`
WHERE `pharmacy_returns`.`billing_id` = \'23\'
AND `pharmacy_returns`.`sale_id` IS NULL
AND `pharmacy_returns`.`approval_status` = \'approved\'
AND `pharmacy_returns`.`sale_item_id` IN (\'82\',\'83\')')
 3 SYSTEMPATH\Database\BaseConnection.php(652): CodeIgniter\Database\BaseConnection->simpleQuery('SELECT `pharmacy_returns`.*, `pg`.`generic_name`, `pharmacy_medicines`.`brand_name`, `pharmacy_brands`.`brand_name` as `brand_name`, `pharmacy_medicines`.`strength`, `pharmacy_medicines`.`hsn_code`, `pharmacy_medicines`.`gst_rate`, `pharmacy_batches`.`batch_number`, `pharmacy_batches`.`expiry_date`, `pharmacy_units_of_measure`.`name` as `unit_name`, `pharmacy_sale_items`.`unit_selling_price`, `pharmacy_sale_items`.`discount_per_item`
FROM `pharmacy_returns`
JOIN `pharmacy_medicines` ON `pharmacy_medicines`.`id` = `pharmacy_returns`.`medicine_id`
JOIN `pharmacy_brands` ON `pharmacy_brands`.`id` = `pharmacy_medicines`.`brand_id`
JOIN `pharmacy_generics` `pg` ON `pg`.`id` = `pharmacy_medicines`.`generic_id`
JOIN `pharmacy_sale_items` ON `pharmacy_sale_items`.`id` = `pharmacy_returns`.`sale_item_id`
JOIN `pharmacy_batches` ON `pharmacy_batches`.`id` = `pharmacy_returns`.`batch_id`
LEFT JOIN `pharmacy_units_of_measure` ON `pharmacy_units_of_measure`.`id` = `pharmacy_medicines`.`unit_of_measure_id`
WHERE `pharmacy_returns`.`billing_id` = \'23\'
AND `pharmacy_returns`.`sale_id` IS NULL
AND `pharmacy_returns`.`approval_status` = \'approved\'
AND `pharmacy_returns`.`sale_item_id` IN (\'82\',\'83\')')
 4 SYSTEMPATH\Database\BaseBuilder.php(1649): CodeIgniter\Database\BaseConnection->query('SELECT `pharmacy_returns`.*, `pg`.`generic_name`, `pharmacy_medicines`.`brand_name`, `pharmacy_brands`.`brand_name` as `brand_name`, `pharmacy_medicines`.`strength`, `pharmacy_medicines`.`hsn_code`, `pharmacy_medicines`.`gst_rate`, `pharmacy_batches`.`batch_number`, `pharmacy_batches`.`expiry_date`, `pharmacy_units_of_measure`.`name` as `unit_name`, `pharmacy_sale_items`.`unit_selling_price`, `pharmacy_sale_items`.`discount_per_item`
FROM `pharmacy_returns`
JOIN `pharmacy_medicines` ON `pharmacy_medicines`.`id` = `pharmacy_returns`.`medicine_id`
JOIN `pharmacy_brands` ON `pharmacy_brands`.`id` = `pharmacy_medicines`.`brand_id`
JOIN `pharmacy_generics` `pg` ON `pg`.`id` = `pharmacy_medicines`.`generic_id`
JOIN `pharmacy_sale_items` ON `pharmacy_sale_items`.`id` = `pharmacy_returns`.`sale_item_id`
JOIN `pharmacy_batches` ON `pharmacy_batches`.`id` = `pharmacy_returns`.`batch_id`
LEFT JOIN `pharmacy_units_of_measure` ON `pharmacy_units_of_measure`.`id` = `pharmacy_medicines`.`unit_of_measure_id`
WHERE `pharmacy_returns`.`billing_id` = :pharmacy_returns.billing_id:
AND `pharmacy_returns`.`sale_id` IS NULL
AND `pharmacy_returns`.`approval_status` = :pharmacy_returns.approval_status:
AND `pharmacy_returns`.`sale_item_id` IN :pharmacy_returns.sale_item_id:', [...], false)
 5 SYSTEMPATH\Model.php(286): CodeIgniter\Database\BaseBuilder->get()
 6 SYSTEMPATH\BaseModel.php(679): CodeIgniter\Model->doFindAll(0, 0)
 7 APPPATH\Controllers\Pharmacy\Sales.php(719): CodeIgniter\BaseModel->findAll()
 8 SYSTEMPATH\CodeIgniter.php(933): App\Controllers\Pharmacy\Sales->invoice('PHM-IP-20250912-00022')
 9 SYSTEMPATH\CodeIgniter.php(507): CodeIgniter\CodeIgniter->runController(Object(App\Controllers\Pharmacy\Sales))
10 SYSTEMPATH\CodeIgniter.php(354): CodeIgniter\CodeIgniter->handleRequest(null, Object(Config\Cache), false)
11 SYSTEMPATH\Boot.php(334): CodeIgniter\CodeIgniter->run()
12 SYSTEMPATH\Boot.php(67): CodeIgniter\Boot::runCodeIgniter(Object(CodeIgniter\CodeIgniter))
13 FCPATH\index.php(46): CodeIgniter\Boot::bootWeb(Object(Config\Paths))
DEBUG - 2025-09-13 12:03:20 --> Session: Class initialized using 'CodeIgniter\Session\Handlers\FileHandler' driver.
ERROR - 2025-09-13 12:03:20 --> mysqli_sql_exception: Unknown column 'pharmacy_medicines.brand_name' in 'field list' in C:\xampp\htdocs\hms_ram\system\Database\MySQLi\Connection.php:327
Stack trace:
#0 C:\xampp\htdocs\hms_ram\system\Database\MySQLi\Connection.php(327): mysqli->query('SELECT `pharmac...', 0)
#1 C:\xampp\htdocs\hms_ram\system\Database\BaseConnection.php(738): CodeIgniter\Database\MySQLi\Connection->execute('SELECT `pharmac...')
#2 C:\xampp\htdocs\hms_ram\system\Database\BaseConnection.php(652): CodeIgniter\Database\BaseConnection->simpleQuery('SELECT `pharmac...')
#3 C:\xampp\htdocs\hms_ram\system\Database\BaseBuilder.php(1649): CodeIgniter\Database\BaseConnection->query('SELECT `pharmac...', Array, false)
#4 C:\xampp\htdocs\hms_ram\system\Model.php(286): CodeIgniter\Database\BaseBuilder->get()
#5 C:\xampp\htdocs\hms_ram\system\BaseModel.php(679): CodeIgniter\Model->doFindAll(0, 0)
#6 C:\xampp\htdocs\hms_ram\app\Controllers\Pharmacy\Sales.php(719): CodeIgniter\BaseModel->findAll()
#7 C:\xampp\htdocs\hms_ram\system\CodeIgniter.php(933): App\Controllers\Pharmacy\Sales->invoice('PHM-IP-20250913...')
#8 C:\xampp\htdocs\hms_ram\system\CodeIgniter.php(507): CodeIgniter\CodeIgniter->runController(Object(App\Controllers\Pharmacy\Sales))
#9 C:\xampp\htdocs\hms_ram\system\CodeIgniter.php(354): CodeIgniter\CodeIgniter->handleRequest(NULL, Object(Config\Cache), false)
#10 C:\xampp\htdocs\hms_ram\system\Boot.php(334): CodeIgniter\CodeIgniter->run()
#11 C:\xampp\htdocs\hms_ram\system\Boot.php(67): CodeIgniter\Boot::runCodeIgniter(Object(CodeIgniter\CodeIgniter))
#12 C:\xampp\htdocs\hms_ram\index.php(46): CodeIgniter\Boot::bootWeb(Object(Config\Paths))
#13 {main}
CRITICAL - 2025-09-13 12:03:20 --> CodeIgniter\Database\Exceptions\DatabaseException: Unknown column 'pharmacy_medicines.brand_name' in 'field list'
[Method: GET, Route: pharmacy/sales/invoice/PHM-IP-20250913-00023]
in SYSTEMPATH\Database\BaseConnection.php on line 692.
 1 SYSTEMPATH\Database\BaseBuilder.php(1649): CodeIgniter\Database\BaseConnection->query('SELECT `pharmacy_returns`.*, `pg`.`generic_name`, `pharmacy_medicines`.`brand_name`, `pharmacy_brands`.`brand_name` as `brand_name`, `pharmacy_medicines`.`strength`, `pharmacy_medicines`.`hsn_code`, `pharmacy_medicines`.`gst_rate`, `pharmacy_batches`.`batch_number`, `pharmacy_batches`.`expiry_date`, `pharmacy_units_of_measure`.`name` as `unit_name`, `pharmacy_sale_items`.`unit_selling_price`, `pharmacy_sale_items`.`discount_per_item`
FROM `pharmacy_returns`
JOIN `pharmacy_medicines` ON `pharmacy_medicines`.`id` = `pharmacy_returns`.`medicine_id`
JOIN `pharmacy_brands` ON `pharmacy_brands`.`id` = `pharmacy_medicines`.`brand_id`
JOIN `pharmacy_generics` `pg` ON `pg`.`id` = `pharmacy_medicines`.`generic_id`
JOIN `pharmacy_sale_items` ON `pharmacy_sale_items`.`id` = `pharmacy_returns`.`sale_item_id`
JOIN `pharmacy_batches` ON `pharmacy_batches`.`id` = `pharmacy_returns`.`batch_id`
LEFT JOIN `pharmacy_units_of_measure` ON `pharmacy_units_of_measure`.`id` = `pharmacy_medicines`.`unit_of_measure_id`
WHERE `pharmacy_returns`.`billing_id` = :pharmacy_returns.billing_id:
AND `pharmacy_returns`.`sale_id` IS NULL
AND `pharmacy_returns`.`approval_status` = :pharmacy_returns.approval_status:
AND `pharmacy_returns`.`sale_item_id` IN :pharmacy_returns.sale_item_id:', [...], false)
 2 SYSTEMPATH\Model.php(286): CodeIgniter\Database\BaseBuilder->get()
 3 SYSTEMPATH\BaseModel.php(679): CodeIgniter\Model->doFindAll(0, 0)
 4 APPPATH\Controllers\Pharmacy\Sales.php(719): CodeIgniter\BaseModel->findAll()
 5 SYSTEMPATH\CodeIgniter.php(933): App\Controllers\Pharmacy\Sales->invoice('PHM-IP-20250913-00023')
 6 SYSTEMPATH\CodeIgniter.php(507): CodeIgniter\CodeIgniter->runController(Object(App\Controllers\Pharmacy\Sales))
 7 SYSTEMPATH\CodeIgniter.php(354): CodeIgniter\CodeIgniter->handleRequest(null, Object(Config\Cache), false)
 8 SYSTEMPATH\Boot.php(334): CodeIgniter\CodeIgniter->run()
 9 SYSTEMPATH\Boot.php(67): CodeIgniter\Boot::runCodeIgniter(Object(CodeIgniter\CodeIgniter))
10 FCPATH\index.php(46): CodeIgniter\Boot::bootWeb(Object(Config\Paths))
CRITICAL - 2025-09-13 12:03:20 --> [Caused by] CodeIgniter\Database\Exceptions\DatabaseException: Unknown column 'pharmacy_medicines.brand_name' in 'field list'
in SYSTEMPATH\Database\MySQLi\Connection.php on line 332.
 1 SYSTEMPATH\Database\BaseConnection.php(738): CodeIgniter\Database\MySQLi\Connection->execute('SELECT `pharmacy_returns`.*, `pg`.`generic_name`, `pharmacy_medicines`.`brand_name`, `pharmacy_brands`.`brand_name` as `brand_name`, `pharmacy_medicines`.`strength`, `pharmacy_medicines`.`hsn_code`, `pharmacy_medicines`.`gst_rate`, `pharmacy_batches`.`batch_number`, `pharmacy_batches`.`expiry_date`, `pharmacy_units_of_measure`.`name` as `unit_name`, `pharmacy_sale_items`.`unit_selling_price`, `pharmacy_sale_items`.`discount_per_item`
FROM `pharmacy_returns`
JOIN `pharmacy_medicines` ON `pharmacy_medicines`.`id` = `pharmacy_returns`.`medicine_id`
JOIN `pharmacy_brands` ON `pharmacy_brands`.`id` = `pharmacy_medicines`.`brand_id`
JOIN `pharmacy_generics` `pg` ON `pg`.`id` = `pharmacy_medicines`.`generic_id`
JOIN `pharmacy_sale_items` ON `pharmacy_sale_items`.`id` = `pharmacy_returns`.`sale_item_id`
JOIN `pharmacy_batches` ON `pharmacy_batches`.`id` = `pharmacy_returns`.`batch_id`
LEFT JOIN `pharmacy_units_of_measure` ON `pharmacy_units_of_measure`.`id` = `pharmacy_medicines`.`unit_of_measure_id`
WHERE `pharmacy_returns`.`billing_id` = \'24\'
AND `pharmacy_returns`.`sale_id` IS NULL
AND `pharmacy_returns`.`approval_status` = \'approved\'
AND `pharmacy_returns`.`sale_item_id` IN (\'84\',\'85\')')
 2 SYSTEMPATH\Database\BaseConnection.php(652): CodeIgniter\Database\BaseConnection->simpleQuery('SELECT `pharmacy_returns`.*, `pg`.`generic_name`, `pharmacy_medicines`.`brand_name`, `pharmacy_brands`.`brand_name` as `brand_name`, `pharmacy_medicines`.`strength`, `pharmacy_medicines`.`hsn_code`, `pharmacy_medicines`.`gst_rate`, `pharmacy_batches`.`batch_number`, `pharmacy_batches`.`expiry_date`, `pharmacy_units_of_measure`.`name` as `unit_name`, `pharmacy_sale_items`.`unit_selling_price`, `pharmacy_sale_items`.`discount_per_item`
FROM `pharmacy_returns`
JOIN `pharmacy_medicines` ON `pharmacy_medicines`.`id` = `pharmacy_returns`.`medicine_id`
JOIN `pharmacy_brands` ON `pharmacy_brands`.`id` = `pharmacy_medicines`.`brand_id`
JOIN `pharmacy_generics` `pg` ON `pg`.`id` = `pharmacy_medicines`.`generic_id`
JOIN `pharmacy_sale_items` ON `pharmacy_sale_items`.`id` = `pharmacy_returns`.`sale_item_id`
JOIN `pharmacy_batches` ON `pharmacy_batches`.`id` = `pharmacy_returns`.`batch_id`
LEFT JOIN `pharmacy_units_of_measure` ON `pharmacy_units_of_measure`.`id` = `pharmacy_medicines`.`unit_of_measure_id`
WHERE `pharmacy_returns`.`billing_id` = \'24\'
AND `pharmacy_returns`.`sale_id` IS NULL
AND `pharmacy_returns`.`approval_status` = \'approved\'
AND `pharmacy_returns`.`sale_item_id` IN (\'84\',\'85\')')
 3 SYSTEMPATH\Database\BaseBuilder.php(1649): CodeIgniter\Database\BaseConnection->query('SELECT `pharmacy_returns`.*, `pg`.`generic_name`, `pharmacy_medicines`.`brand_name`, `pharmacy_brands`.`brand_name` as `brand_name`, `pharmacy_medicines`.`strength`, `pharmacy_medicines`.`hsn_code`, `pharmacy_medicines`.`gst_rate`, `pharmacy_batches`.`batch_number`, `pharmacy_batches`.`expiry_date`, `pharmacy_units_of_measure`.`name` as `unit_name`, `pharmacy_sale_items`.`unit_selling_price`, `pharmacy_sale_items`.`discount_per_item`
FROM `pharmacy_returns`
JOIN `pharmacy_medicines` ON `pharmacy_medicines`.`id` = `pharmacy_returns`.`medicine_id`
JOIN `pharmacy_brands` ON `pharmacy_brands`.`id` = `pharmacy_medicines`.`brand_id`
JOIN `pharmacy_generics` `pg` ON `pg`.`id` = `pharmacy_medicines`.`generic_id`
JOIN `pharmacy_sale_items` ON `pharmacy_sale_items`.`id` = `pharmacy_returns`.`sale_item_id`
JOIN `pharmacy_batches` ON `pharmacy_batches`.`id` = `pharmacy_returns`.`batch_id`
LEFT JOIN `pharmacy_units_of_measure` ON `pharmacy_units_of_measure`.`id` = `pharmacy_medicines`.`unit_of_measure_id`
WHERE `pharmacy_returns`.`billing_id` = :pharmacy_returns.billing_id:
AND `pharmacy_returns`.`sale_id` IS NULL
AND `pharmacy_returns`.`approval_status` = :pharmacy_returns.approval_status:
AND `pharmacy_returns`.`sale_item_id` IN :pharmacy_returns.sale_item_id:', [...], false)
 4 SYSTEMPATH\Model.php(286): CodeIgniter\Database\BaseBuilder->get()
 5 SYSTEMPATH\BaseModel.php(679): CodeIgniter\Model->doFindAll(0, 0)
 6 APPPATH\Controllers\Pharmacy\Sales.php(719): CodeIgniter\BaseModel->findAll()
 7 SYSTEMPATH\CodeIgniter.php(933): App\Controllers\Pharmacy\Sales->invoice('PHM-IP-20250913-00023')
 8 SYSTEMPATH\CodeIgniter.php(507): CodeIgniter\CodeIgniter->runController(Object(App\Controllers\Pharmacy\Sales))
 9 SYSTEMPATH\CodeIgniter.php(354): CodeIgniter\CodeIgniter->handleRequest(null, Object(Config\Cache), false)
10 SYSTEMPATH\Boot.php(334): CodeIgniter\CodeIgniter->run()
11 SYSTEMPATH\Boot.php(67): CodeIgniter\Boot::runCodeIgniter(Object(CodeIgniter\CodeIgniter))
12 FCPATH\index.php(46): CodeIgniter\Boot::bootWeb(Object(Config\Paths))
CRITICAL - 2025-09-13 12:03:20 --> [Caused by] mysqli_sql_exception: Unknown column 'pharmacy_medicines.brand_name' in 'field list'
in SYSTEMPATH\Database\MySQLi\Connection.php on line 327.
 1 SYSTEMPATH\Database\MySQLi\Connection.php(327): mysqli->query('SELECT `pharmacy_returns`.*, `pg`.`generic_name`, `pharmacy_medicines`.`brand_name`, `pharmacy_brands`.`brand_name` as `brand_name`, `pharmacy_medicines`.`strength`, `pharmacy_medicines`.`hsn_code`, `pharmacy_medicines`.`gst_rate`, `pharmacy_batches`.`batch_number`, `pharmacy_batches`.`expiry_date`, `pharmacy_units_of_measure`.`name` as `unit_name`, `pharmacy_sale_items`.`unit_selling_price`, `pharmacy_sale_items`.`discount_per_item`
FROM `pharmacy_returns`
JOIN `pharmacy_medicines` ON `pharmacy_medicines`.`id` = `pharmacy_returns`.`medicine_id`
JOIN `pharmacy_brands` ON `pharmacy_brands`.`id` = `pharmacy_medicines`.`brand_id`
JOIN `pharmacy_generics` `pg` ON `pg`.`id` = `pharmacy_medicines`.`generic_id`
JOIN `pharmacy_sale_items` ON `pharmacy_sale_items`.`id` = `pharmacy_returns`.`sale_item_id`
JOIN `pharmacy_batches` ON `pharmacy_batches`.`id` = `pharmacy_returns`.`batch_id`
LEFT JOIN `pharmacy_units_of_measure` ON `pharmacy_units_of_measure`.`id` = `pharmacy_medicines`.`unit_of_measure_id`
WHERE `pharmacy_returns`.`billing_id` = \'24\'
AND `pharmacy_returns`.`sale_id` IS NULL
AND `pharmacy_returns`.`approval_status` = \'approved\'
AND `pharmacy_returns`.`sale_item_id` IN (\'84\',\'85\')', 0)
 2 SYSTEMPATH\Database\BaseConnection.php(738): CodeIgniter\Database\MySQLi\Connection->execute('SELECT `pharmacy_returns`.*, `pg`.`generic_name`, `pharmacy_medicines`.`brand_name`, `pharmacy_brands`.`brand_name` as `brand_name`, `pharmacy_medicines`.`strength`, `pharmacy_medicines`.`hsn_code`, `pharmacy_medicines`.`gst_rate`, `pharmacy_batches`.`batch_number`, `pharmacy_batches`.`expiry_date`, `pharmacy_units_of_measure`.`name` as `unit_name`, `pharmacy_sale_items`.`unit_selling_price`, `pharmacy_sale_items`.`discount_per_item`
FROM `pharmacy_returns`
JOIN `pharmacy_medicines` ON `pharmacy_medicines`.`id` = `pharmacy_returns`.`medicine_id`
JOIN `pharmacy_brands` ON `pharmacy_brands`.`id` = `pharmacy_medicines`.`brand_id`
JOIN `pharmacy_generics` `pg` ON `pg`.`id` = `pharmacy_medicines`.`generic_id`
JOIN `pharmacy_sale_items` ON `pharmacy_sale_items`.`id` = `pharmacy_returns`.`sale_item_id`
JOIN `pharmacy_batches` ON `pharmacy_batches`.`id` = `pharmacy_returns`.`batch_id`
LEFT JOIN `pharmacy_units_of_measure` ON `pharmacy_units_of_measure`.`id` = `pharmacy_medicines`.`unit_of_measure_id`
WHERE `pharmacy_returns`.`billing_id` = \'24\'
AND `pharmacy_returns`.`sale_id` IS NULL
AND `pharmacy_returns`.`approval_status` = \'approved\'
AND `pharmacy_returns`.`sale_item_id` IN (\'84\',\'85\')')
 3 SYSTEMPATH\Database\BaseConnection.php(652): CodeIgniter\Database\BaseConnection->simpleQuery('SELECT `pharmacy_returns`.*, `pg`.`generic_name`, `pharmacy_medicines`.`brand_name`, `pharmacy_brands`.`brand_name` as `brand_name`, `pharmacy_medicines`.`strength`, `pharmacy_medicines`.`hsn_code`, `pharmacy_medicines`.`gst_rate`, `pharmacy_batches`.`batch_number`, `pharmacy_batches`.`expiry_date`, `pharmacy_units_of_measure`.`name` as `unit_name`, `pharmacy_sale_items`.`unit_selling_price`, `pharmacy_sale_items`.`discount_per_item`
FROM `pharmacy_returns`
JOIN `pharmacy_medicines` ON `pharmacy_medicines`.`id` = `pharmacy_returns`.`medicine_id`
JOIN `pharmacy_brands` ON `pharmacy_brands`.`id` = `pharmacy_medicines`.`brand_id`
JOIN `pharmacy_generics` `pg` ON `pg`.`id` = `pharmacy_medicines`.`generic_id`
JOIN `pharmacy_sale_items` ON `pharmacy_sale_items`.`id` = `pharmacy_returns`.`sale_item_id`
JOIN `pharmacy_batches` ON `pharmacy_batches`.`id` = `pharmacy_returns`.`batch_id`
LEFT JOIN `pharmacy_units_of_measure` ON `pharmacy_units_of_measure`.`id` = `pharmacy_medicines`.`unit_of_measure_id`
WHERE `pharmacy_returns`.`billing_id` = \'24\'
AND `pharmacy_returns`.`sale_id` IS NULL
AND `pharmacy_returns`.`approval_status` = \'approved\'
AND `pharmacy_returns`.`sale_item_id` IN (\'84\',\'85\')')
 4 SYSTEMPATH\Database\BaseBuilder.php(1649): CodeIgniter\Database\BaseConnection->query('SELECT `pharmacy_returns`.*, `pg`.`generic_name`, `pharmacy_medicines`.`brand_name`, `pharmacy_brands`.`brand_name` as `brand_name`, `pharmacy_medicines`.`strength`, `pharmacy_medicines`.`hsn_code`, `pharmacy_medicines`.`gst_rate`, `pharmacy_batches`.`batch_number`, `pharmacy_batches`.`expiry_date`, `pharmacy_units_of_measure`.`name` as `unit_name`, `pharmacy_sale_items`.`unit_selling_price`, `pharmacy_sale_items`.`discount_per_item`
FROM `pharmacy_returns`
JOIN `pharmacy_medicines` ON `pharmacy_medicines`.`id` = `pharmacy_returns`.`medicine_id`
JOIN `pharmacy_brands` ON `pharmacy_brands`.`id` = `pharmacy_medicines`.`brand_id`
JOIN `pharmacy_generics` `pg` ON `pg`.`id` = `pharmacy_medicines`.`generic_id`
JOIN `pharmacy_sale_items` ON `pharmacy_sale_items`.`id` = `pharmacy_returns`.`sale_item_id`
JOIN `pharmacy_batches` ON `pharmacy_batches`.`id` = `pharmacy_returns`.`batch_id`
LEFT JOIN `pharmacy_units_of_measure` ON `pharmacy_units_of_measure`.`id` = `pharmacy_medicines`.`unit_of_measure_id`
WHERE `pharmacy_returns`.`billing_id` = :pharmacy_returns.billing_id:
AND `pharmacy_returns`.`sale_id` IS NULL
AND `pharmacy_returns`.`approval_status` = :pharmacy_returns.approval_status:
AND `pharmacy_returns`.`sale_item_id` IN :pharmacy_returns.sale_item_id:', [...], false)
 5 SYSTEMPATH\Model.php(286): CodeIgniter\Database\BaseBuilder->get()
 6 SYSTEMPATH\BaseModel.php(679): CodeIgniter\Model->doFindAll(0, 0)
 7 APPPATH\Controllers\Pharmacy\Sales.php(719): CodeIgniter\BaseModel->findAll()
 8 SYSTEMPATH\CodeIgniter.php(933): App\Controllers\Pharmacy\Sales->invoice('PHM-IP-20250913-00023')
 9 SYSTEMPATH\CodeIgniter.php(507): CodeIgniter\CodeIgniter->runController(Object(App\Controllers\Pharmacy\Sales))
10 SYSTEMPATH\CodeIgniter.php(354): CodeIgniter\CodeIgniter->handleRequest(null, Object(Config\Cache), false)
11 SYSTEMPATH\Boot.php(334): CodeIgniter\CodeIgniter->run()
12 SYSTEMPATH\Boot.php(67): CodeIgniter\Boot::runCodeIgniter(Object(CodeIgniter\CodeIgniter))
13 FCPATH\index.php(46): CodeIgniter\Boot::bootWeb(Object(Config\Paths))
DEBUG - 2025-09-13 12:04:19 --> Session: Class initialized using 'CodeIgniter\Session\Handlers\FileHandler' driver.
DEBUG - 2025-09-13 12:04:26 --> Session: Class initialized using 'CodeIgniter\Session\Handlers\FileHandler' driver.
DEBUG - 2025-09-13 12:04:31 --> Session: Class initialized using 'CodeIgniter\Session\Handlers\FileHandler' driver.
CRITICAL - 2025-09-13 12:04:31 --> Error: Call to undefined method Closure::findAll()
[Method: GET, Route: pharmacy/sales/invoice/PHM-IP-20250912-00022]
in APPPATH\Controllers\Pharmacy\Sales.php on line 698.
 1 SYSTEMPATH\CodeIgniter.php(933): App\Controllers\Pharmacy\Sales->invoice('PHM-IP-20250912-00022')
 2 SYSTEMPATH\CodeIgniter.php(507): CodeIgniter\CodeIgniter->runController(Object(App\Controllers\Pharmacy\Sales))
 3 SYSTEMPATH\CodeIgniter.php(354): CodeIgniter\CodeIgniter->handleRequest(null, Object(Config\Cache), false)
 4 SYSTEMPATH\Boot.php(334): CodeIgniter\CodeIgniter->run()
 5 SYSTEMPATH\Boot.php(67): CodeIgniter\Boot::runCodeIgniter(Object(CodeIgniter\CodeIgniter))
 6 FCPATH\index.php(46): CodeIgniter\Boot::bootWeb(Object(Config\Paths))
DEBUG - 2025-09-13 12:04:37 --> Session: Class initialized using 'CodeIgniter\Session\Handlers\FileHandler' driver.
DEBUG - 2025-09-13 12:04:41 --> Session: Class initialized using 'CodeIgniter\Session\Handlers\FileHandler' driver.
DEBUG - 2025-09-13 12:04:43 --> Session: Class initialized using 'CodeIgniter\Session\Handlers\FileHandler' driver.
DEBUG - 2025-09-13 12:04:45 --> Session: Class initialized using 'CodeIgniter\Session\Handlers\FileHandler' driver.
CRITICAL - 2025-09-13 12:04:45 --> ErrorException: Undefined variable $totalReturnGST
[Method: GET, Route: pharmacy/sales/invoice/PHM-IP-20250912-00022]
in APPPATH\Views\pharmacy\sales\invoice.php on line 267.
 1 APPPATH\Views\pharmacy\sales\invoice.php(267): CodeIgniter\Debug\Exceptions->errorHandler(2, 'Undefined variable $totalReturnGST', 'C:\\xampp\\htdocs\\hms_ram\\app\\Views\\pharmacy\\sales\\invoice.php', 267)
 2 SYSTEMPATH\View\View.php(224): include('C:\\xampp\\htdocs\\hms_ram\\app\\Views\\pharmacy\\sales\\invoice.php')
 3 SYSTEMPATH\View\View.php(227): CodeIgniter\View\View->CodeIgniter\View\{closure}()
 4 SYSTEMPATH\Common.php(1173): CodeIgniter\View\View->render('pharmacy/sales/invoice', [], true)
 5 APPPATH\Controllers\Pharmacy\Sales.php(766): view('pharmacy/sales/invoice', [...])
 6 SYSTEMPATH\CodeIgniter.php(933): App\Controllers\Pharmacy\Sales->invoice('PHM-IP-20250912-00022')
 7 SYSTEMPATH\CodeIgniter.php(507): CodeIgniter\CodeIgniter->runController(Object(App\Controllers\Pharmacy\Sales))
 8 SYSTEMPATH\CodeIgniter.php(354): CodeIgniter\CodeIgniter->handleRequest(null, Object(Config\Cache), false)
 9 SYSTEMPATH\Boot.php(334): CodeIgniter\CodeIgniter->run()
10 SYSTEMPATH\Boot.php(67): CodeIgniter\Boot::runCodeIgniter(Object(CodeIgniter\CodeIgniter))
11 FCPATH\index.php(46): CodeIgniter\Boot::bootWeb(Object(Config\Paths))
DEBUG - 2025-09-13 12:04:53 --> Session: Class initialized using 'CodeIgniter\Session\Handlers\FileHandler' driver.
DEBUG - 2025-09-13 12:04:54 --> Session: Class initialized using 'CodeIgniter\Session\Handlers\FileHandler' driver.
CRITICAL - 2025-09-13 12:04:54 --> ErrorException: Undefined variable $totalReturnAmountExclGST
[Method: GET, Route: pharmacy/sales/invoice/PHM-IP-20250912-00022]
in APPPATH\Views\pharmacy\sales\invoice.php on line 281.
 1 APPPATH\Views\pharmacy\sales\invoice.php(281): CodeIgniter\Debug\Exceptions->errorHandler(2, 'Undefined variable $totalReturnAmountExclGST', 'C:\\xampp\\htdocs\\hms_ram\\app\\Views\\pharmacy\\sales\\invoice.php', 281)
 2 SYSTEMPATH\View\View.php(224): include('C:\\xampp\\htdocs\\hms_ram\\app\\Views\\pharmacy\\sales\\invoice.php')
 3 SYSTEMPATH\View\View.php(227): CodeIgniter\View\View->CodeIgniter\View\{closure}()
 4 SYSTEMPATH\Common.php(1173): CodeIgniter\View\View->render('pharmacy/sales/invoice', [], true)
 5 APPPATH\Controllers\Pharmacy\Sales.php(766): view('pharmacy/sales/invoice', [...])
 6 SYSTEMPATH\CodeIgniter.php(933): App\Controllers\Pharmacy\Sales->invoice('PHM-IP-20250912-00022')
 7 SYSTEMPATH\CodeIgniter.php(507): CodeIgniter\CodeIgniter->runController(Object(App\Controllers\Pharmacy\Sales))
 8 SYSTEMPATH\CodeIgniter.php(354): CodeIgniter\CodeIgniter->handleRequest(null, Object(Config\Cache), false)
 9 SYSTEMPATH\Boot.php(334): CodeIgniter\CodeIgniter->run()
10 SYSTEMPATH\Boot.php(67): CodeIgniter\Boot::runCodeIgniter(Object(CodeIgniter\CodeIgniter))
11 FCPATH\index.php(46): CodeIgniter\Boot::bootWeb(Object(Config\Paths))
DEBUG - 2025-09-13 12:04:59 --> Session: Class initialized using 'CodeIgniter\Session\Handlers\FileHandler' driver.
DEBUG - 2025-09-13 12:04:59 --> Session: Class initialized using 'CodeIgniter\Session\Handlers\FileHandler' driver.
DEBUG - 2025-09-13 12:06:52 --> Session: Class initialized using 'CodeIgniter\Session\Handlers\FileHandler' driver.
DEBUG - 2025-09-13 12:06:52 --> Session: Class initialized using 'CodeIgniter\Session\Handlers\FileHandler' driver.
CRITICAL - 2025-09-13 12:06:52 --> ErrorException: unlink(C:\xampp\htdocs\hms_ram\writable\debugbar/debugbar_1757764990.293883.json): No such file or directory
[Method: GET, Route: /]
in SYSTEMPATH\Debug\Toolbar\Collectors\History.php on line 82.
 1 [internal function]: CodeIgniter\Debug\Exceptions->errorHandler(2, 'unlink(C:\\xampp\\htdocs\\hms_ram\\writable\\debugbar/debugbar_1757764990.293883.json): No such file or directory', 'C:\\xampp\\htdocs\\hms_ram\\system\\Debug\\Toolbar\\Collectors\\History.php', 82)
 2 SYSTEMPATH\Debug\Toolbar\Collectors\History.php(82): unlink('C:\\xampp\\htdocs\\hms_ram\\writable\\debugbar/debugbar_1757764990.293883.json')
 3 SYSTEMPATH\Debug\Toolbar.php(517): CodeIgniter\Debug\Toolbar\Collectors\History->setFiles('1757765212.279441', 20)
 4 SYSTEMPATH\Debug\Toolbar.php(496): CodeIgniter\Debug\Toolbar->format([...], 'html')
 5 APPPATH\Config\Events.php(47): CodeIgniter\Debug\Toolbar->respond()
 6 SYSTEMPATH\Events\Events.php(155): CodeIgniter\Events\Events::Config\{closure}()
 7 SYSTEMPATH\CodeIgniter.php(339): CodeIgniter\Events\Events::trigger('pre_system')
 8 SYSTEMPATH\Boot.php(334): CodeIgniter\CodeIgniter->run()
 9 SYSTEMPATH\Boot.php(67): CodeIgniter\Boot::runCodeIgniter(Object(CodeIgniter\CodeIgniter))
10 FCPATH\index.php(46): CodeIgniter\Boot::bootWeb(Object(Config\Paths))
DEBUG - 2025-09-13 12:06:54 --> Session: Class initialized using 'CodeIgniter\Session\Handlers\FileHandler' driver.
DEBUG - 2025-09-13 12:06:59 --> Session: Class initialized using 'CodeIgniter\Session\Handlers\FileHandler' driver.
DEBUG - 2025-09-13 12:09:11 --> Session: Class initialized using 'CodeIgniter\Session\Handlers\FileHandler' driver.
DEBUG - 2025-09-13 12:09:11 --> Session: Class initialized using 'CodeIgniter\Session\Handlers\FileHandler' driver.
DEBUG - 2025-09-13 12:09:11 --> Session: Class initialized using 'CodeIgniter\Session\Handlers\FileHandler' driver.
DEBUG - 2025-09-13 12:09:19 --> Session: Class initialized using 'CodeIgniter\Session\Handlers\FileHandler' driver.
DEBUG - 2025-09-13 12:12:06 --> Session: Class initialized using 'CodeIgniter\Session\Handlers\FileHandler' driver.
DEBUG - 2025-09-13 12:12:06 --> Session: Class initialized using 'CodeIgniter\Session\Handlers\FileHandler' driver.
DEBUG - 2025-09-13 12:12:06 --> Session: Class initialized using 'CodeIgniter\Session\Handlers\FileHandler' driver.
DEBUG - 2025-09-13 12:12:06 --> Session: Class initialized using 'CodeIgniter\Session\Handlers\FileHandler' driver.
CRITICAL - 2025-09-13 12:12:07 --> ErrorException: unlink(C:\xampp\htdocs\hms_ram\writable\debugbar/debugbar_1757765212.006153.json): No such file or directory
[Method: GET, Route: /]
in SYSTEMPATH\Debug\Toolbar\Collectors\History.php on line 82.
 1 [internal function]: CodeIgniter\Debug\Exceptions->errorHandler(2, 'unlink(C:\\xampp\\htdocs\\hms_ram\\writable\\debugbar/debugbar_1757765212.006153.json): No such file or directory', 'C:\\xampp\\htdocs\\hms_ram\\system\\Debug\\Toolbar\\Collectors\\History.php', 82)
 2 SYSTEMPATH\Debug\Toolbar\Collectors\History.php(82): unlink('C:\\xampp\\htdocs\\hms_ram\\writable\\debugbar/debugbar_1757765212.006153.json')
 3 SYSTEMPATH\Debug\Toolbar.php(517): CodeIgniter\Debug\Toolbar\Collectors\History->setFiles('1757765526.218035', 20)
 4 SYSTEMPATH\Debug\Toolbar.php(496): CodeIgniter\Debug\Toolbar->format([...], 'html')
 5 APPPATH\Config\Events.php(47): CodeIgniter\Debug\Toolbar->respond()
 6 SYSTEMPATH\Events\Events.php(155): CodeIgniter\Events\Events::Config\{closure}()
 7 SYSTEMPATH\CodeIgniter.php(339): CodeIgniter\Events\Events::trigger('pre_system')
 8 SYSTEMPATH\Boot.php(334): CodeIgniter\CodeIgniter->run()
 9 SYSTEMPATH\Boot.php(67): CodeIgniter\Boot::runCodeIgniter(Object(CodeIgniter\CodeIgniter))
10 FCPATH\index.php(46): CodeIgniter\Boot::bootWeb(Object(Config\Paths))
DEBUG - 2025-09-13 12:13:35 --> Session: Class initialized using 'CodeIgniter\Session\Handlers\FileHandler' driver.
DEBUG - 2025-09-13 12:13:36 --> Session: Class initialized using 'CodeIgniter\Session\Handlers\FileHandler' driver.
DEBUG - 2025-09-13 12:13:36 --> Session: Class initialized using 'CodeIgniter\Session\Handlers\FileHandler' driver.
DEBUG - 2025-09-13 12:13:41 --> Session: Class initialized using 'CodeIgniter\Session\Handlers\FileHandler' driver.
DEBUG - 2025-09-13 12:13:41 --> Session: Class initialized using 'CodeIgniter\Session\Handlers\FileHandler' driver.
DEBUG - 2025-09-13 12:13:41 --> Session: Class initialized using 'CodeIgniter\Session\Handlers\FileHandler' driver.
DEBUG - 2025-09-13 12:13:49 --> Session: Class initialized using 'CodeIgniter\Session\Handlers\FileHandler' driver.
DEBUG - 2025-09-13 12:13:49 --> Session: Class initialized using 'CodeIgniter\Session\Handlers\FileHandler' driver.
DEBUG - 2025-09-13 12:13:49 --> Session: Class initialized using 'CodeIgniter\Session\Handlers\FileHandler' driver.
DEBUG - 2025-09-13 12:15:34 --> Session: Class initialized using 'CodeIgniter\Session\Handlers\FileHandler' driver.
DEBUG - 2025-09-13 12:15:34 --> Session: Class initialized using 'CodeIgniter\Session\Handlers\FileHandler' driver.
DEBUG - 2025-09-13 12:15:34 --> Session: Class initialized using 'CodeIgniter\Session\Handlers\FileHandler' driver.
CRITICAL - 2025-09-13 12:15:35 --> ErrorException: unlink(C:\xampp\htdocs\hms_ram\writable\debugbar/debugbar_1757765616.272464.json): No such file or directory
[Method: GET, Route: /]
in SYSTEMPATH\Debug\Toolbar\Collectors\History.php on line 82.
 1 [internal function]: CodeIgniter\Debug\Exceptions->errorHandler(2, 'unlink(C:\\xampp\\htdocs\\hms_ram\\writable\\debugbar/debugbar_1757765616.272464.json): No such file or directory', 'C:\\xampp\\htdocs\\hms_ram\\system\\Debug\\Toolbar\\Collectors\\History.php', 82)
 2 SYSTEMPATH\Debug\Toolbar\Collectors\History.php(82): unlink('C:\\xampp\\htdocs\\hms_ram\\writable\\debugbar/debugbar_1757765616.272464.json')
 3 SYSTEMPATH\Debug\Toolbar.php(517): CodeIgniter\Debug\Toolbar\Collectors\History->setFiles('1757765734.372963', 20)
 4 SYSTEMPATH\Debug\Toolbar.php(496): CodeIgniter\Debug\Toolbar->format([...], 'html')
 5 APPPATH\Config\Events.php(47): CodeIgniter\Debug\Toolbar->respond()
 6 SYSTEMPATH\Events\Events.php(155): CodeIgniter\Events\Events::Config\{closure}()
 7 SYSTEMPATH\CodeIgniter.php(339): CodeIgniter\Events\Events::trigger('pre_system')
 8 SYSTEMPATH\Boot.php(334): CodeIgniter\CodeIgniter->run()
 9 SYSTEMPATH\Boot.php(67): CodeIgniter\Boot::runCodeIgniter(Object(CodeIgniter\CodeIgniter))
10 FCPATH\index.php(46): CodeIgniter\Boot::bootWeb(Object(Config\Paths))
DEBUG - 2025-09-13 12:16:07 --> Session: Class initialized using 'CodeIgniter\Session\Handlers\FileHandler' driver.
DEBUG - 2025-09-13 12:16:07 --> Session: Class initialized using 'CodeIgniter\Session\Handlers\FileHandler' driver.
DEBUG - 2025-09-13 12:24:27 --> Session: Class initialized using 'CodeIgniter\Session\Handlers\FileHandler' driver.
DEBUG - 2025-09-13 12:24:27 --> Session: Class initialized using 'CodeIgniter\Session\Handlers\FileHandler' driver.
DEBUG - 2025-09-13 12:25:01 --> Session: Class initialized using 'CodeIgniter\Session\Handlers\FileHandler' driver.
DEBUG - 2025-09-13 12:25:01 --> Session: Class initialized using 'CodeIgniter\Session\Handlers\FileHandler' driver.
DEBUG - 2025-09-13 12:25:03 --> Session: Class initialized using 'CodeIgniter\Session\Handlers\FileHandler' driver.
DEBUG - 2025-09-13 12:25:05 --> Session: Class initialized using 'CodeIgniter\Session\Handlers\FileHandler' driver.
DEBUG - 2025-09-13 12:25:05 --> Session: Class initialized using 'CodeIgniter\Session\Handlers\FileHandler' driver.
DEBUG - 2025-09-13 12:25:10 --> Session: Class initialized using 'CodeIgniter\Session\Handlers\FileHandler' driver.
DEBUG - 2025-09-13 12:25:10 --> Session: Class initialized using 'CodeIgniter\Session\Handlers\FileHandler' driver.
DEBUG - 2025-09-13 12:25:13 --> Session: Class initialized using 'CodeIgniter\Session\Handlers\FileHandler' driver.
DEBUG - 2025-09-13 12:25:13 --> Session: Class initialized using 'CodeIgniter\Session\Handlers\FileHandler' driver.
DEBUG - 2025-09-13 12:25:13 --> Session: Class initialized using 'CodeIgniter\Session\Handlers\FileHandler' driver.
DEBUG - 2025-09-13 12:25:17 --> Session: Class initialized using 'CodeIgniter\Session\Handlers\FileHandler' driver.
