DEBUG - 2025-09-15 03:54:44 --> Session: Class initialized using 'CodeIgniter\Session\Handlers\FileHandler' driver.
DEBUG - 2025-09-15 04:01:44 --> Session: Class initialized using 'CodeIgniter\Session\Handlers\FileHandler' driver.
DEBUG - 2025-09-15 04:01:51 --> Session: Class initialized using 'CodeIgniter\Session\Handlers\FileHandler' driver.
DEBUG - 2025-09-15 04:01:51 --> Session: Class initialized using 'CodeIgniter\Session\Handlers\FileHandler' driver.
DEBUG - 2025-09-15 04:01:52 --> Session: Class initialized using 'CodeIgniter\Session\Handlers\FileHandler' driver.
DEBUG - 2025-09-15 04:01:53 --> Session: Class initialized using 'CodeIgniter\Session\Handlers\FileHandler' driver.
DEBUG - 2025-09-15 04:01:55 --> Session: Class initialized using 'CodeIgniter\Session\Handlers\FileHandler' driver.
DEBUG - 2025-09-15 04:02:13 --> Session: Class initialized using 'CodeIgniter\Session\Handlers\FileHandler' driver.
DEBUG - 2025-09-15 04:02:15 --> Session: Class initialized using 'CodeIgniter\Session\Handlers\FileHandler' driver.
DEBUG - 2025-09-15 04:02:16 --> Session: Class initialized using 'CodeIgniter\Session\Handlers\FileHandler' driver.
DEBUG - 2025-09-15 04:02:53 --> Session: Class initialized using 'CodeIgniter\Session\Handlers\FileHandler' driver.
DEBUG - 2025-09-15 04:07:28 --> Session: Class initialized using 'CodeIgniter\Session\Handlers\FileHandler' driver.
DEBUG - 2025-09-15 04:07:29 --> Session: Class initialized using 'CodeIgniter\Session\Handlers\FileHandler' driver.
DEBUG - 2025-09-15 04:07:45 --> Session: Class initialized using 'CodeIgniter\Session\Handlers\FileHandler' driver.
DEBUG - 2025-09-15 04:08:23 --> Session: Class initialized using 'CodeIgniter\Session\Handlers\FileHandler' driver.
DEBUG - 2025-09-15 04:08:47 --> Session: Class initialized using 'CodeIgniter\Session\Handlers\FileHandler' driver.
DEBUG - 2025-09-15 04:10:14 --> Session: Class initialized using 'CodeIgniter\Session\Handlers\FileHandler' driver.
DEBUG - 2025-09-15 04:10:18 --> Session: Class initialized using 'CodeIgniter\Session\Handlers\FileHandler' driver.
DEBUG - 2025-09-15 04:14:01 --> Session: Class initialized using 'CodeIgniter\Session\Handlers\FileHandler' driver.
DEBUG - 2025-09-15 04:14:02 --> Session: Class initialized using 'CodeIgniter\Session\Handlers\FileHandler' driver.
CRITICAL - 2025-09-15 04:14:02 --> ErrorException: unlink(C:\xampp\htdocs\hms_ram\writable\debugbar/debugbar_1757766317.622538.json): No such file or directory
[Method: GET, Route: /]
in SYSTEMPATH\Debug\Toolbar\Collectors\History.php on line 82.
 1 [internal function]: CodeIgniter\Debug\Exceptions->errorHandler(2, 'unlink(C:\\xampp\\htdocs\\hms_ram\\writable\\debugbar/debugbar_1757766317.622538.json): No such file or directory', 'C:\\xampp\\htdocs\\hms_ram\\system\\Debug\\Toolbar\\Collectors\\History.php', 82)
 2 SYSTEMPATH\Debug\Toolbar\Collectors\History.php(82): unlink('C:\\xampp\\htdocs\\hms_ram\\writable\\debugbar/debugbar_1757766317.622538.json')
 3 SYSTEMPATH\Debug\Toolbar.php(517): CodeIgniter\Debug\Toolbar\Collectors\History->setFiles('1757909641.299602', 20)
 4 SYSTEMPATH\Debug\Toolbar.php(496): CodeIgniter\Debug\Toolbar->format([...], 'html')
 5 APPPATH\Config\Events.php(47): CodeIgniter\Debug\Toolbar->respond()
 6 SYSTEMPATH\Events\Events.php(155): CodeIgniter\Events\Events::Config\{closure}()
 7 SYSTEMPATH\CodeIgniter.php(339): CodeIgniter\Events\Events::trigger('pre_system')
 8 SYSTEMPATH\Boot.php(334): CodeIgniter\CodeIgniter->run()
 9 SYSTEMPATH\Boot.php(67): CodeIgniter\Boot::runCodeIgniter(Object(CodeIgniter\CodeIgniter))
10 FCPATH\index.php(46): CodeIgniter\Boot::bootWeb(Object(Config\Paths))
DEBUG - 2025-09-15 04:14:04 --> Session: Class initialized using 'CodeIgniter\Session\Handlers\FileHandler' driver.
DEBUG - 2025-09-15 04:14:06 --> Session: Class initialized using 'CodeIgniter\Session\Handlers\FileHandler' driver.
DEBUG - 2025-09-15 04:14:18 --> Session: Class initialized using 'CodeIgniter\Session\Handlers\FileHandler' driver.
DEBUG - 2025-09-15 04:14:30 --> Session: Class initialized using 'CodeIgniter\Session\Handlers\FileHandler' driver.
DEBUG - 2025-09-15 04:14:31 --> Session: Class initialized using 'CodeIgniter\Session\Handlers\FileHandler' driver.
DEBUG - 2025-09-15 04:14:44 --> Session: Class initialized using 'CodeIgniter\Session\Handlers\FileHandler' driver.
DEBUG - 2025-09-15 04:14:45 --> Session: Class initialized using 'CodeIgniter\Session\Handlers\FileHandler' driver.
DEBUG - 2025-09-15 04:15:32 --> Session: Class initialized using 'CodeIgniter\Session\Handlers\FileHandler' driver.
DEBUG - 2025-09-15 04:15:33 --> Session: Class initialized using 'CodeIgniter\Session\Handlers\FileHandler' driver.
DEBUG - 2025-09-15 04:18:23 --> Session: Class initialized using 'CodeIgniter\Session\Handlers\FileHandler' driver.
DEBUG - 2025-09-15 04:18:24 --> Session: Class initialized using 'CodeIgniter\Session\Handlers\FileHandler' driver.
DEBUG - 2025-09-15 04:19:10 --> Session: Class initialized using 'CodeIgniter\Session\Handlers\FileHandler' driver.
DEBUG - 2025-09-15 04:20:00 --> Session: Class initialized using 'CodeIgniter\Session\Handlers\FileHandler' driver.
DEBUG - 2025-09-15 04:20:06 --> Session: Class initialized using 'CodeIgniter\Session\Handlers\FileHandler' driver.
DEBUG - 2025-09-15 04:21:20 --> Session: Class initialized using 'CodeIgniter\Session\Handlers\FileHandler' driver.
DEBUG - 2025-09-15 04:22:12 --> Session: Class initialized using 'CodeIgniter\Session\Handlers\FileHandler' driver.
DEBUG - 2025-09-15 04:22:32 --> Session: Class initialized using 'CodeIgniter\Session\Handlers\FileHandler' driver.
DEBUG - 2025-09-15 04:23:14 --> Session: Class initialized using 'CodeIgniter\Session\Handlers\FileHandler' driver.
DEBUG - 2025-09-15 04:23:45 --> Session: Class initialized using 'CodeIgniter\Session\Handlers\FileHandler' driver.
DEBUG - 2025-09-15 04:23:53 --> Session: Class initialized using 'CodeIgniter\Session\Handlers\FileHandler' driver.
DEBUG - 2025-09-15 04:23:54 --> Session: Class initialized using 'CodeIgniter\Session\Handlers\FileHandler' driver.
DEBUG - 2025-09-15 04:23:54 --> Session: Class initialized using 'CodeIgniter\Session\Handlers\FileHandler' driver.
DEBUG - 2025-09-15 04:23:54 --> Session: Class initialized using 'CodeIgniter\Session\Handlers\FileHandler' driver.
DEBUG - 2025-09-15 04:23:55 --> Session: Class initialized using 'CodeIgniter\Session\Handlers\FileHandler' driver.
DEBUG - 2025-09-15 04:26:08 --> Session: Class initialized using 'CodeIgniter\Session\Handlers\FileHandler' driver.
DEBUG - 2025-09-15 04:26:56 --> Session: Class initialized using 'CodeIgniter\Session\Handlers\FileHandler' driver.
DEBUG - 2025-09-15 04:26:57 --> Session: Class initialized using 'CodeIgniter\Session\Handlers\FileHandler' driver.
DEBUG - 2025-09-15 04:27:19 --> Session: Class initialized using 'CodeIgniter\Session\Handlers\FileHandler' driver.
DEBUG - 2025-09-15 04:28:09 --> Session: Class initialized using 'CodeIgniter\Session\Handlers\FileHandler' driver.
DEBUG - 2025-09-15 04:28:20 --> Session: Class initialized using 'CodeIgniter\Session\Handlers\FileHandler' driver.
DEBUG - 2025-09-15 04:29:01 --> Session: Class initialized using 'CodeIgniter\Session\Handlers\FileHandler' driver.
DEBUG - 2025-09-15 04:30:16 --> Session: Class initialized using 'CodeIgniter\Session\Handlers\FileHandler' driver.
DEBUG - 2025-09-15 04:32:31 --> Session: Class initialized using 'CodeIgniter\Session\Handlers\FileHandler' driver.
DEBUG - 2025-09-15 04:34:32 --> Session: Class initialized using 'CodeIgniter\Session\Handlers\FileHandler' driver.
DEBUG - 2025-09-15 04:34:42 --> Session: Class initialized using 'CodeIgniter\Session\Handlers\FileHandler' driver.
DEBUG - 2025-09-15 04:34:43 --> Session: Class initialized using 'CodeIgniter\Session\Handlers\FileHandler' driver.
DEBUG - 2025-09-15 04:35:28 --> Session: Class initialized using 'CodeIgniter\Session\Handlers\FileHandler' driver.
DEBUG - 2025-09-15 04:35:43 --> Session: Class initialized using 'CodeIgniter\Session\Handlers\FileHandler' driver.
DEBUG - 2025-09-15 04:35:43 --> Session: Class initialized using 'CodeIgniter\Session\Handlers\FileHandler' driver.
DEBUG - 2025-09-15 04:52:41 --> Session: Class initialized using 'CodeIgniter\Session\Handlers\FileHandler' driver.
CRITICAL - 2025-09-15 04:52:41 --> ParseError: syntax error, unexpected token "endif", expecting end of file
[Method: GET, Route: pharmacy/sales/invoice/PHM-IP-20250912-00022]
in APPPATH\Views\pharmacy\sales\invoice.php on line 302.
 1 SYSTEMPATH\View\View.php(227): CodeIgniter\View\View->CodeIgniter\View\{closure}()
 2 SYSTEMPATH\Common.php(1173): CodeIgniter\View\View->render('pharmacy/sales/invoice', [], true)
 3 APPPATH\Controllers\Pharmacy\Sales.php(768): view('pharmacy/sales/invoice', [...])
 4 SYSTEMPATH\CodeIgniter.php(933): App\Controllers\Pharmacy\Sales->invoice('PHM-IP-20250912-00022')
 5 SYSTEMPATH\CodeIgniter.php(507): CodeIgniter\CodeIgniter->runController(Object(App\Controllers\Pharmacy\Sales))
 6 SYSTEMPATH\CodeIgniter.php(354): CodeIgniter\CodeIgniter->handleRequest(null, Object(Config\Cache), false)
 7 SYSTEMPATH\Boot.php(334): CodeIgniter\CodeIgniter->run()
 8 SYSTEMPATH\Boot.php(67): CodeIgniter\Boot::runCodeIgniter(Object(CodeIgniter\CodeIgniter))
 9 FCPATH\index.php(46): CodeIgniter\Boot::bootWeb(Object(Config\Paths))
DEBUG - 2025-09-15 04:52:42 --> Session: Class initialized using 'CodeIgniter\Session\Handlers\FileHandler' driver.
CRITICAL - 2025-09-15 04:52:42 --> ParseError: syntax error, unexpected token "endif", expecting end of file
[Method: GET, Route: pharmacy/sales/invoice/PHM-IP-20250913-00023]
in APPPATH\Views\pharmacy\sales\invoice.php on line 302.
 1 SYSTEMPATH\View\View.php(227): CodeIgniter\View\View->CodeIgniter\View\{closure}()
 2 SYSTEMPATH\Common.php(1173): CodeIgniter\View\View->render('pharmacy/sales/invoice', [], true)
 3 APPPATH\Controllers\Pharmacy\Sales.php(768): view('pharmacy/sales/invoice', [...])
 4 SYSTEMPATH\CodeIgniter.php(933): App\Controllers\Pharmacy\Sales->invoice('PHM-IP-20250913-00023')
 5 SYSTEMPATH\CodeIgniter.php(507): CodeIgniter\CodeIgniter->runController(Object(App\Controllers\Pharmacy\Sales))
 6 SYSTEMPATH\CodeIgniter.php(354): CodeIgniter\CodeIgniter->handleRequest(null, Object(Config\Cache), false)
 7 SYSTEMPATH\Boot.php(334): CodeIgniter\CodeIgniter->run()
 8 SYSTEMPATH\Boot.php(67): CodeIgniter\Boot::runCodeIgniter(Object(CodeIgniter\CodeIgniter))
 9 FCPATH\index.php(46): CodeIgniter\Boot::bootWeb(Object(Config\Paths))
DEBUG - 2025-09-15 04:52:42 --> Session: Class initialized using 'CodeIgniter\Session\Handlers\FileHandler' driver.
CRITICAL - 2025-09-15 04:52:42 --> ParseError: syntax error, unexpected token "endif", expecting end of file
[Method: GET, Route: pharmacy/sales/invoice/PHM-OP-20250912-00021]
in APPPATH\Views\pharmacy\sales\invoice.php on line 302.
 1 SYSTEMPATH\View\View.php(227): CodeIgniter\View\View->CodeIgniter\View\{closure}()
 2 SYSTEMPATH\Common.php(1173): CodeIgniter\View\View->render('pharmacy/sales/invoice', [], true)
 3 APPPATH\Controllers\Pharmacy\Sales.php(768): view('pharmacy/sales/invoice', [...])
 4 SYSTEMPATH\CodeIgniter.php(933): App\Controllers\Pharmacy\Sales->invoice('PHM-OP-20250912-00021')
 5 SYSTEMPATH\CodeIgniter.php(507): CodeIgniter\CodeIgniter->runController(Object(App\Controllers\Pharmacy\Sales))
 6 SYSTEMPATH\CodeIgniter.php(354): CodeIgniter\CodeIgniter->handleRequest(null, Object(Config\Cache), false)
 7 SYSTEMPATH\Boot.php(334): CodeIgniter\CodeIgniter->run()
 8 SYSTEMPATH\Boot.php(67): CodeIgniter\Boot::runCodeIgniter(Object(CodeIgniter\CodeIgniter))
 9 FCPATH\index.php(46): CodeIgniter\Boot::bootWeb(Object(Config\Paths))
DEBUG - 2025-09-15 04:52:42 --> Session: Class initialized using 'CodeIgniter\Session\Handlers\FileHandler' driver.
CRITICAL - 2025-09-15 04:52:42 --> ParseError: syntax error, unexpected token "endif", expecting end of file
[Method: GET, Route: pharmacy/sales/invoice/PHM-IP-20250913-00023]
in APPPATH\Views\pharmacy\sales\invoice.php on line 302.
 1 SYSTEMPATH\View\View.php(227): CodeIgniter\View\View->CodeIgniter\View\{closure}()
 2 SYSTEMPATH\Common.php(1173): CodeIgniter\View\View->render('pharmacy/sales/invoice', [], true)
 3 APPPATH\Controllers\Pharmacy\Sales.php(768): view('pharmacy/sales/invoice', [...])
 4 SYSTEMPATH\CodeIgniter.php(933): App\Controllers\Pharmacy\Sales->invoice('PHM-IP-20250913-00023')
 5 SYSTEMPATH\CodeIgniter.php(507): CodeIgniter\CodeIgniter->runController(Object(App\Controllers\Pharmacy\Sales))
 6 SYSTEMPATH\CodeIgniter.php(354): CodeIgniter\CodeIgniter->handleRequest(null, Object(Config\Cache), false)
 7 SYSTEMPATH\Boot.php(334): CodeIgniter\CodeIgniter->run()
 8 SYSTEMPATH\Boot.php(67): CodeIgniter\Boot::runCodeIgniter(Object(CodeIgniter\CodeIgniter))
 9 FCPATH\index.php(46): CodeIgniter\Boot::bootWeb(Object(Config\Paths))
DEBUG - 2025-09-15 04:52:42 --> Session: Class initialized using 'CodeIgniter\Session\Handlers\FileHandler' driver.
DEBUG - 2025-09-15 04:52:45 --> Session: Class initialized using 'CodeIgniter\Session\Handlers\FileHandler' driver.
DEBUG - 2025-09-15 04:59:06 --> Session: Class initialized using 'CodeIgniter\Session\Handlers\FileHandler' driver.
DEBUG - 2025-09-15 04:59:45 --> Session: Class initialized using 'CodeIgniter\Session\Handlers\FileHandler' driver.
DEBUG - 2025-09-15 04:59:52 --> Session: Class initialized using 'CodeIgniter\Session\Handlers\FileHandler' driver.
DEBUG - 2025-09-15 05:15:01 --> Session: Class initialized using 'CodeIgniter\Session\Handlers\FileHandler' driver.
DEBUG - 2025-09-15 05:15:01 --> Session: Class initialized using 'CodeIgniter\Session\Handlers\FileHandler' driver.
DEBUG - 2025-09-15 05:15:14 --> Session: Class initialized using 'CodeIgniter\Session\Handlers\FileHandler' driver.
DEBUG - 2025-09-15 05:15:16 --> Session: Class initialized using 'CodeIgniter\Session\Handlers\FileHandler' driver.
ERROR - 2025-09-15 05:15:16 --> mysqli_sql_exception: Unknown column 'pharmacy_sale_items.gst_rate' in 'field list' in C:\xampp\htdocs\hms_ram\system\Database\MySQLi\Connection.php:327
Stack trace:
#0 C:\xampp\htdocs\hms_ram\system\Database\MySQLi\Connection.php(327): mysqli->query('SELECT `pharmac...', 0)
#1 C:\xampp\htdocs\hms_ram\system\Database\BaseConnection.php(738): CodeIgniter\Database\MySQLi\Connection->execute('SELECT `pharmac...')
#2 C:\xampp\htdocs\hms_ram\system\Database\BaseConnection.php(652): CodeIgniter\Database\BaseConnection->simpleQuery('SELECT `pharmac...')
#3 C:\xampp\htdocs\hms_ram\system\Database\BaseBuilder.php(1649): CodeIgniter\Database\BaseConnection->query('SELECT `pharmac...', Array, false)
#4 C:\xampp\htdocs\hms_ram\system\Model.php(286): CodeIgniter\Database\BaseBuilder->get()
#5 C:\xampp\htdocs\hms_ram\system\BaseModel.php(679): CodeIgniter\Model->doFindAll(0, 0)
#6 C:\xampp\htdocs\hms_ram\app\Controllers\Pharmacy\Sales.php(703): CodeIgniter\BaseModel->findAll()
#7 C:\xampp\htdocs\hms_ram\system\CodeIgniter.php(933): App\Controllers\Pharmacy\Sales->invoice('PHM-OP-20250912...')
#8 C:\xampp\htdocs\hms_ram\system\CodeIgniter.php(507): CodeIgniter\CodeIgniter->runController(Object(App\Controllers\Pharmacy\Sales))
#9 C:\xampp\htdocs\hms_ram\system\CodeIgniter.php(354): CodeIgniter\CodeIgniter->handleRequest(NULL, Object(Config\Cache), false)
#10 C:\xampp\htdocs\hms_ram\system\Boot.php(334): CodeIgniter\CodeIgniter->run()
#11 C:\xampp\htdocs\hms_ram\system\Boot.php(67): CodeIgniter\Boot::runCodeIgniter(Object(CodeIgniter\CodeIgniter))
#12 C:\xampp\htdocs\hms_ram\index.php(46): CodeIgniter\Boot::bootWeb(Object(Config\Paths))
#13 {main}
CRITICAL - 2025-09-15 05:15:16 --> CodeIgniter\Database\Exceptions\DatabaseException: Unknown column 'pharmacy_sale_items.gst_rate' in 'field list'
[Method: GET, Route: pharmacy/sales/invoice/PHM-OP-20250912-00021]
in SYSTEMPATH\Database\BaseConnection.php on line 692.
 1 SYSTEMPATH\Database\BaseBuilder.php(1649): CodeIgniter\Database\BaseConnection->query('SELECT `pharmacy_returns`.*, `pg`.`generic_name` as `medicine_name`, `pharmacy_sale_items`.`unit_selling_price`, `pharmacy_sale_items`.`discount_per_item`, `pharmacy_sale_items`.`gst_rate`
FROM `pharmacy_returns`
JOIN `pharmacy_medicines` `m` ON `m`.`id` = `pharmacy_returns`.`medicine_id`
JOIN `pharmacy_generics` `pg` ON `pg`.`id` = `m`.`generic_id`
JOIN `pharmacy_sale_items` ON `pharmacy_sale_items`.`id` = `pharmacy_returns`.`sale_item_id`
WHERE `pharmacy_returns`.`sale_id` = :pharmacy_returns.sale_id:
AND `pharmacy_returns`.`approval_status` = :pharmacy_returns.approval_status:', [...], false)
 2 SYSTEMPATH\Model.php(286): CodeIgniter\Database\BaseBuilder->get()
 3 SYSTEMPATH\BaseModel.php(679): CodeIgniter\Model->doFindAll(0, 0)
 4 APPPATH\Controllers\Pharmacy\Sales.php(703): CodeIgniter\BaseModel->findAll()
 5 SYSTEMPATH\CodeIgniter.php(933): App\Controllers\Pharmacy\Sales->invoice('PHM-OP-20250912-00021')
 6 SYSTEMPATH\CodeIgniter.php(507): CodeIgniter\CodeIgniter->runController(Object(App\Controllers\Pharmacy\Sales))
 7 SYSTEMPATH\CodeIgniter.php(354): CodeIgniter\CodeIgniter->handleRequest(null, Object(Config\Cache), false)
 8 SYSTEMPATH\Boot.php(334): CodeIgniter\CodeIgniter->run()
 9 SYSTEMPATH\Boot.php(67): CodeIgniter\Boot::runCodeIgniter(Object(CodeIgniter\CodeIgniter))
10 FCPATH\index.php(46): CodeIgniter\Boot::bootWeb(Object(Config\Paths))
CRITICAL - 2025-09-15 05:15:16 --> [Caused by] CodeIgniter\Database\Exceptions\DatabaseException: Unknown column 'pharmacy_sale_items.gst_rate' in 'field list'
in SYSTEMPATH\Database\MySQLi\Connection.php on line 332.
 1 SYSTEMPATH\Database\BaseConnection.php(738): CodeIgniter\Database\MySQLi\Connection->execute('SELECT `pharmacy_returns`.*, `pg`.`generic_name` as `medicine_name`, `pharmacy_sale_items`.`unit_selling_price`, `pharmacy_sale_items`.`discount_per_item`, `pharmacy_sale_items`.`gst_rate`
FROM `pharmacy_returns`
JOIN `pharmacy_medicines` `m` ON `m`.`id` = `pharmacy_returns`.`medicine_id`
JOIN `pharmacy_generics` `pg` ON `pg`.`id` = `m`.`generic_id`
JOIN `pharmacy_sale_items` ON `pharmacy_sale_items`.`id` = `pharmacy_returns`.`sale_item_id`
WHERE `pharmacy_returns`.`sale_id` = \'39\'
AND `pharmacy_returns`.`approval_status` = \'approved\'')
 2 SYSTEMPATH\Database\BaseConnection.php(652): CodeIgniter\Database\BaseConnection->simpleQuery('SELECT `pharmacy_returns`.*, `pg`.`generic_name` as `medicine_name`, `pharmacy_sale_items`.`unit_selling_price`, `pharmacy_sale_items`.`discount_per_item`, `pharmacy_sale_items`.`gst_rate`
FROM `pharmacy_returns`
JOIN `pharmacy_medicines` `m` ON `m`.`id` = `pharmacy_returns`.`medicine_id`
JOIN `pharmacy_generics` `pg` ON `pg`.`id` = `m`.`generic_id`
JOIN `pharmacy_sale_items` ON `pharmacy_sale_items`.`id` = `pharmacy_returns`.`sale_item_id`
WHERE `pharmacy_returns`.`sale_id` = \'39\'
AND `pharmacy_returns`.`approval_status` = \'approved\'')
 3 SYSTEMPATH\Database\BaseBuilder.php(1649): CodeIgniter\Database\BaseConnection->query('SELECT `pharmacy_returns`.*, `pg`.`generic_name` as `medicine_name`, `pharmacy_sale_items`.`unit_selling_price`, `pharmacy_sale_items`.`discount_per_item`, `pharmacy_sale_items`.`gst_rate`
FROM `pharmacy_returns`
JOIN `pharmacy_medicines` `m` ON `m`.`id` = `pharmacy_returns`.`medicine_id`
JOIN `pharmacy_generics` `pg` ON `pg`.`id` = `m`.`generic_id`
JOIN `pharmacy_sale_items` ON `pharmacy_sale_items`.`id` = `pharmacy_returns`.`sale_item_id`
WHERE `pharmacy_returns`.`sale_id` = :pharmacy_returns.sale_id:
AND `pharmacy_returns`.`approval_status` = :pharmacy_returns.approval_status:', [...], false)
 4 SYSTEMPATH\Model.php(286): CodeIgniter\Database\BaseBuilder->get()
 5 SYSTEMPATH\BaseModel.php(679): CodeIgniter\Model->doFindAll(0, 0)
 6 APPPATH\Controllers\Pharmacy\Sales.php(703): CodeIgniter\BaseModel->findAll()
 7 SYSTEMPATH\CodeIgniter.php(933): App\Controllers\Pharmacy\Sales->invoice('PHM-OP-20250912-00021')
 8 SYSTEMPATH\CodeIgniter.php(507): CodeIgniter\CodeIgniter->runController(Object(App\Controllers\Pharmacy\Sales))
 9 SYSTEMPATH\CodeIgniter.php(354): CodeIgniter\CodeIgniter->handleRequest(null, Object(Config\Cache), false)
10 SYSTEMPATH\Boot.php(334): CodeIgniter\CodeIgniter->run()
11 SYSTEMPATH\Boot.php(67): CodeIgniter\Boot::runCodeIgniter(Object(CodeIgniter\CodeIgniter))
12 FCPATH\index.php(46): CodeIgniter\Boot::bootWeb(Object(Config\Paths))
CRITICAL - 2025-09-15 05:15:16 --> [Caused by] mysqli_sql_exception: Unknown column 'pharmacy_sale_items.gst_rate' in 'field list'
in SYSTEMPATH\Database\MySQLi\Connection.php on line 327.
 1 SYSTEMPATH\Database\MySQLi\Connection.php(327): mysqli->query('SELECT `pharmacy_returns`.*, `pg`.`generic_name` as `medicine_name`, `pharmacy_sale_items`.`unit_selling_price`, `pharmacy_sale_items`.`discount_per_item`, `pharmacy_sale_items`.`gst_rate`
FROM `pharmacy_returns`
JOIN `pharmacy_medicines` `m` ON `m`.`id` = `pharmacy_returns`.`medicine_id`
JOIN `pharmacy_generics` `pg` ON `pg`.`id` = `m`.`generic_id`
JOIN `pharmacy_sale_items` ON `pharmacy_sale_items`.`id` = `pharmacy_returns`.`sale_item_id`
WHERE `pharmacy_returns`.`sale_id` = \'39\'
AND `pharmacy_returns`.`approval_status` = \'approved\'', 0)
 2 SYSTEMPATH\Database\BaseConnection.php(738): CodeIgniter\Database\MySQLi\Connection->execute('SELECT `pharmacy_returns`.*, `pg`.`generic_name` as `medicine_name`, `pharmacy_sale_items`.`unit_selling_price`, `pharmacy_sale_items`.`discount_per_item`, `pharmacy_sale_items`.`gst_rate`
FROM `pharmacy_returns`
JOIN `pharmacy_medicines` `m` ON `m`.`id` = `pharmacy_returns`.`medicine_id`
JOIN `pharmacy_generics` `pg` ON `pg`.`id` = `m`.`generic_id`
JOIN `pharmacy_sale_items` ON `pharmacy_sale_items`.`id` = `pharmacy_returns`.`sale_item_id`
WHERE `pharmacy_returns`.`sale_id` = \'39\'
AND `pharmacy_returns`.`approval_status` = \'approved\'')
 3 SYSTEMPATH\Database\BaseConnection.php(652): CodeIgniter\Database\BaseConnection->simpleQuery('SELECT `pharmacy_returns`.*, `pg`.`generic_name` as `medicine_name`, `pharmacy_sale_items`.`unit_selling_price`, `pharmacy_sale_items`.`discount_per_item`, `pharmacy_sale_items`.`gst_rate`
FROM `pharmacy_returns`
JOIN `pharmacy_medicines` `m` ON `m`.`id` = `pharmacy_returns`.`medicine_id`
JOIN `pharmacy_generics` `pg` ON `pg`.`id` = `m`.`generic_id`
JOIN `pharmacy_sale_items` ON `pharmacy_sale_items`.`id` = `pharmacy_returns`.`sale_item_id`
WHERE `pharmacy_returns`.`sale_id` = \'39\'
AND `pharmacy_returns`.`approval_status` = \'approved\'')
 4 SYSTEMPATH\Database\BaseBuilder.php(1649): CodeIgniter\Database\BaseConnection->query('SELECT `pharmacy_returns`.*, `pg`.`generic_name` as `medicine_name`, `pharmacy_sale_items`.`unit_selling_price`, `pharmacy_sale_items`.`discount_per_item`, `pharmacy_sale_items`.`gst_rate`
FROM `pharmacy_returns`
JOIN `pharmacy_medicines` `m` ON `m`.`id` = `pharmacy_returns`.`medicine_id`
JOIN `pharmacy_generics` `pg` ON `pg`.`id` = `m`.`generic_id`
JOIN `pharmacy_sale_items` ON `pharmacy_sale_items`.`id` = `pharmacy_returns`.`sale_item_id`
WHERE `pharmacy_returns`.`sale_id` = :pharmacy_returns.sale_id:
AND `pharmacy_returns`.`approval_status` = :pharmacy_returns.approval_status:', [...], false)
 5 SYSTEMPATH\Model.php(286): CodeIgniter\Database\BaseBuilder->get()
 6 SYSTEMPATH\BaseModel.php(679): CodeIgniter\Model->doFindAll(0, 0)
 7 APPPATH\Controllers\Pharmacy\Sales.php(703): CodeIgniter\BaseModel->findAll()
 8 SYSTEMPATH\CodeIgniter.php(933): App\Controllers\Pharmacy\Sales->invoice('PHM-OP-20250912-00021')
 9 SYSTEMPATH\CodeIgniter.php(507): CodeIgniter\CodeIgniter->runController(Object(App\Controllers\Pharmacy\Sales))
10 SYSTEMPATH\CodeIgniter.php(354): CodeIgniter\CodeIgniter->handleRequest(null, Object(Config\Cache), false)
11 SYSTEMPATH\Boot.php(334): CodeIgniter\CodeIgniter->run()
12 SYSTEMPATH\Boot.php(67): CodeIgniter\Boot::runCodeIgniter(Object(CodeIgniter\CodeIgniter))
13 FCPATH\index.php(46): CodeIgniter\Boot::bootWeb(Object(Config\Paths))
DEBUG - 2025-09-15 05:15:17 --> Session: Class initialized using 'CodeIgniter\Session\Handlers\FileHandler' driver.
DEBUG - 2025-09-15 05:15:20 --> Session: Class initialized using 'CodeIgniter\Session\Handlers\FileHandler' driver.
ERROR - 2025-09-15 05:15:20 --> mysqli_sql_exception: Unknown column 'pharmacy_sale_items.gst_rate' in 'field list' in C:\xampp\htdocs\hms_ram\system\Database\MySQLi\Connection.php:327
Stack trace:
#0 C:\xampp\htdocs\hms_ram\system\Database\MySQLi\Connection.php(327): mysqli->query('SELECT `pharmac...', 0)
#1 C:\xampp\htdocs\hms_ram\system\Database\BaseConnection.php(738): CodeIgniter\Database\MySQLi\Connection->execute('SELECT `pharmac...')
#2 C:\xampp\htdocs\hms_ram\system\Database\BaseConnection.php(652): CodeIgniter\Database\BaseConnection->simpleQuery('SELECT `pharmac...')
#3 C:\xampp\htdocs\hms_ram\system\Database\BaseBuilder.php(1649): CodeIgniter\Database\BaseConnection->query('SELECT `pharmac...', Array, false)
#4 C:\xampp\htdocs\hms_ram\system\Model.php(286): CodeIgniter\Database\BaseBuilder->get()
#5 C:\xampp\htdocs\hms_ram\system\BaseModel.php(679): CodeIgniter\Model->doFindAll(0, 0)
#6 C:\xampp\htdocs\hms_ram\app\Controllers\Pharmacy\Sales.php(703): CodeIgniter\BaseModel->findAll()
#7 C:\xampp\htdocs\hms_ram\system\CodeIgniter.php(933): App\Controllers\Pharmacy\Sales->invoice('PHM-OP-20250912...')
#8 C:\xampp\htdocs\hms_ram\system\CodeIgniter.php(507): CodeIgniter\CodeIgniter->runController(Object(App\Controllers\Pharmacy\Sales))
#9 C:\xampp\htdocs\hms_ram\system\CodeIgniter.php(354): CodeIgniter\CodeIgniter->handleRequest(NULL, Object(Config\Cache), false)
#10 C:\xampp\htdocs\hms_ram\system\Boot.php(334): CodeIgniter\CodeIgniter->run()
#11 C:\xampp\htdocs\hms_ram\system\Boot.php(67): CodeIgniter\Boot::runCodeIgniter(Object(CodeIgniter\CodeIgniter))
#12 C:\xampp\htdocs\hms_ram\index.php(46): CodeIgniter\Boot::bootWeb(Object(Config\Paths))
#13 {main}
CRITICAL - 2025-09-15 05:15:20 --> CodeIgniter\Database\Exceptions\DatabaseException: Unknown column 'pharmacy_sale_items.gst_rate' in 'field list'
[Method: GET, Route: pharmacy/sales/invoice/PHM-OP-20250912-00021]
in SYSTEMPATH\Database\BaseConnection.php on line 692.
 1 SYSTEMPATH\Database\BaseBuilder.php(1649): CodeIgniter\Database\BaseConnection->query('SELECT `pharmacy_returns`.*, `pg`.`generic_name` as `medicine_name`, `pharmacy_sale_items`.`unit_selling_price`, `pharmacy_sale_items`.`discount_per_item`, `pharmacy_sale_items`.`gst_rate`
FROM `pharmacy_returns`
JOIN `pharmacy_medicines` `m` ON `m`.`id` = `pharmacy_returns`.`medicine_id`
JOIN `pharmacy_generics` `pg` ON `pg`.`id` = `m`.`generic_id`
JOIN `pharmacy_sale_items` ON `pharmacy_sale_items`.`id` = `pharmacy_returns`.`sale_item_id`
WHERE `pharmacy_returns`.`sale_id` = :pharmacy_returns.sale_id:
AND `pharmacy_returns`.`approval_status` = :pharmacy_returns.approval_status:', [...], false)
 2 SYSTEMPATH\Model.php(286): CodeIgniter\Database\BaseBuilder->get()
 3 SYSTEMPATH\BaseModel.php(679): CodeIgniter\Model->doFindAll(0, 0)
 4 APPPATH\Controllers\Pharmacy\Sales.php(703): CodeIgniter\BaseModel->findAll()
 5 SYSTEMPATH\CodeIgniter.php(933): App\Controllers\Pharmacy\Sales->invoice('PHM-OP-20250912-00021')
 6 SYSTEMPATH\CodeIgniter.php(507): CodeIgniter\CodeIgniter->runController(Object(App\Controllers\Pharmacy\Sales))
 7 SYSTEMPATH\CodeIgniter.php(354): CodeIgniter\CodeIgniter->handleRequest(null, Object(Config\Cache), false)
 8 SYSTEMPATH\Boot.php(334): CodeIgniter\CodeIgniter->run()
 9 SYSTEMPATH\Boot.php(67): CodeIgniter\Boot::runCodeIgniter(Object(CodeIgniter\CodeIgniter))
10 FCPATH\index.php(46): CodeIgniter\Boot::bootWeb(Object(Config\Paths))
CRITICAL - 2025-09-15 05:15:20 --> [Caused by] CodeIgniter\Database\Exceptions\DatabaseException: Unknown column 'pharmacy_sale_items.gst_rate' in 'field list'
in SYSTEMPATH\Database\MySQLi\Connection.php on line 332.
 1 SYSTEMPATH\Database\BaseConnection.php(738): CodeIgniter\Database\MySQLi\Connection->execute('SELECT `pharmacy_returns`.*, `pg`.`generic_name` as `medicine_name`, `pharmacy_sale_items`.`unit_selling_price`, `pharmacy_sale_items`.`discount_per_item`, `pharmacy_sale_items`.`gst_rate`
FROM `pharmacy_returns`
JOIN `pharmacy_medicines` `m` ON `m`.`id` = `pharmacy_returns`.`medicine_id`
JOIN `pharmacy_generics` `pg` ON `pg`.`id` = `m`.`generic_id`
JOIN `pharmacy_sale_items` ON `pharmacy_sale_items`.`id` = `pharmacy_returns`.`sale_item_id`
WHERE `pharmacy_returns`.`sale_id` = \'39\'
AND `pharmacy_returns`.`approval_status` = \'approved\'')
 2 SYSTEMPATH\Database\BaseConnection.php(652): CodeIgniter\Database\BaseConnection->simpleQuery('SELECT `pharmacy_returns`.*, `pg`.`generic_name` as `medicine_name`, `pharmacy_sale_items`.`unit_selling_price`, `pharmacy_sale_items`.`discount_per_item`, `pharmacy_sale_items`.`gst_rate`
FROM `pharmacy_returns`
JOIN `pharmacy_medicines` `m` ON `m`.`id` = `pharmacy_returns`.`medicine_id`
JOIN `pharmacy_generics` `pg` ON `pg`.`id` = `m`.`generic_id`
JOIN `pharmacy_sale_items` ON `pharmacy_sale_items`.`id` = `pharmacy_returns`.`sale_item_id`
WHERE `pharmacy_returns`.`sale_id` = \'39\'
AND `pharmacy_returns`.`approval_status` = \'approved\'')
 3 SYSTEMPATH\Database\BaseBuilder.php(1649): CodeIgniter\Database\BaseConnection->query('SELECT `pharmacy_returns`.*, `pg`.`generic_name` as `medicine_name`, `pharmacy_sale_items`.`unit_selling_price`, `pharmacy_sale_items`.`discount_per_item`, `pharmacy_sale_items`.`gst_rate`
FROM `pharmacy_returns`
JOIN `pharmacy_medicines` `m` ON `m`.`id` = `pharmacy_returns`.`medicine_id`
JOIN `pharmacy_generics` `pg` ON `pg`.`id` = `m`.`generic_id`
JOIN `pharmacy_sale_items` ON `pharmacy_sale_items`.`id` = `pharmacy_returns`.`sale_item_id`
WHERE `pharmacy_returns`.`sale_id` = :pharmacy_returns.sale_id:
AND `pharmacy_returns`.`approval_status` = :pharmacy_returns.approval_status:', [...], false)
 4 SYSTEMPATH\Model.php(286): CodeIgniter\Database\BaseBuilder->get()
 5 SYSTEMPATH\BaseModel.php(679): CodeIgniter\Model->doFindAll(0, 0)
 6 APPPATH\Controllers\Pharmacy\Sales.php(703): CodeIgniter\BaseModel->findAll()
 7 SYSTEMPATH\CodeIgniter.php(933): App\Controllers\Pharmacy\Sales->invoice('PHM-OP-20250912-00021')
 8 SYSTEMPATH\CodeIgniter.php(507): CodeIgniter\CodeIgniter->runController(Object(App\Controllers\Pharmacy\Sales))
 9 SYSTEMPATH\CodeIgniter.php(354): CodeIgniter\CodeIgniter->handleRequest(null, Object(Config\Cache), false)
10 SYSTEMPATH\Boot.php(334): CodeIgniter\CodeIgniter->run()
11 SYSTEMPATH\Boot.php(67): CodeIgniter\Boot::runCodeIgniter(Object(CodeIgniter\CodeIgniter))
12 FCPATH\index.php(46): CodeIgniter\Boot::bootWeb(Object(Config\Paths))
CRITICAL - 2025-09-15 05:15:20 --> [Caused by] mysqli_sql_exception: Unknown column 'pharmacy_sale_items.gst_rate' in 'field list'
in SYSTEMPATH\Database\MySQLi\Connection.php on line 327.
 1 SYSTEMPATH\Database\MySQLi\Connection.php(327): mysqli->query('SELECT `pharmacy_returns`.*, `pg`.`generic_name` as `medicine_name`, `pharmacy_sale_items`.`unit_selling_price`, `pharmacy_sale_items`.`discount_per_item`, `pharmacy_sale_items`.`gst_rate`
FROM `pharmacy_returns`
JOIN `pharmacy_medicines` `m` ON `m`.`id` = `pharmacy_returns`.`medicine_id`
JOIN `pharmacy_generics` `pg` ON `pg`.`id` = `m`.`generic_id`
JOIN `pharmacy_sale_items` ON `pharmacy_sale_items`.`id` = `pharmacy_returns`.`sale_item_id`
WHERE `pharmacy_returns`.`sale_id` = \'39\'
AND `pharmacy_returns`.`approval_status` = \'approved\'', 0)
 2 SYSTEMPATH\Database\BaseConnection.php(738): CodeIgniter\Database\MySQLi\Connection->execute('SELECT `pharmacy_returns`.*, `pg`.`generic_name` as `medicine_name`, `pharmacy_sale_items`.`unit_selling_price`, `pharmacy_sale_items`.`discount_per_item`, `pharmacy_sale_items`.`gst_rate`
FROM `pharmacy_returns`
JOIN `pharmacy_medicines` `m` ON `m`.`id` = `pharmacy_returns`.`medicine_id`
JOIN `pharmacy_generics` `pg` ON `pg`.`id` = `m`.`generic_id`
JOIN `pharmacy_sale_items` ON `pharmacy_sale_items`.`id` = `pharmacy_returns`.`sale_item_id`
WHERE `pharmacy_returns`.`sale_id` = \'39\'
AND `pharmacy_returns`.`approval_status` = \'approved\'')
 3 SYSTEMPATH\Database\BaseConnection.php(652): CodeIgniter\Database\BaseConnection->simpleQuery('SELECT `pharmacy_returns`.*, `pg`.`generic_name` as `medicine_name`, `pharmacy_sale_items`.`unit_selling_price`, `pharmacy_sale_items`.`discount_per_item`, `pharmacy_sale_items`.`gst_rate`
FROM `pharmacy_returns`
JOIN `pharmacy_medicines` `m` ON `m`.`id` = `pharmacy_returns`.`medicine_id`
JOIN `pharmacy_generics` `pg` ON `pg`.`id` = `m`.`generic_id`
JOIN `pharmacy_sale_items` ON `pharmacy_sale_items`.`id` = `pharmacy_returns`.`sale_item_id`
WHERE `pharmacy_returns`.`sale_id` = \'39\'
AND `pharmacy_returns`.`approval_status` = \'approved\'')
 4 SYSTEMPATH\Database\BaseBuilder.php(1649): CodeIgniter\Database\BaseConnection->query('SELECT `pharmacy_returns`.*, `pg`.`generic_name` as `medicine_name`, `pharmacy_sale_items`.`unit_selling_price`, `pharmacy_sale_items`.`discount_per_item`, `pharmacy_sale_items`.`gst_rate`
FROM `pharmacy_returns`
JOIN `pharmacy_medicines` `m` ON `m`.`id` = `pharmacy_returns`.`medicine_id`
JOIN `pharmacy_generics` `pg` ON `pg`.`id` = `m`.`generic_id`
JOIN `pharmacy_sale_items` ON `pharmacy_sale_items`.`id` = `pharmacy_returns`.`sale_item_id`
WHERE `pharmacy_returns`.`sale_id` = :pharmacy_returns.sale_id:
AND `pharmacy_returns`.`approval_status` = :pharmacy_returns.approval_status:', [...], false)
 5 SYSTEMPATH\Model.php(286): CodeIgniter\Database\BaseBuilder->get()
 6 SYSTEMPATH\BaseModel.php(679): CodeIgniter\Model->doFindAll(0, 0)
 7 APPPATH\Controllers\Pharmacy\Sales.php(703): CodeIgniter\BaseModel->findAll()
 8 SYSTEMPATH\CodeIgniter.php(933): App\Controllers\Pharmacy\Sales->invoice('PHM-OP-20250912-00021')
 9 SYSTEMPATH\CodeIgniter.php(507): CodeIgniter\CodeIgniter->runController(Object(App\Controllers\Pharmacy\Sales))
10 SYSTEMPATH\CodeIgniter.php(354): CodeIgniter\CodeIgniter->handleRequest(null, Object(Config\Cache), false)
11 SYSTEMPATH\Boot.php(334): CodeIgniter\CodeIgniter->run()
12 SYSTEMPATH\Boot.php(67): CodeIgniter\Boot::runCodeIgniter(Object(CodeIgniter\CodeIgniter))
13 FCPATH\index.php(46): CodeIgniter\Boot::bootWeb(Object(Config\Paths))
DEBUG - 2025-09-15 05:15:22 --> Session: Class initialized using 'CodeIgniter\Session\Handlers\FileHandler' driver.
ERROR - 2025-09-15 05:15:22 --> mysqli_sql_exception: Unknown column 'pharmacy_sale_items.gst_rate' in 'field list' in C:\xampp\htdocs\hms_ram\system\Database\MySQLi\Connection.php:327
Stack trace:
#0 C:\xampp\htdocs\hms_ram\system\Database\MySQLi\Connection.php(327): mysqli->query('SELECT `pharmac...', 0)
#1 C:\xampp\htdocs\hms_ram\system\Database\BaseConnection.php(738): CodeIgniter\Database\MySQLi\Connection->execute('SELECT `pharmac...')
#2 C:\xampp\htdocs\hms_ram\system\Database\BaseConnection.php(652): CodeIgniter\Database\BaseConnection->simpleQuery('SELECT `pharmac...')
#3 C:\xampp\htdocs\hms_ram\system\Database\BaseBuilder.php(1649): CodeIgniter\Database\BaseConnection->query('SELECT `pharmac...', Array, false)
#4 C:\xampp\htdocs\hms_ram\system\Model.php(286): CodeIgniter\Database\BaseBuilder->get()
#5 C:\xampp\htdocs\hms_ram\system\BaseModel.php(679): CodeIgniter\Model->doFindAll(0, 0)
#6 C:\xampp\htdocs\hms_ram\app\Controllers\Pharmacy\Sales.php(703): CodeIgniter\BaseModel->findAll()
#7 C:\xampp\htdocs\hms_ram\system\CodeIgniter.php(933): App\Controllers\Pharmacy\Sales->invoice('PHM-OP-20250912...')
#8 C:\xampp\htdocs\hms_ram\system\CodeIgniter.php(507): CodeIgniter\CodeIgniter->runController(Object(App\Controllers\Pharmacy\Sales))
#9 C:\xampp\htdocs\hms_ram\system\CodeIgniter.php(354): CodeIgniter\CodeIgniter->handleRequest(NULL, Object(Config\Cache), false)
#10 C:\xampp\htdocs\hms_ram\system\Boot.php(334): CodeIgniter\CodeIgniter->run()
#11 C:\xampp\htdocs\hms_ram\system\Boot.php(67): CodeIgniter\Boot::runCodeIgniter(Object(CodeIgniter\CodeIgniter))
#12 C:\xampp\htdocs\hms_ram\index.php(46): CodeIgniter\Boot::bootWeb(Object(Config\Paths))
#13 {main}
CRITICAL - 2025-09-15 05:15:22 --> CodeIgniter\Database\Exceptions\DatabaseException: Unknown column 'pharmacy_sale_items.gst_rate' in 'field list'
[Method: GET, Route: pharmacy/sales/invoice/PHM-OP-20250912-00021]
in SYSTEMPATH\Database\BaseConnection.php on line 692.
 1 SYSTEMPATH\Database\BaseBuilder.php(1649): CodeIgniter\Database\BaseConnection->query('SELECT `pharmacy_returns`.*, `pg`.`generic_name` as `medicine_name`, `pharmacy_sale_items`.`unit_selling_price`, `pharmacy_sale_items`.`discount_per_item`, `pharmacy_sale_items`.`gst_rate`
FROM `pharmacy_returns`
JOIN `pharmacy_medicines` `m` ON `m`.`id` = `pharmacy_returns`.`medicine_id`
JOIN `pharmacy_generics` `pg` ON `pg`.`id` = `m`.`generic_id`
JOIN `pharmacy_sale_items` ON `pharmacy_sale_items`.`id` = `pharmacy_returns`.`sale_item_id`
WHERE `pharmacy_returns`.`sale_id` = :pharmacy_returns.sale_id:
AND `pharmacy_returns`.`approval_status` = :pharmacy_returns.approval_status:', [...], false)
 2 SYSTEMPATH\Model.php(286): CodeIgniter\Database\BaseBuilder->get()
 3 SYSTEMPATH\BaseModel.php(679): CodeIgniter\Model->doFindAll(0, 0)
 4 APPPATH\Controllers\Pharmacy\Sales.php(703): CodeIgniter\BaseModel->findAll()
 5 SYSTEMPATH\CodeIgniter.php(933): App\Controllers\Pharmacy\Sales->invoice('PHM-OP-20250912-00021')
 6 SYSTEMPATH\CodeIgniter.php(507): CodeIgniter\CodeIgniter->runController(Object(App\Controllers\Pharmacy\Sales))
 7 SYSTEMPATH\CodeIgniter.php(354): CodeIgniter\CodeIgniter->handleRequest(null, Object(Config\Cache), false)
 8 SYSTEMPATH\Boot.php(334): CodeIgniter\CodeIgniter->run()
 9 SYSTEMPATH\Boot.php(67): CodeIgniter\Boot::runCodeIgniter(Object(CodeIgniter\CodeIgniter))
10 FCPATH\index.php(46): CodeIgniter\Boot::bootWeb(Object(Config\Paths))
CRITICAL - 2025-09-15 05:15:22 --> [Caused by] CodeIgniter\Database\Exceptions\DatabaseException: Unknown column 'pharmacy_sale_items.gst_rate' in 'field list'
in SYSTEMPATH\Database\MySQLi\Connection.php on line 332.
 1 SYSTEMPATH\Database\BaseConnection.php(738): CodeIgniter\Database\MySQLi\Connection->execute('SELECT `pharmacy_returns`.*, `pg`.`generic_name` as `medicine_name`, `pharmacy_sale_items`.`unit_selling_price`, `pharmacy_sale_items`.`discount_per_item`, `pharmacy_sale_items`.`gst_rate`
FROM `pharmacy_returns`
JOIN `pharmacy_medicines` `m` ON `m`.`id` = `pharmacy_returns`.`medicine_id`
JOIN `pharmacy_generics` `pg` ON `pg`.`id` = `m`.`generic_id`
JOIN `pharmacy_sale_items` ON `pharmacy_sale_items`.`id` = `pharmacy_returns`.`sale_item_id`
WHERE `pharmacy_returns`.`sale_id` = \'39\'
AND `pharmacy_returns`.`approval_status` = \'approved\'')
 2 SYSTEMPATH\Database\BaseConnection.php(652): CodeIgniter\Database\BaseConnection->simpleQuery('SELECT `pharmacy_returns`.*, `pg`.`generic_name` as `medicine_name`, `pharmacy_sale_items`.`unit_selling_price`, `pharmacy_sale_items`.`discount_per_item`, `pharmacy_sale_items`.`gst_rate`
FROM `pharmacy_returns`
JOIN `pharmacy_medicines` `m` ON `m`.`id` = `pharmacy_returns`.`medicine_id`
JOIN `pharmacy_generics` `pg` ON `pg`.`id` = `m`.`generic_id`
JOIN `pharmacy_sale_items` ON `pharmacy_sale_items`.`id` = `pharmacy_returns`.`sale_item_id`
WHERE `pharmacy_returns`.`sale_id` = \'39\'
AND `pharmacy_returns`.`approval_status` = \'approved\'')
 3 SYSTEMPATH\Database\BaseBuilder.php(1649): CodeIgniter\Database\BaseConnection->query('SELECT `pharmacy_returns`.*, `pg`.`generic_name` as `medicine_name`, `pharmacy_sale_items`.`unit_selling_price`, `pharmacy_sale_items`.`discount_per_item`, `pharmacy_sale_items`.`gst_rate`
FROM `pharmacy_returns`
JOIN `pharmacy_medicines` `m` ON `m`.`id` = `pharmacy_returns`.`medicine_id`
JOIN `pharmacy_generics` `pg` ON `pg`.`id` = `m`.`generic_id`
JOIN `pharmacy_sale_items` ON `pharmacy_sale_items`.`id` = `pharmacy_returns`.`sale_item_id`
WHERE `pharmacy_returns`.`sale_id` = :pharmacy_returns.sale_id:
AND `pharmacy_returns`.`approval_status` = :pharmacy_returns.approval_status:', [...], false)
 4 SYSTEMPATH\Model.php(286): CodeIgniter\Database\BaseBuilder->get()
 5 SYSTEMPATH\BaseModel.php(679): CodeIgniter\Model->doFindAll(0, 0)
 6 APPPATH\Controllers\Pharmacy\Sales.php(703): CodeIgniter\BaseModel->findAll()
 7 SYSTEMPATH\CodeIgniter.php(933): App\Controllers\Pharmacy\Sales->invoice('PHM-OP-20250912-00021')
 8 SYSTEMPATH\CodeIgniter.php(507): CodeIgniter\CodeIgniter->runController(Object(App\Controllers\Pharmacy\Sales))
 9 SYSTEMPATH\CodeIgniter.php(354): CodeIgniter\CodeIgniter->handleRequest(null, Object(Config\Cache), false)
10 SYSTEMPATH\Boot.php(334): CodeIgniter\CodeIgniter->run()
11 SYSTEMPATH\Boot.php(67): CodeIgniter\Boot::runCodeIgniter(Object(CodeIgniter\CodeIgniter))
12 FCPATH\index.php(46): CodeIgniter\Boot::bootWeb(Object(Config\Paths))
CRITICAL - 2025-09-15 05:15:22 --> [Caused by] mysqli_sql_exception: Unknown column 'pharmacy_sale_items.gst_rate' in 'field list'
in SYSTEMPATH\Database\MySQLi\Connection.php on line 327.
 1 SYSTEMPATH\Database\MySQLi\Connection.php(327): mysqli->query('SELECT `pharmacy_returns`.*, `pg`.`generic_name` as `medicine_name`, `pharmacy_sale_items`.`unit_selling_price`, `pharmacy_sale_items`.`discount_per_item`, `pharmacy_sale_items`.`gst_rate`
FROM `pharmacy_returns`
JOIN `pharmacy_medicines` `m` ON `m`.`id` = `pharmacy_returns`.`medicine_id`
JOIN `pharmacy_generics` `pg` ON `pg`.`id` = `m`.`generic_id`
JOIN `pharmacy_sale_items` ON `pharmacy_sale_items`.`id` = `pharmacy_returns`.`sale_item_id`
WHERE `pharmacy_returns`.`sale_id` = \'39\'
AND `pharmacy_returns`.`approval_status` = \'approved\'', 0)
 2 SYSTEMPATH\Database\BaseConnection.php(738): CodeIgniter\Database\MySQLi\Connection->execute('SELECT `pharmacy_returns`.*, `pg`.`generic_name` as `medicine_name`, `pharmacy_sale_items`.`unit_selling_price`, `pharmacy_sale_items`.`discount_per_item`, `pharmacy_sale_items`.`gst_rate`
FROM `pharmacy_returns`
JOIN `pharmacy_medicines` `m` ON `m`.`id` = `pharmacy_returns`.`medicine_id`
JOIN `pharmacy_generics` `pg` ON `pg`.`id` = `m`.`generic_id`
JOIN `pharmacy_sale_items` ON `pharmacy_sale_items`.`id` = `pharmacy_returns`.`sale_item_id`
WHERE `pharmacy_returns`.`sale_id` = \'39\'
AND `pharmacy_returns`.`approval_status` = \'approved\'')
 3 SYSTEMPATH\Database\BaseConnection.php(652): CodeIgniter\Database\BaseConnection->simpleQuery('SELECT `pharmacy_returns`.*, `pg`.`generic_name` as `medicine_name`, `pharmacy_sale_items`.`unit_selling_price`, `pharmacy_sale_items`.`discount_per_item`, `pharmacy_sale_items`.`gst_rate`
FROM `pharmacy_returns`
JOIN `pharmacy_medicines` `m` ON `m`.`id` = `pharmacy_returns`.`medicine_id`
JOIN `pharmacy_generics` `pg` ON `pg`.`id` = `m`.`generic_id`
JOIN `pharmacy_sale_items` ON `pharmacy_sale_items`.`id` = `pharmacy_returns`.`sale_item_id`
WHERE `pharmacy_returns`.`sale_id` = \'39\'
AND `pharmacy_returns`.`approval_status` = \'approved\'')
 4 SYSTEMPATH\Database\BaseBuilder.php(1649): CodeIgniter\Database\BaseConnection->query('SELECT `pharmacy_returns`.*, `pg`.`generic_name` as `medicine_name`, `pharmacy_sale_items`.`unit_selling_price`, `pharmacy_sale_items`.`discount_per_item`, `pharmacy_sale_items`.`gst_rate`
FROM `pharmacy_returns`
JOIN `pharmacy_medicines` `m` ON `m`.`id` = `pharmacy_returns`.`medicine_id`
JOIN `pharmacy_generics` `pg` ON `pg`.`id` = `m`.`generic_id`
JOIN `pharmacy_sale_items` ON `pharmacy_sale_items`.`id` = `pharmacy_returns`.`sale_item_id`
WHERE `pharmacy_returns`.`sale_id` = :pharmacy_returns.sale_id:
AND `pharmacy_returns`.`approval_status` = :pharmacy_returns.approval_status:', [...], false)
 5 SYSTEMPATH\Model.php(286): CodeIgniter\Database\BaseBuilder->get()
 6 SYSTEMPATH\BaseModel.php(679): CodeIgniter\Model->doFindAll(0, 0)
 7 APPPATH\Controllers\Pharmacy\Sales.php(703): CodeIgniter\BaseModel->findAll()
 8 SYSTEMPATH\CodeIgniter.php(933): App\Controllers\Pharmacy\Sales->invoice('PHM-OP-20250912-00021')
 9 SYSTEMPATH\CodeIgniter.php(507): CodeIgniter\CodeIgniter->runController(Object(App\Controllers\Pharmacy\Sales))
10 SYSTEMPATH\CodeIgniter.php(354): CodeIgniter\CodeIgniter->handleRequest(null, Object(Config\Cache), false)
11 SYSTEMPATH\Boot.php(334): CodeIgniter\CodeIgniter->run()
12 SYSTEMPATH\Boot.php(67): CodeIgniter\Boot::runCodeIgniter(Object(CodeIgniter\CodeIgniter))
13 FCPATH\index.php(46): CodeIgniter\Boot::bootWeb(Object(Config\Paths))
DEBUG - 2025-09-15 05:15:40 --> Session: Class initialized using 'CodeIgniter\Session\Handlers\FileHandler' driver.
DEBUG - 2025-09-15 05:15:42 --> Session: Class initialized using 'CodeIgniter\Session\Handlers\FileHandler' driver.
DEBUG - 2025-09-15 05:15:44 --> Session: Class initialized using 'CodeIgniter\Session\Handlers\FileHandler' driver.
DEBUG - 2025-09-15 05:16:13 --> Session: Class initialized using 'CodeIgniter\Session\Handlers\FileHandler' driver.
DEBUG - 2025-09-15 05:16:13 --> Session: Class initialized using 'CodeIgniter\Session\Handlers\FileHandler' driver.
DEBUG - 2025-09-15 05:16:13 --> Session: Class initialized using 'CodeIgniter\Session\Handlers\FileHandler' driver.
DEBUG - 2025-09-15 05:16:35 --> Session: Class initialized using 'CodeIgniter\Session\Handlers\FileHandler' driver.
DEBUG - 2025-09-15 05:16:41 --> Session: Class initialized using 'CodeIgniter\Session\Handlers\FileHandler' driver.
DEBUG - 2025-09-15 05:16:41 --> Fetching medicines for invoice: PHM-IP-20250913-00023
DEBUG - 2025-09-15 05:16:41 --> In-hospital billing found with ID: 24
DEBUG - 2025-09-15 05:16:41 --> Found 2 sale items for in-hospital billing
DEBUG - 2025-09-15 05:16:41 --> Session: Class initialized using 'CodeIgniter\Session\Handlers\FileHandler' driver.
DEBUG - 2025-09-15 05:16:41 --> Fetching medicines for invoice: PHM-IP-20250913-00023
DEBUG - 2025-09-15 05:16:41 --> In-hospital billing found with ID: 24
DEBUG - 2025-09-15 05:16:41 --> Found 2 sale items for in-hospital billing
DEBUG - 2025-09-15 05:16:53 --> Session: Class initialized using 'CodeIgniter\Session\Handlers\FileHandler' driver.
DEBUG - 2025-09-15 05:16:53 --> POST DATA: {"invoice_number":"PHM-IP-20250913-00023","sale_item_id":"85","sale_id":"","billing_id":"24","quantity_returned":"1","medicine_condition":"Good","return_reason":"fdv df r e","notes":"re"}
DEBUG - 2025-09-15 05:16:53 --> Session: Class initialized using 'CodeIgniter\Session\Handlers\FileHandler' driver.
DEBUG - 2025-09-15 05:16:55 --> Session: Class initialized using 'CodeIgniter\Session\Handlers\FileHandler' driver.
DEBUG - 2025-09-15 05:16:58 --> Session: Class initialized using 'CodeIgniter\Session\Handlers\FileHandler' driver.
DEBUG - 2025-09-15 05:16:58 --> Session: Class initialized using 'CodeIgniter\Session\Handlers\FileHandler' driver.
DEBUG - 2025-09-15 05:17:04 --> Session: Class initialized using 'CodeIgniter\Session\Handlers\FileHandler' driver.
DEBUG - 2025-09-15 05:17:04 --> Session: Class initialized using 'CodeIgniter\Session\Handlers\FileHandler' driver.
DEBUG - 2025-09-15 05:17:08 --> Session: Class initialized using 'CodeIgniter\Session\Handlers\FileHandler' driver.
DEBUG - 2025-09-15 05:17:08 --> Redirecting to: http://localhost/hms_ram/index.php/pharmacy/sales/invoice/PHM-IP-20250913-00023
DEBUG - 2025-09-15 05:17:08 --> Return approval info - billing_id: 24, sale_id: NULL
DEBUG - 2025-09-15 05:17:08 --> Invoice numbers - billing invoice: PHM-IP-20250913-00023, sale invoice: PHM-IP-20250913-00023
DEBUG - 2025-09-15 05:17:08 --> Redirect URL chosen: http://localhost/hms_ram/index.php/pharmacy/sales/invoice/PHM-IP-20250913-00023
DEBUG - 2025-09-15 05:17:08 --> Session: Class initialized using 'CodeIgniter\Session\Handlers\FileHandler' driver.
DEBUG - 2025-09-15 05:18:43 --> Session: Class initialized using 'CodeIgniter\Session\Handlers\FileHandler' driver.
DEBUG - 2025-09-15 05:18:43 --> Session: Class initialized using 'CodeIgniter\Session\Handlers\FileHandler' driver.
DEBUG - 2025-09-15 05:18:45 --> Session: Class initialized using 'CodeIgniter\Session\Handlers\FileHandler' driver.
DEBUG - 2025-09-15 05:18:47 --> Session: Class initialized using 'CodeIgniter\Session\Handlers\FileHandler' driver.
DEBUG - 2025-09-15 05:18:47 --> Fetching medicines for invoice: PHM-OP-20250903-00014
DEBUG - 2025-09-15 05:18:47 --> Outside sale found with ID: 32
DEBUG - 2025-09-15 05:18:47 --> Found 2 sale items for outside sale
DEBUG - 2025-09-15 05:18:49 --> Session: Class initialized using 'CodeIgniter\Session\Handlers\FileHandler' driver.
DEBUG - 2025-09-15 05:18:49 --> Fetching medicines for invoice: PHM-OP-20250903-00014
DEBUG - 2025-09-15 05:18:49 --> Outside sale found with ID: 32
DEBUG - 2025-09-15 05:18:49 --> Found 2 sale items for outside sale
DEBUG - 2025-09-15 05:18:58 --> Session: Class initialized using 'CodeIgniter\Session\Handlers\FileHandler' driver.
DEBUG - 2025-09-15 05:19:03 --> Session: Class initialized using 'CodeIgniter\Session\Handlers\FileHandler' driver.
DEBUG - 2025-09-15 05:19:03 --> Fetching medicines for invoice: PHM-OP-20250903-00014
DEBUG - 2025-09-15 05:19:03 --> Outside sale found with ID: 32
DEBUG - 2025-09-15 05:19:03 --> Found 2 sale items for outside sale
DEBUG - 2025-09-15 05:19:07 --> Session: Class initialized using 'CodeIgniter\Session\Handlers\FileHandler' driver.
DEBUG - 2025-09-15 05:19:07 --> Fetching medicines for invoice: PHM-IP-20250913-00023
DEBUG - 2025-09-15 05:19:07 --> In-hospital billing found with ID: 24
DEBUG - 2025-09-15 05:19:07 --> Found 2 sale items for in-hospital billing
DEBUG - 2025-09-15 05:19:07 --> Session: Class initialized using 'CodeIgniter\Session\Handlers\FileHandler' driver.
DEBUG - 2025-09-15 05:19:07 --> Fetching medicines for invoice: PHM-IP-20250913-00023
DEBUG - 2025-09-15 05:19:07 --> In-hospital billing found with ID: 24
DEBUG - 2025-09-15 05:19:07 --> Found 2 sale items for in-hospital billing
DEBUG - 2025-09-15 05:19:19 --> Session: Class initialized using 'CodeIgniter\Session\Handlers\FileHandler' driver.
DEBUG - 2025-09-15 05:19:19 --> POST DATA: {"invoice_number":"PHM-IP-20250913-00023","sale_item_id":"85","sale_id":"","billing_id":"24","quantity_returned":"1","medicine_condition":"Good","return_reason":"jjn jnkj","notes":"kk"}
DEBUG - 2025-09-15 05:19:19 --> Session: Class initialized using 'CodeIgniter\Session\Handlers\FileHandler' driver.
DEBUG - 2025-09-15 05:19:21 --> Session: Class initialized using 'CodeIgniter\Session\Handlers\FileHandler' driver.
DEBUG - 2025-09-15 05:20:50 --> Session: Class initialized using 'CodeIgniter\Session\Handlers\FileHandler' driver.
DEBUG - 2025-09-15 05:20:50 --> Redirecting to: http://localhost/hms_ram/index.php/pharmacy/sales/invoice/PHM-IP-20250913-00023
DEBUG - 2025-09-15 05:20:50 --> Return approval info - billing_id: 24, sale_id: NULL
DEBUG - 2025-09-15 05:20:50 --> Invoice numbers - billing invoice: PHM-IP-20250913-00023, sale invoice: PHM-IP-20250913-00023
DEBUG - 2025-09-15 05:20:50 --> Redirect URL chosen: http://localhost/hms_ram/index.php/pharmacy/sales/invoice/PHM-IP-20250913-00023
DEBUG - 2025-09-15 05:20:50 --> Session: Class initialized using 'CodeIgniter\Session\Handlers\FileHandler' driver.
DEBUG - 2025-09-15 05:20:56 --> Session: Class initialized using 'CodeIgniter\Session\Handlers\FileHandler' driver.
DEBUG - 2025-09-15 05:21:10 --> Session: Class initialized using 'CodeIgniter\Session\Handlers\FileHandler' driver.
DEBUG - 2025-09-15 05:42:02 --> Session: Class initialized using 'CodeIgniter\Session\Handlers\FileHandler' driver.
DEBUG - 2025-09-15 05:43:38 --> Session: Class initialized using 'CodeIgniter\Session\Handlers\FileHandler' driver.
DEBUG - 2025-09-15 05:43:51 --> Session: Class initialized using 'CodeIgniter\Session\Handlers\FileHandler' driver.
DEBUG - 2025-09-15 05:43:53 --> Session: Class initialized using 'CodeIgniter\Session\Handlers\FileHandler' driver.
DEBUG - 2025-09-15 05:43:54 --> Session: Class initialized using 'CodeIgniter\Session\Handlers\FileHandler' driver.
DEBUG - 2025-09-15 05:44:00 --> Session: Class initialized using 'CodeIgniter\Session\Handlers\FileHandler' driver.
DEBUG - 2025-09-15 05:44:06 --> Session: Class initialized using 'CodeIgniter\Session\Handlers\FileHandler' driver.
DEBUG - 2025-09-15 05:44:06 --> Session: Class initialized using 'CodeIgniter\Session\Handlers\FileHandler' driver.
DEBUG - 2025-09-15 05:44:06 --> Session: Class initialized using 'CodeIgniter\Session\Handlers\FileHandler' driver.
DEBUG - 2025-09-15 05:44:06 --> Session: Class initialized using 'CodeIgniter\Session\Handlers\FileHandler' driver.
DEBUG - 2025-09-15 05:44:07 --> Session: Class initialized using 'CodeIgniter\Session\Handlers\FileHandler' driver.
DEBUG - 2025-09-15 05:44:17 --> Session: Class initialized using 'CodeIgniter\Session\Handlers\FileHandler' driver.
DEBUG - 2025-09-15 05:44:33 --> Session: Class initialized using 'CodeIgniter\Session\Handlers\FileHandler' driver.
DEBUG - 2025-09-15 05:44:33 --> Session: Class initialized using 'CodeIgniter\Session\Handlers\FileHandler' driver.
DEBUG - 2025-09-15 05:44:33 --> Session: Class initialized using 'CodeIgniter\Session\Handlers\FileHandler' driver.
CRITICAL - 2025-09-15 05:44:33 --> ErrorException: unlink(C:\xampp\htdocs\hms_ram\writable\debugbar/debugbar_1757913559.470686.json): No such file or directory
[Method: GET, Route: /]
in SYSTEMPATH\Debug\Toolbar\Collectors\History.php on line 82.
 1 [internal function]: CodeIgniter\Debug\Exceptions->errorHandler(2, 'unlink(C:\\xampp\\htdocs\\hms_ram\\writable\\debugbar/debugbar_1757913559.470686.json): No such file or directory', 'C:\\xampp\\htdocs\\hms_ram\\system\\Debug\\Toolbar\\Collectors\\History.php', 82)
 2 SYSTEMPATH\Debug\Toolbar\Collectors\History.php(82): unlink('C:\\xampp\\htdocs\\hms_ram\\writable\\debugbar/debugbar_1757913559.470686.json')
 3 SYSTEMPATH\Debug\Toolbar.php(517): CodeIgniter\Debug\Toolbar\Collectors\History->setFiles('1757915073.554201', 20)
 4 SYSTEMPATH\Debug\Toolbar.php(496): CodeIgniter\Debug\Toolbar->format([...], 'html')
 5 APPPATH\Config\Events.php(47): CodeIgniter\Debug\Toolbar->respond()
 6 SYSTEMPATH\Events\Events.php(155): CodeIgniter\Events\Events::Config\{closure}()
 7 SYSTEMPATH\CodeIgniter.php(339): CodeIgniter\Events\Events::trigger('pre_system')
 8 SYSTEMPATH\Boot.php(334): CodeIgniter\CodeIgniter->run()
 9 SYSTEMPATH\Boot.php(67): CodeIgniter\Boot::runCodeIgniter(Object(CodeIgniter\CodeIgniter))
10 FCPATH\index.php(46): CodeIgniter\Boot::bootWeb(Object(Config\Paths))
DEBUG - 2025-09-15 05:44:33 --> Session: Class initialized using 'CodeIgniter\Session\Handlers\FileHandler' driver.
DEBUG - 2025-09-15 05:44:39 --> Session: Class initialized using 'CodeIgniter\Session\Handlers\FileHandler' driver.
DEBUG - 2025-09-15 05:44:43 --> Session: Class initialized using 'CodeIgniter\Session\Handlers\FileHandler' driver.
DEBUG - 2025-09-15 05:44:50 --> Session: Class initialized using 'CodeIgniter\Session\Handlers\FileHandler' driver.
DEBUG - 2025-09-15 05:44:50 --> Session: Class initialized using 'CodeIgniter\Session\Handlers\FileHandler' driver.
DEBUG - 2025-09-15 05:44:50 --> Session: Class initialized using 'CodeIgniter\Session\Handlers\FileHandler' driver.
DEBUG - 2025-09-15 05:44:53 --> Session: Class initialized using 'CodeIgniter\Session\Handlers\FileHandler' driver.
DEBUG - 2025-09-15 05:44:57 --> Session: Class initialized using 'CodeIgniter\Session\Handlers\FileHandler' driver.
DEBUG - 2025-09-15 05:45:07 --> Session: Class initialized using 'CodeIgniter\Session\Handlers\FileHandler' driver.
DEBUG - 2025-09-15 05:45:07 --> Session: Class initialized using 'CodeIgniter\Session\Handlers\FileHandler' driver.
DEBUG - 2025-09-15 05:45:07 --> Session: Class initialized using 'CodeIgniter\Session\Handlers\FileHandler' driver.
DEBUG - 2025-09-15 05:45:07 --> Session: Class initialized using 'CodeIgniter\Session\Handlers\FileHandler' driver.
DEBUG - 2025-09-15 05:45:12 --> Session: Class initialized using 'CodeIgniter\Session\Handlers\FileHandler' driver.
DEBUG - 2025-09-15 06:07:36 --> Session: Class initialized using 'CodeIgniter\Session\Handlers\FileHandler' driver.
DEBUG - 2025-09-15 06:07:36 --> Session: Class initialized using 'CodeIgniter\Session\Handlers\FileHandler' driver.
DEBUG - 2025-09-15 06:07:37 --> Session: Class initialized using 'CodeIgniter\Session\Handlers\FileHandler' driver.
DEBUG - 2025-09-15 06:07:37 --> Session: Class initialized using 'CodeIgniter\Session\Handlers\FileHandler' driver.
CRITICAL - 2025-09-15 06:07:38 --> ErrorException: unlink(C:\xampp\htdocs\hms_ram\writable\debugbar/debugbar_1757915090.009279.json): No such file or directory
[Method: GET, Route: /]
in SYSTEMPATH\Debug\Toolbar\Collectors\History.php on line 82.
 1 [internal function]: CodeIgniter\Debug\Exceptions->errorHandler(2, 'unlink(C:\\xampp\\htdocs\\hms_ram\\writable\\debugbar/debugbar_1757915090.009279.json): No such file or directory', 'C:\\xampp\\htdocs\\hms_ram\\system\\Debug\\Toolbar\\Collectors\\History.php', 82)
 2 SYSTEMPATH\Debug\Toolbar\Collectors\History.php(82): unlink('C:\\xampp\\htdocs\\hms_ram\\writable\\debugbar/debugbar_1757915090.009279.json')
 3 SYSTEMPATH\Debug\Toolbar.php(517): CodeIgniter\Debug\Toolbar\Collectors\History->setFiles('1757916456.692527', 20)
 4 SYSTEMPATH\Debug\Toolbar.php(496): CodeIgniter\Debug\Toolbar->format([...], 'html')
 5 APPPATH\Config\Events.php(47): CodeIgniter\Debug\Toolbar->respond()
 6 SYSTEMPATH\Events\Events.php(155): CodeIgniter\Events\Events::Config\{closure}()
 7 SYSTEMPATH\CodeIgniter.php(339): CodeIgniter\Events\Events::trigger('pre_system')
 8 SYSTEMPATH\Boot.php(334): CodeIgniter\CodeIgniter->run()
 9 SYSTEMPATH\Boot.php(67): CodeIgniter\Boot::runCodeIgniter(Object(CodeIgniter\CodeIgniter))
10 FCPATH\index.php(46): CodeIgniter\Boot::bootWeb(Object(Config\Paths))
CRITICAL - 2025-09-15 06:07:38 --> ErrorException: unlink(C:\xampp\htdocs\hms_ram\writable\debugbar/debugbar_1757915090.009279.json): No such file or directory
[Method: GET, Route: /]
in SYSTEMPATH\Debug\Toolbar\Collectors\History.php on line 82.
 1 [internal function]: CodeIgniter\Debug\Exceptions->errorHandler(2, 'unlink(C:\\xampp\\htdocs\\hms_ram\\writable\\debugbar/debugbar_1757915090.009279.json): No such file or directory', 'C:\\xampp\\htdocs\\hms_ram\\system\\Debug\\Toolbar\\Collectors\\History.php', 82)
 2 SYSTEMPATH\Debug\Toolbar\Collectors\History.php(82): unlink('C:\\xampp\\htdocs\\hms_ram\\writable\\debugbar/debugbar_1757915090.009279.json')
 3 SYSTEMPATH\Debug\Toolbar.php(517): CodeIgniter\Debug\Toolbar\Collectors\History->setFiles('1757916457.160750', 20)
 4 SYSTEMPATH\Debug\Toolbar.php(496): CodeIgniter\Debug\Toolbar->format([...], 'html')
 5 APPPATH\Config\Events.php(47): CodeIgniter\Debug\Toolbar->respond()
 6 SYSTEMPATH\Events\Events.php(155): CodeIgniter\Events\Events::Config\{closure}()
 7 SYSTEMPATH\CodeIgniter.php(339): CodeIgniter\Events\Events::trigger('pre_system')
 8 SYSTEMPATH\Boot.php(334): CodeIgniter\CodeIgniter->run()
 9 SYSTEMPATH\Boot.php(67): CodeIgniter\Boot::runCodeIgniter(Object(CodeIgniter\CodeIgniter))
10 FCPATH\index.php(46): CodeIgniter\Boot::bootWeb(Object(Config\Paths))
CRITICAL - 2025-09-15 06:07:38 --> ErrorException: unlink(C:\xampp\htdocs\hms_ram\writable\debugbar/debugbar_1757915090.009279.json): No such file or directory
[Method: GET, Route: /]
in SYSTEMPATH\Debug\Toolbar\Collectors\History.php on line 82.
 1 [internal function]: CodeIgniter\Debug\Exceptions->errorHandler(2, 'unlink(C:\\xampp\\htdocs\\hms_ram\\writable\\debugbar/debugbar_1757915090.009279.json): No such file or directory', 'C:\\xampp\\htdocs\\hms_ram\\system\\Debug\\Toolbar\\Collectors\\History.php', 82)
 2 SYSTEMPATH\Debug\Toolbar\Collectors\History.php(82): unlink('C:\\xampp\\htdocs\\hms_ram\\writable\\debugbar/debugbar_1757915090.009279.json')
 3 SYSTEMPATH\Debug\Toolbar.php(517): CodeIgniter\Debug\Toolbar\Collectors\History->setFiles('1757916457.358227', 20)
 4 SYSTEMPATH\Debug\Toolbar.php(496): CodeIgniter\Debug\Toolbar->format([...], 'html')
 5 APPPATH\Config\Events.php(47): CodeIgniter\Debug\Toolbar->respond()
 6 SYSTEMPATH\Events\Events.php(155): CodeIgniter\Events\Events::Config\{closure}()
 7 SYSTEMPATH\CodeIgniter.php(339): CodeIgniter\Events\Events::trigger('pre_system')
 8 SYSTEMPATH\Boot.php(334): CodeIgniter\CodeIgniter->run()
 9 SYSTEMPATH\Boot.php(67): CodeIgniter\Boot::runCodeIgniter(Object(CodeIgniter\CodeIgniter))
10 FCPATH\index.php(46): CodeIgniter\Boot::bootWeb(Object(Config\Paths))
DEBUG - 2025-09-15 06:07:41 --> Session: Class initialized using 'CodeIgniter\Session\Handlers\FileHandler' driver.
DEBUG - 2025-09-15 06:07:44 --> Session: Class initialized using 'CodeIgniter\Session\Handlers\FileHandler' driver.
DEBUG - 2025-09-15 06:07:47 --> Session: Class initialized using 'CodeIgniter\Session\Handlers\FileHandler' driver.
DEBUG - 2025-09-15 06:08:00 --> Session: Class initialized using 'CodeIgniter\Session\Handlers\FileHandler' driver.
DEBUG - 2025-09-15 06:08:01 --> Session: Class initialized using 'CodeIgniter\Session\Handlers\FileHandler' driver.
DEBUG - 2025-09-15 06:08:01 --> Session: Class initialized using 'CodeIgniter\Session\Handlers\FileHandler' driver.
DEBUG - 2025-09-15 06:08:04 --> Session: Class initialized using 'CodeIgniter\Session\Handlers\FileHandler' driver.
DEBUG - 2025-09-15 06:08:08 --> Session: Class initialized using 'CodeIgniter\Session\Handlers\FileHandler' driver.
DEBUG - 2025-09-15 06:08:13 --> Session: Class initialized using 'CodeIgniter\Session\Handlers\FileHandler' driver.
DEBUG - 2025-09-15 06:08:14 --> Session: Class initialized using 'CodeIgniter\Session\Handlers\FileHandler' driver.
DEBUG - 2025-09-15 06:08:20 --> Session: Class initialized using 'CodeIgniter\Session\Handlers\FileHandler' driver.
DEBUG - 2025-09-15 06:08:21 --> Session: Class initialized using 'CodeIgniter\Session\Handlers\FileHandler' driver.
DEBUG - 2025-09-15 06:08:42 --> Session: Class initialized using 'CodeIgniter\Session\Handlers\FileHandler' driver.
DEBUG - 2025-09-15 06:08:42 --> Session: Class initialized using 'CodeIgniter\Session\Handlers\FileHandler' driver.
DEBUG - 2025-09-15 06:09:02 --> Session: Class initialized using 'CodeIgniter\Session\Handlers\FileHandler' driver.
DEBUG - 2025-09-15 06:09:03 --> Session: Class initialized using 'CodeIgniter\Session\Handlers\FileHandler' driver.
DEBUG - 2025-09-15 06:09:07 --> Session: Class initialized using 'CodeIgniter\Session\Handlers\FileHandler' driver.
DEBUG - 2025-09-15 06:09:07 --> Fetching medicines for invoice: PHM-IP-20250915-00024
DEBUG - 2025-09-15 06:09:07 --> In-hospital billing found with ID: 25
DEBUG - 2025-09-15 06:09:07 --> Found 2 sale items for in-hospital billing
DEBUG - 2025-09-15 06:09:07 --> Session: Class initialized using 'CodeIgniter\Session\Handlers\FileHandler' driver.
DEBUG - 2025-09-15 06:09:07 --> Fetching medicines for invoice: PHM-IP-20250915-00024
DEBUG - 2025-09-15 06:09:07 --> In-hospital billing found with ID: 25
DEBUG - 2025-09-15 06:09:07 --> Found 2 sale items for in-hospital billing
DEBUG - 2025-09-15 06:09:17 --> Session: Class initialized using 'CodeIgniter\Session\Handlers\FileHandler' driver.
DEBUG - 2025-09-15 06:09:17 --> POST DATA: {"invoice_number":"PHM-IP-20250915-00024","sale_item_id":"87","sale_id":"","billing_id":"25","quantity_returned":"1","medicine_condition":"Good","return_reason":"sdbb sb","notes":"efb d"}
DEBUG - 2025-09-15 06:09:17 --> Session: Class initialized using 'CodeIgniter\Session\Handlers\FileHandler' driver.
DEBUG - 2025-09-15 06:09:19 --> Session: Class initialized using 'CodeIgniter\Session\Handlers\FileHandler' driver.
DEBUG - 2025-09-15 06:09:23 --> Session: Class initialized using 'CodeIgniter\Session\Handlers\FileHandler' driver.
DEBUG - 2025-09-15 06:09:23 --> Session: Class initialized using 'CodeIgniter\Session\Handlers\FileHandler' driver.
DEBUG - 2025-09-15 06:09:29 --> Session: Class initialized using 'CodeIgniter\Session\Handlers\FileHandler' driver.
DEBUG - 2025-09-15 06:09:29 --> Redirecting to: http://localhost/hms_ram/index.php/pharmacy/sales/invoice/PHM-IP-20250915-00024
DEBUG - 2025-09-15 06:09:29 --> Return approval info - billing_id: 25, sale_id: NULL
DEBUG - 2025-09-15 06:09:29 --> Invoice numbers - billing invoice: PHM-IP-20250915-00024, sale invoice: PHM-IP-20250915-00024
DEBUG - 2025-09-15 06:09:29 --> Redirect URL chosen: http://localhost/hms_ram/index.php/pharmacy/sales/invoice/PHM-IP-20250915-00024
DEBUG - 2025-09-15 06:09:29 --> Session: Class initialized using 'CodeIgniter\Session\Handlers\FileHandler' driver.
DEBUG - 2025-09-15 06:10:13 --> Session: Class initialized using 'CodeIgniter\Session\Handlers\FileHandler' driver.
DEBUG - 2025-09-15 06:10:21 --> Session: Class initialized using 'CodeIgniter\Session\Handlers\FileHandler' driver.
DEBUG - 2025-09-15 06:10:22 --> Session: Class initialized using 'CodeIgniter\Session\Handlers\FileHandler' driver.
DEBUG - 2025-09-15 06:10:23 --> Session: Class initialized using 'CodeIgniter\Session\Handlers\FileHandler' driver.
DEBUG - 2025-09-15 06:10:24 --> Session: Class initialized using 'CodeIgniter\Session\Handlers\FileHandler' driver.
DEBUG - 2025-09-15 06:10:27 --> Session: Class initialized using 'CodeIgniter\Session\Handlers\FileHandler' driver.
DEBUG - 2025-09-15 06:10:34 --> Session: Class initialized using 'CodeIgniter\Session\Handlers\FileHandler' driver.
DEBUG - 2025-09-15 06:10:34 --> Session: Class initialized using 'CodeIgniter\Session\Handlers\FileHandler' driver.
DEBUG - 2025-09-15 06:10:37 --> Session: Class initialized using 'CodeIgniter\Session\Handlers\FileHandler' driver.
DEBUG - 2025-09-15 06:12:11 --> Session: Class initialized using 'CodeIgniter\Session\Handlers\FileHandler' driver.
DEBUG - 2025-09-15 06:13:02 --> Session: Class initialized using 'CodeIgniter\Session\Handlers\FileHandler' driver.
DEBUG - 2025-09-15 06:13:02 --> Session: Class initialized using 'CodeIgniter\Session\Handlers\FileHandler' driver.
DEBUG - 2025-09-15 06:13:03 --> Session: Class initialized using 'CodeIgniter\Session\Handlers\FileHandler' driver.
CRITICAL - 2025-09-15 06:13:03 --> ErrorException: unlink(C:\xampp\htdocs\hms_ram\writable\debugbar/debugbar_1757916557.877060.json): No such file or directory
[Method: GET, Route: /]
in SYSTEMPATH\Debug\Toolbar\Collectors\History.php on line 82.
 1 [internal function]: CodeIgniter\Debug\Exceptions->errorHandler(2, 'unlink(C:\\xampp\\htdocs\\hms_ram\\writable\\debugbar/debugbar_1757916557.877060.json): No such file or directory', 'C:\\xampp\\htdocs\\hms_ram\\system\\Debug\\Toolbar\\Collectors\\History.php', 82)
 2 SYSTEMPATH\Debug\Toolbar\Collectors\History.php(82): unlink('C:\\xampp\\htdocs\\hms_ram\\writable\\debugbar/debugbar_1757916557.877060.json')
 3 SYSTEMPATH\Debug\Toolbar.php(517): CodeIgniter\Debug\Toolbar\Collectors\History->setFiles('1757916782.924797', 20)
 4 SYSTEMPATH\Debug\Toolbar.php(496): CodeIgniter\Debug\Toolbar->format([...], 'html')
 5 APPPATH\Config\Events.php(47): CodeIgniter\Debug\Toolbar->respond()
 6 SYSTEMPATH\Events\Events.php(155): CodeIgniter\Events\Events::Config\{closure}()
 7 SYSTEMPATH\CodeIgniter.php(339): CodeIgniter\Events\Events::trigger('pre_system')
 8 SYSTEMPATH\Boot.php(334): CodeIgniter\CodeIgniter->run()
 9 SYSTEMPATH\Boot.php(67): CodeIgniter\Boot::runCodeIgniter(Object(CodeIgniter\CodeIgniter))
10 FCPATH\index.php(46): CodeIgniter\Boot::bootWeb(Object(Config\Paths))
DEBUG - 2025-09-15 06:13:03 --> Session: Class initialized using 'CodeIgniter\Session\Handlers\FileHandler' driver.
DEBUG - 2025-09-15 06:13:07 --> Session: Class initialized using 'CodeIgniter\Session\Handlers\FileHandler' driver.
DEBUG - 2025-09-15 06:13:24 --> Session: Class initialized using 'CodeIgniter\Session\Handlers\FileHandler' driver.
DEBUG - 2025-09-15 06:13:26 --> Session: Class initialized using 'CodeIgniter\Session\Handlers\FileHandler' driver.
DEBUG - 2025-09-15 06:13:33 --> Session: Class initialized using 'CodeIgniter\Session\Handlers\FileHandler' driver.
DEBUG - 2025-09-15 06:13:35 --> Session: Class initialized using 'CodeIgniter\Session\Handlers\FileHandler' driver.
DEBUG - 2025-09-15 06:13:38 --> Session: Class initialized using 'CodeIgniter\Session\Handlers\FileHandler' driver.
DEBUG - 2025-09-15 06:14:12 --> Session: Class initialized using 'CodeIgniter\Session\Handlers\FileHandler' driver.
DEBUG - 2025-09-15 06:14:14 --> Session: Class initialized using 'CodeIgniter\Session\Handlers\FileHandler' driver.
DEBUG - 2025-09-15 06:14:15 --> Session: Class initialized using 'CodeIgniter\Session\Handlers\FileHandler' driver.
DEBUG - 2025-09-15 06:16:06 --> Session: Class initialized using 'CodeIgniter\Session\Handlers\FileHandler' driver.
DEBUG - 2025-09-15 06:16:06 --> Session: Class initialized using 'CodeIgniter\Session\Handlers\FileHandler' driver.
DEBUG - 2025-09-15 06:16:06 --> Session: Class initialized using 'CodeIgniter\Session\Handlers\FileHandler' driver.
DEBUG - 2025-09-15 06:16:06 --> Session: Class initialized using 'CodeIgniter\Session\Handlers\FileHandler' driver.
CRITICAL - 2025-09-15 06:16:07 --> ErrorException: unlink(C:\xampp\htdocs\hms_ram\writable\debugbar/debugbar_1757916783.229009.json): No such file or directory
[Method: GET, Route: /]
in SYSTEMPATH\Debug\Toolbar\Collectors\History.php on line 82.
 1 [internal function]: CodeIgniter\Debug\Exceptions->errorHandler(2, 'unlink(C:\\xampp\\htdocs\\hms_ram\\writable\\debugbar/debugbar_1757916783.229009.json): No such file or directory', 'C:\\xampp\\htdocs\\hms_ram\\system\\Debug\\Toolbar\\Collectors\\History.php', 82)
 2 SYSTEMPATH\Debug\Toolbar\Collectors\History.php(82): unlink('C:\\xampp\\htdocs\\hms_ram\\writable\\debugbar/debugbar_1757916783.229009.json')
 3 SYSTEMPATH\Debug\Toolbar.php(517): CodeIgniter\Debug\Toolbar\Collectors\History->setFiles('1757916966.307269', 20)
 4 SYSTEMPATH\Debug\Toolbar.php(496): CodeIgniter\Debug\Toolbar->format([...], 'html')
 5 APPPATH\Config\Events.php(47): CodeIgniter\Debug\Toolbar->respond()
 6 SYSTEMPATH\Events\Events.php(155): CodeIgniter\Events\Events::Config\{closure}()
 7 SYSTEMPATH\CodeIgniter.php(339): CodeIgniter\Events\Events::trigger('pre_system')
 8 SYSTEMPATH\Boot.php(334): CodeIgniter\CodeIgniter->run()
 9 SYSTEMPATH\Boot.php(67): CodeIgniter\Boot::runCodeIgniter(Object(CodeIgniter\CodeIgniter))
10 FCPATH\index.php(46): CodeIgniter\Boot::bootWeb(Object(Config\Paths))
CRITICAL - 2025-09-15 06:16:07 --> ErrorException: unlink(C:\xampp\htdocs\hms_ram\writable\debugbar/debugbar_1757916783.229009.json): No such file or directory
[Method: GET, Route: /]
in SYSTEMPATH\Debug\Toolbar\Collectors\History.php on line 82.
 1 [internal function]: CodeIgniter\Debug\Exceptions->errorHandler(2, 'unlink(C:\\xampp\\htdocs\\hms_ram\\writable\\debugbar/debugbar_1757916783.229009.json): No such file or directory', 'C:\\xampp\\htdocs\\hms_ram\\system\\Debug\\Toolbar\\Collectors\\History.php', 82)
 2 SYSTEMPATH\Debug\Toolbar\Collectors\History.php(82): unlink('C:\\xampp\\htdocs\\hms_ram\\writable\\debugbar/debugbar_1757916783.229009.json')
 3 SYSTEMPATH\Debug\Toolbar.php(517): CodeIgniter\Debug\Toolbar\Collectors\History->setFiles('1757916966.455870', 20)
 4 SYSTEMPATH\Debug\Toolbar.php(496): CodeIgniter\Debug\Toolbar->format([...], 'html')
 5 APPPATH\Config\Events.php(47): CodeIgniter\Debug\Toolbar->respond()
 6 SYSTEMPATH\Events\Events.php(155): CodeIgniter\Events\Events::Config\{closure}()
 7 SYSTEMPATH\CodeIgniter.php(339): CodeIgniter\Events\Events::trigger('pre_system')
 8 SYSTEMPATH\Boot.php(334): CodeIgniter\CodeIgniter->run()
 9 SYSTEMPATH\Boot.php(67): CodeIgniter\Boot::runCodeIgniter(Object(CodeIgniter\CodeIgniter))
10 FCPATH\index.php(46): CodeIgniter\Boot::bootWeb(Object(Config\Paths))
CRITICAL - 2025-09-15 06:16:07 --> ErrorException: unlink(C:\xampp\htdocs\hms_ram\writable\debugbar/debugbar_1757916783.229009.json): No such file or directory
[Method: GET, Route: /]
in SYSTEMPATH\Debug\Toolbar\Collectors\History.php on line 82.
 1 [internal function]: CodeIgniter\Debug\Exceptions->errorHandler(2, 'unlink(C:\\xampp\\htdocs\\hms_ram\\writable\\debugbar/debugbar_1757916783.229009.json): No such file or directory', 'C:\\xampp\\htdocs\\hms_ram\\system\\Debug\\Toolbar\\Collectors\\History.php', 82)
 2 SYSTEMPATH\Debug\Toolbar\Collectors\History.php(82): unlink('C:\\xampp\\htdocs\\hms_ram\\writable\\debugbar/debugbar_1757916783.229009.json')
 3 SYSTEMPATH\Debug\Toolbar.php(517): CodeIgniter\Debug\Toolbar\Collectors\History->setFiles('1757916966.642117', 20)
 4 SYSTEMPATH\Debug\Toolbar.php(496): CodeIgniter\Debug\Toolbar->format([...], 'html')
 5 APPPATH\Config\Events.php(47): CodeIgniter\Debug\Toolbar->respond()
 6 SYSTEMPATH\Events\Events.php(155): CodeIgniter\Events\Events::Config\{closure}()
 7 SYSTEMPATH\CodeIgniter.php(339): CodeIgniter\Events\Events::trigger('pre_system')
 8 SYSTEMPATH\Boot.php(334): CodeIgniter\CodeIgniter->run()
 9 SYSTEMPATH\Boot.php(67): CodeIgniter\Boot::runCodeIgniter(Object(CodeIgniter\CodeIgniter))
10 FCPATH\index.php(46): CodeIgniter\Boot::bootWeb(Object(Config\Paths))
DEBUG - 2025-09-15 06:16:09 --> Session: Class initialized using 'CodeIgniter\Session\Handlers\FileHandler' driver.
DEBUG - 2025-09-15 06:23:48 --> Session: Class initialized using 'CodeIgniter\Session\Handlers\FileHandler' driver.
CRITICAL - 2025-09-15 06:23:48 --> ErrorException: Undefined variable $extraPaidBeforeReturn
[Method: GET, Route: pharmacy/sales/invoice/PHM-IP-20250912-00022]
in APPPATH\Controllers\Pharmacy\Sales.php on line 774.
 1 APPPATH\Controllers\Pharmacy\Sales.php(774): CodeIgniter\Debug\Exceptions->errorHandler(2, 'Undefined variable $extraPaidBeforeReturn', 'C:\\xampp\\htdocs\\hms_ram\\app\\Controllers\\Pharmacy\\Sales.php', 774)
 2 SYSTEMPATH\CodeIgniter.php(933): App\Controllers\Pharmacy\Sales->invoice('PHM-IP-20250912-00022')
 3 SYSTEMPATH\CodeIgniter.php(507): CodeIgniter\CodeIgniter->runController(Object(App\Controllers\Pharmacy\Sales))
 4 SYSTEMPATH\CodeIgniter.php(354): CodeIgniter\CodeIgniter->handleRequest(null, Object(Config\Cache), false)
 5 SYSTEMPATH\Boot.php(334): CodeIgniter\CodeIgniter->run()
 6 SYSTEMPATH\Boot.php(67): CodeIgniter\Boot::runCodeIgniter(Object(CodeIgniter\CodeIgniter))
 7 FCPATH\index.php(46): CodeIgniter\Boot::bootWeb(Object(Config\Paths))
DEBUG - 2025-09-15 06:23:49 --> Session: Class initialized using 'CodeIgniter\Session\Handlers\FileHandler' driver.
CRITICAL - 2025-09-15 06:23:49 --> ErrorException: Undefined variable $extraPaidBeforeReturn
[Method: GET, Route: pharmacy/sales/invoice/PHM-IP-20250915-00024]
in APPPATH\Controllers\Pharmacy\Sales.php on line 774.
 1 APPPATH\Controllers\Pharmacy\Sales.php(774): CodeIgniter\Debug\Exceptions->errorHandler(2, 'Undefined variable $extraPaidBeforeReturn', 'C:\\xampp\\htdocs\\hms_ram\\app\\Controllers\\Pharmacy\\Sales.php', 774)
 2 SYSTEMPATH\CodeIgniter.php(933): App\Controllers\Pharmacy\Sales->invoice('PHM-IP-20250915-00024')
 3 SYSTEMPATH\CodeIgniter.php(507): CodeIgniter\CodeIgniter->runController(Object(App\Controllers\Pharmacy\Sales))
 4 SYSTEMPATH\CodeIgniter.php(354): CodeIgniter\CodeIgniter->handleRequest(null, Object(Config\Cache), false)
 5 SYSTEMPATH\Boot.php(334): CodeIgniter\CodeIgniter->run()
 6 SYSTEMPATH\Boot.php(67): CodeIgniter\Boot::runCodeIgniter(Object(CodeIgniter\CodeIgniter))
 7 FCPATH\index.php(46): CodeIgniter\Boot::bootWeb(Object(Config\Paths))
DEBUG - 2025-09-15 06:30:00 --> Session: Class initialized using 'CodeIgniter\Session\Handlers\FileHandler' driver.
DEBUG - 2025-09-15 06:30:06 --> Session: Class initialized using 'CodeIgniter\Session\Handlers\FileHandler' driver.
DEBUG - 2025-09-15 06:30:10 --> Session: Class initialized using 'CodeIgniter\Session\Handlers\FileHandler' driver.
DEBUG - 2025-09-15 06:30:21 --> Session: Class initialized using 'CodeIgniter\Session\Handlers\FileHandler' driver.
DEBUG - 2025-09-15 06:30:22 --> Session: Class initialized using 'CodeIgniter\Session\Handlers\FileHandler' driver.
DEBUG - 2025-09-15 06:30:49 --> Session: Class initialized using 'CodeIgniter\Session\Handlers\FileHandler' driver.
DEBUG - 2025-09-15 06:30:49 --> Session: Class initialized using 'CodeIgniter\Session\Handlers\FileHandler' driver.
DEBUG - 2025-09-15 06:30:50 --> Session: Class initialized using 'CodeIgniter\Session\Handlers\FileHandler' driver.
DEBUG - 2025-09-15 06:40:08 --> Session: Class initialized using 'CodeIgniter\Session\Handlers\FileHandler' driver.
DEBUG - 2025-09-15 06:40:08 --> Session: Class initialized using 'CodeIgniter\Session\Handlers\FileHandler' driver.
CRITICAL - 2025-09-15 06:40:09 --> ErrorException: unlink(C:\xampp\htdocs\hms_ram\writable\debugbar/debugbar_1757916966.307269.json): No such file or directory
[Method: GET, Route: /]
in SYSTEMPATH\Debug\Toolbar\Collectors\History.php on line 82.
 1 [internal function]: CodeIgniter\Debug\Exceptions->errorHandler(2, 'unlink(C:\\xampp\\htdocs\\hms_ram\\writable\\debugbar/debugbar_1757916966.307269.json): No such file or directory', 'C:\\xampp\\htdocs\\hms_ram\\system\\Debug\\Toolbar\\Collectors\\History.php', 82)
 2 SYSTEMPATH\Debug\Toolbar\Collectors\History.php(82): unlink('C:\\xampp\\htdocs\\hms_ram\\writable\\debugbar/debugbar_1757916966.307269.json')
 3 SYSTEMPATH\Debug\Toolbar.php(517): CodeIgniter\Debug\Toolbar\Collectors\History->setFiles('1757918408.186007', 20)
 4 SYSTEMPATH\Debug\Toolbar.php(496): CodeIgniter\Debug\Toolbar->format([...], 'html')
 5 APPPATH\Config\Events.php(47): CodeIgniter\Debug\Toolbar->respond()
 6 SYSTEMPATH\Events\Events.php(155): CodeIgniter\Events\Events::Config\{closure}()
 7 SYSTEMPATH\CodeIgniter.php(339): CodeIgniter\Events\Events::trigger('pre_system')
 8 SYSTEMPATH\Boot.php(334): CodeIgniter\CodeIgniter->run()
 9 SYSTEMPATH\Boot.php(67): CodeIgniter\Boot::runCodeIgniter(Object(CodeIgniter\CodeIgniter))
10 FCPATH\index.php(46): CodeIgniter\Boot::bootWeb(Object(Config\Paths))
DEBUG - 2025-09-15 06:40:18 --> Session: Class initialized using 'CodeIgniter\Session\Handlers\FileHandler' driver.
DEBUG - 2025-09-15 06:40:21 --> Session: Class initialized using 'CodeIgniter\Session\Handlers\FileHandler' driver.
DEBUG - 2025-09-15 06:40:26 --> Session: Class initialized using 'CodeIgniter\Session\Handlers\FileHandler' driver.
DEBUG - 2025-09-15 06:40:32 --> Session: Class initialized using 'CodeIgniter\Session\Handlers\FileHandler' driver.
DEBUG - 2025-09-15 06:40:45 --> Session: Class initialized using 'CodeIgniter\Session\Handlers\FileHandler' driver.
ERROR - 2025-09-15 06:40:45 --> mysqli_sql_exception: Unknown column 'pharmacy_sale_items.gst_rate' in 'field list' in C:\xampp\htdocs\hms_ram\system\Database\MySQLi\Connection.php:327
Stack trace:
#0 C:\xampp\htdocs\hms_ram\system\Database\MySQLi\Connection.php(327): mysqli->query('SELECT `pharmac...', 0)
#1 C:\xampp\htdocs\hms_ram\system\Database\BaseConnection.php(738): CodeIgniter\Database\MySQLi\Connection->execute('SELECT `pharmac...')
#2 C:\xampp\htdocs\hms_ram\system\Database\BaseConnection.php(652): CodeIgniter\Database\BaseConnection->simpleQuery('SELECT `pharmac...')
#3 C:\xampp\htdocs\hms_ram\system\Database\BaseBuilder.php(1649): CodeIgniter\Database\BaseConnection->query('SELECT `pharmac...', Array, false)
#4 C:\xampp\htdocs\hms_ram\system\Model.php(286): CodeIgniter\Database\BaseBuilder->get()
#5 C:\xampp\htdocs\hms_ram\system\BaseModel.php(679): CodeIgniter\Model->doFindAll(0, 0)
#6 C:\xampp\htdocs\hms_ram\app\Controllers\Pharmacy\Sales.php(700): CodeIgniter\BaseModel->findAll()
#7 C:\xampp\htdocs\hms_ram\system\CodeIgniter.php(933): App\Controllers\Pharmacy\Sales->invoice('PHM-OP-20250912...')
#8 C:\xampp\htdocs\hms_ram\system\CodeIgniter.php(507): CodeIgniter\CodeIgniter->runController(Object(App\Controllers\Pharmacy\Sales))
#9 C:\xampp\htdocs\hms_ram\system\CodeIgniter.php(354): CodeIgniter\CodeIgniter->handleRequest(NULL, Object(Config\Cache), false)
#10 C:\xampp\htdocs\hms_ram\system\Boot.php(334): CodeIgniter\CodeIgniter->run()
#11 C:\xampp\htdocs\hms_ram\system\Boot.php(67): CodeIgniter\Boot::runCodeIgniter(Object(CodeIgniter\CodeIgniter))
#12 C:\xampp\htdocs\hms_ram\index.php(46): CodeIgniter\Boot::bootWeb(Object(Config\Paths))
#13 {main}
CRITICAL - 2025-09-15 06:40:45 --> CodeIgniter\Database\Exceptions\DatabaseException: Unknown column 'pharmacy_sale_items.gst_rate' in 'field list'
[Method: GET, Route: pharmacy/sales/invoice/PHM-OP-20250912-00021]
in SYSTEMPATH\Database\BaseConnection.php on line 692.
 1 SYSTEMPATH\Database\BaseBuilder.php(1649): CodeIgniter\Database\BaseConnection->query('SELECT `pharmacy_returns`.*, `pg`.`generic_name` as `medicine_name`, `pharmacy_sale_items`.`unit_selling_price`, `pharmacy_sale_items`.`discount_per_item`, `pharmacy_sale_items`.`gst_rate`
FROM `pharmacy_returns`
JOIN `pharmacy_medicines` `m` ON `m`.`id` = `pharmacy_returns`.`medicine_id`
JOIN `pharmacy_generics` `pg` ON `pg`.`id` = `m`.`generic_id`
JOIN `pharmacy_sale_items` ON `pharmacy_sale_items`.`id` = `pharmacy_returns`.`sale_item_id`
WHERE `pharmacy_returns`.`sale_id` = :pharmacy_returns.sale_id:
AND `pharmacy_returns`.`approval_status` = :pharmacy_returns.approval_status:', [...], false)
 2 SYSTEMPATH\Model.php(286): CodeIgniter\Database\BaseBuilder->get()
 3 SYSTEMPATH\BaseModel.php(679): CodeIgniter\Model->doFindAll(0, 0)
 4 APPPATH\Controllers\Pharmacy\Sales.php(700): CodeIgniter\BaseModel->findAll()
 5 SYSTEMPATH\CodeIgniter.php(933): App\Controllers\Pharmacy\Sales->invoice('PHM-OP-20250912-00021')
 6 SYSTEMPATH\CodeIgniter.php(507): CodeIgniter\CodeIgniter->runController(Object(App\Controllers\Pharmacy\Sales))
 7 SYSTEMPATH\CodeIgniter.php(354): CodeIgniter\CodeIgniter->handleRequest(null, Object(Config\Cache), false)
 8 SYSTEMPATH\Boot.php(334): CodeIgniter\CodeIgniter->run()
 9 SYSTEMPATH\Boot.php(67): CodeIgniter\Boot::runCodeIgniter(Object(CodeIgniter\CodeIgniter))
10 FCPATH\index.php(46): CodeIgniter\Boot::bootWeb(Object(Config\Paths))
CRITICAL - 2025-09-15 06:40:45 --> [Caused by] CodeIgniter\Database\Exceptions\DatabaseException: Unknown column 'pharmacy_sale_items.gst_rate' in 'field list'
in SYSTEMPATH\Database\MySQLi\Connection.php on line 332.
 1 SYSTEMPATH\Database\BaseConnection.php(738): CodeIgniter\Database\MySQLi\Connection->execute('SELECT `pharmacy_returns`.*, `pg`.`generic_name` as `medicine_name`, `pharmacy_sale_items`.`unit_selling_price`, `pharmacy_sale_items`.`discount_per_item`, `pharmacy_sale_items`.`gst_rate`
FROM `pharmacy_returns`
JOIN `pharmacy_medicines` `m` ON `m`.`id` = `pharmacy_returns`.`medicine_id`
JOIN `pharmacy_generics` `pg` ON `pg`.`id` = `m`.`generic_id`
JOIN `pharmacy_sale_items` ON `pharmacy_sale_items`.`id` = `pharmacy_returns`.`sale_item_id`
WHERE `pharmacy_returns`.`sale_id` = \'39\'
AND `pharmacy_returns`.`approval_status` = \'approved\'')
 2 SYSTEMPATH\Database\BaseConnection.php(652): CodeIgniter\Database\BaseConnection->simpleQuery('SELECT `pharmacy_returns`.*, `pg`.`generic_name` as `medicine_name`, `pharmacy_sale_items`.`unit_selling_price`, `pharmacy_sale_items`.`discount_per_item`, `pharmacy_sale_items`.`gst_rate`
FROM `pharmacy_returns`
JOIN `pharmacy_medicines` `m` ON `m`.`id` = `pharmacy_returns`.`medicine_id`
JOIN `pharmacy_generics` `pg` ON `pg`.`id` = `m`.`generic_id`
JOIN `pharmacy_sale_items` ON `pharmacy_sale_items`.`id` = `pharmacy_returns`.`sale_item_id`
WHERE `pharmacy_returns`.`sale_id` = \'39\'
AND `pharmacy_returns`.`approval_status` = \'approved\'')
 3 SYSTEMPATH\Database\BaseBuilder.php(1649): CodeIgniter\Database\BaseConnection->query('SELECT `pharmacy_returns`.*, `pg`.`generic_name` as `medicine_name`, `pharmacy_sale_items`.`unit_selling_price`, `pharmacy_sale_items`.`discount_per_item`, `pharmacy_sale_items`.`gst_rate`
FROM `pharmacy_returns`
JOIN `pharmacy_medicines` `m` ON `m`.`id` = `pharmacy_returns`.`medicine_id`
JOIN `pharmacy_generics` `pg` ON `pg`.`id` = `m`.`generic_id`
JOIN `pharmacy_sale_items` ON `pharmacy_sale_items`.`id` = `pharmacy_returns`.`sale_item_id`
WHERE `pharmacy_returns`.`sale_id` = :pharmacy_returns.sale_id:
AND `pharmacy_returns`.`approval_status` = :pharmacy_returns.approval_status:', [...], false)
 4 SYSTEMPATH\Model.php(286): CodeIgniter\Database\BaseBuilder->get()
 5 SYSTEMPATH\BaseModel.php(679): CodeIgniter\Model->doFindAll(0, 0)
 6 APPPATH\Controllers\Pharmacy\Sales.php(700): CodeIgniter\BaseModel->findAll()
 7 SYSTEMPATH\CodeIgniter.php(933): App\Controllers\Pharmacy\Sales->invoice('PHM-OP-20250912-00021')
 8 SYSTEMPATH\CodeIgniter.php(507): CodeIgniter\CodeIgniter->runController(Object(App\Controllers\Pharmacy\Sales))
 9 SYSTEMPATH\CodeIgniter.php(354): CodeIgniter\CodeIgniter->handleRequest(null, Object(Config\Cache), false)
10 SYSTEMPATH\Boot.php(334): CodeIgniter\CodeIgniter->run()
11 SYSTEMPATH\Boot.php(67): CodeIgniter\Boot::runCodeIgniter(Object(CodeIgniter\CodeIgniter))
12 FCPATH\index.php(46): CodeIgniter\Boot::bootWeb(Object(Config\Paths))
CRITICAL - 2025-09-15 06:40:45 --> [Caused by] mysqli_sql_exception: Unknown column 'pharmacy_sale_items.gst_rate' in 'field list'
in SYSTEMPATH\Database\MySQLi\Connection.php on line 327.
 1 SYSTEMPATH\Database\MySQLi\Connection.php(327): mysqli->query('SELECT `pharmacy_returns`.*, `pg`.`generic_name` as `medicine_name`, `pharmacy_sale_items`.`unit_selling_price`, `pharmacy_sale_items`.`discount_per_item`, `pharmacy_sale_items`.`gst_rate`
FROM `pharmacy_returns`
JOIN `pharmacy_medicines` `m` ON `m`.`id` = `pharmacy_returns`.`medicine_id`
JOIN `pharmacy_generics` `pg` ON `pg`.`id` = `m`.`generic_id`
JOIN `pharmacy_sale_items` ON `pharmacy_sale_items`.`id` = `pharmacy_returns`.`sale_item_id`
WHERE `pharmacy_returns`.`sale_id` = \'39\'
AND `pharmacy_returns`.`approval_status` = \'approved\'', 0)
 2 SYSTEMPATH\Database\BaseConnection.php(738): CodeIgniter\Database\MySQLi\Connection->execute('SELECT `pharmacy_returns`.*, `pg`.`generic_name` as `medicine_name`, `pharmacy_sale_items`.`unit_selling_price`, `pharmacy_sale_items`.`discount_per_item`, `pharmacy_sale_items`.`gst_rate`
FROM `pharmacy_returns`
JOIN `pharmacy_medicines` `m` ON `m`.`id` = `pharmacy_returns`.`medicine_id`
JOIN `pharmacy_generics` `pg` ON `pg`.`id` = `m`.`generic_id`
JOIN `pharmacy_sale_items` ON `pharmacy_sale_items`.`id` = `pharmacy_returns`.`sale_item_id`
WHERE `pharmacy_returns`.`sale_id` = \'39\'
AND `pharmacy_returns`.`approval_status` = \'approved\'')
 3 SYSTEMPATH\Database\BaseConnection.php(652): CodeIgniter\Database\BaseConnection->simpleQuery('SELECT `pharmacy_returns`.*, `pg`.`generic_name` as `medicine_name`, `pharmacy_sale_items`.`unit_selling_price`, `pharmacy_sale_items`.`discount_per_item`, `pharmacy_sale_items`.`gst_rate`
FROM `pharmacy_returns`
JOIN `pharmacy_medicines` `m` ON `m`.`id` = `pharmacy_returns`.`medicine_id`
JOIN `pharmacy_generics` `pg` ON `pg`.`id` = `m`.`generic_id`
JOIN `pharmacy_sale_items` ON `pharmacy_sale_items`.`id` = `pharmacy_returns`.`sale_item_id`
WHERE `pharmacy_returns`.`sale_id` = \'39\'
AND `pharmacy_returns`.`approval_status` = \'approved\'')
 4 SYSTEMPATH\Database\BaseBuilder.php(1649): CodeIgniter\Database\BaseConnection->query('SELECT `pharmacy_returns`.*, `pg`.`generic_name` as `medicine_name`, `pharmacy_sale_items`.`unit_selling_price`, `pharmacy_sale_items`.`discount_per_item`, `pharmacy_sale_items`.`gst_rate`
FROM `pharmacy_returns`
JOIN `pharmacy_medicines` `m` ON `m`.`id` = `pharmacy_returns`.`medicine_id`
JOIN `pharmacy_generics` `pg` ON `pg`.`id` = `m`.`generic_id`
JOIN `pharmacy_sale_items` ON `pharmacy_sale_items`.`id` = `pharmacy_returns`.`sale_item_id`
WHERE `pharmacy_returns`.`sale_id` = :pharmacy_returns.sale_id:
AND `pharmacy_returns`.`approval_status` = :pharmacy_returns.approval_status:', [...], false)
 5 SYSTEMPATH\Model.php(286): CodeIgniter\Database\BaseBuilder->get()
 6 SYSTEMPATH\BaseModel.php(679): CodeIgniter\Model->doFindAll(0, 0)
 7 APPPATH\Controllers\Pharmacy\Sales.php(700): CodeIgniter\BaseModel->findAll()
 8 SYSTEMPATH\CodeIgniter.php(933): App\Controllers\Pharmacy\Sales->invoice('PHM-OP-20250912-00021')
 9 SYSTEMPATH\CodeIgniter.php(507): CodeIgniter\CodeIgniter->runController(Object(App\Controllers\Pharmacy\Sales))
10 SYSTEMPATH\CodeIgniter.php(354): CodeIgniter\CodeIgniter->handleRequest(null, Object(Config\Cache), false)
11 SYSTEMPATH\Boot.php(334): CodeIgniter\CodeIgniter->run()
12 SYSTEMPATH\Boot.php(67): CodeIgniter\Boot::runCodeIgniter(Object(CodeIgniter\CodeIgniter))
13 FCPATH\index.php(46): CodeIgniter\Boot::bootWeb(Object(Config\Paths))
DEBUG - 2025-09-15 06:40:47 --> Session: Class initialized using 'CodeIgniter\Session\Handlers\FileHandler' driver.
DEBUG - 2025-09-15 06:43:07 --> Session: Class initialized using 'CodeIgniter\Session\Handlers\FileHandler' driver.
DEBUG - 2025-09-15 06:43:07 --> Paid Amount: 35, Return Amount: 196, Grand Total: 29
DEBUG - 2025-09-15 06:43:07 --> Due Amount: 0, Excess Paid: 202
DEBUG - 2025-09-15 06:43:07 --> Session: Class initialized using 'CodeIgniter\Session\Handlers\FileHandler' driver.
DEBUG - 2025-09-15 06:43:07 --> Paid Amount: 55, Return Amount: 196, Grand Total: 29
DEBUG - 2025-09-15 06:43:07 --> Due Amount: 0, Excess Paid: 222
DEBUG - 2025-09-15 06:43:08 --> Session: Class initialized using 'CodeIgniter\Session\Handlers\FileHandler' driver.
DEBUG - 2025-09-15 06:43:08 --> Paid Amount: 55, Return Amount: 98, Grand Total: 127
DEBUG - 2025-09-15 06:43:08 --> Due Amount: 0, Excess Paid: 26
DEBUG - 2025-09-15 06:43:09 --> Session: Class initialized using 'CodeIgniter\Session\Handlers\FileHandler' driver.
DEBUG - 2025-09-15 06:43:09 --> Paid Amount: 35, Return Amount: 196, Grand Total: 29
DEBUG - 2025-09-15 06:43:09 --> Due Amount: 0, Excess Paid: 202
DEBUG - 2025-09-15 06:43:09 --> Session: Class initialized using 'CodeIgniter\Session\Handlers\FileHandler' driver.
DEBUG - 2025-09-15 06:43:09 --> Paid Amount: 55, Return Amount: 196, Grand Total: 29
DEBUG - 2025-09-15 06:43:09 --> Due Amount: 0, Excess Paid: 222
DEBUG - 2025-09-15 06:43:11 --> Session: Class initialized using 'CodeIgniter\Session\Handlers\FileHandler' driver.
DEBUG - 2025-09-15 06:43:11 --> Paid Amount: 55, Return Amount: 98, Grand Total: 127
DEBUG - 2025-09-15 06:43:11 --> Due Amount: 0, Excess Paid: 26
DEBUG - 2025-09-15 06:43:55 --> Session: Class initialized using 'CodeIgniter\Session\Handlers\FileHandler' driver.
DEBUG - 2025-09-15 06:43:55 --> Paid Amount: 55, Return Amount: 98, Grand Total: 127
DEBUG - 2025-09-15 06:43:55 --> Due Amount: 0, Excess Paid: 26
DEBUG - 2025-09-15 06:52:56 --> Session: Class initialized using 'CodeIgniter\Session\Handlers\FileHandler' driver.
DEBUG - 2025-09-15 06:52:56 --> Session: Class initialized using 'CodeIgniter\Session\Handlers\FileHandler' driver.
DEBUG - 2025-09-15 06:52:56 --> Session: Class initialized using 'CodeIgniter\Session\Handlers\FileHandler' driver.
CRITICAL - 2025-09-15 06:52:58 --> ErrorException: unlink(C:\xampp\htdocs\hms_ram\writable\debugbar/debugbar_1757918426.598271.json): No such file or directory
[Method: GET, Route: /]
in SYSTEMPATH\Debug\Toolbar\Collectors\History.php on line 82.
 1 [internal function]: CodeIgniter\Debug\Exceptions->errorHandler(2, 'unlink(C:\\xampp\\htdocs\\hms_ram\\writable\\debugbar/debugbar_1757918426.598271.json): No such file or directory', 'C:\\xampp\\htdocs\\hms_ram\\system\\Debug\\Toolbar\\Collectors\\History.php', 82)
 2 SYSTEMPATH\Debug\Toolbar\Collectors\History.php(82): unlink('C:\\xampp\\htdocs\\hms_ram\\writable\\debugbar/debugbar_1757918426.598271.json')
 3 SYSTEMPATH\Debug\Toolbar.php(517): CodeIgniter\Debug\Toolbar\Collectors\History->setFiles('1757919177.039305', 20)
 4 SYSTEMPATH\Debug\Toolbar.php(496): CodeIgniter\Debug\Toolbar->format([...], 'html')
 5 APPPATH\Config\Events.php(47): CodeIgniter\Debug\Toolbar->respond()
 6 SYSTEMPATH\Events\Events.php(155): CodeIgniter\Events\Events::Config\{closure}()
 7 SYSTEMPATH\CodeIgniter.php(339): CodeIgniter\Events\Events::trigger('pre_system')
 8 SYSTEMPATH\Boot.php(334): CodeIgniter\CodeIgniter->run()
 9 SYSTEMPATH\Boot.php(67): CodeIgniter\Boot::runCodeIgniter(Object(CodeIgniter\CodeIgniter))
10 FCPATH\index.php(46): CodeIgniter\Boot::bootWeb(Object(Config\Paths))
CRITICAL - 2025-09-15 06:52:58 --> ErrorException: unlink(C:\xampp\htdocs\hms_ram\writable\debugbar/debugbar_1757918426.598271.json): No such file or directory
[Method: GET, Route: /]
in SYSTEMPATH\Debug\Toolbar\Collectors\History.php on line 82.
 1 [internal function]: CodeIgniter\Debug\Exceptions->errorHandler(2, 'unlink(C:\\xampp\\htdocs\\hms_ram\\writable\\debugbar/debugbar_1757918426.598271.json): No such file or directory', 'C:\\xampp\\htdocs\\hms_ram\\system\\Debug\\Toolbar\\Collectors\\History.php', 82)
 2 SYSTEMPATH\Debug\Toolbar\Collectors\History.php(82): unlink('C:\\xampp\\htdocs\\hms_ram\\writable\\debugbar/debugbar_1757918426.598271.json')
 3 SYSTEMPATH\Debug\Toolbar.php(517): CodeIgniter\Debug\Toolbar\Collectors\History->setFiles('1757919176.876127', 20)
 4 SYSTEMPATH\Debug\Toolbar.php(496): CodeIgniter\Debug\Toolbar->format([...], 'html')
 5 APPPATH\Config\Events.php(47): CodeIgniter\Debug\Toolbar->respond()
 6 SYSTEMPATH\Events\Events.php(155): CodeIgniter\Events\Events::Config\{closure}()
 7 SYSTEMPATH\CodeIgniter.php(339): CodeIgniter\Events\Events::trigger('pre_system')
 8 SYSTEMPATH\Boot.php(334): CodeIgniter\CodeIgniter->run()
 9 SYSTEMPATH\Boot.php(67): CodeIgniter\Boot::runCodeIgniter(Object(CodeIgniter\CodeIgniter))
10 FCPATH\index.php(46): CodeIgniter\Boot::bootWeb(Object(Config\Paths))
DEBUG - 2025-09-15 06:52:59 --> Session: Class initialized using 'CodeIgniter\Session\Handlers\FileHandler' driver.
DEBUG - 2025-09-15 06:53:00 --> Session: Class initialized using 'CodeIgniter\Session\Handlers\FileHandler' driver.
DEBUG - 2025-09-15 06:54:23 --> Session: Class initialized using 'CodeIgniter\Session\Handlers\FileHandler' driver.
DEBUG - 2025-09-15 06:54:23 --> Session: Class initialized using 'CodeIgniter\Session\Handlers\FileHandler' driver.
DEBUG - 2025-09-15 06:54:36 --> Session: Class initialized using 'CodeIgniter\Session\Handlers\FileHandler' driver.
DEBUG - 2025-09-15 06:55:38 --> Session: Class initialized using 'CodeIgniter\Session\Handlers\FileHandler' driver.
DEBUG - 2025-09-15 06:55:39 --> Session: Class initialized using 'CodeIgniter\Session\Handlers\FileHandler' driver.
DEBUG - 2025-09-15 06:55:39 --> Session: Class initialized using 'CodeIgniter\Session\Handlers\FileHandler' driver.
DEBUG - 2025-09-15 06:56:18 --> Session: Class initialized using 'CodeIgniter\Session\Handlers\FileHandler' driver.
DEBUG - 2025-09-15 06:56:18 --> Controller values: paid=55, returns=98, grandTotal=127, due=0, excess=26
DEBUG - 2025-09-15 06:56:18 --> Session: Class initialized using 'CodeIgniter\Session\Handlers\FileHandler' driver.
DEBUG - 2025-09-15 06:56:18 --> Controller values: paid=55, returns=196, grandTotal=29, due=0, excess=222
DEBUG - 2025-09-15 06:56:18 --> Session: Class initialized using 'CodeIgniter\Session\Handlers\FileHandler' driver.
DEBUG - 2025-09-15 06:56:18 --> Controller values: paid=35, returns=196, grandTotal=29, due=0, excess=202
DEBUG - 2025-09-15 06:56:59 --> Session: Class initialized using 'CodeIgniter\Session\Handlers\FileHandler' driver.
DEBUG - 2025-09-15 06:56:59 --> Controller values: paid=55, returns=196, grandTotal=29, due=0, excess=222
DEBUG - 2025-09-15 06:56:59 --> Session: Class initialized using 'CodeIgniter\Session\Handlers\FileHandler' driver.
DEBUG - 2025-09-15 06:56:59 --> Controller values: paid=35, returns=196, grandTotal=29, due=0, excess=202
DEBUG - 2025-09-15 06:57:00 --> Session: Class initialized using 'CodeIgniter\Session\Handlers\FileHandler' driver.
DEBUG - 2025-09-15 06:57:00 --> Controller values: paid=55, returns=98, grandTotal=127, due=0, excess=26
DEBUG - 2025-09-15 07:07:58 --> Session: Class initialized using 'CodeIgniter\Session\Handlers\FileHandler' driver.
DEBUG - 2025-09-15 07:07:59 --> Session: Class initialized using 'CodeIgniter\Session\Handlers\FileHandler' driver.
DEBUG - 2025-09-15 07:07:59 --> Session: Class initialized using 'CodeIgniter\Session\Handlers\FileHandler' driver.
CRITICAL - 2025-09-15 07:08:00 --> ErrorException: unlink(C:\xampp\htdocs\hms_ram\writable\debugbar/debugbar_1757919339.201378.json): No such file or directory
[Method: GET, Route: /]
in SYSTEMPATH\Debug\Toolbar\Collectors\History.php on line 82.
 1 [internal function]: CodeIgniter\Debug\Exceptions->errorHandler(2, 'unlink(C:\\xampp\\htdocs\\hms_ram\\writable\\debugbar/debugbar_1757919339.201378.json): No such file or directory', 'C:\\xampp\\htdocs\\hms_ram\\system\\Debug\\Toolbar\\Collectors\\History.php', 82)
 2 SYSTEMPATH\Debug\Toolbar\Collectors\History.php(82): unlink('C:\\xampp\\htdocs\\hms_ram\\writable\\debugbar/debugbar_1757919339.201378.json')
 3 SYSTEMPATH\Debug\Toolbar.php(517): CodeIgniter\Debug\Toolbar\Collectors\History->setFiles('1757920078.960144', 20)
 4 SYSTEMPATH\Debug\Toolbar.php(496): CodeIgniter\Debug\Toolbar->format([...], 'html')
 5 APPPATH\Config\Events.php(47): CodeIgniter\Debug\Toolbar->respond()
 6 SYSTEMPATH\Events\Events.php(155): CodeIgniter\Events\Events::Config\{closure}()
 7 SYSTEMPATH\CodeIgniter.php(339): CodeIgniter\Events\Events::trigger('pre_system')
 8 SYSTEMPATH\Boot.php(334): CodeIgniter\CodeIgniter->run()
 9 SYSTEMPATH\Boot.php(67): CodeIgniter\Boot::runCodeIgniter(Object(CodeIgniter\CodeIgniter))
10 FCPATH\index.php(46): CodeIgniter\Boot::bootWeb(Object(Config\Paths))
DEBUG - 2025-09-15 07:08:05 --> Session: Class initialized using 'CodeIgniter\Session\Handlers\FileHandler' driver.
DEBUG - 2025-09-15 07:08:22 --> Session: Class initialized using 'CodeIgniter\Session\Handlers\FileHandler' driver.
ERROR - 2025-09-15 07:08:22 --> mysqli_sql_exception: Unknown column 'pharmacy_sale_items.gst_rate' in 'field list' in C:\xampp\htdocs\hms_ram\system\Database\MySQLi\Connection.php:327
Stack trace:
#0 C:\xampp\htdocs\hms_ram\system\Database\MySQLi\Connection.php(327): mysqli->query('SELECT `pharmac...', 0)
#1 C:\xampp\htdocs\hms_ram\system\Database\BaseConnection.php(738): CodeIgniter\Database\MySQLi\Connection->execute('SELECT `pharmac...')
#2 C:\xampp\htdocs\hms_ram\system\Database\BaseConnection.php(652): CodeIgniter\Database\BaseConnection->simpleQuery('SELECT `pharmac...')
#3 C:\xampp\htdocs\hms_ram\system\Database\BaseBuilder.php(1649): CodeIgniter\Database\BaseConnection->query('SELECT `pharmac...', Array, false)
#4 C:\xampp\htdocs\hms_ram\system\Model.php(286): CodeIgniter\Database\BaseBuilder->get()
#5 C:\xampp\htdocs\hms_ram\system\BaseModel.php(679): CodeIgniter\Model->doFindAll(0, 0)
#6 C:\xampp\htdocs\hms_ram\app\Controllers\Pharmacy\Sales.php(700): CodeIgniter\BaseModel->findAll()
#7 C:\xampp\htdocs\hms_ram\system\CodeIgniter.php(933): App\Controllers\Pharmacy\Sales->invoice('PHM-OP-20250912...')
#8 C:\xampp\htdocs\hms_ram\system\CodeIgniter.php(507): CodeIgniter\CodeIgniter->runController(Object(App\Controllers\Pharmacy\Sales))
#9 C:\xampp\htdocs\hms_ram\system\CodeIgniter.php(354): CodeIgniter\CodeIgniter->handleRequest(NULL, Object(Config\Cache), false)
#10 C:\xampp\htdocs\hms_ram\system\Boot.php(334): CodeIgniter\CodeIgniter->run()
#11 C:\xampp\htdocs\hms_ram\system\Boot.php(67): CodeIgniter\Boot::runCodeIgniter(Object(CodeIgniter\CodeIgniter))
#12 C:\xampp\htdocs\hms_ram\index.php(46): CodeIgniter\Boot::bootWeb(Object(Config\Paths))
#13 {main}
CRITICAL - 2025-09-15 07:08:22 --> CodeIgniter\Database\Exceptions\DatabaseException: Unknown column 'pharmacy_sale_items.gst_rate' in 'field list'
[Method: GET, Route: pharmacy/sales/invoice/PHM-OP-20250912-00021]
in SYSTEMPATH\Database\BaseConnection.php on line 692.
 1 SYSTEMPATH\Database\BaseBuilder.php(1649): CodeIgniter\Database\BaseConnection->query('SELECT `pharmacy_returns`.*, `pg`.`generic_name` as `medicine_name`, `pharmacy_sale_items`.`unit_selling_price`, `pharmacy_sale_items`.`discount_per_item`, `pharmacy_sale_items`.`gst_rate`
FROM `pharmacy_returns`
JOIN `pharmacy_medicines` `m` ON `m`.`id` = `pharmacy_returns`.`medicine_id`
JOIN `pharmacy_generics` `pg` ON `pg`.`id` = `m`.`generic_id`
JOIN `pharmacy_sale_items` ON `pharmacy_sale_items`.`id` = `pharmacy_returns`.`sale_item_id`
WHERE `pharmacy_returns`.`sale_id` = :pharmacy_returns.sale_id:
AND `pharmacy_returns`.`approval_status` = :pharmacy_returns.approval_status:', [...], false)
 2 SYSTEMPATH\Model.php(286): CodeIgniter\Database\BaseBuilder->get()
 3 SYSTEMPATH\BaseModel.php(679): CodeIgniter\Model->doFindAll(0, 0)
 4 APPPATH\Controllers\Pharmacy\Sales.php(700): CodeIgniter\BaseModel->findAll()
 5 SYSTEMPATH\CodeIgniter.php(933): App\Controllers\Pharmacy\Sales->invoice('PHM-OP-20250912-00021')
 6 SYSTEMPATH\CodeIgniter.php(507): CodeIgniter\CodeIgniter->runController(Object(App\Controllers\Pharmacy\Sales))
 7 SYSTEMPATH\CodeIgniter.php(354): CodeIgniter\CodeIgniter->handleRequest(null, Object(Config\Cache), false)
 8 SYSTEMPATH\Boot.php(334): CodeIgniter\CodeIgniter->run()
 9 SYSTEMPATH\Boot.php(67): CodeIgniter\Boot::runCodeIgniter(Object(CodeIgniter\CodeIgniter))
10 FCPATH\index.php(46): CodeIgniter\Boot::bootWeb(Object(Config\Paths))
CRITICAL - 2025-09-15 07:08:22 --> [Caused by] CodeIgniter\Database\Exceptions\DatabaseException: Unknown column 'pharmacy_sale_items.gst_rate' in 'field list'
in SYSTEMPATH\Database\MySQLi\Connection.php on line 332.
 1 SYSTEMPATH\Database\BaseConnection.php(738): CodeIgniter\Database\MySQLi\Connection->execute('SELECT `pharmacy_returns`.*, `pg`.`generic_name` as `medicine_name`, `pharmacy_sale_items`.`unit_selling_price`, `pharmacy_sale_items`.`discount_per_item`, `pharmacy_sale_items`.`gst_rate`
FROM `pharmacy_returns`
JOIN `pharmacy_medicines` `m` ON `m`.`id` = `pharmacy_returns`.`medicine_id`
JOIN `pharmacy_generics` `pg` ON `pg`.`id` = `m`.`generic_id`
JOIN `pharmacy_sale_items` ON `pharmacy_sale_items`.`id` = `pharmacy_returns`.`sale_item_id`
WHERE `pharmacy_returns`.`sale_id` = \'39\'
AND `pharmacy_returns`.`approval_status` = \'approved\'')
 2 SYSTEMPATH\Database\BaseConnection.php(652): CodeIgniter\Database\BaseConnection->simpleQuery('SELECT `pharmacy_returns`.*, `pg`.`generic_name` as `medicine_name`, `pharmacy_sale_items`.`unit_selling_price`, `pharmacy_sale_items`.`discount_per_item`, `pharmacy_sale_items`.`gst_rate`
FROM `pharmacy_returns`
JOIN `pharmacy_medicines` `m` ON `m`.`id` = `pharmacy_returns`.`medicine_id`
JOIN `pharmacy_generics` `pg` ON `pg`.`id` = `m`.`generic_id`
JOIN `pharmacy_sale_items` ON `pharmacy_sale_items`.`id` = `pharmacy_returns`.`sale_item_id`
WHERE `pharmacy_returns`.`sale_id` = \'39\'
AND `pharmacy_returns`.`approval_status` = \'approved\'')
 3 SYSTEMPATH\Database\BaseBuilder.php(1649): CodeIgniter\Database\BaseConnection->query('SELECT `pharmacy_returns`.*, `pg`.`generic_name` as `medicine_name`, `pharmacy_sale_items`.`unit_selling_price`, `pharmacy_sale_items`.`discount_per_item`, `pharmacy_sale_items`.`gst_rate`
FROM `pharmacy_returns`
JOIN `pharmacy_medicines` `m` ON `m`.`id` = `pharmacy_returns`.`medicine_id`
JOIN `pharmacy_generics` `pg` ON `pg`.`id` = `m`.`generic_id`
JOIN `pharmacy_sale_items` ON `pharmacy_sale_items`.`id` = `pharmacy_returns`.`sale_item_id`
WHERE `pharmacy_returns`.`sale_id` = :pharmacy_returns.sale_id:
AND `pharmacy_returns`.`approval_status` = :pharmacy_returns.approval_status:', [...], false)
 4 SYSTEMPATH\Model.php(286): CodeIgniter\Database\BaseBuilder->get()
 5 SYSTEMPATH\BaseModel.php(679): CodeIgniter\Model->doFindAll(0, 0)
 6 APPPATH\Controllers\Pharmacy\Sales.php(700): CodeIgniter\BaseModel->findAll()
 7 SYSTEMPATH\CodeIgniter.php(933): App\Controllers\Pharmacy\Sales->invoice('PHM-OP-20250912-00021')
 8 SYSTEMPATH\CodeIgniter.php(507): CodeIgniter\CodeIgniter->runController(Object(App\Controllers\Pharmacy\Sales))
 9 SYSTEMPATH\CodeIgniter.php(354): CodeIgniter\CodeIgniter->handleRequest(null, Object(Config\Cache), false)
10 SYSTEMPATH\Boot.php(334): CodeIgniter\CodeIgniter->run()
11 SYSTEMPATH\Boot.php(67): CodeIgniter\Boot::runCodeIgniter(Object(CodeIgniter\CodeIgniter))
12 FCPATH\index.php(46): CodeIgniter\Boot::bootWeb(Object(Config\Paths))
CRITICAL - 2025-09-15 07:08:22 --> [Caused by] mysqli_sql_exception: Unknown column 'pharmacy_sale_items.gst_rate' in 'field list'
in SYSTEMPATH\Database\MySQLi\Connection.php on line 327.
 1 SYSTEMPATH\Database\MySQLi\Connection.php(327): mysqli->query('SELECT `pharmacy_returns`.*, `pg`.`generic_name` as `medicine_name`, `pharmacy_sale_items`.`unit_selling_price`, `pharmacy_sale_items`.`discount_per_item`, `pharmacy_sale_items`.`gst_rate`
FROM `pharmacy_returns`
JOIN `pharmacy_medicines` `m` ON `m`.`id` = `pharmacy_returns`.`medicine_id`
JOIN `pharmacy_generics` `pg` ON `pg`.`id` = `m`.`generic_id`
JOIN `pharmacy_sale_items` ON `pharmacy_sale_items`.`id` = `pharmacy_returns`.`sale_item_id`
WHERE `pharmacy_returns`.`sale_id` = \'39\'
AND `pharmacy_returns`.`approval_status` = \'approved\'', 0)
 2 SYSTEMPATH\Database\BaseConnection.php(738): CodeIgniter\Database\MySQLi\Connection->execute('SELECT `pharmacy_returns`.*, `pg`.`generic_name` as `medicine_name`, `pharmacy_sale_items`.`unit_selling_price`, `pharmacy_sale_items`.`discount_per_item`, `pharmacy_sale_items`.`gst_rate`
FROM `pharmacy_returns`
JOIN `pharmacy_medicines` `m` ON `m`.`id` = `pharmacy_returns`.`medicine_id`
JOIN `pharmacy_generics` `pg` ON `pg`.`id` = `m`.`generic_id`
JOIN `pharmacy_sale_items` ON `pharmacy_sale_items`.`id` = `pharmacy_returns`.`sale_item_id`
WHERE `pharmacy_returns`.`sale_id` = \'39\'
AND `pharmacy_returns`.`approval_status` = \'approved\'')
 3 SYSTEMPATH\Database\BaseConnection.php(652): CodeIgniter\Database\BaseConnection->simpleQuery('SELECT `pharmacy_returns`.*, `pg`.`generic_name` as `medicine_name`, `pharmacy_sale_items`.`unit_selling_price`, `pharmacy_sale_items`.`discount_per_item`, `pharmacy_sale_items`.`gst_rate`
FROM `pharmacy_returns`
JOIN `pharmacy_medicines` `m` ON `m`.`id` = `pharmacy_returns`.`medicine_id`
JOIN `pharmacy_generics` `pg` ON `pg`.`id` = `m`.`generic_id`
JOIN `pharmacy_sale_items` ON `pharmacy_sale_items`.`id` = `pharmacy_returns`.`sale_item_id`
WHERE `pharmacy_returns`.`sale_id` = \'39\'
AND `pharmacy_returns`.`approval_status` = \'approved\'')
 4 SYSTEMPATH\Database\BaseBuilder.php(1649): CodeIgniter\Database\BaseConnection->query('SELECT `pharmacy_returns`.*, `pg`.`generic_name` as `medicine_name`, `pharmacy_sale_items`.`unit_selling_price`, `pharmacy_sale_items`.`discount_per_item`, `pharmacy_sale_items`.`gst_rate`
FROM `pharmacy_returns`
JOIN `pharmacy_medicines` `m` ON `m`.`id` = `pharmacy_returns`.`medicine_id`
JOIN `pharmacy_generics` `pg` ON `pg`.`id` = `m`.`generic_id`
JOIN `pharmacy_sale_items` ON `pharmacy_sale_items`.`id` = `pharmacy_returns`.`sale_item_id`
WHERE `pharmacy_returns`.`sale_id` = :pharmacy_returns.sale_id:
AND `pharmacy_returns`.`approval_status` = :pharmacy_returns.approval_status:', [...], false)
 5 SYSTEMPATH\Model.php(286): CodeIgniter\Database\BaseBuilder->get()
 6 SYSTEMPATH\BaseModel.php(679): CodeIgniter\Model->doFindAll(0, 0)
 7 APPPATH\Controllers\Pharmacy\Sales.php(700): CodeIgniter\BaseModel->findAll()
 8 SYSTEMPATH\CodeIgniter.php(933): App\Controllers\Pharmacy\Sales->invoice('PHM-OP-20250912-00021')
 9 SYSTEMPATH\CodeIgniter.php(507): CodeIgniter\CodeIgniter->runController(Object(App\Controllers\Pharmacy\Sales))
10 SYSTEMPATH\CodeIgniter.php(354): CodeIgniter\CodeIgniter->handleRequest(null, Object(Config\Cache), false)
11 SYSTEMPATH\Boot.php(334): CodeIgniter\CodeIgniter->run()
12 SYSTEMPATH\Boot.php(67): CodeIgniter\Boot::runCodeIgniter(Object(CodeIgniter\CodeIgniter))
13 FCPATH\index.php(46): CodeIgniter\Boot::bootWeb(Object(Config\Paths))
DEBUG - 2025-09-15 07:14:11 --> Session: Class initialized using 'CodeIgniter\Session\Handlers\FileHandler' driver.
DEBUG - 2025-09-15 07:14:12 --> Session: Class initialized using 'CodeIgniter\Session\Handlers\FileHandler' driver.
DEBUG - 2025-09-15 07:14:18 --> Session: Class initialized using 'CodeIgniter\Session\Handlers\FileHandler' driver.
DEBUG - 2025-09-15 07:14:18 --> Session: Class initialized using 'CodeIgniter\Session\Handlers\FileHandler' driver.
DEBUG - 2025-09-15 07:14:48 --> Session: Class initialized using 'CodeIgniter\Session\Handlers\FileHandler' driver.
DEBUG - 2025-09-15 07:14:48 --> Session: Class initialized using 'CodeIgniter\Session\Handlers\FileHandler' driver.
CRITICAL - 2025-09-15 07:14:48 --> ErrorException: Undefined variable $finalRefundAmount
[Method: GET, Route: pharmacy/sales/invoice/PHM-IP-20250913-00023]
in APPPATH\Views\pharmacy\sales\invoice.php on line 291.
 1 APPPATH\Views\pharmacy\sales\invoice.php(291): CodeIgniter\Debug\Exceptions->errorHandler(2, 'Undefined variable $finalRefundAmount', 'C:\\xampp\\htdocs\\hms_ram\\app\\Views\\pharmacy\\sales\\invoice.php', 291)
 2 SYSTEMPATH\View\View.php(224): include('C:\\xampp\\htdocs\\hms_ram\\app\\Views\\pharmacy\\sales\\invoice.php')
 3 SYSTEMPATH\View\View.php(227): CodeIgniter\View\View->CodeIgniter\View\{closure}()
 4 SYSTEMPATH\Common.php(1173): CodeIgniter\View\View->render('pharmacy/sales/invoice', [], true)
 5 APPPATH\Controllers\Pharmacy\Sales.php(765): view('pharmacy/sales/invoice', [...])
 6 SYSTEMPATH\CodeIgniter.php(933): App\Controllers\Pharmacy\Sales->invoice('PHM-IP-20250913-00023')
 7 SYSTEMPATH\CodeIgniter.php(507): CodeIgniter\CodeIgniter->runController(Object(App\Controllers\Pharmacy\Sales))
 8 SYSTEMPATH\CodeIgniter.php(354): CodeIgniter\CodeIgniter->handleRequest(null, Object(Config\Cache), false)
 9 SYSTEMPATH\Boot.php(334): CodeIgniter\CodeIgniter->run()
10 SYSTEMPATH\Boot.php(67): CodeIgniter\Boot::runCodeIgniter(Object(CodeIgniter\CodeIgniter))
11 FCPATH\index.php(46): CodeIgniter\Boot::bootWeb(Object(Config\Paths))
DEBUG - 2025-09-15 07:14:50 --> Session: Class initialized using 'CodeIgniter\Session\Handlers\FileHandler' driver.
DEBUG - 2025-09-15 07:15:14 --> Session: Class initialized using 'CodeIgniter\Session\Handlers\FileHandler' driver.
DEBUG - 2025-09-15 07:15:16 --> Session: Class initialized using 'CodeIgniter\Session\Handlers\FileHandler' driver.
CRITICAL - 2025-09-15 07:15:16 --> ErrorException: Undefined variable $finalRefundAmount
[Method: GET, Route: pharmacy/sales/invoice/PHM-IP-20250913-00023]
in APPPATH\Views\pharmacy\sales\invoice.php on line 291.
 1 APPPATH\Views\pharmacy\sales\invoice.php(291): CodeIgniter\Debug\Exceptions->errorHandler(2, 'Undefined variable $finalRefundAmount', 'C:\\xampp\\htdocs\\hms_ram\\app\\Views\\pharmacy\\sales\\invoice.php', 291)
 2 SYSTEMPATH\View\View.php(224): include('C:\\xampp\\htdocs\\hms_ram\\app\\Views\\pharmacy\\sales\\invoice.php')
 3 SYSTEMPATH\View\View.php(227): CodeIgniter\View\View->CodeIgniter\View\{closure}()
 4 SYSTEMPATH\Common.php(1173): CodeIgniter\View\View->render('pharmacy/sales/invoice', [], true)
 5 APPPATH\Controllers\Pharmacy\Sales.php(768): view('pharmacy/sales/invoice', [...])
 6 SYSTEMPATH\CodeIgniter.php(933): App\Controllers\Pharmacy\Sales->invoice('PHM-IP-20250913-00023')
 7 SYSTEMPATH\CodeIgniter.php(507): CodeIgniter\CodeIgniter->runController(Object(App\Controllers\Pharmacy\Sales))
 8 SYSTEMPATH\CodeIgniter.php(354): CodeIgniter\CodeIgniter->handleRequest(null, Object(Config\Cache), false)
 9 SYSTEMPATH\Boot.php(334): CodeIgniter\CodeIgniter->run()
10 SYSTEMPATH\Boot.php(67): CodeIgniter\Boot::runCodeIgniter(Object(CodeIgniter\CodeIgniter))
11 FCPATH\index.php(46): CodeIgniter\Boot::bootWeb(Object(Config\Paths))
DEBUG - 2025-09-15 07:15:17 --> Session: Class initialized using 'CodeIgniter\Session\Handlers\FileHandler' driver.
CRITICAL - 2025-09-15 07:15:17 --> ErrorException: Undefined variable $finalRefundAmount
[Method: GET, Route: pharmacy/sales/invoice/PHM-IP-20250913-00023]
in APPPATH\Views\pharmacy\sales\invoice.php on line 291.
 1 APPPATH\Views\pharmacy\sales\invoice.php(291): CodeIgniter\Debug\Exceptions->errorHandler(2, 'Undefined variable $finalRefundAmount', 'C:\\xampp\\htdocs\\hms_ram\\app\\Views\\pharmacy\\sales\\invoice.php', 291)
 2 SYSTEMPATH\View\View.php(224): include('C:\\xampp\\htdocs\\hms_ram\\app\\Views\\pharmacy\\sales\\invoice.php')
 3 SYSTEMPATH\View\View.php(227): CodeIgniter\View\View->CodeIgniter\View\{closure}()
 4 SYSTEMPATH\Common.php(1173): CodeIgniter\View\View->render('pharmacy/sales/invoice', [], true)
 5 APPPATH\Controllers\Pharmacy\Sales.php(768): view('pharmacy/sales/invoice', [...])
 6 SYSTEMPATH\CodeIgniter.php(933): App\Controllers\Pharmacy\Sales->invoice('PHM-IP-20250913-00023')
 7 SYSTEMPATH\CodeIgniter.php(507): CodeIgniter\CodeIgniter->runController(Object(App\Controllers\Pharmacy\Sales))
 8 SYSTEMPATH\CodeIgniter.php(354): CodeIgniter\CodeIgniter->handleRequest(null, Object(Config\Cache), false)
 9 SYSTEMPATH\Boot.php(334): CodeIgniter\CodeIgniter->run()
10 SYSTEMPATH\Boot.php(67): CodeIgniter\Boot::runCodeIgniter(Object(CodeIgniter\CodeIgniter))
11 FCPATH\index.php(46): CodeIgniter\Boot::bootWeb(Object(Config\Paths))
DEBUG - 2025-09-15 07:15:22 --> Session: Class initialized using 'CodeIgniter\Session\Handlers\FileHandler' driver.
DEBUG - 2025-09-15 07:16:54 --> Session: Class initialized using 'CodeIgniter\Session\Handlers\FileHandler' driver.
DEBUG - 2025-09-15 07:16:57 --> Session: Class initialized using 'CodeIgniter\Session\Handlers\FileHandler' driver.
DEBUG - 2025-09-15 07:17:19 --> Session: Class initialized using 'CodeIgniter\Session\Handlers\FileHandler' driver.
DEBUG - 2025-09-15 07:17:20 --> Session: Class initialized using 'CodeIgniter\Session\Handlers\FileHandler' driver.
DEBUG - 2025-09-15 07:17:32 --> Session: Class initialized using 'CodeIgniter\Session\Handlers\FileHandler' driver.
DEBUG - 2025-09-15 07:17:48 --> Session: Class initialized using 'CodeIgniter\Session\Handlers\FileHandler' driver.
DEBUG - 2025-09-15 07:17:48 --> Session: Class initialized using 'CodeIgniter\Session\Handlers\FileHandler' driver.
DEBUG - 2025-09-15 07:18:48 --> Session: Class initialized using 'CodeIgniter\Session\Handlers\FileHandler' driver.
ERROR - 2025-09-15 07:18:48 --> mysqli_sql_exception: Unknown column 'pharmacy_sale_items.gst_rate' in 'field list' in C:\xampp\htdocs\hms_ram\system\Database\MySQLi\Connection.php:327
Stack trace:
#0 C:\xampp\htdocs\hms_ram\system\Database\MySQLi\Connection.php(327): mysqli->query('SELECT `pharmac...', 0)
#1 C:\xampp\htdocs\hms_ram\system\Database\BaseConnection.php(738): CodeIgniter\Database\MySQLi\Connection->execute('SELECT `pharmac...')
#2 C:\xampp\htdocs\hms_ram\system\Database\BaseConnection.php(652): CodeIgniter\Database\BaseConnection->simpleQuery('SELECT `pharmac...')
#3 C:\xampp\htdocs\hms_ram\system\Database\BaseBuilder.php(1649): CodeIgniter\Database\BaseConnection->query('SELECT `pharmac...', Array, false)
#4 C:\xampp\htdocs\hms_ram\system\Model.php(286): CodeIgniter\Database\BaseBuilder->get()
#5 C:\xampp\htdocs\hms_ram\system\BaseModel.php(679): CodeIgniter\Model->doFindAll(0, 0)
#6 C:\xampp\htdocs\hms_ram\app\Controllers\Pharmacy\Sales.php(700): CodeIgniter\BaseModel->findAll()
#7 C:\xampp\htdocs\hms_ram\system\CodeIgniter.php(933): App\Controllers\Pharmacy\Sales->invoice('PHM-OP-20250912...')
#8 C:\xampp\htdocs\hms_ram\system\CodeIgniter.php(507): CodeIgniter\CodeIgniter->runController(Object(App\Controllers\Pharmacy\Sales))
#9 C:\xampp\htdocs\hms_ram\system\CodeIgniter.php(354): CodeIgniter\CodeIgniter->handleRequest(NULL, Object(Config\Cache), false)
#10 C:\xampp\htdocs\hms_ram\system\Boot.php(334): CodeIgniter\CodeIgniter->run()
#11 C:\xampp\htdocs\hms_ram\system\Boot.php(67): CodeIgniter\Boot::runCodeIgniter(Object(CodeIgniter\CodeIgniter))
#12 C:\xampp\htdocs\hms_ram\index.php(46): CodeIgniter\Boot::bootWeb(Object(Config\Paths))
#13 {main}
CRITICAL - 2025-09-15 07:18:48 --> CodeIgniter\Database\Exceptions\DatabaseException: Unknown column 'pharmacy_sale_items.gst_rate' in 'field list'
[Method: GET, Route: pharmacy/sales/invoice/PHM-OP-20250912-00021]
in SYSTEMPATH\Database\BaseConnection.php on line 692.
 1 SYSTEMPATH\Database\BaseBuilder.php(1649): CodeIgniter\Database\BaseConnection->query('SELECT `pharmacy_returns`.*, `pg`.`generic_name` as `medicine_name`, `pharmacy_sale_items`.`unit_selling_price`, `pharmacy_sale_items`.`discount_per_item`, `pharmacy_sale_items`.`gst_rate`
FROM `pharmacy_returns`
JOIN `pharmacy_medicines` `m` ON `m`.`id` = `pharmacy_returns`.`medicine_id`
JOIN `pharmacy_generics` `pg` ON `pg`.`id` = `m`.`generic_id`
JOIN `pharmacy_sale_items` ON `pharmacy_sale_items`.`id` = `pharmacy_returns`.`sale_item_id`
WHERE `pharmacy_returns`.`sale_id` = :pharmacy_returns.sale_id:
AND `pharmacy_returns`.`approval_status` = :pharmacy_returns.approval_status:', [...], false)
 2 SYSTEMPATH\Model.php(286): CodeIgniter\Database\BaseBuilder->get()
 3 SYSTEMPATH\BaseModel.php(679): CodeIgniter\Model->doFindAll(0, 0)
 4 APPPATH\Controllers\Pharmacy\Sales.php(700): CodeIgniter\BaseModel->findAll()
 5 SYSTEMPATH\CodeIgniter.php(933): App\Controllers\Pharmacy\Sales->invoice('PHM-OP-20250912-00021')
 6 SYSTEMPATH\CodeIgniter.php(507): CodeIgniter\CodeIgniter->runController(Object(App\Controllers\Pharmacy\Sales))
 7 SYSTEMPATH\CodeIgniter.php(354): CodeIgniter\CodeIgniter->handleRequest(null, Object(Config\Cache), false)
 8 SYSTEMPATH\Boot.php(334): CodeIgniter\CodeIgniter->run()
 9 SYSTEMPATH\Boot.php(67): CodeIgniter\Boot::runCodeIgniter(Object(CodeIgniter\CodeIgniter))
10 FCPATH\index.php(46): CodeIgniter\Boot::bootWeb(Object(Config\Paths))
CRITICAL - 2025-09-15 07:18:48 --> [Caused by] CodeIgniter\Database\Exceptions\DatabaseException: Unknown column 'pharmacy_sale_items.gst_rate' in 'field list'
in SYSTEMPATH\Database\MySQLi\Connection.php on line 332.
 1 SYSTEMPATH\Database\BaseConnection.php(738): CodeIgniter\Database\MySQLi\Connection->execute('SELECT `pharmacy_returns`.*, `pg`.`generic_name` as `medicine_name`, `pharmacy_sale_items`.`unit_selling_price`, `pharmacy_sale_items`.`discount_per_item`, `pharmacy_sale_items`.`gst_rate`
FROM `pharmacy_returns`
JOIN `pharmacy_medicines` `m` ON `m`.`id` = `pharmacy_returns`.`medicine_id`
JOIN `pharmacy_generics` `pg` ON `pg`.`id` = `m`.`generic_id`
JOIN `pharmacy_sale_items` ON `pharmacy_sale_items`.`id` = `pharmacy_returns`.`sale_item_id`
WHERE `pharmacy_returns`.`sale_id` = \'39\'
AND `pharmacy_returns`.`approval_status` = \'approved\'')
 2 SYSTEMPATH\Database\BaseConnection.php(652): CodeIgniter\Database\BaseConnection->simpleQuery('SELECT `pharmacy_returns`.*, `pg`.`generic_name` as `medicine_name`, `pharmacy_sale_items`.`unit_selling_price`, `pharmacy_sale_items`.`discount_per_item`, `pharmacy_sale_items`.`gst_rate`
FROM `pharmacy_returns`
JOIN `pharmacy_medicines` `m` ON `m`.`id` = `pharmacy_returns`.`medicine_id`
JOIN `pharmacy_generics` `pg` ON `pg`.`id` = `m`.`generic_id`
JOIN `pharmacy_sale_items` ON `pharmacy_sale_items`.`id` = `pharmacy_returns`.`sale_item_id`
WHERE `pharmacy_returns`.`sale_id` = \'39\'
AND `pharmacy_returns`.`approval_status` = \'approved\'')
 3 SYSTEMPATH\Database\BaseBuilder.php(1649): CodeIgniter\Database\BaseConnection->query('SELECT `pharmacy_returns`.*, `pg`.`generic_name` as `medicine_name`, `pharmacy_sale_items`.`unit_selling_price`, `pharmacy_sale_items`.`discount_per_item`, `pharmacy_sale_items`.`gst_rate`
FROM `pharmacy_returns`
JOIN `pharmacy_medicines` `m` ON `m`.`id` = `pharmacy_returns`.`medicine_id`
JOIN `pharmacy_generics` `pg` ON `pg`.`id` = `m`.`generic_id`
JOIN `pharmacy_sale_items` ON `pharmacy_sale_items`.`id` = `pharmacy_returns`.`sale_item_id`
WHERE `pharmacy_returns`.`sale_id` = :pharmacy_returns.sale_id:
AND `pharmacy_returns`.`approval_status` = :pharmacy_returns.approval_status:', [...], false)
 4 SYSTEMPATH\Model.php(286): CodeIgniter\Database\BaseBuilder->get()
 5 SYSTEMPATH\BaseModel.php(679): CodeIgniter\Model->doFindAll(0, 0)
 6 APPPATH\Controllers\Pharmacy\Sales.php(700): CodeIgniter\BaseModel->findAll()
 7 SYSTEMPATH\CodeIgniter.php(933): App\Controllers\Pharmacy\Sales->invoice('PHM-OP-20250912-00021')
 8 SYSTEMPATH\CodeIgniter.php(507): CodeIgniter\CodeIgniter->runController(Object(App\Controllers\Pharmacy\Sales))
 9 SYSTEMPATH\CodeIgniter.php(354): CodeIgniter\CodeIgniter->handleRequest(null, Object(Config\Cache), false)
10 SYSTEMPATH\Boot.php(334): CodeIgniter\CodeIgniter->run()
11 SYSTEMPATH\Boot.php(67): CodeIgniter\Boot::runCodeIgniter(Object(CodeIgniter\CodeIgniter))
12 FCPATH\index.php(46): CodeIgniter\Boot::bootWeb(Object(Config\Paths))
CRITICAL - 2025-09-15 07:18:48 --> [Caused by] mysqli_sql_exception: Unknown column 'pharmacy_sale_items.gst_rate' in 'field list'
in SYSTEMPATH\Database\MySQLi\Connection.php on line 327.
 1 SYSTEMPATH\Database\MySQLi\Connection.php(327): mysqli->query('SELECT `pharmacy_returns`.*, `pg`.`generic_name` as `medicine_name`, `pharmacy_sale_items`.`unit_selling_price`, `pharmacy_sale_items`.`discount_per_item`, `pharmacy_sale_items`.`gst_rate`
FROM `pharmacy_returns`
JOIN `pharmacy_medicines` `m` ON `m`.`id` = `pharmacy_returns`.`medicine_id`
JOIN `pharmacy_generics` `pg` ON `pg`.`id` = `m`.`generic_id`
JOIN `pharmacy_sale_items` ON `pharmacy_sale_items`.`id` = `pharmacy_returns`.`sale_item_id`
WHERE `pharmacy_returns`.`sale_id` = \'39\'
AND `pharmacy_returns`.`approval_status` = \'approved\'', 0)
 2 SYSTEMPATH\Database\BaseConnection.php(738): CodeIgniter\Database\MySQLi\Connection->execute('SELECT `pharmacy_returns`.*, `pg`.`generic_name` as `medicine_name`, `pharmacy_sale_items`.`unit_selling_price`, `pharmacy_sale_items`.`discount_per_item`, `pharmacy_sale_items`.`gst_rate`
FROM `pharmacy_returns`
JOIN `pharmacy_medicines` `m` ON `m`.`id` = `pharmacy_returns`.`medicine_id`
JOIN `pharmacy_generics` `pg` ON `pg`.`id` = `m`.`generic_id`
JOIN `pharmacy_sale_items` ON `pharmacy_sale_items`.`id` = `pharmacy_returns`.`sale_item_id`
WHERE `pharmacy_returns`.`sale_id` = \'39\'
AND `pharmacy_returns`.`approval_status` = \'approved\'')
 3 SYSTEMPATH\Database\BaseConnection.php(652): CodeIgniter\Database\BaseConnection->simpleQuery('SELECT `pharmacy_returns`.*, `pg`.`generic_name` as `medicine_name`, `pharmacy_sale_items`.`unit_selling_price`, `pharmacy_sale_items`.`discount_per_item`, `pharmacy_sale_items`.`gst_rate`
FROM `pharmacy_returns`
JOIN `pharmacy_medicines` `m` ON `m`.`id` = `pharmacy_returns`.`medicine_id`
JOIN `pharmacy_generics` `pg` ON `pg`.`id` = `m`.`generic_id`
JOIN `pharmacy_sale_items` ON `pharmacy_sale_items`.`id` = `pharmacy_returns`.`sale_item_id`
WHERE `pharmacy_returns`.`sale_id` = \'39\'
AND `pharmacy_returns`.`approval_status` = \'approved\'')
 4 SYSTEMPATH\Database\BaseBuilder.php(1649): CodeIgniter\Database\BaseConnection->query('SELECT `pharmacy_returns`.*, `pg`.`generic_name` as `medicine_name`, `pharmacy_sale_items`.`unit_selling_price`, `pharmacy_sale_items`.`discount_per_item`, `pharmacy_sale_items`.`gst_rate`
FROM `pharmacy_returns`
JOIN `pharmacy_medicines` `m` ON `m`.`id` = `pharmacy_returns`.`medicine_id`
JOIN `pharmacy_generics` `pg` ON `pg`.`id` = `m`.`generic_id`
JOIN `pharmacy_sale_items` ON `pharmacy_sale_items`.`id` = `pharmacy_returns`.`sale_item_id`
WHERE `pharmacy_returns`.`sale_id` = :pharmacy_returns.sale_id:
AND `pharmacy_returns`.`approval_status` = :pharmacy_returns.approval_status:', [...], false)
 5 SYSTEMPATH\Model.php(286): CodeIgniter\Database\BaseBuilder->get()
 6 SYSTEMPATH\BaseModel.php(679): CodeIgniter\Model->doFindAll(0, 0)
 7 APPPATH\Controllers\Pharmacy\Sales.php(700): CodeIgniter\BaseModel->findAll()
 8 SYSTEMPATH\CodeIgniter.php(933): App\Controllers\Pharmacy\Sales->invoice('PHM-OP-20250912-00021')
 9 SYSTEMPATH\CodeIgniter.php(507): CodeIgniter\CodeIgniter->runController(Object(App\Controllers\Pharmacy\Sales))
10 SYSTEMPATH\CodeIgniter.php(354): CodeIgniter\CodeIgniter->handleRequest(null, Object(Config\Cache), false)
11 SYSTEMPATH\Boot.php(334): CodeIgniter\CodeIgniter->run()
12 SYSTEMPATH\Boot.php(67): CodeIgniter\Boot::runCodeIgniter(Object(CodeIgniter\CodeIgniter))
13 FCPATH\index.php(46): CodeIgniter\Boot::bootWeb(Object(Config\Paths))
DEBUG - 2025-09-15 07:36:57 --> Session: Class initialized using 'CodeIgniter\Session\Handlers\FileHandler' driver.
DEBUG - 2025-09-15 07:36:57 --> Session: Class initialized using 'CodeIgniter\Session\Handlers\FileHandler' driver.
DEBUG - 2025-09-15 07:36:59 --> Session: Class initialized using 'CodeIgniter\Session\Handlers\FileHandler' driver.
ERROR - 2025-09-15 07:36:59 --> mysqli_sql_exception: Unknown column 'sale_id' in 'where clause' in C:\xampp\htdocs\hms_ram\system\Database\MySQLi\Connection.php:327
Stack trace:
#0 C:\xampp\htdocs\hms_ram\system\Database\MySQLi\Connection.php(327): mysqli->query('SELECT *\nFROM `...', 0)
#1 C:\xampp\htdocs\hms_ram\system\Database\BaseConnection.php(738): CodeIgniter\Database\MySQLi\Connection->execute('SELECT *\nFROM `...')
#2 C:\xampp\htdocs\hms_ram\system\Database\BaseConnection.php(652): CodeIgniter\Database\BaseConnection->simpleQuery('SELECT *\nFROM `...')
#3 C:\xampp\htdocs\hms_ram\system\Database\BaseBuilder.php(1649): CodeIgniter\Database\BaseConnection->query('SELECT *\nFROM `...', Array, false)
#4 C:\xampp\htdocs\hms_ram\system\Model.php(286): CodeIgniter\Database\BaseBuilder->get()
#5 C:\xampp\htdocs\hms_ram\system\BaseModel.php(679): CodeIgniter\Model->doFindAll(0, 0)
#6 C:\xampp\htdocs\hms_ram\app\Controllers\Pharmacy\Sales.php(616): CodeIgniter\BaseModel->findAll()
#7 C:\xampp\htdocs\hms_ram\system\CodeIgniter.php(933): App\Controllers\Pharmacy\Sales->invoice('PHM-OP-20250912...')
#8 C:\xampp\htdocs\hms_ram\system\CodeIgniter.php(507): CodeIgniter\CodeIgniter->runController(Object(App\Controllers\Pharmacy\Sales))
#9 C:\xampp\htdocs\hms_ram\system\CodeIgniter.php(354): CodeIgniter\CodeIgniter->handleRequest(NULL, Object(Config\Cache), false)
#10 C:\xampp\htdocs\hms_ram\system\Boot.php(334): CodeIgniter\CodeIgniter->run()
#11 C:\xampp\htdocs\hms_ram\system\Boot.php(67): CodeIgniter\Boot::runCodeIgniter(Object(CodeIgniter\CodeIgniter))
#12 C:\xampp\htdocs\hms_ram\index.php(46): CodeIgniter\Boot::bootWeb(Object(Config\Paths))
#13 {main}
CRITICAL - 2025-09-15 07:36:59 --> CodeIgniter\Database\Exceptions\DatabaseException: Unknown column 'sale_id' in 'where clause'
[Method: GET, Route: pharmacy/sales/invoice/PHM-OP-20250912-00021]
in SYSTEMPATH\Database\BaseConnection.php on line 692.
 1 SYSTEMPATH\Database\BaseBuilder.php(1649): CodeIgniter\Database\BaseConnection->query('SELECT *
FROM `pharmacy_billing_payments`
WHERE `sale_id` = :sale_id:
ORDER BY `payment_date` ASC', [...], false)
 2 SYSTEMPATH\Model.php(286): CodeIgniter\Database\BaseBuilder->get()
 3 SYSTEMPATH\BaseModel.php(679): CodeIgniter\Model->doFindAll(0, 0)
 4 APPPATH\Controllers\Pharmacy\Sales.php(616): CodeIgniter\BaseModel->findAll()
 5 SYSTEMPATH\CodeIgniter.php(933): App\Controllers\Pharmacy\Sales->invoice('PHM-OP-20250912-00021')
 6 SYSTEMPATH\CodeIgniter.php(507): CodeIgniter\CodeIgniter->runController(Object(App\Controllers\Pharmacy\Sales))
 7 SYSTEMPATH\CodeIgniter.php(354): CodeIgniter\CodeIgniter->handleRequest(null, Object(Config\Cache), false)
 8 SYSTEMPATH\Boot.php(334): CodeIgniter\CodeIgniter->run()
 9 SYSTEMPATH\Boot.php(67): CodeIgniter\Boot::runCodeIgniter(Object(CodeIgniter\CodeIgniter))
10 FCPATH\index.php(46): CodeIgniter\Boot::bootWeb(Object(Config\Paths))
CRITICAL - 2025-09-15 07:36:59 --> [Caused by] CodeIgniter\Database\Exceptions\DatabaseException: Unknown column 'sale_id' in 'where clause'
in SYSTEMPATH\Database\MySQLi\Connection.php on line 332.
 1 SYSTEMPATH\Database\BaseConnection.php(738): CodeIgniter\Database\MySQLi\Connection->execute('SELECT *
FROM `pharmacy_billing_payments`
WHERE `sale_id` = \'39\'
ORDER BY `payment_date` ASC')
 2 SYSTEMPATH\Database\BaseConnection.php(652): CodeIgniter\Database\BaseConnection->simpleQuery('SELECT *
FROM `pharmacy_billing_payments`
WHERE `sale_id` = \'39\'
ORDER BY `payment_date` ASC')
 3 SYSTEMPATH\Database\BaseBuilder.php(1649): CodeIgniter\Database\BaseConnection->query('SELECT *
FROM `pharmacy_billing_payments`
WHERE `sale_id` = :sale_id:
ORDER BY `payment_date` ASC', [...], false)
 4 SYSTEMPATH\Model.php(286): CodeIgniter\Database\BaseBuilder->get()
 5 SYSTEMPATH\BaseModel.php(679): CodeIgniter\Model->doFindAll(0, 0)
 6 APPPATH\Controllers\Pharmacy\Sales.php(616): CodeIgniter\BaseModel->findAll()
 7 SYSTEMPATH\CodeIgniter.php(933): App\Controllers\Pharmacy\Sales->invoice('PHM-OP-20250912-00021')
 8 SYSTEMPATH\CodeIgniter.php(507): CodeIgniter\CodeIgniter->runController(Object(App\Controllers\Pharmacy\Sales))
 9 SYSTEMPATH\CodeIgniter.php(354): CodeIgniter\CodeIgniter->handleRequest(null, Object(Config\Cache), false)
10 SYSTEMPATH\Boot.php(334): CodeIgniter\CodeIgniter->run()
11 SYSTEMPATH\Boot.php(67): CodeIgniter\Boot::runCodeIgniter(Object(CodeIgniter\CodeIgniter))
12 FCPATH\index.php(46): CodeIgniter\Boot::bootWeb(Object(Config\Paths))
CRITICAL - 2025-09-15 07:36:59 --> [Caused by] mysqli_sql_exception: Unknown column 'sale_id' in 'where clause'
in SYSTEMPATH\Database\MySQLi\Connection.php on line 327.
 1 SYSTEMPATH\Database\MySQLi\Connection.php(327): mysqli->query('SELECT *
FROM `pharmacy_billing_payments`
WHERE `sale_id` = \'39\'
ORDER BY `payment_date` ASC', 0)
 2 SYSTEMPATH\Database\BaseConnection.php(738): CodeIgniter\Database\MySQLi\Connection->execute('SELECT *
FROM `pharmacy_billing_payments`
WHERE `sale_id` = \'39\'
ORDER BY `payment_date` ASC')
 3 SYSTEMPATH\Database\BaseConnection.php(652): CodeIgniter\Database\BaseConnection->simpleQuery('SELECT *
FROM `pharmacy_billing_payments`
WHERE `sale_id` = \'39\'
ORDER BY `payment_date` ASC')
 4 SYSTEMPATH\Database\BaseBuilder.php(1649): CodeIgniter\Database\BaseConnection->query('SELECT *
FROM `pharmacy_billing_payments`
WHERE `sale_id` = :sale_id:
ORDER BY `payment_date` ASC', [...], false)
 5 SYSTEMPATH\Model.php(286): CodeIgniter\Database\BaseBuilder->get()
 6 SYSTEMPATH\BaseModel.php(679): CodeIgniter\Model->doFindAll(0, 0)
 7 APPPATH\Controllers\Pharmacy\Sales.php(616): CodeIgniter\BaseModel->findAll()
 8 SYSTEMPATH\CodeIgniter.php(933): App\Controllers\Pharmacy\Sales->invoice('PHM-OP-20250912-00021')
 9 SYSTEMPATH\CodeIgniter.php(507): CodeIgniter\CodeIgniter->runController(Object(App\Controllers\Pharmacy\Sales))
10 SYSTEMPATH\CodeIgniter.php(354): CodeIgniter\CodeIgniter->handleRequest(null, Object(Config\Cache), false)
11 SYSTEMPATH\Boot.php(334): CodeIgniter\CodeIgniter->run()
12 SYSTEMPATH\Boot.php(67): CodeIgniter\Boot::runCodeIgniter(Object(CodeIgniter\CodeIgniter))
13 FCPATH\index.php(46): CodeIgniter\Boot::bootWeb(Object(Config\Paths))
DEBUG - 2025-09-15 07:37:01 --> Session: Class initialized using 'CodeIgniter\Session\Handlers\FileHandler' driver.
DEBUG - 2025-09-15 07:37:04 --> Session: Class initialized using 'CodeIgniter\Session\Handlers\FileHandler' driver.
DEBUG - 2025-09-15 07:37:18 --> Session: Class initialized using 'CodeIgniter\Session\Handlers\FileHandler' driver.
DEBUG - 2025-09-15 07:37:21 --> Session: Class initialized using 'CodeIgniter\Session\Handlers\FileHandler' driver.
DEBUG - 2025-09-15 07:37:23 --> Session: Class initialized using 'CodeIgniter\Session\Handlers\FileHandler' driver.
ERROR - 2025-09-15 07:37:23 --> mysqli_sql_exception: Unknown column 'pharmacy_sale_items.gst_rate' in 'field list' in C:\xampp\htdocs\hms_ram\system\Database\MySQLi\Connection.php:327
Stack trace:
#0 C:\xampp\htdocs\hms_ram\system\Database\MySQLi\Connection.php(327): mysqli->query('SELECT `pharmac...', 0)
#1 C:\xampp\htdocs\hms_ram\system\Database\BaseConnection.php(738): CodeIgniter\Database\MySQLi\Connection->execute('SELECT `pharmac...')
#2 C:\xampp\htdocs\hms_ram\system\Database\BaseConnection.php(652): CodeIgniter\Database\BaseConnection->simpleQuery('SELECT `pharmac...')
#3 C:\xampp\htdocs\hms_ram\system\Database\BaseBuilder.php(1649): CodeIgniter\Database\BaseConnection->query('SELECT `pharmac...', Array, false)
#4 C:\xampp\htdocs\hms_ram\system\Model.php(286): CodeIgniter\Database\BaseBuilder->get()
#5 C:\xampp\htdocs\hms_ram\system\BaseModel.php(679): CodeIgniter\Model->doFindAll(0, 0)
#6 C:\xampp\htdocs\hms_ram\app\Controllers\Pharmacy\Sales.php(700): CodeIgniter\BaseModel->findAll()
#7 C:\xampp\htdocs\hms_ram\system\CodeIgniter.php(933): App\Controllers\Pharmacy\Sales->invoice('PHM-OP-20250912...')
#8 C:\xampp\htdocs\hms_ram\system\CodeIgniter.php(507): CodeIgniter\CodeIgniter->runController(Object(App\Controllers\Pharmacy\Sales))
#9 C:\xampp\htdocs\hms_ram\system\CodeIgniter.php(354): CodeIgniter\CodeIgniter->handleRequest(NULL, Object(Config\Cache), false)
#10 C:\xampp\htdocs\hms_ram\system\Boot.php(334): CodeIgniter\CodeIgniter->run()
#11 C:\xampp\htdocs\hms_ram\system\Boot.php(67): CodeIgniter\Boot::runCodeIgniter(Object(CodeIgniter\CodeIgniter))
#12 C:\xampp\htdocs\hms_ram\index.php(46): CodeIgniter\Boot::bootWeb(Object(Config\Paths))
#13 {main}
CRITICAL - 2025-09-15 07:37:23 --> CodeIgniter\Database\Exceptions\DatabaseException: Unknown column 'pharmacy_sale_items.gst_rate' in 'field list'
[Method: GET, Route: pharmacy/sales/invoice/PHM-OP-20250912-00021]
in SYSTEMPATH\Database\BaseConnection.php on line 692.
 1 SYSTEMPATH\Database\BaseBuilder.php(1649): CodeIgniter\Database\BaseConnection->query('SELECT `pharmacy_returns`.*, `pg`.`generic_name` as `medicine_name`, `pharmacy_sale_items`.`unit_selling_price`, `pharmacy_sale_items`.`discount_per_item`, `pharmacy_sale_items`.`gst_rate`
FROM `pharmacy_returns`
JOIN `pharmacy_medicines` `m` ON `m`.`id` = `pharmacy_returns`.`medicine_id`
JOIN `pharmacy_generics` `pg` ON `pg`.`id` = `m`.`generic_id`
JOIN `pharmacy_sale_items` ON `pharmacy_sale_items`.`id` = `pharmacy_returns`.`sale_item_id`
WHERE `pharmacy_returns`.`sale_id` = :pharmacy_returns.sale_id:
AND `pharmacy_returns`.`approval_status` = :pharmacy_returns.approval_status:', [...], false)
 2 SYSTEMPATH\Model.php(286): CodeIgniter\Database\BaseBuilder->get()
 3 SYSTEMPATH\BaseModel.php(679): CodeIgniter\Model->doFindAll(0, 0)
 4 APPPATH\Controllers\Pharmacy\Sales.php(700): CodeIgniter\BaseModel->findAll()
 5 SYSTEMPATH\CodeIgniter.php(933): App\Controllers\Pharmacy\Sales->invoice('PHM-OP-20250912-00021')
 6 SYSTEMPATH\CodeIgniter.php(507): CodeIgniter\CodeIgniter->runController(Object(App\Controllers\Pharmacy\Sales))
 7 SYSTEMPATH\CodeIgniter.php(354): CodeIgniter\CodeIgniter->handleRequest(null, Object(Config\Cache), false)
 8 SYSTEMPATH\Boot.php(334): CodeIgniter\CodeIgniter->run()
 9 SYSTEMPATH\Boot.php(67): CodeIgniter\Boot::runCodeIgniter(Object(CodeIgniter\CodeIgniter))
10 FCPATH\index.php(46): CodeIgniter\Boot::bootWeb(Object(Config\Paths))
CRITICAL - 2025-09-15 07:37:23 --> [Caused by] CodeIgniter\Database\Exceptions\DatabaseException: Unknown column 'pharmacy_sale_items.gst_rate' in 'field list'
in SYSTEMPATH\Database\MySQLi\Connection.php on line 332.
 1 SYSTEMPATH\Database\BaseConnection.php(738): CodeIgniter\Database\MySQLi\Connection->execute('SELECT `pharmacy_returns`.*, `pg`.`generic_name` as `medicine_name`, `pharmacy_sale_items`.`unit_selling_price`, `pharmacy_sale_items`.`discount_per_item`, `pharmacy_sale_items`.`gst_rate`
FROM `pharmacy_returns`
JOIN `pharmacy_medicines` `m` ON `m`.`id` = `pharmacy_returns`.`medicine_id`
JOIN `pharmacy_generics` `pg` ON `pg`.`id` = `m`.`generic_id`
JOIN `pharmacy_sale_items` ON `pharmacy_sale_items`.`id` = `pharmacy_returns`.`sale_item_id`
WHERE `pharmacy_returns`.`sale_id` = \'39\'
AND `pharmacy_returns`.`approval_status` = \'approved\'')
 2 SYSTEMPATH\Database\BaseConnection.php(652): CodeIgniter\Database\BaseConnection->simpleQuery('SELECT `pharmacy_returns`.*, `pg`.`generic_name` as `medicine_name`, `pharmacy_sale_items`.`unit_selling_price`, `pharmacy_sale_items`.`discount_per_item`, `pharmacy_sale_items`.`gst_rate`
FROM `pharmacy_returns`
JOIN `pharmacy_medicines` `m` ON `m`.`id` = `pharmacy_returns`.`medicine_id`
JOIN `pharmacy_generics` `pg` ON `pg`.`id` = `m`.`generic_id`
JOIN `pharmacy_sale_items` ON `pharmacy_sale_items`.`id` = `pharmacy_returns`.`sale_item_id`
WHERE `pharmacy_returns`.`sale_id` = \'39\'
AND `pharmacy_returns`.`approval_status` = \'approved\'')
 3 SYSTEMPATH\Database\BaseBuilder.php(1649): CodeIgniter\Database\BaseConnection->query('SELECT `pharmacy_returns`.*, `pg`.`generic_name` as `medicine_name`, `pharmacy_sale_items`.`unit_selling_price`, `pharmacy_sale_items`.`discount_per_item`, `pharmacy_sale_items`.`gst_rate`
FROM `pharmacy_returns`
JOIN `pharmacy_medicines` `m` ON `m`.`id` = `pharmacy_returns`.`medicine_id`
JOIN `pharmacy_generics` `pg` ON `pg`.`id` = `m`.`generic_id`
JOIN `pharmacy_sale_items` ON `pharmacy_sale_items`.`id` = `pharmacy_returns`.`sale_item_id`
WHERE `pharmacy_returns`.`sale_id` = :pharmacy_returns.sale_id:
AND `pharmacy_returns`.`approval_status` = :pharmacy_returns.approval_status:', [...], false)
 4 SYSTEMPATH\Model.php(286): CodeIgniter\Database\BaseBuilder->get()
 5 SYSTEMPATH\BaseModel.php(679): CodeIgniter\Model->doFindAll(0, 0)
 6 APPPATH\Controllers\Pharmacy\Sales.php(700): CodeIgniter\BaseModel->findAll()
 7 SYSTEMPATH\CodeIgniter.php(933): App\Controllers\Pharmacy\Sales->invoice('PHM-OP-20250912-00021')
 8 SYSTEMPATH\CodeIgniter.php(507): CodeIgniter\CodeIgniter->runController(Object(App\Controllers\Pharmacy\Sales))
 9 SYSTEMPATH\CodeIgniter.php(354): CodeIgniter\CodeIgniter->handleRequest(null, Object(Config\Cache), false)
10 SYSTEMPATH\Boot.php(334): CodeIgniter\CodeIgniter->run()
11 SYSTEMPATH\Boot.php(67): CodeIgniter\Boot::runCodeIgniter(Object(CodeIgniter\CodeIgniter))
12 FCPATH\index.php(46): CodeIgniter\Boot::bootWeb(Object(Config\Paths))
CRITICAL - 2025-09-15 07:37:23 --> [Caused by] mysqli_sql_exception: Unknown column 'pharmacy_sale_items.gst_rate' in 'field list'
in SYSTEMPATH\Database\MySQLi\Connection.php on line 327.
 1 SYSTEMPATH\Database\MySQLi\Connection.php(327): mysqli->query('SELECT `pharmacy_returns`.*, `pg`.`generic_name` as `medicine_name`, `pharmacy_sale_items`.`unit_selling_price`, `pharmacy_sale_items`.`discount_per_item`, `pharmacy_sale_items`.`gst_rate`
FROM `pharmacy_returns`
JOIN `pharmacy_medicines` `m` ON `m`.`id` = `pharmacy_returns`.`medicine_id`
JOIN `pharmacy_generics` `pg` ON `pg`.`id` = `m`.`generic_id`
JOIN `pharmacy_sale_items` ON `pharmacy_sale_items`.`id` = `pharmacy_returns`.`sale_item_id`
WHERE `pharmacy_returns`.`sale_id` = \'39\'
AND `pharmacy_returns`.`approval_status` = \'approved\'', 0)
 2 SYSTEMPATH\Database\BaseConnection.php(738): CodeIgniter\Database\MySQLi\Connection->execute('SELECT `pharmacy_returns`.*, `pg`.`generic_name` as `medicine_name`, `pharmacy_sale_items`.`unit_selling_price`, `pharmacy_sale_items`.`discount_per_item`, `pharmacy_sale_items`.`gst_rate`
FROM `pharmacy_returns`
JOIN `pharmacy_medicines` `m` ON `m`.`id` = `pharmacy_returns`.`medicine_id`
JOIN `pharmacy_generics` `pg` ON `pg`.`id` = `m`.`generic_id`
JOIN `pharmacy_sale_items` ON `pharmacy_sale_items`.`id` = `pharmacy_returns`.`sale_item_id`
WHERE `pharmacy_returns`.`sale_id` = \'39\'
AND `pharmacy_returns`.`approval_status` = \'approved\'')
 3 SYSTEMPATH\Database\BaseConnection.php(652): CodeIgniter\Database\BaseConnection->simpleQuery('SELECT `pharmacy_returns`.*, `pg`.`generic_name` as `medicine_name`, `pharmacy_sale_items`.`unit_selling_price`, `pharmacy_sale_items`.`discount_per_item`, `pharmacy_sale_items`.`gst_rate`
FROM `pharmacy_returns`
JOIN `pharmacy_medicines` `m` ON `m`.`id` = `pharmacy_returns`.`medicine_id`
JOIN `pharmacy_generics` `pg` ON `pg`.`id` = `m`.`generic_id`
JOIN `pharmacy_sale_items` ON `pharmacy_sale_items`.`id` = `pharmacy_returns`.`sale_item_id`
WHERE `pharmacy_returns`.`sale_id` = \'39\'
AND `pharmacy_returns`.`approval_status` = \'approved\'')
 4 SYSTEMPATH\Database\BaseBuilder.php(1649): CodeIgniter\Database\BaseConnection->query('SELECT `pharmacy_returns`.*, `pg`.`generic_name` as `medicine_name`, `pharmacy_sale_items`.`unit_selling_price`, `pharmacy_sale_items`.`discount_per_item`, `pharmacy_sale_items`.`gst_rate`
FROM `pharmacy_returns`
JOIN `pharmacy_medicines` `m` ON `m`.`id` = `pharmacy_returns`.`medicine_id`
JOIN `pharmacy_generics` `pg` ON `pg`.`id` = `m`.`generic_id`
JOIN `pharmacy_sale_items` ON `pharmacy_sale_items`.`id` = `pharmacy_returns`.`sale_item_id`
WHERE `pharmacy_returns`.`sale_id` = :pharmacy_returns.sale_id:
AND `pharmacy_returns`.`approval_status` = :pharmacy_returns.approval_status:', [...], false)
 5 SYSTEMPATH\Model.php(286): CodeIgniter\Database\BaseBuilder->get()
 6 SYSTEMPATH\BaseModel.php(679): CodeIgniter\Model->doFindAll(0, 0)
 7 APPPATH\Controllers\Pharmacy\Sales.php(700): CodeIgniter\BaseModel->findAll()
 8 SYSTEMPATH\CodeIgniter.php(933): App\Controllers\Pharmacy\Sales->invoice('PHM-OP-20250912-00021')
 9 SYSTEMPATH\CodeIgniter.php(507): CodeIgniter\CodeIgniter->runController(Object(App\Controllers\Pharmacy\Sales))
10 SYSTEMPATH\CodeIgniter.php(354): CodeIgniter\CodeIgniter->handleRequest(null, Object(Config\Cache), false)
11 SYSTEMPATH\Boot.php(334): CodeIgniter\CodeIgniter->run()
12 SYSTEMPATH\Boot.php(67): CodeIgniter\Boot::runCodeIgniter(Object(CodeIgniter\CodeIgniter))
13 FCPATH\index.php(46): CodeIgniter\Boot::bootWeb(Object(Config\Paths))
DEBUG - 2025-09-15 07:50:06 --> Session: Class initialized using 'CodeIgniter\Session\Handlers\FileHandler' driver.
DEBUG - 2025-09-15 07:50:06 --> Session: Class initialized using 'CodeIgniter\Session\Handlers\FileHandler' driver.
DEBUG - 2025-09-15 07:51:21 --> Session: Class initialized using 'CodeIgniter\Session\Handlers\FileHandler' driver.
DEBUG - 2025-09-15 07:51:21 --> Session: Class initialized using 'CodeIgniter\Session\Handlers\FileHandler' driver.
DEBUG - 2025-09-15 07:51:28 --> Session: Class initialized using 'CodeIgniter\Session\Handlers\FileHandler' driver.
DEBUG - 2025-09-15 07:51:28 --> Session: Class initialized using 'CodeIgniter\Session\Handlers\FileHandler' driver.
DEBUG - 2025-09-15 07:51:29 --> Session: Class initialized using 'CodeIgniter\Session\Handlers\FileHandler' driver.
DEBUG - 2025-09-15 07:51:29 --> Session: Class initialized using 'CodeIgniter\Session\Handlers\FileHandler' driver.
CRITICAL - 2025-09-15 07:51:35 --> ParseError: syntax error, unexpected token "else"
[Method: GET, Route: pharmacy/sales/invoice/PHM-IP-20250915-00024]
in APPPATH\Controllers\Pharmacy\Sales.php on line 702.
 1 SYSTEMPATH\Autoloader\Autoloader.php(295): CodeIgniter\Autoloader\Autoloader->includeFile('C:\\xampp\\htdocs\\hms_ram\\app\\Controllers\\Pharmacy\\Sales.php')
 2 SYSTEMPATH\Autoloader\Autoloader.php(271): CodeIgniter\Autoloader\Autoloader->loadInNamespace('App\\Controllers\\Pharmacy\\Sales')
 3 [internal function]: CodeIgniter\Autoloader\Autoloader->loadClass('App\\Controllers\\Pharmacy\\Sales')
 4 SYSTEMPATH\CodeIgniter.php(885): class_exists('\\App\\Controllers\\Pharmacy\\Sales', true)
 5 SYSTEMPATH\CodeIgniter.php(494): CodeIgniter\CodeIgniter->startController()
 6 SYSTEMPATH\CodeIgniter.php(354): CodeIgniter\CodeIgniter->handleRequest(null, Object(Config\Cache), false)
 7 SYSTEMPATH\Boot.php(334): CodeIgniter\CodeIgniter->run()
 8 SYSTEMPATH\Boot.php(67): CodeIgniter\Boot::runCodeIgniter(Object(CodeIgniter\CodeIgniter))
 9 FCPATH\index.php(46): CodeIgniter\Boot::bootWeb(Object(Config\Paths))
CRITICAL - 2025-09-15 07:51:35 --> ParseError: syntax error, unexpected token "else"
[Method: GET, Route: pharmacy/sales/invoice/PHM-IP-20250913-00023]
in APPPATH\Controllers\Pharmacy\Sales.php on line 702.
 1 SYSTEMPATH\Autoloader\Autoloader.php(295): CodeIgniter\Autoloader\Autoloader->includeFile('C:\\xampp\\htdocs\\hms_ram\\app\\Controllers\\Pharmacy\\Sales.php')
 2 SYSTEMPATH\Autoloader\Autoloader.php(271): CodeIgniter\Autoloader\Autoloader->loadInNamespace('App\\Controllers\\Pharmacy\\Sales')
 3 [internal function]: CodeIgniter\Autoloader\Autoloader->loadClass('App\\Controllers\\Pharmacy\\Sales')
 4 SYSTEMPATH\CodeIgniter.php(885): class_exists('\\App\\Controllers\\Pharmacy\\Sales', true)
 5 SYSTEMPATH\CodeIgniter.php(494): CodeIgniter\CodeIgniter->startController()
 6 SYSTEMPATH\CodeIgniter.php(354): CodeIgniter\CodeIgniter->handleRequest(null, Object(Config\Cache), false)
 7 SYSTEMPATH\Boot.php(334): CodeIgniter\CodeIgniter->run()
 8 SYSTEMPATH\Boot.php(67): CodeIgniter\Boot::runCodeIgniter(Object(CodeIgniter\CodeIgniter))
 9 FCPATH\index.php(46): CodeIgniter\Boot::bootWeb(Object(Config\Paths))
DEBUG - 2025-09-15 08:01:49 --> Session: Class initialized using 'CodeIgniter\Session\Handlers\FileHandler' driver.
DEBUG - 2025-09-15 08:01:52 --> Session: Class initialized using 'CodeIgniter\Session\Handlers\FileHandler' driver.
DEBUG - 2025-09-15 08:01:54 --> Session: Class initialized using 'CodeIgniter\Session\Handlers\FileHandler' driver.
DEBUG - 2025-09-15 09:09:34 --> Session: Class initialized using 'CodeIgniter\Session\Handlers\FileHandler' driver.
DEBUG - 2025-09-15 09:09:34 --> Session: Class initialized using 'CodeIgniter\Session\Handlers\FileHandler' driver.
DEBUG - 2025-09-15 09:09:34 --> Session: Class initialized using 'CodeIgniter\Session\Handlers\FileHandler' driver.
DEBUG - 2025-09-15 09:09:53 --> Session: Class initialized using 'CodeIgniter\Session\Handlers\FileHandler' driver.
DEBUG - 2025-09-15 09:09:53 --> Session: Class initialized using 'CodeIgniter\Session\Handlers\FileHandler' driver.
DEBUG - 2025-09-15 09:09:53 --> Session: Class initialized using 'CodeIgniter\Session\Handlers\FileHandler' driver.
DEBUG - 2025-09-15 09:10:24 --> Session: Class initialized using 'CodeIgniter\Session\Handlers\FileHandler' driver.
DEBUG - 2025-09-15 10:14:31 --> Session: Class initialized using 'CodeIgniter\Session\Handlers\FileHandler' driver.
DEBUG - 2025-09-15 10:14:31 --> Session: Class initialized using 'CodeIgniter\Session\Handlers\FileHandler' driver.
DEBUG - 2025-09-15 10:14:31 --> Session: Class initialized using 'CodeIgniter\Session\Handlers\FileHandler' driver.
DEBUG - 2025-09-15 10:14:34 --> Session: Class initialized using 'CodeIgniter\Session\Handlers\FileHandler' driver.
DEBUG - 2025-09-15 10:14:36 --> Session: Class initialized using 'CodeIgniter\Session\Handlers\FileHandler' driver.
DEBUG - 2025-09-15 10:14:44 --> Session: Class initialized using 'CodeIgniter\Session\Handlers\FileHandler' driver.
DEBUG - 2025-09-15 10:14:46 --> Session: Class initialized using 'CodeIgniter\Session\Handlers\FileHandler' driver.
DEBUG - 2025-09-15 10:14:49 --> Session: Class initialized using 'CodeIgniter\Session\Handlers\FileHandler' driver.
DEBUG - 2025-09-15 10:14:50 --> Session: Class initialized using 'CodeIgniter\Session\Handlers\FileHandler' driver.
DEBUG - 2025-09-15 10:14:53 --> Session: Class initialized using 'CodeIgniter\Session\Handlers\FileHandler' driver.
DEBUG - 2025-09-15 10:15:12 --> Session: Class initialized using 'CodeIgniter\Session\Handlers\FileHandler' driver.
DEBUG - 2025-09-15 10:15:12 --> Session: Class initialized using 'CodeIgniter\Session\Handlers\FileHandler' driver.
DEBUG - 2025-09-15 10:15:12 --> Session: Class initialized using 'CodeIgniter\Session\Handlers\FileHandler' driver.
DEBUG - 2025-09-15 10:15:15 --> Session: Class initialized using 'CodeIgniter\Session\Handlers\FileHandler' driver.
DEBUG - 2025-09-15 10:15:21 --> Session: Class initialized using 'CodeIgniter\Session\Handlers\FileHandler' driver.
DEBUG - 2025-09-15 10:15:24 --> Session: Class initialized using 'CodeIgniter\Session\Handlers\FileHandler' driver.
DEBUG - 2025-09-15 10:15:26 --> Session: Class initialized using 'CodeIgniter\Session\Handlers\FileHandler' driver.
DEBUG - 2025-09-15 10:18:51 --> Session: Class initialized using 'CodeIgniter\Session\Handlers\FileHandler' driver.
DEBUG - 2025-09-15 10:19:02 --> Session: Class initialized using 'CodeIgniter\Session\Handlers\FileHandler' driver.
DEBUG - 2025-09-15 10:19:09 --> Session: Class initialized using 'CodeIgniter\Session\Handlers\FileHandler' driver.
DEBUG - 2025-09-15 10:19:16 --> Session: Class initialized using 'CodeIgniter\Session\Handlers\FileHandler' driver.
DEBUG - 2025-09-15 10:19:21 --> Session: Class initialized using 'CodeIgniter\Session\Handlers\FileHandler' driver.
DEBUG - 2025-09-15 10:34:31 --> Session: Class initialized using 'CodeIgniter\Session\Handlers\FileHandler' driver.
DEBUG - 2025-09-15 10:39:25 --> Session: Class initialized using 'CodeIgniter\Session\Handlers\FileHandler' driver.
DEBUG - 2025-09-15 10:39:37 --> Session: Class initialized using 'CodeIgniter\Session\Handlers\FileHandler' driver.
DEBUG - 2025-09-15 10:39:39 --> Session: Class initialized using 'CodeIgniter\Session\Handlers\FileHandler' driver.
DEBUG - 2025-09-15 10:39:50 --> Session: Class initialized using 'CodeIgniter\Session\Handlers\FileHandler' driver.
DEBUG - 2025-09-15 10:39:51 --> Session: Class initialized using 'CodeIgniter\Session\Handlers\FileHandler' driver.
DEBUG - 2025-09-15 10:40:22 --> Session: Class initialized using 'CodeIgniter\Session\Handlers\FileHandler' driver.
DEBUG - 2025-09-15 10:40:22 --> Session: Class initialized using 'CodeIgniter\Session\Handlers\FileHandler' driver.
DEBUG - 2025-09-15 10:40:40 --> Session: Class initialized using 'CodeIgniter\Session\Handlers\FileHandler' driver.
DEBUG - 2025-09-15 10:40:55 --> Session: Class initialized using 'CodeIgniter\Session\Handlers\FileHandler' driver.
DEBUG - 2025-09-15 10:40:59 --> Session: Class initialized using 'CodeIgniter\Session\Handlers\FileHandler' driver.
DEBUG - 2025-09-15 10:41:32 --> Session: Class initialized using 'CodeIgniter\Session\Handlers\FileHandler' driver.
DEBUG - 2025-09-15 10:41:33 --> Session: Class initialized using 'CodeIgniter\Session\Handlers\FileHandler' driver.
DEBUG - 2025-09-15 10:41:55 --> Session: Class initialized using 'CodeIgniter\Session\Handlers\FileHandler' driver.
DEBUG - 2025-09-15 10:41:55 --> Session: Class initialized using 'CodeIgniter\Session\Handlers\FileHandler' driver.
DEBUG - 2025-09-15 10:42:21 --> Session: Class initialized using 'CodeIgniter\Session\Handlers\FileHandler' driver.
DEBUG - 2025-09-15 10:42:21 --> Session: Class initialized using 'CodeIgniter\Session\Handlers\FileHandler' driver.
DEBUG - 2025-09-15 10:42:42 --> Session: Class initialized using 'CodeIgniter\Session\Handlers\FileHandler' driver.
DEBUG - 2025-09-15 10:42:42 --> Session: Class initialized using 'CodeIgniter\Session\Handlers\FileHandler' driver.
DEBUG - 2025-09-15 10:42:42 --> Session: Class initialized using 'CodeIgniter\Session\Handlers\FileHandler' driver.
DEBUG - 2025-09-15 10:43:26 --> Session: Class initialized using 'CodeIgniter\Session\Handlers\FileHandler' driver.
DEBUG - 2025-09-15 10:43:26 --> Session: Class initialized using 'CodeIgniter\Session\Handlers\FileHandler' driver.
DEBUG - 2025-09-15 10:43:48 --> Session: Class initialized using 'CodeIgniter\Session\Handlers\FileHandler' driver.
DEBUG - 2025-09-15 10:43:49 --> Session: Class initialized using 'CodeIgniter\Session\Handlers\FileHandler' driver.
DEBUG - 2025-09-15 10:45:47 --> Session: Class initialized using 'CodeIgniter\Session\Handlers\FileHandler' driver.
DEBUG - 2025-09-15 10:45:51 --> Session: Class initialized using 'CodeIgniter\Session\Handlers\FileHandler' driver.
DEBUG - 2025-09-15 10:45:51 --> Fetching medicines for invoice: PHM-OP-20250903-00014
DEBUG - 2025-09-15 10:45:51 --> Outside sale found with ID: 32
DEBUG - 2025-09-15 10:45:51 --> Found 2 sale items for outside sale
DEBUG - 2025-09-15 10:45:51 --> Session: Class initialized using 'CodeIgniter\Session\Handlers\FileHandler' driver.
DEBUG - 2025-09-15 10:45:51 --> Fetching medicines for invoice: PHM-OP-20250903-00014
DEBUG - 2025-09-15 10:45:51 --> Outside sale found with ID: 32
DEBUG - 2025-09-15 10:45:51 --> Found 2 sale items for outside sale
DEBUG - 2025-09-15 10:46:05 --> Session: Class initialized using 'CodeIgniter\Session\Handlers\FileHandler' driver.
DEBUG - 2025-09-15 10:46:05 --> Fetching medicines for invoice: PHM-OP-20250915-00022
DEBUG - 2025-09-15 10:46:05 --> Outside sale found with ID: 40
DEBUG - 2025-09-15 10:46:05 --> Found 2 sale items for outside sale
DEBUG - 2025-09-15 10:46:05 --> Session: Class initialized using 'CodeIgniter\Session\Handlers\FileHandler' driver.
DEBUG - 2025-09-15 10:46:05 --> Fetching medicines for invoice: PHM-OP-20250915-00022
DEBUG - 2025-09-15 10:46:05 --> Outside sale found with ID: 40
DEBUG - 2025-09-15 10:46:05 --> Found 2 sale items for outside sale
DEBUG - 2025-09-15 10:46:21 --> Session: Class initialized using 'CodeIgniter\Session\Handlers\FileHandler' driver.
DEBUG - 2025-09-15 10:46:21 --> POST DATA: {"invoice_number":"PHM-OP-20250915-00022","sale_item_id":"89","sale_id":"40","billing_id":"","quantity_returned":"2","medicine_condition":"Good","return_reason":"dsvds wvw","notes":"rrwe"}
DEBUG - 2025-09-15 10:46:21 --> Session: Class initialized using 'CodeIgniter\Session\Handlers\FileHandler' driver.
DEBUG - 2025-09-15 10:46:25 --> Session: Class initialized using 'CodeIgniter\Session\Handlers\FileHandler' driver.
DEBUG - 2025-09-15 10:46:51 --> Session: Class initialized using 'CodeIgniter\Session\Handlers\FileHandler' driver.
DEBUG - 2025-09-15 10:47:13 --> Session: Class initialized using 'CodeIgniter\Session\Handlers\FileHandler' driver.
DEBUG - 2025-09-15 10:47:13 --> Redirecting to: http://localhost/hms_ram/index.php/pharmacy/sales/invoice/PHM-OP-20250915-00022
DEBUG - 2025-09-15 10:47:13 --> Return approval info - billing_id: NULL, sale_id: 40
DEBUG - 2025-09-15 10:47:13 --> Invoice numbers - billing invoice: NULL, sale invoice: PHM-OP-20250915-00022
DEBUG - 2025-09-15 10:47:13 --> Redirect URL chosen: http://localhost/hms_ram/index.php/pharmacy/sales/invoice/PHM-OP-20250915-00022
DEBUG - 2025-09-15 10:47:13 --> Session: Class initialized using 'CodeIgniter\Session\Handlers\FileHandler' driver.
DEBUG - 2025-09-15 10:47:13 --> Session: Class initialized using 'CodeIgniter\Session\Handlers\FileHandler' driver.
CRITICAL - 2025-09-15 10:47:14 --> ErrorException: unlink(C:\xampp\htdocs\hms_ram\writable\debugbar/debugbar_1757932941.176722.json): No such file or directory
[Method: GET, Route: /]
in SYSTEMPATH\Debug\Toolbar\Collectors\History.php on line 82.
 1 [internal function]: CodeIgniter\Debug\Exceptions->errorHandler(2, 'unlink(C:\\xampp\\htdocs\\hms_ram\\writable\\debugbar/debugbar_1757932941.176722.json): No such file or directory', 'C:\\xampp\\htdocs\\hms_ram\\system\\Debug\\Toolbar\\Collectors\\History.php', 82)
 2 SYSTEMPATH\Debug\Toolbar\Collectors\History.php(82): unlink('C:\\xampp\\htdocs\\hms_ram\\writable\\debugbar/debugbar_1757932941.176722.json')
 3 SYSTEMPATH\Debug\Toolbar.php(517): CodeIgniter\Debug\Toolbar\Collectors\History->setFiles('1757933233.514579', 20)
 4 SYSTEMPATH\Debug\Toolbar.php(496): CodeIgniter\Debug\Toolbar->format([...], 'html')
 5 APPPATH\Config\Events.php(47): CodeIgniter\Debug\Toolbar->respond()
 6 SYSTEMPATH\Events\Events.php(155): CodeIgniter\Events\Events::Config\{closure}()
 7 SYSTEMPATH\CodeIgniter.php(339): CodeIgniter\Events\Events::trigger('pre_system')
 8 SYSTEMPATH\Boot.php(334): CodeIgniter\CodeIgniter->run()
 9 SYSTEMPATH\Boot.php(67): CodeIgniter\Boot::runCodeIgniter(Object(CodeIgniter\CodeIgniter))
10 FCPATH\index.php(46): CodeIgniter\Boot::bootWeb(Object(Config\Paths))
DEBUG - 2025-09-15 10:47:44 --> Session: Class initialized using 'CodeIgniter\Session\Handlers\FileHandler' driver.
DEBUG - 2025-09-15 10:47:46 --> Session: Class initialized using 'CodeIgniter\Session\Handlers\FileHandler' driver.
DEBUG - 2025-09-15 10:47:56 --> Session: Class initialized using 'CodeIgniter\Session\Handlers\FileHandler' driver.
DEBUG - 2025-09-15 10:47:57 --> Session: Class initialized using 'CodeIgniter\Session\Handlers\FileHandler' driver.
DEBUG - 2025-09-15 10:48:14 --> Session: Class initialized using 'CodeIgniter\Session\Handlers\FileHandler' driver.
DEBUG - 2025-09-15 10:48:14 --> Session: Class initialized using 'CodeIgniter\Session\Handlers\FileHandler' driver.
DEBUG - 2025-09-15 10:48:52 --> Session: Class initialized using 'CodeIgniter\Session\Handlers\FileHandler' driver.
DEBUG - 2025-09-15 10:49:06 --> Session: Class initialized using 'CodeIgniter\Session\Handlers\FileHandler' driver.
DEBUG - 2025-09-15 10:49:37 --> Session: Class initialized using 'CodeIgniter\Session\Handlers\FileHandler' driver.
DEBUG - 2025-09-15 10:49:55 --> Session: Class initialized using 'CodeIgniter\Session\Handlers\FileHandler' driver.
DEBUG - 2025-09-15 10:50:59 --> Session: Class initialized using 'CodeIgniter\Session\Handlers\FileHandler' driver.
DEBUG - 2025-09-15 10:51:19 --> Session: Class initialized using 'CodeIgniter\Session\Handlers\FileHandler' driver.
DEBUG - 2025-09-15 10:51:19 --> Session: Class initialized using 'CodeIgniter\Session\Handlers\FileHandler' driver.
DEBUG - 2025-09-15 10:51:19 --> Session: Class initialized using 'CodeIgniter\Session\Handlers\FileHandler' driver.
DEBUG - 2025-09-15 10:53:13 --> Session: Class initialized using 'CodeIgniter\Session\Handlers\FileHandler' driver.
DEBUG - 2025-09-15 10:53:14 --> Session: Class initialized using 'CodeIgniter\Session\Handlers\FileHandler' driver.
DEBUG - 2025-09-15 10:53:14 --> Session: Class initialized using 'CodeIgniter\Session\Handlers\FileHandler' driver.
DEBUG - 2025-09-15 10:53:14 --> Session: Class initialized using 'CodeIgniter\Session\Handlers\FileHandler' driver.
DEBUG - 2025-09-15 10:53:14 --> Session: Class initialized using 'CodeIgniter\Session\Handlers\FileHandler' driver.
DEBUG - 2025-09-15 10:53:21 --> Session: Class initialized using 'CodeIgniter\Session\Handlers\FileHandler' driver.
DEBUG - 2025-09-15 10:55:50 --> Session: Class initialized using 'CodeIgniter\Session\Handlers\FileHandler' driver.
DEBUG - 2025-09-15 11:06:19 --> Session: Class initialized using 'CodeIgniter\Session\Handlers\FileHandler' driver.
DEBUG - 2025-09-15 11:06:38 --> Session: Class initialized using 'CodeIgniter\Session\Handlers\FileHandler' driver.
DEBUG - 2025-09-15 11:06:38 --> Session: Class initialized using 'CodeIgniter\Session\Handlers\FileHandler' driver.
DEBUG - 2025-09-15 11:07:03 --> Session: Class initialized using 'CodeIgniter\Session\Handlers\FileHandler' driver.
DEBUG - 2025-09-15 11:07:04 --> Session: Class initialized using 'CodeIgniter\Session\Handlers\FileHandler' driver.
DEBUG - 2025-09-15 11:07:42 --> Session: Class initialized using 'CodeIgniter\Session\Handlers\FileHandler' driver.
DEBUG - 2025-09-15 11:09:05 --> Session: Class initialized using 'CodeIgniter\Session\Handlers\FileHandler' driver.
DEBUG - 2025-09-15 11:09:12 --> Session: Class initialized using 'CodeIgniter\Session\Handlers\FileHandler' driver.
DEBUG - 2025-09-15 11:09:24 --> Session: Class initialized using 'CodeIgniter\Session\Handlers\FileHandler' driver.
DEBUG - 2025-09-15 11:09:27 --> Session: Class initialized using 'CodeIgniter\Session\Handlers\FileHandler' driver.
DEBUG - 2025-09-15 11:22:52 --> Session: Class initialized using 'CodeIgniter\Session\Handlers\FileHandler' driver.
DEBUG - 2025-09-15 11:22:53 --> Session: Class initialized using 'CodeIgniter\Session\Handlers\FileHandler' driver.
DEBUG - 2025-09-15 11:23:56 --> Session: Class initialized using 'CodeIgniter\Session\Handlers\FileHandler' driver.
DEBUG - 2025-09-15 11:27:26 --> Session: Class initialized using 'CodeIgniter\Session\Handlers\FileHandler' driver.
DEBUG - 2025-09-15 11:27:44 --> Session: Class initialized using 'CodeIgniter\Session\Handlers\FileHandler' driver.
DEBUG - 2025-09-15 11:27:44 --> Session: Class initialized using 'CodeIgniter\Session\Handlers\FileHandler' driver.
DEBUG - 2025-09-15 11:28:48 --> Session: Class initialized using 'CodeIgniter\Session\Handlers\FileHandler' driver.
DEBUG - 2025-09-15 11:28:58 --> Session: Class initialized using 'CodeIgniter\Session\Handlers\FileHandler' driver.
DEBUG - 2025-09-15 11:28:58 --> Session: Class initialized using 'CodeIgniter\Session\Handlers\FileHandler' driver.
DEBUG - 2025-09-15 11:29:10 --> Session: Class initialized using 'CodeIgniter\Session\Handlers\FileHandler' driver.
DEBUG - 2025-09-15 11:29:31 --> Session: Class initialized using 'CodeIgniter\Session\Handlers\FileHandler' driver.
DEBUG - 2025-09-15 11:29:35 --> Session: Class initialized using 'CodeIgniter\Session\Handlers\FileHandler' driver.
DEBUG - 2025-09-15 11:29:35 --> Fetching medicines for invoice: PHM-OP-20250915-00023
DEBUG - 2025-09-15 11:29:35 --> Outside sale found with ID: 41
DEBUG - 2025-09-15 11:29:35 --> Found 2 sale items for outside sale
DEBUG - 2025-09-15 11:29:35 --> Session: Class initialized using 'CodeIgniter\Session\Handlers\FileHandler' driver.
DEBUG - 2025-09-15 11:29:35 --> Fetching medicines for invoice: PHM-OP-20250915-00023
DEBUG - 2025-09-15 11:29:35 --> Outside sale found with ID: 41
DEBUG - 2025-09-15 11:29:35 --> Found 2 sale items for outside sale
DEBUG - 2025-09-15 11:30:00 --> Session: Class initialized using 'CodeIgniter\Session\Handlers\FileHandler' driver.
DEBUG - 2025-09-15 11:30:10 --> Session: Class initialized using 'CodeIgniter\Session\Handlers\FileHandler' driver.
DEBUG - 2025-09-15 11:30:59 --> Session: Class initialized using 'CodeIgniter\Session\Handlers\FileHandler' driver.
DEBUG - 2025-09-15 11:31:55 --> Session: Class initialized using 'CodeIgniter\Session\Handlers\FileHandler' driver.
DEBUG - 2025-09-15 11:32:01 --> Session: Class initialized using 'CodeIgniter\Session\Handlers\FileHandler' driver.
DEBUG - 2025-09-15 11:32:03 --> Session: Class initialized using 'CodeIgniter\Session\Handlers\FileHandler' driver.
DEBUG - 2025-09-15 11:32:03 --> Session: Class initialized using 'CodeIgniter\Session\Handlers\FileHandler' driver.
DEBUG - 2025-09-15 11:32:14 --> Session: Class initialized using 'CodeIgniter\Session\Handlers\FileHandler' driver.
DEBUG - 2025-09-15 11:32:14 --> Session: Class initialized using 'CodeIgniter\Session\Handlers\FileHandler' driver.
DEBUG - 2025-09-15 11:32:16 --> Session: Class initialized using 'CodeIgniter\Session\Handlers\FileHandler' driver.
DEBUG - 2025-09-15 11:32:46 --> Session: Class initialized using 'CodeIgniter\Session\Handlers\FileHandler' driver.
DEBUG - 2025-09-15 11:32:52 --> Session: Class initialized using 'CodeIgniter\Session\Handlers\FileHandler' driver.
DEBUG - 2025-09-15 11:32:58 --> Session: Class initialized using 'CodeIgniter\Session\Handlers\FileHandler' driver.
DEBUG - 2025-09-15 11:33:03 --> Session: Class initialized using 'CodeIgniter\Session\Handlers\FileHandler' driver.
DEBUG - 2025-09-15 11:33:08 --> Session: Class initialized using 'CodeIgniter\Session\Handlers\FileHandler' driver.
DEBUG - 2025-09-15 11:33:33 --> Session: Class initialized using 'CodeIgniter\Session\Handlers\FileHandler' driver.
DEBUG - 2025-09-15 11:33:38 --> Session: Class initialized using 'CodeIgniter\Session\Handlers\FileHandler' driver.
DEBUG - 2025-09-15 11:33:38 --> Session: Class initialized using 'CodeIgniter\Session\Handlers\FileHandler' driver.
DEBUG - 2025-09-15 11:33:47 --> Session: Class initialized using 'CodeIgniter\Session\Handlers\FileHandler' driver.
DEBUG - 2025-09-15 11:33:48 --> Session: Class initialized using 'CodeIgniter\Session\Handlers\FileHandler' driver.
DEBUG - 2025-09-15 11:33:49 --> Session: Class initialized using 'CodeIgniter\Session\Handlers\FileHandler' driver.
DEBUG - 2025-09-15 11:33:54 --> Session: Class initialized using 'CodeIgniter\Session\Handlers\FileHandler' driver.
DEBUG - 2025-09-15 11:33:59 --> Session: Class initialized using 'CodeIgniter\Session\Handlers\FileHandler' driver.
DEBUG - 2025-09-15 11:34:04 --> Session: Class initialized using 'CodeIgniter\Session\Handlers\FileHandler' driver.
DEBUG - 2025-09-15 11:34:08 --> Session: Class initialized using 'CodeIgniter\Session\Handlers\FileHandler' driver.
DEBUG - 2025-09-15 11:34:12 --> Session: Class initialized using 'CodeIgniter\Session\Handlers\FileHandler' driver.
DEBUG - 2025-09-15 11:34:44 --> Session: Class initialized using 'CodeIgniter\Session\Handlers\FileHandler' driver.
DEBUG - 2025-09-15 11:34:49 --> Session: Class initialized using 'CodeIgniter\Session\Handlers\FileHandler' driver.
DEBUG - 2025-09-15 11:35:03 --> Session: Class initialized using 'CodeIgniter\Session\Handlers\FileHandler' driver.
DEBUG - 2025-09-15 11:35:06 --> Session: Class initialized using 'CodeIgniter\Session\Handlers\FileHandler' driver.
DEBUG - 2025-09-15 11:35:11 --> Session: Class initialized using 'CodeIgniter\Session\Handlers\FileHandler' driver.
DEBUG - 2025-09-15 11:35:14 --> Session: Class initialized using 'CodeIgniter\Session\Handlers\FileHandler' driver.
DEBUG - 2025-09-15 11:35:22 --> Session: Class initialized using 'CodeIgniter\Session\Handlers\FileHandler' driver.
DEBUG - 2025-09-15 11:35:25 --> Session: Class initialized using 'CodeIgniter\Session\Handlers\FileHandler' driver.
DEBUG - 2025-09-15 11:35:47 --> Session: Class initialized using 'CodeIgniter\Session\Handlers\FileHandler' driver.
DEBUG - 2025-09-15 11:35:48 --> Session: Class initialized using 'CodeIgniter\Session\Handlers\FileHandler' driver.
DEBUG - 2025-09-15 11:35:50 --> Session: Class initialized using 'CodeIgniter\Session\Handlers\FileHandler' driver.
DEBUG - 2025-09-15 11:35:50 --> Fetching medicines for invoice: PHM-OP-20250915-00023
DEBUG - 2025-09-15 11:35:50 --> Outside sale found with ID: 41
DEBUG - 2025-09-15 11:35:50 --> Found 2 sale items for outside sale
DEBUG - 2025-09-15 11:35:50 --> Session: Class initialized using 'CodeIgniter\Session\Handlers\FileHandler' driver.
DEBUG - 2025-09-15 11:35:50 --> Fetching medicines for invoice: PHM-OP-20250915-00023
DEBUG - 2025-09-15 11:35:50 --> Outside sale found with ID: 41
DEBUG - 2025-09-15 11:35:50 --> Found 2 sale items for outside sale
DEBUG - 2025-09-15 11:36:00 --> Session: Class initialized using 'CodeIgniter\Session\Handlers\FileHandler' driver.
DEBUG - 2025-09-15 11:36:00 --> POST DATA: {"invoice_number":"PHM-OP-20250915-00023","sale_item_id":"90","sale_id":"41","billing_id":"","quantity_returned":"1","medicine_condition":"Good","return_reason":"rae ree","notes":"fd sber "}
DEBUG - 2025-09-15 11:36:00 --> Session: Class initialized using 'CodeIgniter\Session\Handlers\FileHandler' driver.
DEBUG - 2025-09-15 11:36:03 --> Session: Class initialized using 'CodeIgniter\Session\Handlers\FileHandler' driver.
DEBUG - 2025-09-15 11:36:05 --> Session: Class initialized using 'CodeIgniter\Session\Handlers\FileHandler' driver.
DEBUG - 2025-09-15 11:36:05 --> Fetching medicines for invoice: PHM-OP-20250915-00023
DEBUG - 2025-09-15 11:36:05 --> Outside sale found with ID: 41
DEBUG - 2025-09-15 11:36:05 --> Found 2 sale items for outside sale
DEBUG - 2025-09-15 11:36:05 --> Session: Class initialized using 'CodeIgniter\Session\Handlers\FileHandler' driver.
DEBUG - 2025-09-15 11:36:05 --> Fetching medicines for invoice: PHM-OP-20250915-00023
DEBUG - 2025-09-15 11:36:06 --> Outside sale found with ID: 41
DEBUG - 2025-09-15 11:36:06 --> Found 2 sale items for outside sale
DEBUG - 2025-09-15 11:36:16 --> Session: Class initialized using 'CodeIgniter\Session\Handlers\FileHandler' driver.
DEBUG - 2025-09-15 11:36:16 --> POST DATA: {"invoice_number":"PHM-OP-20250915-00023","sale_item_id":"91","sale_id":"41","billing_id":"","quantity_returned":"2","medicine_condition":"Other","return_reason":"reab trb sr","notes":"ergvet"}
DEBUG - 2025-09-15 11:36:17 --> Session: Class initialized using 'CodeIgniter\Session\Handlers\FileHandler' driver.
DEBUG - 2025-09-15 11:36:17 --> Session: Class initialized using 'CodeIgniter\Session\Handlers\FileHandler' driver.
DEBUG - 2025-09-15 11:36:17 --> POST DATA: {"invoice_number":"PHM-OP-20250915-00023","sale_item_id":"91","sale_id":"41","billing_id":"","quantity_returned":"2","medicine_condition":"Other","return_reason":"reab trb sr","notes":"ergvet"}
DEBUG - 2025-09-15 11:36:17 --> Session: Class initialized using 'CodeIgniter\Session\Handlers\FileHandler' driver.
DEBUG - 2025-09-15 11:36:24 --> Session: Class initialized using 'CodeIgniter\Session\Handlers\FileHandler' driver.
DEBUG - 2025-09-15 11:36:29 --> Session: Class initialized using 'CodeIgniter\Session\Handlers\FileHandler' driver.
DEBUG - 2025-09-15 11:36:29 --> Redirecting to: http://localhost/hms_ram/index.php/pharmacy/sales/invoice/PHM-OP-20250915-00023
DEBUG - 2025-09-15 11:36:29 --> Return approval info - billing_id: NULL, sale_id: 41
DEBUG - 2025-09-15 11:36:29 --> Invoice numbers - billing invoice: NULL, sale invoice: PHM-OP-20250915-00023
DEBUG - 2025-09-15 11:36:29 --> Redirect URL chosen: http://localhost/hms_ram/index.php/pharmacy/sales/invoice/PHM-OP-20250915-00023
DEBUG - 2025-09-15 11:36:29 --> Session: Class initialized using 'CodeIgniter\Session\Handlers\FileHandler' driver.
DEBUG - 2025-09-15 11:36:35 --> Session: Class initialized using 'CodeIgniter\Session\Handlers\FileHandler' driver.
DEBUG - 2025-09-15 11:36:40 --> Session: Class initialized using 'CodeIgniter\Session\Handlers\FileHandler' driver.
DEBUG - 2025-09-15 11:36:42 --> Session: Class initialized using 'CodeIgniter\Session\Handlers\FileHandler' driver.
DEBUG - 2025-09-15 11:36:46 --> Session: Class initialized using 'CodeIgniter\Session\Handlers\FileHandler' driver.
DEBUG - 2025-09-15 11:36:46 --> Redirecting to: http://localhost/hms_ram/index.php/pharmacy/sales/invoice/PHM-OP-20250915-00023
DEBUG - 2025-09-15 11:36:46 --> Return approval info - billing_id: NULL, sale_id: 41
DEBUG - 2025-09-15 11:36:46 --> Invoice numbers - billing invoice: NULL, sale invoice: PHM-OP-20250915-00023
DEBUG - 2025-09-15 11:36:46 --> Redirect URL chosen: http://localhost/hms_ram/index.php/pharmacy/sales/invoice/PHM-OP-20250915-00023
DEBUG - 2025-09-15 11:36:47 --> Session: Class initialized using 'CodeIgniter\Session\Handlers\FileHandler' driver.
CRITICAL - 2025-09-15 11:36:47 --> DivisionByZeroError: Division by zero
[Method: GET, Route: pharmacy/sales/invoice/PHM-OP-20250915-00023]
in APPPATH\Views\pharmacy\sales\invoice.php on line 301.
 1 SYSTEMPATH\View\View.php(224): include()
 2 SYSTEMPATH\View\View.php(227): CodeIgniter\View\View->CodeIgniter\View\{closure}()
 3 SYSTEMPATH\Common.php(1173): CodeIgniter\View\View->render('pharmacy/sales/invoice', [], true)
 4 APPPATH\Controllers\Pharmacy\Sales.php(770): view('pharmacy/sales/invoice', [...])
 5 SYSTEMPATH\CodeIgniter.php(933): App\Controllers\Pharmacy\Sales->invoice('PHM-OP-20250915-00023')
 6 SYSTEMPATH\CodeIgniter.php(507): CodeIgniter\CodeIgniter->runController(Object(App\Controllers\Pharmacy\Sales))
 7 SYSTEMPATH\CodeIgniter.php(354): CodeIgniter\CodeIgniter->handleRequest(null, Object(Config\Cache), false)
 8 SYSTEMPATH\Boot.php(334): CodeIgniter\CodeIgniter->run()
 9 SYSTEMPATH\Boot.php(67): CodeIgniter\Boot::runCodeIgniter(Object(CodeIgniter\CodeIgniter))
10 FCPATH\index.php(46): CodeIgniter\Boot::bootWeb(Object(Config\Paths))
DEBUG - 2025-09-15 11:37:19 --> Session: Class initialized using 'CodeIgniter\Session\Handlers\FileHandler' driver.
DEBUG - 2025-09-15 11:37:24 --> Session: Class initialized using 'CodeIgniter\Session\Handlers\FileHandler' driver.
DEBUG - 2025-09-15 11:37:41 --> Session: Class initialized using 'CodeIgniter\Session\Handlers\FileHandler' driver.
CRITICAL - 2025-09-15 11:37:41 --> DivisionByZeroError: Division by zero
[Method: GET, Route: pharmacy/sales/invoice/PHM-OP-20250915-00023]
in APPPATH\Views\pharmacy\sales\invoice.php on line 301.
 1 SYSTEMPATH\View\View.php(224): include()
 2 SYSTEMPATH\View\View.php(227): CodeIgniter\View\View->CodeIgniter\View\{closure}()
 3 SYSTEMPATH\Common.php(1173): CodeIgniter\View\View->render('pharmacy/sales/invoice', [], true)
 4 APPPATH\Controllers\Pharmacy\Sales.php(770): view('pharmacy/sales/invoice', [...])
 5 SYSTEMPATH\CodeIgniter.php(933): App\Controllers\Pharmacy\Sales->invoice('PHM-OP-20250915-00023')
 6 SYSTEMPATH\CodeIgniter.php(507): CodeIgniter\CodeIgniter->runController(Object(App\Controllers\Pharmacy\Sales))
 7 SYSTEMPATH\CodeIgniter.php(354): CodeIgniter\CodeIgniter->handleRequest(null, Object(Config\Cache), false)
 8 SYSTEMPATH\Boot.php(334): CodeIgniter\CodeIgniter->run()
 9 SYSTEMPATH\Boot.php(67): CodeIgniter\Boot::runCodeIgniter(Object(CodeIgniter\CodeIgniter))
10 FCPATH\index.php(46): CodeIgniter\Boot::bootWeb(Object(Config\Paths))
DEBUG - 2025-09-15 11:37:52 --> Session: Class initialized using 'CodeIgniter\Session\Handlers\FileHandler' driver.
DEBUG - 2025-09-15 11:37:56 --> Session: Class initialized using 'CodeIgniter\Session\Handlers\FileHandler' driver.
DEBUG - 2025-09-15 11:37:56 --> Redirecting to: http://localhost/hms_ram/index.php/pharmacy/returns
DEBUG - 2025-09-15 11:37:56 --> Return approval info - billing_id: NULL, sale_id: 41
DEBUG - 2025-09-15 11:37:56 --> Invoice numbers - billing invoice: NULL, sale invoice: NULL
DEBUG - 2025-09-15 11:37:56 --> Redirect URL chosen: http://localhost/hms_ram/index.php/pharmacy/returns
DEBUG - 2025-09-15 11:37:56 --> Session: Class initialized using 'CodeIgniter\Session\Handlers\FileHandler' driver.
DEBUG - 2025-09-15 11:37:59 --> Session: Class initialized using 'CodeIgniter\Session\Handlers\FileHandler' driver.
CRITICAL - 2025-09-15 11:37:59 --> DivisionByZeroError: Division by zero
[Method: GET, Route: pharmacy/sales/invoice/PHM-OP-20250915-00023]
in APPPATH\Views\pharmacy\sales\invoice.php on line 301.
 1 SYSTEMPATH\View\View.php(224): include()
 2 SYSTEMPATH\View\View.php(227): CodeIgniter\View\View->CodeIgniter\View\{closure}()
 3 SYSTEMPATH\Common.php(1173): CodeIgniter\View\View->render('pharmacy/sales/invoice', [], true)
 4 APPPATH\Controllers\Pharmacy\Sales.php(770): view('pharmacy/sales/invoice', [...])
 5 SYSTEMPATH\CodeIgniter.php(933): App\Controllers\Pharmacy\Sales->invoice('PHM-OP-20250915-00023')
 6 SYSTEMPATH\CodeIgniter.php(507): CodeIgniter\CodeIgniter->runController(Object(App\Controllers\Pharmacy\Sales))
 7 SYSTEMPATH\CodeIgniter.php(354): CodeIgniter\CodeIgniter->handleRequest(null, Object(Config\Cache), false)
 8 SYSTEMPATH\Boot.php(334): CodeIgniter\CodeIgniter->run()
 9 SYSTEMPATH\Boot.php(67): CodeIgniter\Boot::runCodeIgniter(Object(CodeIgniter\CodeIgniter))
10 FCPATH\index.php(46): CodeIgniter\Boot::bootWeb(Object(Config\Paths))
DEBUG - 2025-09-15 11:38:26 --> Session: Class initialized using 'CodeIgniter\Session\Handlers\FileHandler' driver.
DEBUG - 2025-09-15 11:38:27 --> Session: Class initialized using 'CodeIgniter\Session\Handlers\FileHandler' driver.
DEBUG - 2025-09-15 11:38:37 --> Session: Class initialized using 'CodeIgniter\Session\Handlers\FileHandler' driver.
DEBUG - 2025-09-15 11:38:39 --> Session: Class initialized using 'CodeIgniter\Session\Handlers\FileHandler' driver.
DEBUG - 2025-09-15 11:39:05 --> Session: Class initialized using 'CodeIgniter\Session\Handlers\FileHandler' driver.
DEBUG - 2025-09-15 11:39:06 --> Session: Class initialized using 'CodeIgniter\Session\Handlers\FileHandler' driver.
DEBUG - 2025-09-15 11:39:14 --> Session: Class initialized using 'CodeIgniter\Session\Handlers\FileHandler' driver.
DEBUG - 2025-09-15 11:39:16 --> Session: Class initialized using 'CodeIgniter\Session\Handlers\FileHandler' driver.
DEBUG - 2025-09-15 11:39:16 --> Fetching medicines for invoice: PHM-OP-20250915-00024
DEBUG - 2025-09-15 11:39:16 --> Outside sale found with ID: 42
DEBUG - 2025-09-15 11:39:16 --> Found 2 sale items for outside sale
DEBUG - 2025-09-15 11:39:16 --> Session: Class initialized using 'CodeIgniter\Session\Handlers\FileHandler' driver.
DEBUG - 2025-09-15 11:39:16 --> Fetching medicines for invoice: PHM-OP-20250915-00024
DEBUG - 2025-09-15 11:39:16 --> Outside sale found with ID: 42
DEBUG - 2025-09-15 11:39:16 --> Found 2 sale items for outside sale
DEBUG - 2025-09-15 11:39:26 --> Session: Class initialized using 'CodeIgniter\Session\Handlers\FileHandler' driver.
DEBUG - 2025-09-15 11:39:26 --> POST DATA: {"invoice_number":"PHM-OP-20250915-00024","sale_item_id":"92","sale_id":"42","billing_id":"","quantity_returned":"1","medicine_condition":"Good","return_reason":"fdx gf","notes":"sbst"}
DEBUG - 2025-09-15 11:39:26 --> Session: Class initialized using 'CodeIgniter\Session\Handlers\FileHandler' driver.
DEBUG - 2025-09-15 11:39:29 --> Session: Class initialized using 'CodeIgniter\Session\Handlers\FileHandler' driver.
DEBUG - 2025-09-15 11:39:35 --> Session: Class initialized using 'CodeIgniter\Session\Handlers\FileHandler' driver.
DEBUG - 2025-09-15 11:39:35 --> Redirecting to: http://localhost/hms_ram/index.php/pharmacy/sales/invoice/PHM-OP-20250915-00024
DEBUG - 2025-09-15 11:39:35 --> Return approval info - billing_id: NULL, sale_id: 42
DEBUG - 2025-09-15 11:39:35 --> Invoice numbers - billing invoice: NULL, sale invoice: PHM-OP-20250915-00024
DEBUG - 2025-09-15 11:39:35 --> Redirect URL chosen: http://localhost/hms_ram/index.php/pharmacy/sales/invoice/PHM-OP-20250915-00024
DEBUG - 2025-09-15 11:39:35 --> Session: Class initialized using 'CodeIgniter\Session\Handlers\FileHandler' driver.
DEBUG - 2025-09-15 11:39:44 --> Session: Class initialized using 'CodeIgniter\Session\Handlers\FileHandler' driver.
DEBUG - 2025-09-15 11:43:41 --> Session: Class initialized using 'CodeIgniter\Session\Handlers\FileHandler' driver.
DEBUG - 2025-09-15 11:51:38 --> Session: Class initialized using 'CodeIgniter\Session\Handlers\FileHandler' driver.
DEBUG - 2025-09-15 11:52:37 --> Session: Class initialized using 'CodeIgniter\Session\Handlers\FileHandler' driver.
DEBUG - 2025-09-15 11:52:49 --> Session: Class initialized using 'CodeIgniter\Session\Handlers\FileHandler' driver.
DEBUG - 2025-09-15 11:54:06 --> Session: Class initialized using 'CodeIgniter\Session\Handlers\FileHandler' driver.
DEBUG - 2025-09-15 11:54:43 --> Session: Class initialized using 'CodeIgniter\Session\Handlers\FileHandler' driver.
DEBUG - 2025-09-15 11:59:35 --> Session: Class initialized using 'CodeIgniter\Session\Handlers\FileHandler' driver.
CRITICAL - 2025-09-15 11:59:35 --> ErrorException: Undefined variable $originalGrandTotal
[Method: GET, Route: pharmacy/sales/invoice/PHM-OP-20250915-00022]
in APPPATH\Controllers\Pharmacy\Sales.php on line 764.
 1 APPPATH\Controllers\Pharmacy\Sales.php(764): CodeIgniter\Debug\Exceptions->errorHandler(2, 'Undefined variable $originalGrandTotal', 'C:\\xampp\\htdocs\\hms_ram\\app\\Controllers\\Pharmacy\\Sales.php', 764)
 2 SYSTEMPATH\CodeIgniter.php(933): App\Controllers\Pharmacy\Sales->invoice('PHM-OP-20250915-00022')
 3 SYSTEMPATH\CodeIgniter.php(507): CodeIgniter\CodeIgniter->runController(Object(App\Controllers\Pharmacy\Sales))
 4 SYSTEMPATH\CodeIgniter.php(354): CodeIgniter\CodeIgniter->handleRequest(null, Object(Config\Cache), false)
 5 SYSTEMPATH\Boot.php(334): CodeIgniter\CodeIgniter->run()
 6 SYSTEMPATH\Boot.php(67): CodeIgniter\Boot::runCodeIgniter(Object(CodeIgniter\CodeIgniter))
 7 FCPATH\index.php(46): CodeIgniter\Boot::bootWeb(Object(Config\Paths))
DEBUG - 2025-09-15 11:59:39 --> Session: Class initialized using 'CodeIgniter\Session\Handlers\FileHandler' driver.
DEBUG - 2025-09-15 11:59:43 --> Session: Class initialized using 'CodeIgniter\Session\Handlers\FileHandler' driver.
DEBUG - 2025-09-15 11:59:47 --> Session: Class initialized using 'CodeIgniter\Session\Handlers\FileHandler' driver.
CRITICAL - 2025-09-15 11:59:47 --> ErrorException: Undefined variable $originalGrandTotal
[Method: GET, Route: pharmacy/sales/invoice/PHM-OP-20250912-00021]
in APPPATH\Controllers\Pharmacy\Sales.php on line 764.
 1 APPPATH\Controllers\Pharmacy\Sales.php(764): CodeIgniter\Debug\Exceptions->errorHandler(2, 'Undefined variable $originalGrandTotal', 'C:\\xampp\\htdocs\\hms_ram\\app\\Controllers\\Pharmacy\\Sales.php', 764)
 2 SYSTEMPATH\CodeIgniter.php(933): App\Controllers\Pharmacy\Sales->invoice('PHM-OP-20250912-00021')
 3 SYSTEMPATH\CodeIgniter.php(507): CodeIgniter\CodeIgniter->runController(Object(App\Controllers\Pharmacy\Sales))
 4 SYSTEMPATH\CodeIgniter.php(354): CodeIgniter\CodeIgniter->handleRequest(null, Object(Config\Cache), false)
 5 SYSTEMPATH\Boot.php(334): CodeIgniter\CodeIgniter->run()
 6 SYSTEMPATH\Boot.php(67): CodeIgniter\Boot::runCodeIgniter(Object(CodeIgniter\CodeIgniter))
 7 FCPATH\index.php(46): CodeIgniter\Boot::bootWeb(Object(Config\Paths))
DEBUG - 2025-09-15 11:59:55 --> Session: Class initialized using 'CodeIgniter\Session\Handlers\FileHandler' driver.
CRITICAL - 2025-09-15 11:59:55 --> ErrorException: Undefined variable $originalGrandTotal
[Method: GET, Route: pharmacy/sales/invoice/PHM-OP-20250915-00022]
in APPPATH\Controllers\Pharmacy\Sales.php on line 764.
 1 APPPATH\Controllers\Pharmacy\Sales.php(764): CodeIgniter\Debug\Exceptions->errorHandler(2, 'Undefined variable $originalGrandTotal', 'C:\\xampp\\htdocs\\hms_ram\\app\\Controllers\\Pharmacy\\Sales.php', 764)
 2 SYSTEMPATH\CodeIgniter.php(933): App\Controllers\Pharmacy\Sales->invoice('PHM-OP-20250915-00022')
 3 SYSTEMPATH\CodeIgniter.php(507): CodeIgniter\CodeIgniter->runController(Object(App\Controllers\Pharmacy\Sales))
 4 SYSTEMPATH\CodeIgniter.php(354): CodeIgniter\CodeIgniter->handleRequest(null, Object(Config\Cache), false)
 5 SYSTEMPATH\Boot.php(334): CodeIgniter\CodeIgniter->run()
 6 SYSTEMPATH\Boot.php(67): CodeIgniter\Boot::runCodeIgniter(Object(CodeIgniter\CodeIgniter))
 7 FCPATH\index.php(46): CodeIgniter\Boot::bootWeb(Object(Config\Paths))
DEBUG - 2025-09-15 12:00:45 --> Session: Class initialized using 'CodeIgniter\Session\Handlers\FileHandler' driver.
CRITICAL - 2025-09-15 12:00:45 --> ErrorException: Undefined variable $originalGrandTotal
[Method: GET, Route: pharmacy/sales/invoice/PHM-OP-20250915-00022]
in APPPATH\Controllers\Pharmacy\Sales.php on line 764.
 1 APPPATH\Controllers\Pharmacy\Sales.php(764): CodeIgniter\Debug\Exceptions->errorHandler(2, 'Undefined variable $originalGrandTotal', 'C:\\xampp\\htdocs\\hms_ram\\app\\Controllers\\Pharmacy\\Sales.php', 764)
 2 SYSTEMPATH\CodeIgniter.php(933): App\Controllers\Pharmacy\Sales->invoice('PHM-OP-20250915-00022')
 3 SYSTEMPATH\CodeIgniter.php(507): CodeIgniter\CodeIgniter->runController(Object(App\Controllers\Pharmacy\Sales))
 4 SYSTEMPATH\CodeIgniter.php(354): CodeIgniter\CodeIgniter->handleRequest(null, Object(Config\Cache), false)
 5 SYSTEMPATH\Boot.php(334): CodeIgniter\CodeIgniter->run()
 6 SYSTEMPATH\Boot.php(67): CodeIgniter\Boot::runCodeIgniter(Object(CodeIgniter\CodeIgniter))
 7 FCPATH\index.php(46): CodeIgniter\Boot::bootWeb(Object(Config\Paths))
DEBUG - 2025-09-15 12:00:46 --> Session: Class initialized using 'CodeIgniter\Session\Handlers\FileHandler' driver.
CRITICAL - 2025-09-15 12:00:46 --> ErrorException: Undefined variable $originalGrandTotal
[Method: GET, Route: pharmacy/sales/invoice/PHM-OP-20250915-00022]
in APPPATH\Controllers\Pharmacy\Sales.php on line 764.
 1 APPPATH\Controllers\Pharmacy\Sales.php(764): CodeIgniter\Debug\Exceptions->errorHandler(2, 'Undefined variable $originalGrandTotal', 'C:\\xampp\\htdocs\\hms_ram\\app\\Controllers\\Pharmacy\\Sales.php', 764)
 2 SYSTEMPATH\CodeIgniter.php(933): App\Controllers\Pharmacy\Sales->invoice('PHM-OP-20250915-00022')
 3 SYSTEMPATH\CodeIgniter.php(507): CodeIgniter\CodeIgniter->runController(Object(App\Controllers\Pharmacy\Sales))
 4 SYSTEMPATH\CodeIgniter.php(354): CodeIgniter\CodeIgniter->handleRequest(null, Object(Config\Cache), false)
 5 SYSTEMPATH\Boot.php(334): CodeIgniter\CodeIgniter->run()
 6 SYSTEMPATH\Boot.php(67): CodeIgniter\Boot::runCodeIgniter(Object(CodeIgniter\CodeIgniter))
 7 FCPATH\index.php(46): CodeIgniter\Boot::bootWeb(Object(Config\Paths))
DEBUG - 2025-09-15 12:00:47 --> Session: Class initialized using 'CodeIgniter\Session\Handlers\FileHandler' driver.
CRITICAL - 2025-09-15 12:00:47 --> ErrorException: Undefined variable $originalGrandTotal
[Method: GET, Route: pharmacy/sales/invoice/PHM-OP-20250915-00022]
in APPPATH\Controllers\Pharmacy\Sales.php on line 764.
 1 APPPATH\Controllers\Pharmacy\Sales.php(764): CodeIgniter\Debug\Exceptions->errorHandler(2, 'Undefined variable $originalGrandTotal', 'C:\\xampp\\htdocs\\hms_ram\\app\\Controllers\\Pharmacy\\Sales.php', 764)
 2 SYSTEMPATH\CodeIgniter.php(933): App\Controllers\Pharmacy\Sales->invoice('PHM-OP-20250915-00022')
 3 SYSTEMPATH\CodeIgniter.php(507): CodeIgniter\CodeIgniter->runController(Object(App\Controllers\Pharmacy\Sales))
 4 SYSTEMPATH\CodeIgniter.php(354): CodeIgniter\CodeIgniter->handleRequest(null, Object(Config\Cache), false)
 5 SYSTEMPATH\Boot.php(334): CodeIgniter\CodeIgniter->run()
 6 SYSTEMPATH\Boot.php(67): CodeIgniter\Boot::runCodeIgniter(Object(CodeIgniter\CodeIgniter))
 7 FCPATH\index.php(46): CodeIgniter\Boot::bootWeb(Object(Config\Paths))
DEBUG - 2025-09-15 12:00:50 --> Session: Class initialized using 'CodeIgniter\Session\Handlers\FileHandler' driver.
CRITICAL - 2025-09-15 12:00:50 --> ErrorException: Undefined variable $originalGrandTotal
[Method: GET, Route: pharmacy/sales/invoice/PHM-OP-20250912-00021]
in APPPATH\Controllers\Pharmacy\Sales.php on line 764.
 1 APPPATH\Controllers\Pharmacy\Sales.php(764): CodeIgniter\Debug\Exceptions->errorHandler(2, 'Undefined variable $originalGrandTotal', 'C:\\xampp\\htdocs\\hms_ram\\app\\Controllers\\Pharmacy\\Sales.php', 764)
 2 SYSTEMPATH\CodeIgniter.php(933): App\Controllers\Pharmacy\Sales->invoice('PHM-OP-20250912-00021')
 3 SYSTEMPATH\CodeIgniter.php(507): CodeIgniter\CodeIgniter->runController(Object(App\Controllers\Pharmacy\Sales))
 4 SYSTEMPATH\CodeIgniter.php(354): CodeIgniter\CodeIgniter->handleRequest(null, Object(Config\Cache), false)
 5 SYSTEMPATH\Boot.php(334): CodeIgniter\CodeIgniter->run()
 6 SYSTEMPATH\Boot.php(67): CodeIgniter\Boot::runCodeIgniter(Object(CodeIgniter\CodeIgniter))
 7 FCPATH\index.php(46): CodeIgniter\Boot::bootWeb(Object(Config\Paths))
DEBUG - 2025-09-15 12:01:03 --> Session: Class initialized using 'CodeIgniter\Session\Handlers\FileHandler' driver.
CRITICAL - 2025-09-15 12:01:03 --> ErrorException: Undefined variable $originalGrandTotal
[Method: GET, Route: pharmacy/sales/invoice/PHM-OP-20250912-00021]
in APPPATH\Controllers\Pharmacy\Sales.php on line 764.
 1 APPPATH\Controllers\Pharmacy\Sales.php(764): CodeIgniter\Debug\Exceptions->errorHandler(2, 'Undefined variable $originalGrandTotal', 'C:\\xampp\\htdocs\\hms_ram\\app\\Controllers\\Pharmacy\\Sales.php', 764)
 2 SYSTEMPATH\CodeIgniter.php(933): App\Controllers\Pharmacy\Sales->invoice('PHM-OP-20250912-00021')
 3 SYSTEMPATH\CodeIgniter.php(507): CodeIgniter\CodeIgniter->runController(Object(App\Controllers\Pharmacy\Sales))
 4 SYSTEMPATH\CodeIgniter.php(354): CodeIgniter\CodeIgniter->handleRequest(null, Object(Config\Cache), false)
 5 SYSTEMPATH\Boot.php(334): CodeIgniter\CodeIgniter->run()
 6 SYSTEMPATH\Boot.php(67): CodeIgniter\Boot::runCodeIgniter(Object(CodeIgniter\CodeIgniter))
 7 FCPATH\index.php(46): CodeIgniter\Boot::bootWeb(Object(Config\Paths))
DEBUG - 2025-09-15 12:03:03 --> Session: Class initialized using 'CodeIgniter\Session\Handlers\FileHandler' driver.
DEBUG - 2025-09-15 12:03:06 --> Session: Class initialized using 'CodeIgniter\Session\Handlers\FileHandler' driver.
DEBUG - 2025-09-15 12:03:08 --> Session: Class initialized using 'CodeIgniter\Session\Handlers\FileHandler' driver.
DEBUG - 2025-09-15 12:03:10 --> Session: Class initialized using 'CodeIgniter\Session\Handlers\FileHandler' driver.
DEBUG - 2025-09-15 12:03:23 --> Session: Class initialized using 'CodeIgniter\Session\Handlers\FileHandler' driver.
DEBUG - 2025-09-15 12:04:03 --> Session: Class initialized using 'CodeIgniter\Session\Handlers\FileHandler' driver.
CRITICAL - 2025-09-15 12:04:03 --> ErrorException: Undefined variable $originalGrandTotal
[Method: GET, Route: pharmacy/sales/invoice/PHM-OP-20250912-00021]
in APPPATH\Controllers\Pharmacy\Sales.php on line 764.
 1 APPPATH\Controllers\Pharmacy\Sales.php(764): CodeIgniter\Debug\Exceptions->errorHandler(2, 'Undefined variable $originalGrandTotal', 'C:\\xampp\\htdocs\\hms_ram\\app\\Controllers\\Pharmacy\\Sales.php', 764)
 2 SYSTEMPATH\CodeIgniter.php(933): App\Controllers\Pharmacy\Sales->invoice('PHM-OP-20250912-00021')
 3 SYSTEMPATH\CodeIgniter.php(507): CodeIgniter\CodeIgniter->runController(Object(App\Controllers\Pharmacy\Sales))
 4 SYSTEMPATH\CodeIgniter.php(354): CodeIgniter\CodeIgniter->handleRequest(null, Object(Config\Cache), false)
 5 SYSTEMPATH\Boot.php(334): CodeIgniter\CodeIgniter->run()
 6 SYSTEMPATH\Boot.php(67): CodeIgniter\Boot::runCodeIgniter(Object(CodeIgniter\CodeIgniter))
 7 FCPATH\index.php(46): CodeIgniter\Boot::bootWeb(Object(Config\Paths))
DEBUG - 2025-09-15 12:04:09 --> Session: Class initialized using 'CodeIgniter\Session\Handlers\FileHandler' driver.
DEBUG - 2025-09-15 12:04:25 --> Session: Class initialized using 'CodeIgniter\Session\Handlers\FileHandler' driver.
DEBUG - 2025-09-15 12:04:27 --> Session: Class initialized using 'CodeIgniter\Session\Handlers\FileHandler' driver.
DEBUG - 2025-09-15 12:04:29 --> Session: Class initialized using 'CodeIgniter\Session\Handlers\FileHandler' driver.
DEBUG - 2025-09-15 12:08:10 --> Session: Class initialized using 'CodeIgniter\Session\Handlers\FileHandler' driver.
DEBUG - 2025-09-15 12:08:29 --> Session: Class initialized using 'CodeIgniter\Session\Handlers\FileHandler' driver.
DEBUG - 2025-09-15 12:10:12 --> Session: Class initialized using 'CodeIgniter\Session\Handlers\FileHandler' driver.
DEBUG - 2025-09-15 12:14:29 --> Session: Class initialized using 'CodeIgniter\Session\Handlers\FileHandler' driver.
DEBUG - 2025-09-15 12:14:30 --> Session: Class initialized using 'CodeIgniter\Session\Handlers\FileHandler' driver.
DEBUG - 2025-09-15 12:14:32 --> Session: Class initialized using 'CodeIgniter\Session\Handlers\FileHandler' driver.
DEBUG - 2025-09-15 12:14:32 --> Fetching medicines for invoice: PHM-IP-20250913-00023
DEBUG - 2025-09-15 12:14:32 --> In-hospital billing found with ID: 24
DEBUG - 2025-09-15 12:14:32 --> Found 2 sale items for in-hospital billing
DEBUG - 2025-09-15 12:14:32 --> Session: Class initialized using 'CodeIgniter\Session\Handlers\FileHandler' driver.
DEBUG - 2025-09-15 12:14:32 --> Fetching medicines for invoice: PHM-IP-20250913-00023
DEBUG - 2025-09-15 12:14:32 --> In-hospital billing found with ID: 24
DEBUG - 2025-09-15 12:14:32 --> Found 2 sale items for in-hospital billing
DEBUG - 2025-09-15 12:14:40 --> Session: Class initialized using 'CodeIgniter\Session\Handlers\FileHandler' driver.
DEBUG - 2025-09-15 12:14:40 --> POST DATA: {"invoice_number":"PHM-IP-20250913-00023","sale_item_id":"84","sale_id":"","billing_id":"24","quantity_returned":"1","medicine_condition":"Good","return_reason":"fsbvs fdd","notes":"r"}
DEBUG - 2025-09-15 12:14:40 --> Session: Class initialized using 'CodeIgniter\Session\Handlers\FileHandler' driver.
DEBUG - 2025-09-15 12:14:43 --> Session: Class initialized using 'CodeIgniter\Session\Handlers\FileHandler' driver.
DEBUG - 2025-09-15 12:14:46 --> Session: Class initialized using 'CodeIgniter\Session\Handlers\FileHandler' driver.
DEBUG - 2025-09-15 12:14:46 --> Redirecting to: http://localhost/hms_ram/index.php/pharmacy/sales/invoice/PHM-IP-20250913-00023
DEBUG - 2025-09-15 12:14:46 --> Return approval info - billing_id: 24, sale_id: NULL
DEBUG - 2025-09-15 12:14:46 --> Invoice numbers - billing invoice: PHM-IP-20250913-00023, sale invoice: PHM-IP-20250913-00023
DEBUG - 2025-09-15 12:14:46 --> Redirect URL chosen: http://localhost/hms_ram/index.php/pharmacy/sales/invoice/PHM-IP-20250913-00023
DEBUG - 2025-09-15 12:14:46 --> Session: Class initialized using 'CodeIgniter\Session\Handlers\FileHandler' driver.
DEBUG - 2025-09-15 12:19:28 --> Session: Class initialized using 'CodeIgniter\Session\Handlers\FileHandler' driver.
DEBUG - 2025-09-15 12:20:06 --> Session: Class initialized using 'CodeIgniter\Session\Handlers\FileHandler' driver.
DEBUG - 2025-09-15 12:24:15 --> Session: Class initialized using 'CodeIgniter\Session\Handlers\FileHandler' driver.
DEBUG - 2025-09-15 12:26:48 --> Session: Class initialized using 'CodeIgniter\Session\Handlers\FileHandler' driver.
DEBUG - 2025-09-15 12:29:24 --> Session: Class initialized using 'CodeIgniter\Session\Handlers\FileHandler' driver.
DEBUG - 2025-09-15 12:29:29 --> Session: Class initialized using 'CodeIgniter\Session\Handlers\FileHandler' driver.
DEBUG - 2025-09-15 12:30:00 --> Session: Class initialized using 'CodeIgniter\Session\Handlers\FileHandler' driver.
DEBUG - 2025-09-15 12:31:36 --> Session: Class initialized using 'CodeIgniter\Session\Handlers\FileHandler' driver.
DEBUG - 2025-09-15 12:31:57 --> Session: Class initialized using 'CodeIgniter\Session\Handlers\FileHandler' driver.
